{"type":"FeatureCollection","source":"Natural Earth 1:10m admin 0 map units, non-GB, lon/lat, public domain","url":"https://raw.githubusercontent.com/nvkelso/natural-earth-vector/master/geojson/ne_10m_admin_0_map_units.geojson","features":[{"type":"Feature","properties":{"name":"Germany"},"geometry":{"type":"MultiPolygon","coordinates":[[[[13.8157,48.7664],[13.7859,48.7248],[13.7836,48.7153],[13.7888,48.7165],[13.7994,48.7026],[13.8044,48.6996],[13.8169,48.6956],[13.8035,48.6872],[13.8009,48.6752],[13.8062,48.6429],[13.8055,48.6261],[13.8024,48.6117],[13.7962,48.5986],[13.779,48.5739],[13.7743,48.5692],[13.766,48.5638],[13.7581,48.5615],[13.7373,48.5593],[13.7339,48.5598],[13.7254,48.5484],[13.7165,48.5217],[13.7143,48.5232],[13.6734,48.5355],[13.6581,48.5511],[13.6418,48.5591],[13.6244,48.5654],[13.5207,48.5846],[13.4872,48.5816],[13.4546,48.5734],[13.4456,48.5679],[13.4401,48.561],[13.4407,48.5573],[13.4437,48.5529],[13.4477,48.5348],[13.457,48.5252],[13.4592,48.5164],[13.4564,48.5067],[13.443,48.4877],[13.4382,48.4785],[13.4364,48.4692],[13.4382,48.441],[13.4362,48.4306],[13.4317,48.4237],[13.4272,48.4185],[13.4252,48.4134],[13.4195,48.3922],[13.4056,48.3766],[13.3078,48.3196],[13.2742,48.3071],[13.1364,48.2911],[13.0328,48.2636],[13.0167,48.2559],[12.9794,48.232],[12.9472,48.22],[12.9317,48.2116],[12.933,48.2093],[12.8776,48.202],[12.8626,48.1966],[12.8535,48.19],[12.8352,48.1707],[12.8221,48.1607],[12.7824,48.142],[12.7783,48.1387],[12.7641,48.1238],[12.758,48.1219],[12.7514,48.1221],[12.745,48.1206],[12.7389,48.1134],[12.737,48.1],[12.742,48.0868],[12.7509,48.0747],[12.7602,48.0649],[12.8306,48.0155],[12.8456,47.9931],[12.8482,47.9824],[12.8486,47.9809],[12.854,47.9705],[12.862,47.9626],[12.886,47.9529],[12.9062,47.9389],[12.9142,47.936],[12.9311,47.9249],[12.965,47.872],[12.9866,47.8503],[12.9912,47.8471],[12.9267,47.7774],[12.9213,47.7695],[12.9193,47.7632],[12.919,47.7568],[12.9172,47.7502],[12.9108,47.7431],[12.9106,47.7429],[12.892,47.7235],[12.9083,47.7124],[12.964,47.7054],[12.979,47.7071],[13.0044,47.7146],[13.0199,47.7129],[13.0323,47.7066],[13.0446,47.6966],[13.0641,47.674],[13.072,47.6595],[13.0748,47.6467],[13.0742,47.6345],[13.072,47.6224],[13.0696,47.6202],[13.0577,47.6004],[13.0571,47.5977],[13.0409,47.5834],[13.0383,47.584],[13.0391,47.5613],[13.0412,47.5619],[13.0401,47.5605],[13.0306,47.5443],[13.0281,47.5416],[13.0281,47.5242],[13.029,47.518],[13.0312,47.5126],[13.0344,47.5074],[13.037,47.5014],[13.0373,47.493],[13.0088,47.4701],[13.0019,47.466],[12.9911,47.4657],[12.9849,47.4683],[12.9793,47.4722],[12.9697,47.4757],[12.9593,47.4755],[12.951,47.4725],[12.9425,47.4705],[12.9316,47.4735],[12.8826,47.4986],[12.8369,47.5327],[12.8284,47.5373],[12.819,47.5395],[12.8036,47.5413],[12.7789,47.5548],[12.7737,47.5795],[12.7859,47.6027],[12.8132,47.6118],[12.7933,47.6248],[12.7674,47.6364],[12.7517,47.6494],[12.762,47.6669],[12.7448,47.6654],[12.6887,47.6751],[12.6531,47.6751],[12.6174,47.6693],[12.5984,47.6629],[12.5634,47.6418],[12.5538,47.636],[12.5382,47.6313],[12.5171,47.6285],[12.4966,47.6289],[12.4825,47.6336],[12.4528,47.6498],[12.4447,47.6563],[12.4392,47.6645],[12.4288,47.6858],[12.4241,47.6916],[12.4077,47.6937],[12.3684,47.6836],[12.3515,47.6817],[12.2937,47.69],[12.2719,47.6879],[12.2496,47.68],[12.2387,47.6789],[12.2288,47.6849],[12.2233,47.6959],[12.2266,47.7029],[12.233,47.7089],[12.2365,47.7168],[12.2391,47.7274],[12.2422,47.732],[12.2397,47.7317],[12.2252,47.7274],[12.2165,47.7237],[12.1924,47.7102],[12.1766,47.7058],[12.1786,47.6977],[12.1818,47.6921],[12.1891,47.6856],[12.1973,47.6801],[12.2023,47.6778],[12.2051,47.6723],[12.2068,47.6456],[12.2057,47.6362],[12.2021,47.6298],[12.1736,47.6051],[12.1656,47.604],[11.9359,47.6107],[11.852,47.5992],[11.8407,47.5946],[11.8307,47.5776],[11.8203,47.5753],[11.764,47.5831],[11.6826,47.5834],[11.639,47.5892],[11.6205,47.5897],[11.617,47.5868],[11.5891,47.5704],[11.5823,47.5598],[11.5745,47.5366],[11.5694,47.5274],[11.5512,47.5137],[11.5295,47.5079],[11.4826,47.5026],[11.46,47.5074],[11.4354,47.5097],[11.4126,47.5061],[11.3655,47.4693],[11.3778,47.4671],[11.3886,47.4622],[11.3925,47.4548],[11.3839,47.4449],[11.3677,47.4401],[11.3242,47.4394],[11.3056,47.4354],[11.2863,47.4232],[11.2731,47.4111],[11.2588,47.4007],[11.237,47.394],[11.213,47.3958],[11.2152,47.423],[11.1938,47.4289],[11.1686,47.4243],[11.1033,47.3936],[11.0837,47.3895],[10.9795,47.3905],[10.9655,47.3961],[10.9553,47.4096],[10.9577,47.4097],[10.9609,47.4143],[10.9631,47.4212],[10.9628,47.428],[10.9598,47.4325],[10.9099,47.469],[10.8584,47.4852],[10.8516,47.4931],[10.8839,47.508],[10.8922,47.5149],[10.8693,47.5266],[10.8586,47.5307],[10.8448,47.5313],[10.8306,47.5286],[10.7903,47.5161],[10.7608,47.5136],[10.7522,47.5154],[10.7472,47.5202],[10.7439,47.5253],[10.7399,47.5285],[10.6079,47.5623],[10.5837,47.5625],[10.5699,47.5559],[10.5496,47.5368],[10.5369,47.5299],[10.5251,47.5285],[10.4825,47.5329],[10.4669,47.5377],[10.4588,47.5416],[10.4535,47.5462],[10.4517,47.5548],[10.4555,47.5612],[10.4603,47.566],[10.4616,47.5699],[10.4571,47.5792],[10.4536,47.5811],[10.446,47.5791],[10.4292,47.577],[10.4142,47.573],[10.4157,47.5644],[10.4244,47.5534],[10.431,47.5422],[10.4297,47.5329],[10.4196,47.493],[10.4337,47.4879],[10.4422,47.4814],[10.4476,47.4726],[10.4517,47.4602],[10.452,47.4388],[10.4429,47.4163],[10.4283,47.396],[10.4116,47.381],[10.4031,47.3771],[10.382,47.3721],[10.3716,47.3674],[10.3657,47.3611],[10.3434,47.3308],[10.3254,47.3143],[10.3059,47.3022],[10.2612,47.2835],[10.2394,47.2777],[10.175,47.2724],[10.1599,47.2711],[10.1554,47.2729],[10.1595,47.2791],[10.1687,47.2904],[10.1727,47.2923],[10.1859,47.295],[10.1908,47.2983],[10.1933,47.3049],[10.1927,47.3109],[10.1905,47.3175],[10.2086,47.3545],[10.2093,47.3725],[10.1909,47.3792],[10.147,47.3738],[10.1351,47.3649],[10.1308,47.3627],[10.1257,47.3627],[10.1153,47.367],[10.1104,47.3674],[10.0972,47.3631],[10.0896,47.3593],[10.0829,47.3591],[10.0732,47.3655],[10.0678,47.375],[10.0669,47.3858],[10.0642,47.3962],[10.0532,47.4049],[10.076,47.4169],[10.0806,47.4274],[10.0718,47.4391],[10.0226,47.488],[10.0113,47.4844],[10.0024,47.4792],[9.9936,47.4766],[9.9826,47.481],[9.9811,47.4869],[9.9808,47.4899],[9.9808,47.4929],[9.9717,47.5064],[9.9592,47.5149],[9.9487,47.5242],[9.9459,47.5408],[9.9338,47.5342],[9.9188,47.5322],[9.889,47.5338],[9.8589,47.5413],[9.8538,47.5404],[9.8415,47.535],[9.8335,47.5346],[9.8131,47.5418],[9.8093,47.5523],[9.8113,47.5645],[9.808,47.5763],[9.7963,47.585],[9.7821,47.5884],[9.7671,47.5873],[9.7527,47.5821],[9.7309,47.5649],[9.7185,47.5467],[9.704,47.5314],[9.6767,47.5226],[9.6126,47.5219],[9.5541,47.5327],[9.5499,47.5335],[9.5475,47.5345],[9.2732,47.6501],[9.2344,47.6562],[9.1969,47.6561],[9.1834,47.6704],[9.1281,47.6704],[9.0166,47.6789],[8.9977,47.6738],[8.9818,47.6622],[8.9454,47.6543],[8.9062,47.6518],[8.8817,47.6561],[8.8527,47.6708],[8.8519,47.6713],[8.8378,47.6808],[8.8377,47.6878],[8.8561,47.6907],[8.8302,47.7072],[8.7976,47.72],[8.7707,47.7209],[8.7617,47.7013],[8.7699,47.6951],[8.7171,47.6946],[8.7151,47.7011],[8.7126,47.7087],[8.7047,47.7153],[8.7004,47.7235],[8.7037,47.73],[8.7171,47.7435],[8.7198,47.7473],[8.7131,47.7574],[8.7033,47.7587],[8.6923,47.7572],[8.6819,47.7587],[8.6745,47.7667],[8.6666,47.7783],[8.657,47.7881],[8.6441,47.791],[8.635,47.7846],[8.6298,47.7628],[8.6174,47.7573],[8.6076,47.7623],[8.6041,47.7744],[8.6032,47.7873],[8.6016,47.7946],[8.5831,47.8002],[8.5582,47.8012],[8.5423,47.795],[8.5516,47.7793],[8.5365,47.7741],[8.4827,47.7669],[8.4715,47.7671],[8.4636,47.7639],[8.4501,47.7505],[8.4455,47.7432],[8.4379,47.7232],[8.4273,47.7165],[8.4019,47.7071],[8.3921,47.6995],[8.391,47.6921],[8.3952,47.6848],[8.3977,47.6763],[8.3913,47.6655],[8.407,47.6616],[8.412,47.661],[8.4376,47.6478],[8.4583,47.6399],[8.4761,47.6404],[8.4908,47.6456],[8.5047,47.6523],[8.5197,47.6574],[8.5682,47.6629],[8.5822,47.6613],[8.5936,47.6582],[8.5982,47.6569],[8.6073,47.6563],[8.6016,47.6326],[8.5951,47.6348],[8.5945,47.641],[8.5936,47.6426],[8.5892,47.6425],[8.584,47.6411],[8.5803,47.639],[8.5781,47.6335],[8.5797,47.6289],[8.5821,47.625],[8.5825,47.6216],[8.5813,47.6148],[8.5818,47.6077],[8.5806,47.6002],[8.5763,47.595],[8.5741,47.5924],[8.5607,47.5894],[8.5517,47.5969],[8.5496,47.5986],[8.5378,47.6121],[8.5224,47.6219],[8.4924,47.6198],[8.4618,47.6061],[8.4501,47.589],[8.4489,47.5843],[8.4211,47.5811],[8.4181,47.5808],[8.3541,47.581],[8.3162,47.5878],[8.3063,47.5922],[8.2993,47.6018],[8.2939,47.6115],[8.2886,47.6158],[8.277,47.6166],[8.2511,47.622],[8.233,47.622],[8.179,47.6158],[8.1738,47.6135],[8.1689,47.6086],[8.1621,47.6038],[8.1438,47.6001],[8.1221,47.5921],[8.1139,47.5878],[8.1054,47.5813],[8.1014,47.5762],[8.097,47.5719],[8.0872,47.5674],[8.0423,47.5606],[7.9122,47.5606],[7.9095,47.5648],[7.9075,47.5742],[7.9043,47.5836],[7.8982,47.5878],[7.8337,47.5905],[7.8197,47.5953],[7.8015,47.5761],[7.7855,47.5632],[7.7667,47.556],[7.7273,47.5504],[7.6834,47.5443],[7.6614,47.5462],[7.6469,47.5514],[7.6097,47.5647],[7.6123,47.5647],[7.6359,47.5646],[7.6465,47.5715],[7.6597,47.5966],[7.637,47.595],[7.586,47.5846],[7.5901,47.5948],[7.5925,47.5984],[7.5903,47.6079],[7.585,47.6132],[7.5786,47.6169],[7.5726,47.622],[7.5501,47.6524],[7.5366,47.6652],[7.5218,47.6704],[7.5179,47.675],[7.5147,47.6858],[7.5119,47.7073],[7.5154,47.7133],[7.5319,47.7252],[7.5378,47.7318],[7.5383,47.7481],[7.5259,47.7832],[7.5286,47.797],[7.5429,47.8294],[7.5485,47.8342],[7.562,47.8392],[7.5642,47.8504],[7.559,47.869],[7.5592,47.8735],[7.5584,47.876],[7.5579,47.8785],[7.559,47.8827],[7.562,47.8871],[7.5686,47.8914],[7.5726,47.8963],[7.5789,47.9063],[7.5808,47.9108],[7.5796,47.9271],[7.5849,47.9404],[7.6116,47.9594],[7.6211,47.9714],[7.6189,48.0027],[7.5757,48.0537],[7.5726,48.095],[7.5789,48.1145],[7.5857,48.1297],[7.5929,48.1387],[7.5997,48.1447],[7.6048,48.1526],[7.6067,48.167],[7.6134,48.1792],[7.6766,48.2384],[7.6872,48.2529],[7.6935,48.2699],[7.6955,48.2902],[7.7025,48.3112],[7.7186,48.32],[7.737,48.3267],[7.7507,48.3414],[7.752,48.3553],[7.7469,48.3687],[7.7404,48.3814],[7.7372,48.3935],[7.7383,48.4066],[7.7457,48.433],[7.7507,48.4444],[7.7576,48.4539],[7.7642,48.4604],[7.7692,48.4701],[7.7713,48.4891],[7.7765,48.4982],[7.7884,48.5063],[7.8135,48.5195],[7.8135,48.5263],[7.8017,48.5476],[7.8018,48.5824],[7.8103,48.615],[7.8524,48.6587],[7.8641,48.6642],[7.8806,48.6677],[7.8959,48.6765],[7.9233,48.6982],[7.9352,48.7033],[7.9484,48.7119],[7.9592,48.7214],[7.9636,48.7293],[7.9649,48.7483],[7.9701,48.7573],[7.9815,48.7598],[8.0096,48.7601],[8.0173,48.7618],[8.023,48.7651],[8.0251,48.7706],[8.0273,48.78],[8.0319,48.7853],[8.0366,48.7883],[8.0388,48.7908],[8.0475,48.791],[8.0842,48.8041],[8.0903,48.8075],[8.1027,48.8213],[8.1481,48.9037],[8.1793,48.9427],[8.1999,48.9582],[8.2003,48.9586],[8.1887,48.9657],[8.0904,48.9792],[7.9319,49.0348],[7.9138,49.0362],[7.8569,49.0323],[7.7737,49.0481],[7.7626,49.0462],[7.7391,49.0377],[7.7269,49.0357],[7.7173,49.0366],[7.6962,49.0416],[7.6851,49.0428],[7.6725,49.041],[7.6608,49.0377],[7.6488,49.0357],[7.6449,49.0363],[7.635,49.0378],[7.6257,49.043],[7.6159,49.056],[7.6086,49.062],[7.5864,49.0696],[7.5427,49.0746],[7.5209,49.0837],[7.5077,49.0946],[7.4851,49.1187],[7.471,49.1283],[7.4728,49.1316],[7.4753,49.1339],[7.4827,49.1371],[7.4761,49.1515],[7.458,49.1559],[7.4148,49.1578],[7.4105,49.1689],[7.3911,49.17],[7.3716,49.1662],[7.3676,49.1654],[7.351,49.1592],[7.3463,49.1542],[7.3391,49.1397],[7.334,49.1342],[7.3265,49.1318],[7.306,49.1301],[7.2971,49.1281],[7.2908,49.1231],[7.2803,49.109],[7.2744,49.105],[7.2681,49.1056],[7.2412,49.1139],[7.155,49.1144],[7.1393,49.1179],[7.1236,49.1233],[7.0853,49.1415],[7.0799,49.142],[7.0708,49.1361],[7.0716,49.1306],[7.0748,49.1254],[7.0732,49.1203],[7.0425,49.1076],[7.0205,49.119],[7.009,49.1464],[7.0095,49.1817],[6.9879,49.1824],[6.9254,49.2056],[6.9144,49.2067],[6.8852,49.2048],[6.8435,49.2111],[6.8335,49.2095],[6.8277,49.1956],[6.8352,49.1794],[6.839,49.1628],[6.8218,49.1478],[6.8091,49.1458],[6.7701,49.1553],[6.7256,49.1556],[6.7138,49.1589],[6.701,49.1729],[6.7038,49.1851],[6.7088,49.1978],[6.7025,49.2136],[6.6985,49.2136],[6.685,49.2078],[6.6806,49.2075],[6.6779,49.2111],[6.676,49.2189],[6.6748,49.2211],[6.6716,49.2253],[6.6638,49.2439],[6.6595,49.2468],[6.6457,49.25],[6.6403,49.2528],[6.6392,49.2568],[6.6412,49.2669],[6.6397,49.2712],[6.5732,49.3131],[6.5564,49.3264],[6.5501,49.338],[6.5556,49.3472],[6.5734,49.3477],[6.5777,49.3558],[6.5743,49.3618],[6.5257,49.3955],[6.5188,49.4022],[6.5208,49.4026],[6.5206,49.4081],[6.5179,49.4164],[6.5117,49.4247],[6.4945,49.4355],[6.4027,49.4655],[6.3917,49.4667],[6.3835,49.4646],[6.3645,49.4561],[6.3539,49.4548],[6.3453,49.4553],[6.3454,49.4627],[6.3423,49.493],[6.3488,49.5253],[6.3508,49.5349],[6.3508,49.5666],[6.3564,49.5776],[6.3715,49.593],[6.3976,49.6139],[6.4077,49.6274],[6.4152,49.6346],[6.4179,49.6391],[6.417,49.6458],[6.4109,49.6496],[6.4045,49.6525],[6.4027,49.6558],[6.4182,49.6699],[6.4917,49.7008],[6.4898,49.703],[6.4829,49.7081],[6.4864,49.7129],[6.491,49.7144],[6.4997,49.7122],[6.4926,49.7184],[6.4878,49.7256],[6.4855,49.7338],[6.4863,49.7427],[6.496,49.7482],[6.4964,49.7521],[6.4937,49.7566],[6.4938,49.7636],[6.4985,49.7854],[6.5,49.7861],[6.5001,49.7945],[6.5023,49.7959],[6.5026,49.7957],[6.4972,49.7994],[6.4933,49.7996],[6.4625,49.8055],[6.4145,49.8055],[6.3971,49.8086],[6.3801,49.8156],[6.3514,49.8333],[6.3344,49.8402],[6.3256,49.8404],[6.3107,49.8345],[6.3026,49.8349],[6.3016,49.8383],[6.2956,49.8486],[6.2915,49.8556],[6.2868,49.861],[6.2722,49.8671],[6.2383,49.8769],[6.2227,49.8871],[6.1898,49.9383],[6.1727,49.9562],[6.1619,49.9425],[6.154,49.9512],[6.1388,49.9793],[6.1215,49.9963],[6.1172,50.0044],[6.12,50.0155],[6.1138,50.0364],[6.1073,50.0446],[6.0964,50.0486],[6.1057,50.0603],[6.1094,50.0636],[6.1072,50.0638],[6.1012,50.0634],[6.0994,50.0641],[6.1057,50.0922],[6.1106,50.106],[6.1175,50.1205],[6.1266,50.1273],[6.1295,50.134],[6.126,50.1402],[6.1158,50.1455],[6.118,50.1504],[6.1213,50.1616],[6.1232,50.1649],[6.1317,50.1683],[6.1517,50.1693],[6.1591,50.1724],[6.1651,50.1819],[6.1658,50.1932],[6.1602,50.2045],[6.1468,50.214],[6.1572,50.2227],[6.1798,50.233],[6.1896,50.2427],[6.2104,50.249],[6.2534,50.2568],[6.2718,50.2674],[6.2673,50.2764],[6.2694,50.2865],[6.276,50.2961],[6.286,50.3039],[6.2995,50.3089],[6.3107,50.3082],[6.322,50.3054],[6.3355,50.3039],[6.362,50.307],[6.3745,50.3155],[6.3734,50.3231],[6.3725,50.3294],[6.3377,50.3681],[6.3364,50.3799],[6.3433,50.3933],[6.3504,50.4169],[6.3512,50.4336],[6.3473,50.437],[6.3402,50.4379],[6.3316,50.4469],[6.3262,50.457],[6.3233,50.466],[6.3257,50.474],[6.3369,50.481],[6.3187,50.4817],[6.2754,50.488],[6.2601,50.4927],[6.2578,50.4941],[6.2556,50.4946],[6.2531,50.4941],[6.2509,50.4927],[6.2171,50.486],[6.2072,50.4863],[6.1992,50.4904],[6.1907,50.5018],[6.1826,50.5066],[6.1906,50.5152],[6.1789,50.5158],[6.1708,50.518],[6.1695,50.5225],[6.1773,50.5302],[6.1607,50.5436],[6.1791,50.562],[6.2106,50.5787],[6.2329,50.5871],[6.2329,50.5908],[6.2443,50.5995],[6.2513,50.6084],[6.2491,50.6144],[6.18,50.6155],[6.1594,50.6224],[6.1478,50.6368],[6.1611,50.6422],[6.1002,50.7013],[6.081,50.7135],[6.0644,50.7145],[6.0248,50.7076],[6.0115,50.7085],[6.0076,50.7169],[6.0113,50.7274],[6.0108,50.7371],[5.9942,50.7426],[5.9927,50.7444],[5.9926,50.7463],[5.9933,50.7481],[5.9949,50.7499],[5.9971,50.7629],[5.9906,50.769],[5.9806,50.7734],[5.973,50.7818],[5.9688,50.7946],[5.984,50.7922],[5.9983,50.8007],[6.0036,50.8126],[6.0014,50.8218],[6.0005,50.8304],[6.0093,50.8405],[6.023,50.8454],[6.0456,50.8442],[6.0567,50.8527],[6.0628,50.8629],[6.0631,50.8709],[6.0546,50.8915],[6.0565,50.8981],[6.0618,50.9035],[6.0637,50.9075],[6.0311,50.9147],[6.0075,50.9241],[5.9999,50.9294],[5.9973,50.9374],[5.9958,50.9518],[5.9997,50.9601],[6.0058,50.9685],[6.0037,50.9737],[5.9678,50.971],[5.9416,50.9765],[5.9277,50.9777],[5.9142,50.9752],[5.8883,50.9671],[5.8746,50.9654],[5.8736,50.9906],[5.8582,51.0193],[5.8525,51.0428],[5.8805,51.0521],[5.8943,51.0471],[5.9062,51.0374],[5.9196,51.0297],[5.938,51.0309],[5.9503,51.0395],[5.9695,51.0649],[5.9829,51.0747],[6.0754,51.1204],[6.1324,51.1398],[6.1473,51.1523],[6.1263,51.1646],[6.1491,51.1763],[6.1571,51.1793],[6.1341,51.1842],[6.0843,51.1627],[6.0608,51.1709],[6.0537,51.1894],[6.0566,51.2117],[6.0652,51.2316],[6.0754,51.2427],[6.0965,51.2588],[6.1478,51.3182],[6.1582,51.3246],[6.1836,51.3357],[6.1936,51.3445],[6.1989,51.357],[6.202,51.3789],[6.2078,51.3877],[6.1927,51.399],[6.1941,51.4174],[6.2017,51.4386],[6.2053,51.4584],[6.2005,51.4766],[6.1933,51.5093],[6.153,51.5384],[6.0865,51.5955],[6.0821,51.6078],[6.0875,51.6221],[6.0992,51.6445],[6.0315,51.663],[6.0086,51.6812],[6.022,51.7095],[6.0121,51.7159],[5.9897,51.7264],[5.9783,51.7298],[5.9492,51.7294],[5.9393,51.7319],[5.9401,51.7426],[5.9461,51.7463],[5.9624,51.7564],[5.9641,51.7766],[5.9508,51.7959],[5.928,51.8067],[5.9315,51.8156],[5.9481,51.823],[5.9889,51.8275],[6.0082,51.8326],[6.0289,51.8421],[6.0433,51.8469],[6.084,51.8537],[6.1165,51.8483],[6.14,51.8445],[6.1561,51.8421],[6.1427,51.8552],[6.1054,51.8795],[6.093,51.8853],[6.127,51.8967],[6.1592,51.8873],[6.1914,51.8712],[6.2252,51.8625],[6.2564,51.8668],[6.2647,51.8662],[6.2718,51.8619],[6.2829,51.8496],[6.2874,51.8462],[6.3257,51.8425],[6.342,51.8367],[6.345,51.8211],[6.3825,51.8276],[6.3866,51.8376],[6.3785,51.8601],[6.4425,51.8484],[6.4629,51.8484],[6.4794,51.853],[6.5286,51.8764],[6.6282,51.8975],[6.7167,51.8993],[6.7438,51.9083],[6.767,51.9255],[6.7898,51.9511],[6.798,51.9567],[6.8057,51.9575],[6.8107,51.9606],[6.8117,51.9728],[6.8092,51.9795],[6.804,51.9844],[6.7782,52.0013],[6.7129,52.0239],[6.6909,52.0279],[6.675,52.0348],[6.673,52.0501],[6.6799,52.0605],[6.6889,52.0631],[6.6994,52.0636],[6.7114,52.0673],[6.7195,52.0736],[6.7276,52.0863],[6.7329,52.092],[6.7499,52.1029],[6.7659,52.1084],[6.7716,52.1088],[6.8307,52.1129],[6.8433,52.12],[6.8654,52.1478],[6.8848,52.1603],[6.9277,52.1719],[6.9477,52.1828],[6.9711,52.2063],[6.9819,52.214],[7.0263,52.2306],[7.0291,52.2358],[7.0266,52.2386],[7.0207,52.2453],[7.0119,52.2666],[7.0125,52.2849],[7.0197,52.3],[7.0398,52.3286],[7.0482,52.3651],[7.0342,52.3908],[6.9733,52.4514],[6.967,52.4496],[6.9608,52.4428],[6.9515,52.4375],[6.9265,52.433],[6.9002,52.4319],[6.872,52.4347],[6.8203,52.4468],[6.7412,52.4537],[6.7148,52.4616],[6.6951,52.4756],[6.689,52.4905],[6.6875,52.5081],[6.684,52.526],[6.6717,52.5417],[6.6883,52.5426],[6.7438,52.5597],[6.711,52.5766],[6.704,52.5831],[6.7037,52.5914],[6.7082,52.5997],[6.7102,52.6086],[6.7018,52.6191],[6.7191,52.6268],[6.737,52.6347],[6.7705,52.641],[6.8654,52.642],[6.9184,52.6322],[6.9677,52.6367],[6.9828,52.6328],[7.0185,52.626],[7.0367,52.6474],[7.044,52.6826],[7.0533,52.7906],[7.062,52.824],[7.0722,52.8413],[7.0799,52.8544],[7.1619,52.9326],[7.1836,52.9661],[7.1928,52.998],[7.1944,53.0338],[7.1851,53.1054],[7.1813,53.1142],[7.1765,53.1194],[7.1727,53.1258],[7.1719,53.1377],[7.1744,53.1458],[7.1886,53.1678],[7.1954,53.185],[7.1985,53.2006],[7.1975,53.2166],[7.1946,53.245],[7.2044,53.2483],[7.2158,53.2556],[7.2246,53.2629],[7.2336,53.2736],[7.237,53.2855],[7.2295,53.2966],[7.2547,53.3195],[7.2683,53.3237],[7.2915,53.3239],[7.3132,53.3205],[7.3477,53.3074],[7.3665,53.3028],[7.3425,53.324],[7.3029,53.3327],[7.0752,53.3376],[7.0383,53.3486],[7.0236,53.3764],[7.0233,53.4505],[7.0277,53.4674],[7.047,53.4977],[7.0514,53.5126],[7.0597,53.5217],[7.0794,53.5216],[7.1196,53.5163],[7.125,53.5244],[7.1345,53.5274],[7.1418,53.5372],[7.14,53.5498],[7.1311,53.557],[7.1019,53.5657],[7.0889,53.5737],[7.0868,53.5869],[7.1009,53.5979],[7.1331,53.6113],[7.1694,53.6355],[7.189,53.6435],[7.2261,53.6665],[7.305,53.6848],[7.4588,53.6951],[7.4696,53.6907],[7.4802,53.682],[7.5039,53.6787],[7.6514,53.697],[7.9514,53.7219],[8.0314,53.7081],[8.0314,53.7006],[8.0249,53.6726],[8.0529,53.6363],[8.0941,53.6047],[8.1276,53.5908],[8.1276,53.5846],[8.1192,53.5719],[8.1346,53.5675],[8.1567,53.5637],[8.168,53.5532],[8.1649,53.5352],[8.1554,53.526],[8.1338,53.5163],[8.1157,53.5107],[8.0763,53.5086],[8.0588,53.502],[8.077,53.4687],[8.0862,53.4561],[8.0998,53.4474],[8.1125,53.4511],[8.1239,53.454],[8.1406,53.4536],[8.1524,53.4498],[8.1714,53.4366],[8.1786,53.4337],[8.1867,53.4295],[8.1948,53.4201],[8.2053,53.4107],[8.2197,53.4064],[8.2365,53.4067],[8.2487,53.4084],[8.2595,53.4123],[8.2717,53.4195],[8.2928,53.4405],[8.3151,53.4749],[8.3205,53.5092],[8.2915,53.5294],[8.2522,53.5231],[8.2312,53.5252],[8.2332,53.5399],[8.2417,53.5563],[8.2489,53.5903],[8.2573,53.6044],[8.2707,53.6129],[8.2876,53.6169],[8.3294,53.6181],[8.3485,53.6129],[8.3633,53.6006],[8.3755,53.5869],[8.3877,53.5771],[8.4281,53.5648],[8.5134,53.5548],[8.5521,53.5436],[8.5521,53.5362],[8.5282,53.5239],[8.5062,53.508],[8.49,53.4864],[8.4839,53.4573],[8.485,53.4012],[8.4909,53.3765],[8.5044,53.3581],[8.5073,53.3828],[8.4968,53.4453],[8.4976,53.4748],[8.5129,53.4965],[8.5358,53.5062],[8.5567,53.5182],[8.5658,53.5467],[8.5608,53.5517],[8.5352,53.5908],[8.5275,53.5966],[8.5171,53.6102],[8.5083,53.6251],[8.5012,53.6442],[8.4871,53.6669],[8.4839,53.6836],[8.4861,53.7004],[8.4922,53.7152],[8.5296,53.7707],[8.5562,53.831],[8.5733,53.8577],[8.5876,53.8704],[8.6071,53.8815],[8.6292,53.8894],[8.6519,53.8925],[8.6727,53.8916],[8.6846,53.8885],[8.7092,53.872],[8.7446,53.8542],[8.7825,53.8425],[8.8607,53.831],[8.9036,53.8317],[8.9762,53.8424],[9.0163,53.8405],[9.035,53.8536],[9.1145,53.8651],[9.1936,53.8647],[9.2107,53.872],[9.2243,53.8659],[9.2407,53.8642],[9.2747,53.8651],[9.2834,53.8616],[9.3053,53.8445],[9.4027,53.7424],[9.4429,53.7143],[9.471,53.7006],[9.4847,53.6901],[9.4984,53.6599],[9.5671,53.5996],[9.5824,53.5913],[9.6009,53.5863],[9.6248,53.5846],[9.6372,53.581],[9.6966,53.5566],[9.764,53.5477],[9.819,53.5404],[9.832,53.5436],[9.8196,53.5566],[9.7821,53.5697],[9.6924,53.5759],[9.6558,53.5846],[9.5837,53.6125],[9.5508,53.6346],[9.5391,53.6665],[9.5361,53.6938],[9.5322,53.7112],[9.5222,53.7166],[9.4753,53.7322],[9.4602,53.7354],[9.4358,53.7487],[9.4124,53.7788],[9.3967,53.811],[9.3952,53.831],[9.3587,53.8395],[9.2956,53.8719],[9.2578,53.8856],[9.2205,53.8908],[9.0934,53.8925],[9.0554,53.9029],[9.03,53.9071],[9.0183,53.9027],[9.0078,53.8925],[8.9846,53.897],[8.9495,53.9129],[8.916,53.9374],[8.8333,54.0364],[8.8718,54.0469],[8.8906,54.0478],[8.9146,54.0439],[8.9539,54.0283],[8.9754,54.0241],[8.9972,54.0302],[9.0049,54.0412],[9.013,54.061],[9.0186,54.0824],[9.0183,54.0979],[9.0067,54.1081],[8.9881,54.1179],[8.9745,54.1281],[8.9773,54.1395],[8.9773,54.1457],[8.9529,54.1501],[8.918,54.1463],[8.8854,54.137],[8.8674,54.1252],[8.8607,54.1252],[8.8333,54.1531],[8.8157,54.1756],[8.8128,54.1805],[8.821,54.2005],[8.8363,54.2178],[8.8467,54.2335],[8.8396,54.2487],[8.8396,54.2556],[8.8519,54.2611],[8.8942,54.2682],[8.9115,54.2692],[8.922,54.2742],[8.9375,54.2867],[8.9531,54.3026],[8.9631,54.3176],[8.9403,54.315],[8.9026,54.2958],[8.8811,54.2903],[8.8831,54.2936],[8.8859,54.3007],[8.888,54.3039],[8.8576,54.3018],[8.8054,54.2924],[8.7747,54.2903],[8.7389,54.2939],[8.7235,54.2903],[8.6902,54.2715],[8.6785,54.2692],[8.6519,54.2748],[8.6234,54.2901],[8.6027,54.3121],[8.5999,54.3381],[8.614,54.3484],[8.6414,54.3557],[8.672,54.3593],[8.6956,54.3586],[8.6956,54.3654],[8.6776,54.3679],[8.6638,54.3756],[8.6506,54.378],[8.6348,54.3654],[8.6262,54.3764],[8.6292,54.3877],[8.6384,54.3981],[8.6484,54.4064],[8.6698,54.4008],[8.7508,54.4138],[8.8607,54.4138],[8.8861,54.4178],[8.9072,54.4255],[8.9495,54.4473],[8.988,54.4584],[9.0047,54.4659],[9.0115,54.4821],[9.0116,54.5063],[8.9861,54.5293],[8.9045,54.5806],[8.8928,54.5913],[8.888,54.6019],[8.8788,54.6065],[8.8582,54.6061],[8.8371,54.6027],[8.8259,54.5981],[8.819,54.6056],[8.8533,54.6193],[8.8184,54.6737],[8.8054,54.6876],[8.7767,54.698],[8.7227,54.7255],[8.6887,54.7353],[8.6887,54.7422],[8.6943,54.7602],[8.6813,54.7806],[8.6619,54.8006],[8.6484,54.8179],[8.6428,54.8442],[8.6472,54.8674],[8.6608,54.8963],[8.6959,54.89],[8.7328,54.8891],[8.8009,54.9038],[8.8242,54.9059],[8.9041,54.8979],[8.9827,54.8793],[9.1948,54.8504],[9.2115,54.8418],[9.2161,54.8317],[9.2191,54.8178],[9.2264,54.8059],[9.2441,54.8018],[9.317,54.8016],[9.332,54.8032],[9.3417,54.8091],[9.356,54.8113],[9.367,54.817],[9.385,54.8194],[9.4052,54.8084],[9.4221,54.8073],[9.4369,54.8101],[9.4375,54.8104],[9.4514,54.8104],[9.511,54.8278],[9.53,54.8415],[9.5544,54.8471],[9.5669,54.8602],[9.5799,54.8663],[9.5832,54.8303],[9.6316,54.8199],[9.693,54.818],[9.7346,54.8073],[9.7521,54.7996],[9.7781,54.7932],[9.8018,54.7834],[9.8122,54.7661],[9.8237,54.7567],[9.8499,54.7593],[9.8954,54.7695],[9.8914,54.7903],[9.9151,54.7912],[9.9475,54.7795],[9.9705,54.7626],[9.9841,54.7285],[9.9905,54.7205],[9.9995,54.713],[10.0182,54.7012],[10.0054,54.6955],[9.9922,54.6965],[9.9798,54.6998],[9.9705,54.7012],[9.971,54.699],[9.9463,54.6876],[9.9431,54.6876],[9.9367,54.685],[9.9324,54.6852],[9.9299,54.6831],[9.9295,54.6739],[9.9441,54.6733],[9.9702,54.6779],[9.9963,54.6788],[10.0114,54.6671],[10.0221,54.6724],[10.0335,54.6729],[10.0391,54.6668],[10.0319,54.6528],[10.037,54.6389],[10.0376,54.6191],[10.0319,54.5777],[10.0269,54.56],[10.02,54.5458],[10.0104,54.5343],[9.9978,54.5237],[9.9656,54.5062],[9.9253,54.4931],[9.882,54.4848],[9.8401,54.4821],[9.8401,54.4753],[9.8833,54.4621],[10.1247,54.4958],[10.1434,54.4918],[10.2039,54.461],[10.1839,54.4494],[10.1838,54.4384],[10.1917,54.4262],[10.197,54.4101],[10.1913,54.3967],[10.1771,54.3843],[10.159,54.3753],[10.1418,54.3723],[10.1444,54.37],[10.1478,54.3683],[10.1483,54.3652],[10.1418,54.3586],[10.1525,54.3518],[10.1555,54.3434],[10.1516,54.334],[10.1418,54.3244],[10.1637,54.3292],[10.1803,54.3411],[10.2039,54.3723],[10.2171,54.4054],[10.2244,54.4138],[10.2344,54.4177],[10.2721,54.4201],[10.2858,54.4248],[10.2925,54.4302],[10.2976,54.4357],[10.3069,54.4411],[10.3184,54.4433],[10.3608,54.4411],[10.3828,54.4348],[10.4434,54.4064],[10.6011,54.3654],[10.6902,54.3162],[10.7313,54.3102],[10.7771,54.3151],[10.8108,54.3274],[10.8679,54.3586],[10.9009,54.371],[10.9353,54.3795],[11.0188,54.3859],[11.0188,54.3791],[11.0008,54.3786],[10.9758,54.3784],[10.9932,54.3738],[11.0105,54.3772],[11.0339,54.3676],[11.1042,54.3929],[11.1355,54.3859],[11.0984,54.3615],[11.0877,54.3518],[11.0818,54.3546],[11.0666,54.3586],[11.0774,54.3422],[11.0866,54.3024],[11.0945,54.2835],[11.0871,54.2709],[11.0877,54.2539],[11.0945,54.2251],[11.0902,54.208],[11.0806,54.1989],[11.071,54.1926],[11.0666,54.1839],[10.9505,54.1395],[10.9103,54.1092],[10.8928,54.1025],[10.8524,54.0943],[10.8446,54.0945],[10.8361,54.09],[10.8294,54.0928],[10.8223,54.0974],[10.8133,54.0979],[10.8054,54.0949],[10.8014,54.0922],[10.7629,54.0568],[10.7526,54.0501],[10.7526,54.0439],[10.7659,54.0244],[10.7804,54.01],[10.7997,54.0006],[10.8269,53.9954],[10.8656,53.9978],[10.8755,53.9954],[10.8826,53.9851],[10.8836,53.9731],[10.8874,53.9639],[10.9021,53.9614],[10.906,53.9612],[10.9177,53.9608],[10.9226,53.9614],[10.9354,53.9673],[10.9647,53.9854],[10.9812,53.9892],[11.0003,53.9916],[11.0535,54.0085],[11.1751,54.018],[11.1838,54.016],[11.1908,54.0103],[11.1973,53.9962],[11.2044,53.9892],[11.2399,53.9835],[11.2454,53.9784],[11.2407,53.9556],[11.2429,53.9452],[11.2556,53.9409],[11.2854,53.9397],[11.2937,53.9409],[11.3342,53.9614],[11.3418,53.9583],[11.3521,53.9442],[11.3582,53.9409],[11.3999,53.9409],[11.4004,53.9377],[11.4387,53.9091],[11.4463,53.9062],[11.4577,53.9062],[11.459,53.9167],[11.4691,53.9328],[11.4768,53.9527],[11.4724,53.9688],[11.4798,53.9761],[11.4895,53.9806],[11.4979,53.9818],[11.4959,53.9863],[11.4935,53.9976],[11.4917,54.0023],[11.5259,54.0228],[11.5259,54.0302],[11.5191,54.0302],[11.5191,54.0364],[11.5446,54.0302],[11.5532,54.0302],[11.5735,54.039],[11.5913,54.0656],[11.6047,54.0712],[11.6128,54.0729],[11.6194,54.0773],[11.6245,54.0836],[11.6289,54.0911],[11.6296,54.096],[11.6221,54.0996],[11.6221,54.1047],[11.6253,54.1098],[11.6294,54.1132],[11.6331,54.1159],[11.6579,54.1422],[11.6897,54.1552],[11.7288,54.1585],[11.8123,54.1498],[12.0506,54.1799],[12.0881,54.1941],[12.0933,54.1654],[12.0895,54.1376],[12.0916,54.114],[12.115,54.0979],[12.1053,54.11],[12.1004,54.136],[12.0951,54.1457],[12.1055,54.1574],[12.1343,54.167],[12.1428,54.1805],[12.1316,54.1811],[12.1209,54.18],[12.1106,54.1774],[12.1013,54.1737],[12.1089,54.183],[12.1428,54.2092],[12.1631,54.2199],[12.1869,54.2434],[12.2009,54.2487],[12.214,54.251],[12.2894,54.2751],[12.3273,54.2938],[12.3421,54.3039],[12.3782,54.3449],[12.4383,54.3958],[12.4448,54.4055],[12.4861,54.4473],[12.502,54.4736],[12.5134,54.4822],[12.5339,54.4883],[12.5339,54.4821],[12.527,54.4821],[12.5483,54.4621],[12.5915,54.4517],[12.8191,54.4517],[12.8566,54.4411],[12.8796,54.4488],[12.9084,54.4446],[12.9212,54.4335],[12.8963,54.4201],[12.8708,54.4168],[12.7637,54.4222],[12.721,54.4316],[12.6946,54.4337],[12.6868,54.4316],[12.6761,54.4226],[12.6704,54.4201],[12.6501,54.4201],[12.6242,54.4229],[12.6145,54.4197],[12.6084,54.4064],[12.6022,54.4138],[12.5969,54.4119],[12.5881,54.4075],[12.5817,54.4064],[12.5835,54.3979],[12.5877,54.394],[12.594,54.3928],[12.6022,54.3921],[12.5986,54.3915],[12.5959,54.3915],[12.5944,54.3902],[12.5947,54.3859],[12.5755,54.392],[12.554,54.3908],[12.536,54.3837],[12.527,54.3723],[12.5108,54.3843],[12.491,54.3901],[12.4548,54.3921],[12.4385,54.3875],[12.425,54.3759],[12.4185,54.3607],[12.424,54.3449],[12.4097,54.3466],[12.4038,54.3481],[12.3967,54.3518],[12.3899,54.3449],[12.3965,54.333],[12.3916,54.3211],[12.3791,54.3124],[12.3626,54.3102],[12.3696,54.2966],[12.3779,54.2859],[12.3801,54.2771],[12.3688,54.2692],[12.4124,54.2514],[12.4368,54.2477],[12.4582,54.2556],[12.4426,54.2552],[12.4308,54.2586],[12.4103,54.2692],[12.4168,54.281],[12.4263,54.2896],[12.4514,54.3039],[12.4573,54.3063],[12.4683,54.3083],[12.4724,54.3102],[12.4756,54.3151],[12.4766,54.3278],[12.4787,54.3319],[12.4956,54.3403],[12.5606,54.3586],[12.547,54.3645],[12.5408,54.3654],[12.5408,54.3723],[12.5593,54.3763],[12.5661,54.3759],[12.5742,54.3723],[12.5742,54.3791],[12.5929,54.3693],[12.6227,54.3739],[12.6773,54.3921],[12.6751,54.3954],[12.6724,54.403],[12.6704,54.4064],[12.6808,54.4109],[12.6926,54.4136],[12.7048,54.4146],[12.7175,54.4138],[12.7175,54.4064],[12.7025,54.4041],[12.6924,54.3962],[12.6865,54.3848],[12.6841,54.3723],[12.6966,54.385],[12.7012,54.3917],[12.7046,54.3996],[12.7136,54.3901],[12.7238,54.3813],[12.735,54.3782],[12.7461,54.3859],[12.7578,54.3798],[12.7686,54.3801],[12.7783,54.3848],[12.7871,54.3921],[12.7899,54.3843],[12.7947,54.3771],[12.801,54.3708],[12.818,54.358],[12.8218,54.3561],[12.8254,54.3572],[12.8355,54.3586],[12.8547,54.3579],[12.8648,54.3596],[12.876,54.3654],[12.8845,54.3735],[12.8949,54.3897],[12.9038,54.3996],[12.9294,54.4144],[12.9691,54.4294],[13.0088,54.4381],[13.0342,54.4337],[13.0215,54.4265],[13.021,54.4145],[13.0286,54.4018],[13.0404,54.3921],[13.0837,54.379],[13.0956,54.3723],[13.0767,54.3525],[13.0807,54.3371],[13.1092,54.3102],[13.1121,54.2993],[13.1121,54.2885],[13.1149,54.28],[13.126,54.2766],[13.1707,54.2766],[13.1707,54.2692],[13.1613,54.269],[13.1546,54.2673],[13.1434,54.263],[13.1761,54.2648],[13.2284,54.2474],[13.2632,54.2425],[13.2888,54.2343],[13.3218,54.1945],[13.3489,54.1805],[13.3333,54.174],[13.3215,54.1668],[13.3465,54.1669],[13.3838,54.1781],[13.4035,54.1737],[13.3957,54.1619],[13.3909,54.1573],[13.383,54.1531],[13.3948,54.1489],[13.4021,54.1513],[13.4087,54.1546],[13.4177,54.1531],[13.4232,54.1481],[13.4377,54.1252],[13.4504,54.1104],[13.4651,54.0985],[13.4836,54.0913],[13.5071,54.0911],[13.5071,54.0979],[13.4989,54.1025],[13.4875,54.1139],[13.4793,54.1184],[13.4793,54.1252],[13.6027,54.1395],[13.6323,54.1475],[13.6834,54.168],[13.7119,54.1737],[13.7165,54.1684],[13.7147,54.164],[13.7083,54.1609],[13.6983,54.1593],[13.6983,54.1531],[13.7288,54.1439],[13.8081,54.1047],[13.8081,54.0979],[13.7937,54.0832],[13.7855,54.0639],[13.7732,54.0463],[13.7461,54.0364],[13.7581,54.031],[13.7871,54.0091],[13.7976,53.9989],[13.8035,53.9963],[13.8318,53.9892],[13.8386,53.9863],[13.8431,53.9796],[13.8462,53.9722],[13.8491,53.9676],[13.8503,53.964],[13.849,53.9595],[13.8486,53.9556],[13.8526,53.9538],[13.8669,53.9547],[13.8701,53.9538],[13.8755,53.9512],[13.8816,53.949],[13.888,53.9476],[13.8936,53.9471],[13.906,53.9431],[13.9076,53.9335],[13.9014,53.9223],[13.8901,53.9129],[13.8185,53.878],[13.8081,53.8651],[13.8171,53.8529],[13.8358,53.8475],[13.8543,53.8449],[13.8628,53.8413],[13.8692,53.8303],[13.8838,53.8177],[13.8999,53.8091],[13.9107,53.8105],[13.9842,53.774],[14.0173,53.7695],[14.0335,53.7575],[14.0374,53.7553],[14.0615,53.7564],[14.0689,53.7553],[14.094,53.7463],[14.1061,53.7434],[14.1865,53.7398],[14.2147,53.7449],[14.2266,53.7587],[14.2341,53.7618],[14.2502,53.76],[14.2645,53.7516],[14.2674,53.7354],[14.2595,53.728],[14.2127,53.7081],[14.2254,53.7038],[14.24,53.7008],[14.2562,53.6994],[14.2639,53.7],[14.2639,53.6999],[14.2651,53.6718],[14.261,53.6562],[14.2761,53.6366],[14.297,53.5978],[14.2989,53.5879],[14.2962,53.5513],[14.2969,53.5291],[14.3042,53.5085],[14.3285,53.4861],[14.3389,53.4652],[14.3599,53.4441],[14.3703,53.3923],[14.3913,53.334],[14.398,53.3152],[14.3996,53.3067],[14.4002,53.2886],[14.4033,53.2788],[14.4094,53.2724],[14.4247,53.2647],[14.4286,53.2591],[14.4416,53.2518],[14.4156,53.221],[14.4082,53.2144],[14.3977,53.211],[14.3878,53.2021],[14.3807,53.1899],[14.3779,53.1765],[14.3815,53.1603],[14.3875,53.1461],[14.3895,53.1317],[14.3596,53.0751],[14.3568,53.0667],[14.3433,53.0486],[14.3126,53.0292],[14.2537,53.0009],[14.1929,52.9817],[14.1445,52.9599],[14.1445,52.9537],[14.1505,52.9436],[14.1627,52.9082],[14.165,52.8957],[14.1608,52.8767],[14.1505,52.8646],[14.1239,52.8507],[14.1354,52.8366],[14.1528,52.8283],[14.1737,52.8243],[14.196,52.8234],[14.216,52.818],[14.2487,52.7946],[14.276,52.7857],[14.3822,52.7382],[14.3977,52.7271],[14.4319,52.6861],[14.4424,52.68],[14.4614,52.6746],[14.4901,52.6506],[14.5499,52.6362],[14.608,52.5965],[14.6137,52.5925],[14.6448,52.5769],[14.6168,52.541],[14.6091,52.5178],[14.6277,52.5074],[14.6323,52.4967],[14.6158,52.4733],[14.5916,52.4498],[14.5398,52.4219],[14.5454,52.3822],[14.5692,52.3385],[14.5901,52.3094],[14.5842,52.2912],[14.6066,52.2758],[14.6405,52.2651],[14.6689,52.261],[14.6969,52.2535],[14.7124,52.2359],[14.7121,52.2154],[14.6926,52.1996],[14.6926,52.1934],[14.707,52.1795],[14.7032,52.1652],[14.6925,52.147],[14.6864,52.121],[14.6964,52.1067],[14.7614,52.0767],[14.743,52.0625],[14.7354,52.054],[14.7322,52.0451],[14.7303,52.0359],[14.7261,52.0264],[14.7045,52.0022],[14.6991,51.9925],[14.6956,51.9315],[14.6871,51.9119],[14.6717,51.8939],[14.6533,51.8786],[14.5959,51.8424],[14.5828,51.8251],[14.5858,51.8039],[14.6022,51.7883],[14.6203,51.7805],[14.6342,51.769],[14.6381,51.7426],[14.6484,51.7172],[14.671,51.7008],[14.7195,51.6756],[14.7325,51.6583],[14.7423,51.633],[14.7439,51.6066],[14.7322,51.5866],[14.7127,51.5674],[14.7046,51.548],[14.7068,51.5408],[14.71,51.5302],[14.7322,51.5158],[14.7975,51.5021],[14.8186,51.4927],[14.8186,51.4926],[14.8414,51.4844],[14.8883,51.4757],[14.911,51.469],[14.9266,51.4613],[14.9451,51.4492],[14.9554,51.4354],[14.9469,51.4229],[14.9506,51.3965],[14.9566,51.3542],[14.9566,51.3532],[14.961,51.3353],[14.9638,51.3284],[14.9823,51.308],[15.0049,51.2913],[15.0195,51.2717],[15.0143,51.2427],[15.0179,51.2396],[15.0221,51.2368],[15.0049,51.2156],[14.9914,51.189],[14.9832,51.1609],[14.9821,51.1356],[14.98,51.1228],[14.9734,51.1161],[14.9656,51.1115],[14.9603,51.1046],[14.9585,51.0947],[14.9583,51.0755],[14.9553,51.064],[14.9106,50.9927],[14.8602,50.9168],[14.8247,50.8918],[14.8105,50.8771],[14.8104,50.8584],[14.7946,50.8316],[14.7851,50.8201],[14.7754,50.813],[14.7592,50.8102],[14.7375,50.8107],[14.7004,50.816],[14.6622,50.8344],[14.6479,50.8394],[14.6132,50.8456],[14.6083,50.8531],[14.6119,50.871],[14.6288,50.8961],[14.6346,50.9094],[14.6292,50.9207],[14.6171,50.9209],[14.5618,50.9064],[14.5504,50.9121],[14.5558,50.9243],[14.5678,50.9386],[14.5756,50.9507],[14.5774,50.9657],[14.5743,50.9755],[14.5667,50.9834],[14.5546,50.9927],[14.5423,50.9987],[14.5153,51.003],[14.5029,51.0085],[14.4935,51.0167],[14.4901,51.0227],[14.4879,51.0287],[14.4821,51.0372],[14.4735,51.0234],[14.4621,51.0197],[14.4258,51.0209],[14.3978,51.0131],[14.3867,51.0133],[14.3759,51.017],[14.3694,51.0224],[14.3641,51.028],[14.3566,51.0323],[14.3194,51.04],[14.2875,51.0368],[14.2636,51.0214],[14.2495,50.9927],[14.2383,50.9825],[14.25,50.9776],[14.2838,50.9748],[14.3038,50.9697],[14.3022,50.9677],[14.2937,50.964],[14.2928,50.9535],[14.3183,50.9375],[14.3552,50.9306],[14.3819,50.9209],[14.3759,50.896],[14.3465,50.8802],[14.2681,50.8841],[14.2321,50.8794],[14.2213,50.8726],[14.203,50.8551],[14.1908,50.8479],[14.0349,50.8026],[14.0157,50.8018],[13.9791,50.8048],[13.9596,50.8021],[13.9488,50.7972],[13.9335,50.7848],[13.9233,50.78],[13.9107,50.7788],[13.901,50.7806],[13.8925,50.7804],[13.8833,50.7732],[13.8791,50.7635],[13.8803,50.755],[13.8827,50.748],[13.8822,50.7427],[13.8754,50.7365],[13.8696,50.7353],[13.8635,50.7351],[13.8345,50.7237],[13.8166,50.7214],[13.7707,50.7246],[13.7491,50.7232],[13.711,50.7143],[13.6918,50.7118],[13.6019,50.7122],[13.5566,50.7067],[13.5156,50.691],[13.5272,50.6757],[13.5233,50.6622],[13.51,50.6512],[13.4933,50.6432],[13.4991,50.6352],[13.4982,50.6292],[13.4922,50.6245],[13.4823,50.6209],[13.4649,50.6071],[13.4479,50.5973],[13.4293,50.5943],[13.407,50.6013],[13.4004,50.6066],[13.3863,50.6216],[13.381,50.6255],[13.3688,50.6283],[13.366,50.6271],[13.3654,50.6235],[13.3594,50.6193],[13.3219,50.6024],[13.3163,50.596],[13.3056,50.5758],[13.2846,50.569],[13.268,50.5737],[13.2518,50.5809],[13.2323,50.582],[13.1991,50.5253],[13.1847,50.5088],[13.1601,50.497],[13.1074,50.499],[13.0792,50.4928],[13.079,50.4927],[13.0789,50.4927],[13.0698,50.4911],[13.0604,50.4906],[13.0511,50.4911],[13.0423,50.4928],[13.0345,50.4965],[13.0263,50.4976],[13.0179,50.4963],[13.0096,50.4927],[13.0031,50.4519],[12.9966,50.4337],[12.9824,50.423],[12.9606,50.4092],[12.9526,50.4042],[12.9184,50.4054],[12.8258,50.4414],[12.8174,50.443],[12.8084,50.4418],[12.7943,50.4359],[12.7881,50.4343],[12.7703,50.4359],[12.7542,50.4353],[12.7379,50.4315],[12.7251,50.4234],[12.703,50.4015],[12.6918,50.3947],[12.6788,50.3937],[12.6254,50.3999],[12.5505,50.3964],[12.5102,50.3888],[12.4825,50.3736],[12.4751,50.3694],[12.4716,50.3645],[12.4695,50.3594],[12.4668,50.3549],[12.467,50.3528],[12.4684,50.3495],[12.469,50.3456],[12.4668,50.3419],[12.4628,50.3405],[12.4538,50.3407],[12.4502,50.3394],[12.4383,50.3325],[12.4089,50.322],[12.3982,50.3152],[12.3672,50.2791],[12.3558,50.2714],[12.3447,50.2664],[12.3365,50.2586],[12.3338,50.2427],[12.3141,50.2265],[12.3087,50.2171],[12.3056,50.1993],[12.3086,50.1869],[12.3144,50.1762],[12.3144,50.1673],[12.3004,50.1608],[12.2834,50.1622],[12.2732,50.1723],[12.2612,50.1999],[12.2602,50.205],[12.2585,50.2109],[12.2543,50.2174],[12.25,50.2212],[12.2325,50.2325],[12.2299,50.2348],[12.2289,50.237],[12.2298,50.2391],[12.2325,50.241],[12.2338,50.2417],[12.2351,50.2423],[12.2364,50.2426],[12.238,50.2427],[12.2424,50.2484],[12.243,50.253],[12.2396,50.2566],[12.2325,50.2591],[12.2038,50.2596],[12.1892,50.2625],[12.178,50.2688],[12.1741,50.2766],[12.1744,50.2937],[12.1685,50.303],[12.1493,50.3117],[12.1013,50.314],[12.0761,50.3152],[12.0992,50.2998],[12.1073,50.2909],[12.111,50.2766],[12.1091,50.2638],[12.1024,50.2592],[12.0921,50.2548],[12.0796,50.2427],[12.0899,50.2308],[12.1393,50.211],[12.1638,50.1938],[12.1751,50.1826],[12.1827,50.1707],[12.1856,50.1557],[12.1786,50.133],[12.1792,50.118],[12.1879,50.1028],[12.202,50.0945],[12.218,50.0886],[12.2325,50.0805],[12.2414,50.0706],[12.2435,50.0604],[12.2437,50.0513],[12.2469,50.045],[12.3982,49.9928],[12.3992,49.9928],[12.4145,49.983],[12.4513,49.9806],[12.4682,49.9702],[12.4707,49.9556],[12.4638,49.9421],[12.4627,49.9313],[12.5036,49.9158],[12.5179,49.9122],[12.5241,49.905],[12.521,49.8855],[12.5129,49.8702],[12.4899,49.8427],[12.4825,49.8272],[12.4625,49.8312],[12.4564,49.8171],[12.4559,49.7961],[12.4527,49.7797],[12.4367,49.7693],[12.3954,49.7579],[12.3836,49.7429],[12.3886,49.7323],[12.3989,49.7195],[12.4196,49.7002],[12.4339,49.6918],[12.4492,49.685],[12.4825,49.6747],[12.4964,49.67],[12.5046,49.6594],[12.5054,49.6461],[12.4969,49.6339],[12.4995,49.6325],[12.5074,49.63],[12.5027,49.6221],[12.502,49.6197],[12.5122,49.6116],[12.5361,49.6031],[12.5466,49.5956],[12.5536,49.5847],[12.5583,49.5626],[12.5623,49.5508],[12.5687,49.5388],[12.575,49.5299],[12.5829,49.5224],[12.5937,49.515],[12.605,49.5128],[12.6155,49.5138],[12.623,49.5098],[12.6243,49.493],[12.6272,49.4602],[12.6322,49.444],[12.6435,49.4295],[12.6631,49.4189],[12.7092,49.4047],[12.7293,49.3911],[12.7621,49.3432],[12.7779,49.3325],[12.7978,49.3278],[12.8567,49.3222],[12.8754,49.3239],[12.8709,49.3367],[12.8847,49.3396],[12.9229,49.3327],[12.9399,49.3268],[12.9543,49.3191],[12.9824,49.2996],[12.9998,49.2949],[13.0054,49.2868],[13.0067,49.2771],[13.0113,49.2678],[13.0432,49.2429],[13.0434,49.2428],[13.0558,49.2382],[13.1495,49.1548],[13.1626,49.1351],[13.1785,49.1183],[13.2068,49.1075],[13.2673,49.1056],[13.2873,49.1006],[13.2995,49.0936],[13.3299,49.0669],[13.3724,49.0385],[13.3836,49.0211],[13.3842,48.993],[13.3985,48.9777],[13.4273,48.96],[13.4589,48.945],[13.4823,48.9376],[13.4926,48.955],[13.5021,48.9661],[13.516,48.9702],[13.5224,48.9693],[13.5389,48.967],[13.5565,48.96],[13.5734,48.951],[13.5905,48.9448],[13.6087,48.9462],[13.6111,48.9272],[13.6218,48.9091],[13.6374,48.8935],[13.6544,48.8822],[13.6734,48.8763],[13.7106,48.8725],[13.7247,48.8673],[13.7479,48.8434],[13.7962,48.7798],[13.8157,48.7664]]]]}},{"type":"Feature","properties":{"name":"Norway"},"geometry":{"type":"MultiPolygon","coordinates":[[[[20.6232,69.0364],[20.3627,69.0293],[20.1023,69.0221],[20.3411,68.9101],[20.3488,68.8931],[20.3565,68.8046],[20.3522,68.7857],[20.3388,68.7655],[20.2366,68.6591],[20.1518,68.6068],[19.9622,68.5412],[20.2459,68.4774],[20.0103,68.3639],[19.9712,68.3513],[19.931,68.3502],[19.4817,68.424],[19.0381,68.5056],[18.7003,68.4956],[18.6446,68.5012],[18.4818,68.562],[18.4362,68.5739],[18.1893,68.5384],[18.1718,68.5359],[18.1615,68.5302],[18.1562,68.5186],[18.1368,68.4263],[18.1357,68.3957],[18.1886,68.1987],[18.1667,68.1585],[17.9819,68.0162],[17.9508,67.9911],[17.921,67.9729],[17.8954,67.9697],[17.6084,68.0375],[17.3215,68.1053],[17.3,68.0979],[17.2201,68.0401],[16.808,67.9106],[16.7829,67.897],[16.7619,67.8772],[16.6087,67.6473],[16.5872,67.6259],[16.483,67.5578],[16.4286,67.534],[16.367,67.5217],[16.1996,67.5083],[16.1807,67.4964],[16.1271,67.4228],[16.4379,67.2003],[16.4438,67.1826],[16.4156,67.0527],[16.3997,67.036],[16.3697,67.0243],[16.3106,67.0099],[16.1257,66.9344],[16.0388,66.8875],[15.6695,66.5994],[15.4263,66.4912],[15.4299,66.4636],[15.4761,66.3549],[15.4821,66.3408],[15.4899,66.3085],[15.4918,66.288],[15.4819,66.2749],[15.0534,66.1533],[14.797,66.1394],[14.5405,66.1254],[14.6444,65.8429],[14.6489,65.8024],[14.6371,65.7812],[14.5702,65.7167],[14.5607,65.7011],[14.5104,65.4647],[14.5114,65.4171],[14.5183,65.3645],[14.5143,65.3181],[14.4821,65.2887],[14.4005,65.2554],[14.3802,65.2403],[14.366,65.2158],[14.3385,65.1229],[14.3329,65.115],[14.3321,65.114],[14.3107,65.0841],[14.1726,64.9915],[14.1724,64.9914],[13.9076,64.7877],[13.6428,64.584],[13.9401,64.4913],[13.9823,64.4844],[14.0609,64.4766],[14.0969,64.4653],[14.1156,64.4412],[14.1614,64.2054],[14.1605,64.1872],[14.1478,64.169],[13.9823,64.0195],[13.9642,64.0095],[13.9394,64.0095],[13.5868,64.0502],[13.2341,64.0909],[12.9824,64.0588],[12.7553,63.9914],[12.6819,63.9564],[12.4825,63.8095],[12.2932,63.657],[12.1703,63.5981],[12.2195,63.4966],[12.2198,63.4743],[12.2049,63.4546],[11.9924,63.2889],[12.0598,63.2048],[12.2227,63.0015],[12.1044,62.9233],[12.0933,62.9074],[12.097,62.8865],[12.1562,62.7337],[12.1541,62.7105],[12.1387,62.6827],[12.1031,62.634],[12.0901,62.6063],[12.0912,62.5863],[12.2795,62.3442],[12.2864,62.3354],[12.3143,62.2861],[12.3151,62.2718],[12.3175,62.234],[12.2396,61.9794],[12.1617,61.7248],[12.1756,61.7115],[12.2913,61.6511],[12.3378,61.633],[12.4165,61.5823],[12.4448,61.5735],[12.4825,61.5691],[12.5509,61.5669],[12.5834,61.5611],[12.6138,61.547],[12.8771,61.371],[12.8869,61.3615],[12.8882,61.3496],[12.8547,61.2553],[12.8398,61.227],[12.8197,61.2049],[12.7467,61.1515],[12.7392,61.1424],[12.7329,61.1291],[12.7135,61.0612],[12.7108,61.057],[12.7038,61.0462],[12.6825,61.0403],[12.5697,61.0506],[12.5118,61.0491],[12.281,61.0152],[12.2533,61.0017],[12.2561,60.9813],[12.2948,60.9353],[12.3132,60.9019],[12.335,60.8289],[12.35,60.7933],[12.377,60.7541],[12.4825,60.6573],[12.5944,60.5149],[12.6086,60.4865],[12.6126,60.4554],[12.6053,60.4192],[12.5936,60.395],[12.5779,60.3759],[12.5586,60.3599],[12.5047,60.3256],[12.4917,60.3123],[12.4873,60.2959],[12.4956,60.262],[12.5216,60.1976],[12.5247,60.1617],[12.5109,60.118],[12.4832,60.0812],[12.4468,60.0511],[12.2906,59.9587],[12.1437,59.8984],[12.1027,59.894],[11.9422,59.902],[11.8903,59.8928],[11.8746,59.8849],[11.8496,59.8724],[11.843,59.8384],[11.8549,59.8243],[11.8837,59.8054],[11.8898,59.8014],[11.9021,59.7851],[11.9035,59.77],[11.8972,59.732],[11.8972,59.714],[11.8917,59.7058],[11.8525,59.6734],[11.8284,59.6597],[11.6937,59.6223],[11.6749,59.6071],[11.671,59.5806],[11.6774,59.5591],[11.784,59.3606],[11.8068,59.2936],[11.8117,59.2709],[11.8117,59.2497],[11.8111,59.2487],[11.8025,59.2344],[11.7847,59.2181],[11.7756,59.2025],[11.7485,59.1401],[11.7453,59.0922],[11.7342,59.0655],[11.7089,59.0216],[11.7002,58.9991],[11.6937,58.9735],[11.6644,58.9201],[11.6116,58.8932],[11.5471,58.8847],[11.4826,58.8869],[11.452,58.896],[11.4532,58.9605],[11.4381,58.9911],[11.4375,58.9917],[11.4378,58.9982],[11.4036,59.0386],[11.3996,59.0477],[11.3938,59.07],[11.3893,59.0808],[11.3705,59.1007],[11.3446,59.1114],[11.3138,59.1152],[11.2166,59.1104],[11.1824,59.116],[11.1702,59.1348],[11.1747,59.1409],[11.1831,59.1429],[11.2009,59.1422],[11.2067,59.1457],[11.2017,59.1525],[11.1936,59.1575],[11.1901,59.1552],[11.1831,59.1601],[11.1786,59.165],[11.1764,59.1723],[11.178,59.1807],[11.1805,59.1843],[11.181,59.1881],[11.1764,59.1968],[11.1667,59.1921],[11.1355,59.1832],[11.1502,59.1752],[11.1531,59.1625],[11.1473,59.15],[11.1355,59.1422],[11.1188,59.1423],[11.1071,59.1507],[11.0877,59.1758],[11.0973,59.1485],[11.0991,59.1342],[11.0911,59.128],[11.0325,59.128],[11.0398,59.1437],[11.0267,59.1518],[11.0078,59.1591],[10.9983,59.1723],[10.9894,59.1757],[10.9485,59.1833],[10.9362,59.1832],[10.9448,59.1649],[10.944,59.1493],[10.9341,59.1404],[10.9164,59.1422],[10.9079,59.1498],[10.9006,59.164],[10.8977,59.1809],[10.9021,59.1968],[10.8828,59.1877],[10.8726,59.1845],[10.8615,59.1832],[10.8503,59.1804],[10.8484,59.1738],[10.848,59.1666],[10.8412,59.1614],[10.8229,59.164],[10.802,59.1888],[10.7791,59.1894],[10.7842,59.2063],[10.7664,59.2318],[10.773,59.2521],[10.7619,59.2449],[10.7494,59.2239],[10.7381,59.2167],[10.7332,59.2409],[10.7437,59.268],[10.7616,59.2935],[10.7791,59.3129],[10.7634,59.3153],[10.7527,59.3227],[10.7442,59.3305],[10.7347,59.3341],[10.7245,59.3298],[10.709,59.311],[10.7007,59.3067],[10.6741,59.3157],[10.6654,59.3364],[10.6598,59.3594],[10.6428,59.3749],[10.6561,59.3897],[10.6597,59.4002],[10.653,59.4082],[10.6353,59.416],[10.596,59.4237],[10.5916,59.4306],[10.6011,59.4501],[10.6275,59.4788],[10.6445,59.4931],[10.6564,59.4979],[10.6629,59.4887],[10.6611,59.4733],[10.6489,59.4438],[10.6624,59.4379],[10.6751,59.4409],[10.6851,59.4503],[10.6904,59.4631],[10.6903,59.4807],[10.6834,59.4893],[10.6735,59.4953],[10.6631,59.5047],[10.6511,59.5264],[10.6455,59.5495],[10.6468,59.5726],[10.6564,59.5947],[10.639,59.6158],[10.626,59.6373],[10.6177,59.6631],[10.6146,59.6972],[10.5975,59.6846],[10.5755,59.6996],[10.5602,59.7262],[10.5632,59.7484],[10.5772,59.7664],[10.6017,59.8139],[10.6146,59.8337],[10.6555,59.8567],[10.6803,59.8273],[10.6981,59.7772],[10.7178,59.7381],[10.7282,59.7764],[10.7473,59.8144],[10.7585,59.8502],[10.7451,59.8821],[10.7526,59.8889],[10.74,59.8952],[10.7111,59.9007],[10.6887,59.9118],[10.6808,59.905],[10.6743,59.8944],[10.6663,59.8889],[10.6214,59.8963],[10.6156,59.8946],[10.6029,59.8853],[10.5942,59.8821],[10.5532,59.8841],[10.5295,59.8823],[10.5081,59.8715],[10.4754,59.85],[10.4738,59.8414],[10.4987,59.8337],[10.4886,59.8163],[10.4867,59.8032],[10.4845,59.7886],[10.4857,59.7579],[10.4912,59.7313],[10.5022,59.7087],[10.5189,59.689],[10.5398,59.675],[10.5632,59.6698],[10.5827,59.6621],[10.5991,59.644],[10.6105,59.6234],[10.6146,59.6077],[10.5931,59.5704],[10.5427,59.5355],[10.4837,59.5145],[10.4367,59.5184],[10.4236,59.5338],[10.4224,59.554],[10.4292,59.5978],[10.4274,59.6074],[10.4155,59.6419],[10.4115,59.6623],[10.4087,59.6712],[10.403,59.6828],[10.3976,59.6881],[10.3745,59.7043],[10.3711,59.7067],[10.3605,59.711],[10.3538,59.7107],[10.3525,59.7106],[10.3473,59.7104],[10.3323,59.7115],[10.2966,59.732],[10.2669,59.7397],[10.2389,59.7388],[10.2244,59.7238],[10.238,59.719],[10.2571,59.7011],[10.2689,59.6972],[10.2844,59.6957],[10.2972,59.6918],[10.36,59.6728],[10.3792,59.6584],[10.3909,59.6382],[10.3949,59.6112],[10.3942,59.5864],[10.3901,59.5583],[10.381,59.5353],[10.3643,59.5258],[10.3328,59.5326],[10.2694,59.559],[10.2373,59.56],[10.2478,59.5432],[10.2679,59.5251],[10.291,59.5106],[10.3103,59.5047],[10.3313,59.4951],[10.3694,59.4553],[10.459,59.4409],[10.4776,59.4296],[10.4803,59.4121],[10.4722,59.3939],[10.4468,59.3647],[10.4445,59.3489],[10.4617,59.3358],[10.4987,59.3198],[10.5142,59.3029],[10.5047,59.2934],[10.4871,59.2841],[10.4776,59.2682],[10.4696,59.2478],[10.4512,59.249],[10.4162,59.2651],[10.3716,59.2737],[10.3608,59.2713],[10.3591,59.2651],[10.3611,59.2452],[10.3608,59.2379],[10.3648,59.226],[10.362,59.2195],[10.3347,59.2148],[10.3303,59.2097],[10.3284,59.2022],[10.3171,59.1796],[10.3132,59.1594],[10.3118,59.1397],[10.3137,59.128],[10.2898,59.1346],[10.287,59.1149],[10.2959,59.0847],[10.3069,59.0597],[10.2927,59.0701],[10.2866,59.0843],[10.282,59.0997],[10.2721,59.1143],[10.2681,59.0947],[10.2695,59.0478],[10.2625,59.0386],[10.2601,59.05],[10.2311,59.1143],[10.2244,59.1143],[10.2227,59.1009],[10.2127,59.0781],[10.2113,59.0666],[10.2166,59.0589],[10.2259,59.0502],[10.2322,59.0404],[10.2278,59.029],[10.207,59.0164],[10.175,59.0053],[10.1408,58.9999],[10.1145,59.0051],[10.1257,59.0146],[10.1619,59.0275],[10.1697,59.0355],[10.1634,59.0523],[10.1488,59.0516],[10.1179,59.0386],[10.1038,59.0354],[10.0765,59.0213],[10.0594,59.0181],[10.0537,59.0229],[10.0335,59.0311],[10.0168,59.0337],[10.0334,58.9935],[10.0148,58.9731],[9.9837,58.9609],[9.9574,58.9567],[9.8462,58.9556],[9.8122,58.9634],[9.8389,58.9719],[9.8452,58.9893],[9.8368,59.0093],[9.8196,59.0256],[9.7817,59.0512],[9.766,59.0524],[9.7581,59.0324],[9.7489,59.0379],[9.724,59.0597],[9.7189,59.0615],[9.7121,59.0623],[9.7061,59.0643],[9.7035,59.07],[9.7041,59.0843],[9.7035,59.087],[9.6885,59.0908],[9.6854,59.0801],[9.6863,59.0626],[9.6831,59.046],[9.6686,59.0515],[9.661,59.0563],[9.6489,59.0733],[9.6453,59.0837],[9.6449,59.0939],[9.6414,59.1024],[9.6284,59.1081],[9.6405,59.1176],[9.6398,59.1273],[9.6306,59.1314],[9.6009,59.1157],[9.5391,59.1206],[9.5591,59.1024],[9.6213,59.0753],[9.6346,59.0495],[9.6541,59.0373],[9.6943,59.0295],[9.7268,59.0152],[9.724,58.984],[9.7178,58.984],[9.7149,58.9886],[9.7087,58.9934],[9.7035,58.9982],[9.6956,58.9874],[9.6847,58.9835],[9.6558,58.984],[9.6558,58.9771],[9.6675,58.9761],[9.6775,58.9726],[9.6851,58.9663],[9.6898,58.9567],[9.6633,58.9588],[9.5942,58.943],[9.5942,58.9362],[9.5983,58.9346],[9.6079,58.9287],[9.5759,58.9215],[9.4701,58.9287],[9.5086,58.9108],[9.5239,58.9001],[9.5115,58.8952],[9.4715,58.9008],[9.4559,58.8977],[9.4504,58.8815],[9.4281,58.8931],[9.3994,58.8985],[9.3738,58.8954],[9.3602,58.8815],[9.3815,58.8877],[9.3942,58.8899],[9.402,58.8884],[9.4037,58.8809],[9.3989,58.8742],[9.3913,58.8692],[9.3845,58.8673],[9.3395,58.8626],[9.3185,58.866],[9.2988,58.8815],[9.2942,58.8684],[9.2708,58.8332],[9.2827,58.8331],[9.303,58.8272],[9.3125,58.8263],[9.3231,58.8286],[9.3542,58.84],[9.3796,58.8442],[9.4032,58.8441],[9.4261,58.8402],[9.4504,58.8332],[9.4362,58.8203],[9.388,58.8034],[9.367,58.7922],[9.3884,58.7944],[9.4087,58.7996],[9.4087,58.7922],[9.3923,58.7873],[9.3709,58.778],[9.3514,58.7655],[9.3405,58.7512],[9.3065,58.7387],[9.2493,58.7336],[9.0801,58.7444],[9.071,58.7412],[9.0623,58.7341],[9.0584,58.727],[9.063,58.7238],[9.1436,58.7098],[9.1691,58.7165],[9.1143,58.7311],[9.1008,58.7375],[9.2147,58.7216],[9.2163,58.7028],[9.1867,58.6916],[9.0951,58.6903],[9.0593,58.6829],[9.0891,58.6833],[9.156,58.6885],[9.1829,58.6863],[9.2005,58.6723],[9.1902,58.6649],[9.1522,58.6433],[9.0892,58.6144],[9.0338,58.5948],[8.991,58.6003],[8.9856,58.5972],[8.9818,58.5925],[8.9777,58.5884],[8.9712,58.5867],[8.9639,58.5887],[8.9551,58.5974],[8.9495,58.6003],[8.9253,58.607],[8.9133,58.6069],[8.9187,58.5966],[8.9406,58.5867],[8.9489,58.5797],[8.9463,58.5693],[8.9501,58.5472],[8.9439,58.526],[8.9281,58.5135],[8.9094,58.5009],[8.8473,58.4674],[8.8235,58.4528],[8.7943,58.4404],[8.7775,58.4341],[8.7541,58.4276],[8.7402,58.4156],[8.7328,58.4039],[8.7145,58.3918],[8.7073,58.3789],[8.6828,58.3708],[8.6687,58.3679],[8.6528,58.3664],[8.6416,58.3639],[8.634,58.3569],[8.6275,58.3476],[8.6194,58.3387],[8.6073,58.3328],[8.595,58.3314],[8.5884,58.3342],[8.5877,58.3415],[8.5794,58.3475],[8.5453,58.313],[8.5134,58.2934],[8.5064,58.2831],[8.5181,58.2714],[8.5012,58.2572],[8.4793,58.2593],[8.4558,58.2641],[8.4354,58.2578],[8.4235,58.2702],[8.4094,58.272],[8.4006,58.2658],[8.4048,58.2543],[8.4063,58.2442],[8.3889,58.2419],[8.3535,58.2447],[8.345,58.2414],[8.3172,58.2258],[8.3088,58.2199],[8.2953,58.2127],[8.2593,58.2075],[8.2437,58.2031],[8.2513,58.2025],[8.2649,58.1989],[8.2717,58.1963],[8.2576,58.1787],[8.2489,58.1713],[8.2272,58.1632],[8.2246,58.1569],[8.2225,58.1517],[8.2224,58.1401],[8.2232,58.1348],[8.2019,58.123],[8.1863,58.1329],[8.1727,58.1461],[8.158,58.1445],[8.1367,58.115],[8.1229,58.102],[8.1099,58.1035],[8.0985,58.1084],[8.0658,58.1103],[8.0525,58.1132],[8.047,58.1169],[8.0355,58.1301],[8.0246,58.1411],[8.0535,58.1482],[8.0676,58.1536],[8.0798,58.1621],[8.0601,58.1774],[8.0457,58.204],[8.0296,58.2248],[8.0041,58.223],[8.0221,58.2028],[8.0276,58.1832],[8.0223,58.1638],[8.0075,58.1445],[7.9536,58.1247],[7.9341,58.1094],[7.9563,58.0932],[7.9158,58.0819],[7.7552,58.07],[7.7152,58.0606],[7.696,58.0585],[7.6639,58.0673],[7.6536,58.0646],[7.6609,58.0455],[7.6428,58.0458],[7.6346,58.0478],[7.6267,58.0523],[7.6292,58.0312],[7.6148,58.0221],[7.5941,58.0264],[7.5789,58.0455],[7.5749,58.032],[7.5752,58.0261],[7.5789,58.0175],[7.3906,58.0175],[7.2676,58.036],[7.2534,58.0436],[7.2498,58.0585],[7.1904,58.042],[7.175,58.0312],[7.1664,58.0461],[7.1555,58.0503],[7.0828,58.0369],[7.0788,58.0327],[7.0789,58.0281],[7.0786,58.025],[7.0769,58.0197],[7.0775,58.0126],[7.076,58.0065],[7.0684,58.0039],[7.0603,58.0032],[7.0231,57.9948],[7.0066,57.9931],[6.9972,57.9971],[7.0036,58.0114],[6.9994,58.0307],[7.0225,58.0434],[7.0539,58.0526],[7.0752,58.0622],[7.0877,58.0706],[7.0974,58.0684],[7.1062,58.0621],[7.1162,58.0585],[7.1245,58.0634],[7.1403,58.0862],[7.1475,58.0932],[7.1475,58.1001],[7.1276,58.0976],[7.0647,58.0781],[7.0514,58.069],[7.0349,58.0623],[6.9588,58.0451],[6.9353,58.0455],[6.9525,58.0581],[6.9795,58.0889],[6.9961,58.1001],[6.9803,58.1054],[6.9237,58.0653],[6.9006,58.0523],[6.9074,58.0642],[6.9121,58.075],[6.9129,58.0864],[6.908,58.1001],[6.8958,58.0959],[6.8791,58.0837],[6.8664,58.0796],[6.8513,58.0801],[6.8322,58.0843],[6.8145,58.0913],[6.8042,58.1001],[6.8482,58.1152],[6.8708,58.1192],[6.95,58.1209],[6.9748,58.1268],[6.9893,58.1411],[6.959,58.1401],[6.9041,58.131],[6.8738,58.1348],[6.849,58.1475],[6.8015,58.1793],[6.7776,58.182],[6.8128,58.1282],[6.808,58.1206],[6.7573,58.1164],[6.7315,58.1199],[6.7156,58.1348],[6.7273,58.1452],[6.7273,58.1575],[6.7233,58.1723],[6.7224,58.1894],[6.6995,58.1365],[6.6882,58.1206],[6.7034,58.1204],[6.7106,58.1155],[6.7153,58.1079],[6.7224,58.1001],[6.7332,58.0941],[6.7536,58.0866],[6.7743,58.074],[6.7832,58.0698],[6.7826,58.0653],[6.7639,58.0585],[6.7541,58.0581],[6.7337,58.0643],[6.7227,58.066],[6.6185,58.0683],[6.5959,58.0759],[6.542,58.1077],[6.5305,58.1206],[6.5503,58.1229],[6.5681,58.1318],[6.5809,58.1463],[6.5858,58.1653],[6.597,58.1765],[6.653,58.1779],[6.6746,58.182],[6.6603,58.1881],[6.6541,58.1894],[6.6751,58.207],[6.7253,58.2216],[6.7659,58.2463],[6.846,58.2714],[6.8285,58.2747],[6.803,58.2705],[6.7568,58.2543],[6.6985,58.2246],[6.6814,58.223],[6.6687,58.2315],[6.6393,58.2641],[6.6336,58.2748],[6.6401,58.2938],[6.6563,58.3028],[6.6764,58.3022],[6.6951,58.2919],[6.7088,58.313],[6.6873,58.3273],[6.6641,58.3237],[6.6409,58.3164],[6.62,58.3192],[6.6198,58.2646],[6.6262,58.2447],[6.5623,58.2431],[6.4993,58.2629],[6.4006,58.2722],[6.3475,58.2859],[6.2918,58.3087],[6.2808,58.313],[6.266,58.3143],[6.2482,58.3178],[6.2312,58.3231],[6.219,58.3298],[6.2034,58.3355],[6.1403,58.3397],[6.085,58.3602],[6.0617,58.3747],[6.0506,58.3795],[6.0212,58.3821],[6.0101,58.3849],[6.0015,58.3901],[5.9839,58.4064],[5.978,58.4145],[5.9734,58.424],[5.9689,58.4365],[5.967,58.4484],[5.9671,58.4587],[5.9644,58.4682],[5.9546,58.4775],[5.9285,58.4836],[5.8373,58.4813],[5.7967,58.4892],[5.7784,58.5209],[5.742,58.527],[5.7042,58.5208],[5.6463,58.5487],[5.6524,58.5627],[5.6146,58.5932],[5.5715,58.6283],[5.5479,58.667],[5.5264,58.6943],[5.5182,58.7142],[5.5069,58.7299],[5.478,58.7547],[5.4952,58.766],[5.5267,58.7841],[5.5354,58.7989],[5.5397,58.8155],[5.5397,58.8338],[5.5369,58.8536],[5.5305,58.8687],[5.5392,58.875],[5.5537,58.8776],[5.5641,58.8815],[5.5725,58.894],[5.5706,58.9001],[5.5622,58.9053],[5.5505,58.9157],[5.5493,58.9208],[5.5432,58.9348],[5.5357,58.946],[5.5371,58.9561],[5.5464,58.9547],[5.557,58.9473],[5.5679,58.943],[5.5977,58.9156],[5.6174,58.9073],[5.6262,58.9256],[5.6164,58.9356],[5.5936,58.9499],[5.5505,58.9709],[5.5604,58.978],[5.5706,58.9821],[5.5811,58.9822],[5.5916,58.9771],[5.5789,58.9891],[5.541,58.9846],[5.5232,58.9914],[5.5357,58.9986],[5.5425,59.0096],[5.5505,59.0386],[5.7156,58.9771],[5.7063,58.9522],[5.701,58.9191],[5.703,58.8876],[5.7156,58.8673],[5.7355,58.9287],[5.7541,58.9339],[5.8008,58.9318],[5.8181,58.9362],[5.8195,58.9422],[5.8174,58.9598],[5.8218,58.9634],[5.8535,58.965],[5.8659,58.9634],[5.8825,58.9593],[5.9196,58.9451],[5.9341,58.9362],[5.9574,58.9135],[5.97,58.9036],[6.0925,58.8472],[6.1351,58.8396],[6.2289,58.84],[6.2062,58.849],[6.119,58.8536],[6.1025,58.8598],[6.082,58.8708],[6.0648,58.8854],[6.0576,58.902],[6.0637,58.9136],[6.0779,58.9283],[6.1053,58.9504],[6.1265,58.9621],[6.1948,58.984],[6.6262,59.0528],[6.6262,59.0597],[6.3521,59.033],[6.2987,59.0151],[6.1604,58.9982],[6.1268,58.9837],[6.0339,58.9052],[5.9827,58.9517],[5.9751,58.9634],[5.9841,58.9841],[6.0064,58.991],[6.0319,58.9929],[6.0508,58.9982],[6.0374,59.0028],[6.02,59.02],[6.0091,59.0256],[5.9924,59.0251],[5.9539,59.0164],[5.9341,59.0181],[5.9139,59.0281],[5.8919,59.0454],[5.8755,59.0662],[5.8727,59.087],[5.8906,59.1039],[5.923,59.1135],[6.0218,59.1261],[6.0508,59.1348],[6.1084,59.1425],[6.1265,59.1484],[6.0894,59.1529],[6.0393,59.1474],[6.0088,59.1494],[6.0304,59.1758],[6.0643,59.2072],[6.0788,59.2167],[6.1252,59.2338],[6.1714,59.2614],[6.2521,59.2772],[6.3239,59.315],[6.3693,59.3214],[6.4617,59.3198],[6.4617,59.3266],[6.3391,59.3266],[6.3138,59.3229],[6.2024,59.277],[6.1541,59.2678],[6.1123,59.2746],[6.085,59.3067],[6.2363,59.3129],[6.2363,59.3198],[6.2266,59.3301],[6.2121,59.3398],[6.1992,59.3515],[6.2007,59.3441],[6.1976,59.3347],[6.1886,59.3266],[6.1721,59.3212],[6.1646,59.3275],[6.1585,59.3366],[6.147,59.3402],[6.1438,59.3377],[6.1299,59.3231],[6.1228,59.3198],[6.1122,59.3184],[6.1012,59.3187],[6.0925,59.3198],[6.0784,59.3245],[6.0692,59.3318],[6.063,59.3415],[6.0576,59.3539],[6.054,59.3346],[6.0374,59.3275],[6.0154,59.3286],[5.9955,59.3341],[5.9955,59.3402],[6.0076,59.3461],[6.0155,59.355],[6.0222,59.3653],[6.0304,59.3749],[6.0415,59.3837],[6.0534,59.3908],[6.0788,59.4023],[6.1292,59.4173],[6.1538,59.4274],[6.1743,59.4438],[6.1775,59.44],[6.1853,59.4333],[6.1886,59.4296],[6.193,59.4382],[6.1981,59.4456],[6.2118,59.46],[6.2162,59.4681],[6.2179,59.4885],[6.2227,59.4979],[6.2427,59.5106],[6.4275,59.551],[6.5442,59.56],[6.5052,59.5713],[6.3361,59.5536],[6.2721,59.5281],[6.2363,59.5258],[6.2493,59.5408],[6.265,59.5558],[6.2786,59.572],[6.2842,59.591],[6.285,59.6103],[6.2887,59.6291],[6.297,59.645],[6.3115,59.6555],[6.2865,59.6492],[6.2669,59.6256],[6.2541,59.5955],[6.2494,59.5699],[6.2459,59.562],[6.2373,59.5498],[6.219,59.529],[6.1983,59.5111],[6.1629,59.4685],[6.153,59.4594],[6.1403,59.4501],[6.0991,59.4327],[6.0781,59.4193],[6.0415,59.405],[6.027,59.4023],[6.0095,59.4076],[5.9983,59.4284],[5.9826,59.4296],[5.9886,59.416],[5.9832,59.4141],[5.9744,59.4098],[5.9689,59.4085],[5.9689,59.4023],[5.9784,59.4001],[5.9861,59.3959],[5.992,59.3895],[5.9955,59.3812],[5.9486,59.3603],[5.9242,59.3558],[5.9137,59.3716],[5.91,59.382],[5.9017,59.3891],[5.8928,59.3952],[5.8862,59.4023],[5.8825,59.4152],[5.8828,59.4251],[5.885,59.4347],[5.8862,59.447],[5.9241,59.4461],[6.1532,59.4774],[6.1336,59.4901],[6.1043,59.4929],[6.0737,59.489],[6.0247,59.4743],[5.9019,59.4791],[5.8875,59.4822],[5.8727,59.488],[5.8635,59.4943],[5.8494,59.5087],[5.8423,59.5115],[5.8345,59.5156],[5.823,59.5342],[5.8181,59.5395],[5.8074,59.5394],[5.7889,59.5286],[5.7771,59.5258],[5.8035,59.4948],[5.8079,59.4803],[5.7975,59.4631],[5.7764,59.4509],[5.7484,59.4458],[5.7228,59.4512],[5.7083,59.4706],[5.7137,59.4467],[5.6965,59.4294],[5.6462,59.4085],[5.6644,59.4065],[5.7355,59.4296],[5.763,59.4324],[5.7842,59.4293],[5.8025,59.4201],[5.8525,59.385],[5.8582,59.3746],[5.8596,59.3508],[5.8464,59.3469],[5.7835,59.3432],[5.7634,59.3477],[5.7527,59.3362],[5.7385,59.3348],[5.7048,59.3402],[5.6979,59.338],[5.6976,59.3327],[5.6986,59.3259],[5.6952,59.3198],[5.6824,59.3129],[5.6777,59.3098],[5.6665,59.3047],[5.6242,59.2922],[5.612,59.293],[5.6096,59.3056],[5.6187,59.3169],[5.633,59.3248],[5.6462,59.3266],[5.6462,59.3341],[5.6234,59.3546],[5.6073,59.3903],[5.5866,59.4165],[5.5607,59.4093],[5.5701,59.4074],[5.5781,59.4028],[5.5853,59.3955],[5.5778,59.3759],[5.5763,59.333],[5.5679,59.3164],[5.5493,59.2997],[5.5293,59.2858],[5.5054,59.2777],[5.4754,59.2788],[5.4561,59.2885],[5.4358,59.3077],[5.4238,59.3305],[5.4304,59.3508],[5.4406,59.3698],[5.4417,59.3922],[5.4331,59.4051],[5.4133,59.3955],[5.4043,59.379],[5.4028,59.359],[5.4065,59.3164],[5.4046,59.3043],[5.3994,59.2967],[5.3909,59.2946],[5.3792,59.2993],[5.3727,59.3072],[5.3695,59.3183],[5.3656,59.3402],[5.3539,59.3553],[5.3499,59.3664],[5.3582,59.3872],[5.3576,59.3999],[5.3538,59.4111],[5.3484,59.416],[5.3363,59.4151],[5.3327,59.4115],[5.3304,59.3581],[5.3314,59.3539],[5.2972,59.3447],[5.2312,59.4243],[5.2017,59.4296],[5.1961,59.4443],[5.1919,59.463],[5.188,59.4979],[5.1859,59.5029],[5.1828,59.5067],[5.1823,59.5112],[5.188,59.5184],[5.1997,59.5246],[5.2134,59.5267],[5.2427,59.5258],[5.2427,59.532],[5.2017,59.5395],[5.2017,59.5463],[5.2225,59.5517],[5.2378,59.5596],[5.2904,59.6009],[5.304,59.6282],[5.3213,59.6383],[5.3442,59.6476],[5.3675,59.6527],[5.386,59.6494],[5.3936,59.638],[5.4016,59.6055],[5.4133,59.5947],[5.4158,59.6113],[5.4281,59.625],[5.427,59.6357],[5.4178,59.6494],[5.4016,59.6608],[5.3997,59.6698],[5.4116,59.6892],[5.4372,59.7082],[5.4891,59.7381],[5.4841,59.7277],[5.4817,59.7238],[5.493,59.7183],[5.4987,59.7144],[5.5021,59.7101],[5.5055,59.6927],[5.5046,59.6718],[5.4981,59.6506],[5.4854,59.632],[5.4805,59.6213],[5.4828,59.6101],[5.4873,59.5986],[5.4891,59.5873],[5.4878,59.575],[5.4855,59.5698],[5.4617,59.56],[5.4579,59.5567],[5.4531,59.548],[5.4509,59.5463],[5.4328,59.5472],[5.4237,59.5464],[5.4168,59.5429],[5.4118,59.5347],[5.4077,59.5218],[5.4079,59.5162],[5.4081,59.5099],[5.4168,59.5047],[5.4225,59.5065],[5.4343,59.5152],[5.4413,59.5184],[5.5056,59.5334],[5.5164,59.5395],[5.5269,59.5539],[5.5287,59.5579],[5.5374,59.5769],[5.54,59.5983],[5.5266,59.6077],[5.5236,59.6179],[5.534,59.6406],[5.5503,59.664],[5.5641,59.6767],[5.5806,59.679],[5.6086,59.672],[5.6262,59.6698],[5.6946,59.6698],[5.7219,59.6635],[5.731,59.6476],[5.7271,59.6274],[5.7156,59.6077],[5.743,59.6079],[5.7544,59.6098],[5.7634,59.6146],[5.7653,59.6204],[5.7642,59.6385],[5.7669,59.6456],[5.7891,59.6564],[5.8202,59.6588],[5.8794,59.6555],[5.8794,59.6767],[5.7886,59.6601],[5.7634,59.6623],[5.7461,59.6755],[5.7556,59.6883],[5.7975,59.7101],[5.8035,59.7167],[5.8075,59.7236],[5.8142,59.7291],[5.8748,59.7353],[5.8862,59.7381],[5.8931,59.7457],[5.8931,59.7545],[5.8941,59.7618],[5.9031,59.7648],[5.9126,59.7622],[5.9207,59.7562],[5.9276,59.7495],[5.9341,59.7449],[5.9859,59.7357],[6.0381,59.7452],[6.1623,59.7969],[6.1709,59.8027],[6.1774,59.8056],[6.1917,59.806],[6.1983,59.8095],[6.2109,59.8244],[6.2152,59.8275],[6.2918,59.8403],[6.3115,59.8542],[6.2443,59.8436],[6.1219,59.8048],[6.0371,59.7648],[6.0205,59.7602],[6.0023,59.7586],[5.9639,59.76],[5.9453,59.7659],[5.9341,59.779],[5.9344,59.7946],[5.9441,59.8013],[5.9558,59.8063],[5.9614,59.8166],[5.9575,59.8413],[5.9592,59.8505],[5.9689,59.861],[5.9468,59.8555],[5.9343,59.8415],[5.9286,59.8226],[5.9273,59.8027],[5.9144,59.7914],[5.885,59.7813],[5.8529,59.7742],[5.8317,59.7722],[5.8091,59.7782],[5.7904,59.7893],[5.7596,59.8166],[5.7355,59.8288],[5.7151,59.8317],[5.7075,59.8381],[5.7219,59.861],[5.7044,59.8511],[5.6814,59.8415],[5.6598,59.84],[5.6462,59.8542],[5.6704,59.8559],[5.6965,59.8623],[5.7429,59.8821],[5.7402,59.9099],[5.7722,59.9307],[5.8189,59.9445],[5.8596,59.951],[5.9651,59.9566],[5.9715,59.9595],[5.9772,59.9665],[5.9811,59.9748],[5.9826,59.9811],[5.978,59.9848],[5.9478,59.9975],[6.01,60.0574],[6.098,60.0919],[6.291,60.1216],[6.291,60.1291],[6.2664,60.1276],[6.2617,60.1378],[6.263,60.1519],[6.2568,60.1627],[6.2474,60.1613],[6.2334,60.1547],[6.2207,60.1461],[6.2152,60.1387],[6.2005,60.1254],[6.1668,60.1151],[6.1299,60.1087],[6.1053,60.1074],[6.1078,60.1341],[6.0843,60.1686],[6.075,60.1984],[6.1423,60.2155],[6.1558,60.2267],[6.1665,60.2421],[6.1812,60.2589],[6.2092,60.2768],[6.2134,60.2863],[6.2017,60.2998],[6.2585,60.3081],[6.2774,60.3135],[6.2879,60.3202],[6.3094,60.3378],[6.3216,60.3414],[6.3333,60.3426],[6.3358,60.3457],[6.3355,60.3501],[6.3387,60.355],[6.3381,60.3554],[6.341,60.359],[6.346,60.3638],[6.3518,60.3681],[6.3836,60.377],[6.4177,60.3824],[6.4417,60.3889],[6.4787,60.4201],[6.5027,60.4308],[6.5379,60.4341],[6.5742,60.432],[6.6404,60.4165],[6.592,60.3637],[6.5718,60.3308],[6.5784,60.3066],[6.5676,60.2939],[6.537,60.2723],[6.5305,60.2623],[6.5217,60.1859],[6.5127,60.1529],[6.5101,60.1353],[6.5101,60.1101],[6.5169,60.0808],[6.5238,60.0808],[6.5242,60.1352],[6.5291,60.1639],[6.5482,60.1828],[6.5784,60.2247],[6.5818,60.2382],[6.5811,60.2485],[6.5715,60.2725],[6.5964,60.2949],[6.6304,60.3575],[6.6541,60.3824],[6.6714,60.3905],[6.7014,60.3994],[6.7156,60.4097],[6.7483,60.4464],[6.7639,60.4575],[6.7834,60.4669],[6.8026,60.4728],[6.9421,60.4923],[7.0325,60.4779],[7.0788,60.4794],[7.106,60.5058],[6.9006,60.5058],[6.9006,60.5121],[6.9082,60.5126],[6.9175,60.5146],[6.9251,60.5179],[6.9285,60.5224],[6.9325,60.5332],[6.9421,60.5366],[6.9534,60.5372],[6.9627,60.5394],[7.0173,60.5878],[6.988,60.5895],[6.9502,60.5749],[6.9134,60.553],[6.8875,60.5332],[6.856,60.5032],[6.8397,60.4961],[6.7723,60.4853],[6.7361,60.4711],[6.6746,60.437],[6.6561,60.433],[6.6301,60.4311],[6.6056,60.4337],[6.5921,60.4438],[6.6023,60.4652],[6.6736,60.5006],[6.6951,60.5189],[6.6477,60.513],[6.5619,60.463],[6.5135,60.4506],[6.4829,60.4475],[6.4275,60.4339],[6.3972,60.4308],[6.3709,60.4246],[6.3197,60.3965],[6.2972,60.3886],[6.2708,60.3896],[6.2463,60.3981],[6.2253,60.4123],[6.2083,60.4308],[6.1953,60.4643],[6.1886,60.4711],[6.1775,60.471],[6.1756,60.4616],[6.1792,60.4493],[6.1848,60.4404],[6.1921,60.4326],[6.2118,60.406],[6.2323,60.3952],[6.241,60.3879],[6.2394,60.379],[6.2254,60.374],[6.1921,60.3835],[6.1653,60.3736],[6.1331,60.3733],[6.119,60.3681],[6.1343,60.3619],[6.1886,60.355],[6.1797,60.3399],[6.1511,60.321],[6.1403,60.3066],[6.1484,60.2961],[6.1536,60.291],[6.1607,60.2862],[6.1517,60.2676],[6.1399,60.2543],[6.1248,60.2467],[6.1053,60.2452],[6.0838,60.2507],[6.0371,60.2696],[6.0166,60.2725],[5.9964,60.265],[5.9856,60.2506],[5.9784,60.2333],[5.9689,60.2172],[5.9341,60.1906],[5.9147,60.1688],[5.9067,60.1627],[5.89,60.1598],[5.8739,60.1632],[5.8605,60.1631],[5.8516,60.1496],[5.8528,60.1371],[5.8727,60.0876],[5.8734,60.0509],[5.856,60.0237],[5.8246,60.0078],[5.7839,60.005],[5.7866,60.0119],[5.7907,60.0193],[5.7717,60.0235],[5.756,59.9907],[5.7393,59.9945],[5.7061,60.0089],[5.7014,60.0155],[5.6995,60.0236],[5.6948,60.0307],[5.6883,60.0362],[5.6814,60.0397],[5.6886,60.0609],[5.6995,60.0666],[5.7355,60.0602],[5.7565,60.0604],[5.7757,60.0655],[5.7905,60.0766],[5.7975,60.0944],[5.7566,60.0944],[5.7507,60.0922],[5.7472,60.0876],[5.7424,60.0828],[5.7324,60.0808],[5.7212,60.0839],[5.7146,60.091],[5.71,60.098],[5.7002,60.1039],[5.7083,60.1098],[5.7256,60.1182],[5.7292,60.1324],[5.7056,60.1603],[5.7083,60.1763],[5.7248,60.1866],[5.7907,60.2043],[5.7907,60.2111],[5.7581,60.21],[5.7188,60.2025],[5.6812,60.1906],[5.6536,60.1763],[5.6516,60.1715],[5.6507,60.1562],[5.6462,60.1496],[5.6375,60.1476],[5.617,60.15],[5.593,60.1386],[5.5728,60.1413],[5.554,60.1505],[5.5437,60.1627],[5.5601,60.1669],[5.5741,60.1767],[5.5781,60.188],[5.5641,60.1968],[5.5641,60.2043],[5.6003,60.206],[5.6702,60.227],[5.7083,60.2322],[5.7083,60.2383],[5.6245,60.237],[5.5984,60.2322],[5.6273,60.2526],[5.6382,60.2641],[5.6331,60.2725],[5.6148,60.2722],[5.6008,60.2609],[5.5876,60.2469],[5.5715,60.2383],[5.575,60.2559],[5.5869,60.2646],[5.5998,60.2695],[5.6057,60.2756],[5.6112,60.2844],[5.6375,60.3137],[5.6462,60.321],[5.6475,60.3265],[5.653,60.3369],[5.6603,60.3479],[5.6672,60.355],[5.6838,60.3622],[5.719,60.3704],[5.7324,60.379],[5.7366,60.392],[5.7181,60.3894],[5.6958,60.3806],[5.6882,60.3756],[5.6732,60.373],[5.6605,60.3664],[5.6496,60.3575],[5.6399,60.3476],[5.6385,60.3533],[5.6343,60.3625],[5.6331,60.3681],[5.617,60.3543],[5.5989,60.3334],[5.5842,60.3103],[5.5779,60.2895],[5.5682,60.2819],[5.53,60.2297],[5.5266,60.2172],[5.5164,60.2133],[5.4749,60.1872],[5.4385,60.1721],[5.427,60.1627],[5.4219,60.152],[5.4172,60.1387],[5.4098,60.1313],[5.3867,60.1447],[5.3518,60.1558],[5.3659,60.1614],[5.3724,60.1627],[5.3724,60.1701],[5.3202,60.182],[5.304,60.1906],[5.313,60.1996],[5.3249,60.2053],[5.3518,60.2111],[5.3518,60.2172],[5.3208,60.2217],[5.2508,60.2075],[5.2228,60.2111],[5.2971,60.2492],[5.3103,60.2657],[5.2765,60.265],[5.1707,60.2787],[5.1624,60.2836],[5.1616,60.295],[5.1655,60.3079],[5.1707,60.3172],[5.1813,60.3221],[5.1975,60.3228],[5.2283,60.321],[5.2118,60.333],[5.1987,60.3384],[5.1584,60.3417],[5.1472,60.3437],[5.141,60.3514],[5.1465,60.3681],[5.1777,60.3886],[5.2656,60.387],[5.2979,60.396],[5.2832,60.401],[5.2502,60.4308],[5.2588,60.4467],[5.2632,60.4506],[5.2371,60.4738],[5.2383,60.4892],[5.2803,60.5224],[5.3058,60.5283],[5.3363,60.5143],[5.3652,60.4951],[5.386,60.4854],[5.3973,60.4815],[5.4487,60.4463],[5.4762,60.435],[5.5278,60.4206],[5.5733,60.4149],[5.6177,60.4172],[5.6536,60.4308],[5.6497,60.4478],[5.6665,60.4564],[5.6906,60.4622],[5.7083,60.4711],[5.714,60.4843],[5.7141,60.499],[5.7083,60.5332],[5.7072,60.5628],[5.7106,60.6031],[5.7215,60.6394],[5.7429,60.6567],[5.7232,60.6676],[5.7258,60.686],[5.7386,60.7051],[5.7498,60.7182],[5.7282,60.7064],[5.7085,60.7026],[5.6638,60.7039],[5.6618,60.7111],[5.6714,60.7271],[5.6852,60.7436],[5.6952,60.7523],[5.6756,60.7578],[5.6613,60.7448],[5.6476,60.7271],[5.6296,60.7182],[5.6199,60.7154],[5.6009,60.7022],[5.5916,60.6977],[5.5778,60.6959],[5.5335,60.6977],[5.5232,60.6869],[5.5359,60.6396],[5.5266,60.6287],[5.5046,60.6271],[5.4431,60.6147],[5.3724,60.5804],[5.3001,60.5608],[5.2748,60.5592],[5.2505,60.5634],[5.2228,60.5742],[5.189,60.5939],[5.1602,60.6151],[5.0977,60.6491],[5.085,60.6629],[5.1232,60.6602],[5.1569,60.649],[5.2228,60.6151],[5.2283,60.6213],[5.1618,60.67],[5.085,60.7114],[5.1014,60.7115],[5.1465,60.7039],[5.1258,60.7244],[5.095,60.7292],[5.0614,60.7309],[5.033,60.7417],[4.9851,60.7799],[4.9578,60.7939],[4.9268,60.8001],[4.9517,60.8087],[4.9815,60.8088],[5.0104,60.8018],[5.0564,60.779],[5.1091,60.7737],[5.1489,60.7506],[5.1768,60.7416],[5.2801,60.7218],[5.3042,60.712],[5.304,60.6977],[5.3103,60.676],[5.3262,60.6555],[5.348,60.6404],[5.3724,60.6356],[5.3635,60.6396],[5.3569,60.6455],[5.353,60.6531],[5.3518,60.6629],[5.3733,60.6544],[5.4123,60.6331],[5.4338,60.6287],[5.4181,60.6431],[5.3905,60.6596],[5.3709,60.6744],[5.3792,60.684],[5.3939,60.6807],[5.4263,60.6628],[5.4338,60.6629],[5.4309,60.6738],[5.4197,60.6805],[5.4104,60.6887],[5.4133,60.7039],[5.3815,60.7129],[5.3724,60.7182],[5.3677,60.7253],[5.3655,60.7342],[5.3626,60.7416],[5.355,60.7448],[5.3098,60.7447],[5.2842,60.7477],[5.2566,60.7603],[5.2468,60.7608],[5.2389,60.7639],[5.2359,60.7762],[5.2393,60.7797],[5.2632,60.7927],[5.2844,60.7995],[5.3294,60.8061],[5.3518,60.8131],[5.3381,60.8398],[5.3565,60.8529],[5.4308,60.8693],[5.448,60.8676],[5.4649,60.8636],[5.4817,60.8616],[5.4969,60.8629],[5.5108,60.8663],[5.5369,60.8758],[5.5068,60.8772],[5.4797,60.8846],[5.4709,60.8961],[5.4959,60.91],[5.4717,60.9075],[5.3997,60.882],[5.3484,60.8778],[5.3267,60.8681],[5.3177,60.8444],[5.2932,60.8227],[5.2398,60.8171],[5.1878,60.8277],[5.1677,60.8547],[5.1644,60.8309],[5.1493,60.8149],[5.131,60.8121],[5.1184,60.8274],[5.1328,60.8349],[5.1135,60.8378],[5.0667,60.8345],[5.0471,60.8444],[5.04,60.8561],[5.0286,60.8859],[5.0195,60.8991],[5.0135,60.9052],[5.0105,60.9098],[5.0095,60.916],[5.0093,60.9267],[5.0051,60.9313],[4.9865,60.9438],[4.9819,60.9509],[4.9906,60.9625],[5.012,60.965],[5.0371,60.9623],[5.0571,60.9577],[5.0774,60.9497],[5.0828,60.9409],[5.0781,60.9062],[5.0824,60.8888],[5.0916,60.8779],[5.1008,60.8778],[5.1048,60.8926],[5.0962,60.9389],[5.0986,60.9509],[5.1141,60.9619],[5.1314,60.9655],[5.1428,60.9722],[5.1403,60.9919],[5.134,60.9888],[5.1314,60.9868],[5.1328,60.9857],[5.1209,60.9838],[5.0933,60.9738],[5.0779,60.9714],[5.0236,60.9782],[5.0127,60.9819],[5.0047,60.9975],[5.0039,61.0161],[5.0081,61.0336],[5.0161,61.0465],[5.0686,61.0736],[5.1351,61.0767],[5.2022,61.0648],[5.2814,61.0385],[5.3123,61.0322],[5.3758,61.0266],[5.4211,61.0291],[5.4338,61.0266],[5.4395,61.0179],[5.4426,61.0045],[5.4484,60.9954],[5.4617,60.9993],[5.4671,61.0074],[5.4636,61.0159],[5.4575,61.0255],[5.4543,61.0366],[5.4602,61.05],[5.4736,61.0559],[5.4885,61.059],[5.5271,61.0754],[5.5667,61.0715],[5.6079,61.0628],[5.6399,61.0601],[5.6399,61.0676],[5.6106,61.0786],[5.5977,61.0851],[5.6021,61.0881],[5.6387,61.0935],[5.6563,61.0941],[5.674,61.0881],[5.6965,61.0988],[5.7361,61.1099],[5.7739,61.1144],[5.7907,61.1049],[5.781,61.0771],[5.7809,61.0644],[5.7941,61.0707],[5.8047,61.0792],[5.8176,61.0867],[5.8316,61.0922],[5.8454,61.0943],[5.8353,61.1054],[5.8317,61.1086],[5.8636,61.1179],[5.8928,61.1218],[5.9766,61.1208],[6.011,61.115],[6.0304,61.1147],[6.0985,61.1222],[6.1318,61.1186],[6.1951,61.1043],[6.2295,61.1011],[6.2581,61.0938],[6.2708,61.0771],[6.2663,61.0587],[6.2425,61.0465],[6.2748,61.0479],[6.2874,61.053],[6.301,61.0639],[6.312,61.0685],[6.3294,61.0705],[6.3472,61.0701],[6.3592,61.0676],[6.3703,61.0563],[6.3628,61.0444],[6.3483,61.0304],[6.3387,61.0124],[6.356,61.0109],[6.3729,61.0124],[6.37,61.0266],[6.3745,61.0374],[6.3835,61.046],[6.4133,61.0682],[6.4377,61.0812],[6.4651,61.0906],[6.5218,61.0965],[6.5457,61.1041],[6.5664,61.1189],[6.5858,61.1427],[6.594,61.1667],[6.6006,61.1752],[6.6128,61.1737],[6.6362,61.1618],[6.6484,61.1575],[6.7868,61.1503],[6.8367,61.1394],[6.8479,61.1348],[6.8562,61.1281],[6.8595,61.1185],[6.8597,61.1061],[6.8618,61.0965],[6.8682,61.0903],[6.8806,61.0881],[6.939,61.0914],[6.9558,61.0881],[6.965,61.0803],[6.9831,61.0465],[6.9997,61.029],[7.0068,61.0194],[7.0098,61.0089],[7.0032,61.0003],[6.988,60.9902],[6.971,60.9817],[6.9393,60.9732],[6.8738,60.9372],[6.965,60.9655],[7.011,60.9711],[7.0514,60.9645],[7.1146,60.9394],[7.1301,60.9267],[7.1316,60.9122],[7.106,60.8616],[7.1316,60.8753],[7.1575,60.8974],[7.1716,60.924],[7.1613,60.9509],[7.1526,60.9534],[7.1006,60.9595],[7.0935,60.9638],[7.082,60.9748],[7.044,61.0266],[7.0342,61.0354],[7.0231,61.043],[7.0138,61.0517],[7.0057,61.0791],[6.9995,61.0871],[7.0003,61.0929],[7.0173,61.1011],[7.0597,61.107],[7.1663,61.1101],[7.1953,61.1291],[7.2092,61.1388],[7.2227,61.1404],[7.3045,61.1303],[7.3154,61.1256],[7.3384,61.112],[7.3692,61.1047],[7.4356,61.1011],[7.4356,61.1086],[7.4173,61.1094],[7.4037,61.112],[7.3923,61.1163],[7.3565,61.138],[7.3462,61.1427],[7.3597,61.1522],[7.4053,61.1674],[7.415,61.1737],[7.427,61.1859],[7.4544,61.1928],[7.6062,61.1983],[7.6553,61.2069],[7.695,61.2321],[7.6603,61.2299],[7.6336,61.2246],[7.6004,61.2123],[7.4492,61.1973],[7.3884,61.1982],[7.3589,61.2056],[7.3462,61.2215],[7.3451,61.2329],[7.3405,61.2524],[7.3394,61.2625],[7.3357,61.2744],[7.3274,61.279],[7.3182,61.2816],[7.312,61.2873],[7.3138,61.3084],[7.3558,61.3262],[7.3665,61.3447],[7.3703,61.3671],[7.3807,61.3783],[7.4212,61.3959],[7.4368,61.4085],[7.4515,61.4246],[7.4675,61.4385],[7.4868,61.4443],[7.5108,61.4477],[7.5357,61.4565],[7.5574,61.4696],[7.572,61.4853],[7.4886,61.4604],[7.3462,61.3891],[7.3237,61.3861],[7.2853,61.3945],[7.2637,61.3959],[7.2816,61.3834],[7.299,61.3741],[7.3088,61.3638],[7.3052,61.3481],[7.245,61.3081],[7.2398,61.2973],[7.2596,61.2833],[7.281,61.2737],[7.2982,61.2606],[7.3099,61.2176],[7.3225,61.2054],[7.3401,61.1972],[7.3597,61.1911],[7.3193,61.1674],[7.3052,61.1632],[7.2922,61.1624],[7.2805,61.1638],[7.2573,61.17],[7.2503,61.173],[7.2354,61.1815],[7.2295,61.1837],[7.2137,61.1837],[7.1751,61.1758],[7.1613,61.17],[7.1587,61.1665],[7.1567,61.1608],[7.1535,61.1546],[7.1475,61.1496],[7.1372,61.1457],[7.0098,61.1291],[6.9735,61.1158],[6.9531,61.1116],[6.9353,61.1147],[6.9172,61.1363],[6.9417,61.1523],[6.98,61.1668],[7.0036,61.1837],[6.9505,61.1672],[6.9222,61.162],[6.8943,61.1632],[6.8101,61.1816],[6.6647,61.1951],[6.5579,61.2246],[6.57,61.2408],[6.6068,61.2575],[6.6231,61.2694],[6.6603,61.3209],[6.6682,61.327],[6.6904,61.3405],[6.6951,61.3447],[6.6963,61.3521],[6.7024,61.3715],[6.7053,61.3755],[6.7105,61.3803],[6.7156,61.3907],[6.7146,61.4003],[6.7019,61.4028],[6.6974,61.3994],[6.6369,61.3096],[6.6034,61.2788],[6.5647,61.2656],[6.553,61.2689],[6.5374,61.2839],[6.5271,61.2873],[6.5193,61.284],[6.5091,61.2764],[6.5011,61.2681],[6.4995,61.2625],[6.5134,61.2475],[6.5238,61.2321],[6.5243,61.2268],[6.5234,61.22],[6.5262,61.2123],[6.5374,61.2042],[6.471,61.2112],[6.4651,61.2076],[6.4758,61.2016],[6.488,61.1979],[6.4983,61.1923],[6.5027,61.1806],[6.5046,61.1669],[6.5075,61.1564],[6.5062,61.147],[6.4964,61.1365],[6.4847,61.1308],[6.4343,61.1147],[6.3723,61.1141],[6.2827,61.1254],[6.2039,61.1487],[6.1743,61.1837],[6.1301,61.1593],[6.0735,61.148],[6.014,61.1495],[5.9614,61.1632],[6.0066,61.178],[6.0278,61.1881],[6.0371,61.2042],[5.9409,61.17],[5.8745,61.1584],[5.8045,61.1557],[5.7835,61.165],[5.7817,61.1832],[5.783,61.1966],[5.7703,61.1911],[5.7632,61.1819],[5.7588,61.1638],[5.7498,61.1557],[5.7367,61.1548],[5.7184,61.1566],[5.7022,61.1555],[5.6952,61.1461],[5.676,61.1423],[5.5573,61.1365],[5.5369,61.1313],[5.4754,61.0943],[5.4237,61.0797],[5.3766,61.0805],[5.3345,61.0969],[5.2979,61.1291],[5.281,61.1161],[5.2599,61.1098],[5.2049,61.1074],[5.1994,61.105],[5.1939,61.1053],[5.1843,61.1116],[5.1747,61.1222],[5.1694,61.1262],[5.1602,61.1291],[5.1699,61.14],[5.1883,61.1406],[5.2096,61.1389],[5.2283,61.1427],[5.2053,61.147],[5.1829,61.154],[5.1619,61.1562],[5.1433,61.1461],[5.1252,61.1451],[5.0593,61.1579],[5.0441,61.1632],[5.0593,61.188],[5.1182,61.186],[5.2228,61.1632],[5.2206,61.1677],[5.2168,61.179],[5.2147,61.1837],[5.2502,61.1837],[5.1973,61.2109],[5.1678,61.2208],[5.1397,61.2246],[5.0208,61.2165],[4.9888,61.2246],[5.0081,61.2294],[5.0315,61.2305],[5.0523,61.2338],[5.0645,61.2458],[5.031,61.2379],[5.013,61.2366],[4.999,61.2423],[4.9895,61.2523],[4.9828,61.257],[4.9732,61.2568],[4.9546,61.2526],[4.9641,61.2657],[4.98,61.2753],[5.0161,61.2873],[5.0397,61.2919],[5.064,61.2935],[5.074,61.2957],[5.0902,61.3051],[5.0952,61.3072],[5.1394,61.3063],[5.1594,61.3111],[5.1777,61.3394],[5.2015,61.3427],[5.229,61.3394],[5.2502,61.3345],[5.2663,61.3287],[5.2793,61.3214],[5.2896,61.3122],[5.2979,61.301],[5.3102,61.2669],[5.3206,61.2523],[5.3345,61.256],[5.3374,61.2687],[5.3342,61.2873],[5.3275,61.3057],[5.3208,61.3175],[5.3055,61.3284],[5.2718,61.3387],[5.2564,61.3481],[5.4406,61.3674],[5.6331,61.3618],[5.5996,61.3759],[5.5545,61.3783],[5.1643,61.3561],[5.1502,61.3515],[5.1279,61.3398],[5.0933,61.3288],[5.0584,61.3235],[5.0366,61.3283],[5.0257,61.3395],[5.0064,61.3475],[4.9956,61.3618],[4.9988,61.3769],[5.0115,61.3915],[5.0283,61.4016],[5.0441,61.4028],[5.0547,61.3929],[5.0579,61.3807],[5.0627,61.3746],[5.0781,61.383],[5.0794,61.3881],[5.0772,61.4047],[5.0781,61.4102],[5.0855,61.4135],[5.1184,61.4164],[5.1175,61.4211],[5.1165,61.424],[5.1148,61.4268],[5.1117,61.4307],[5.0925,61.4202],[5.0715,61.4171],[5.0291,61.4164],[4.9891,61.4111],[4.9479,61.4102],[4.9479,61.4164],[5.0571,61.4443],[5.1634,61.4508],[5.188,61.4648],[5.1805,61.4723],[5.2181,61.4678],[5.2663,61.4553],[5.3108,61.4494],[5.3376,61.4648],[5.4839,61.4317],[5.5189,61.4301],[5.5437,61.437],[5.5369,61.4443],[5.5567,61.4498],[5.5994,61.4526],[5.6194,61.458],[5.6286,61.4647],[5.6385,61.4738],[5.6509,61.4819],[5.6672,61.4853],[5.7127,61.4871],[5.736,61.4846],[5.7528,61.4757],[5.7704,61.4551],[5.7826,61.4506],[5.8045,61.4512],[5.8045,61.458],[5.7817,61.4656],[5.7468,61.493],[5.7224,61.499],[5.665,61.4984],[5.6379,61.4944],[5.612,61.4853],[5.5835,61.4674],[5.5747,61.4648],[5.5236,61.4647],[5.492,61.454],[5.4609,61.4528],[5.438,61.4604],[5.4413,61.4792],[5.3978,61.4869],[5.2903,61.4796],[5.2532,61.4953],[5.1782,61.5098],[5.1389,61.5241],[5.1465,61.54],[5.1408,61.5468],[5.1403,61.5468],[5.1403,61.5542],[5.1566,61.5545],[5.2017,61.5468],[5.214,61.5477],[5.2464,61.5542],[5.3582,61.5542],[5.3582,61.561],[5.3314,61.5613],[5.172,61.5855],[5.1465,61.5952],[5.3376,61.5952],[5.3181,61.5898],[5.3103,61.5889],[5.3103,61.5822],[5.4026,61.5803],[5.427,61.5889],[5.3504,61.6065],[5.27,61.6157],[5.3202,61.6287],[5.3407,61.6431],[5.2837,61.6423],[5.2419,61.6307],[5.2293,61.6287],[4.9927,61.6304],[4.9683,61.6361],[4.9624,61.6418],[4.9441,61.6672],[4.9396,61.6784],[4.9461,61.6875],[4.9577,61.6941],[4.9683,61.6977],[4.9605,61.7067],[4.9627,61.7171],[4.9729,61.7248],[4.9888,61.7255],[4.9854,61.7296],[4.9834,61.7327],[4.9806,61.7356],[4.9745,61.7386],[4.9881,61.7469],[5.0034,61.7511],[5.0366,61.7522],[5.054,61.7504],[5.0706,61.746],[5.0755,61.7429],[5.0768,61.7387],[5.0768,61.7347],[5.0781,61.7324],[5.0846,61.7318],[5.0989,61.7336],[5.1048,61.7324],[5.1219,61.7203],[5.126,61.7181],[5.1374,61.7169],[5.1462,61.7176],[5.1677,61.7255],[5.1355,61.7438],[5.126,61.7522],[5.1483,61.7593],[5.1902,61.7689],[5.0645,61.7597],[5.0789,61.7737],[5.1039,61.7854],[5.1316,61.7944],[5.2445,61.8173],[5.27,61.8279],[5.2654,61.8293],[5.2627,61.8308],[5.2564,61.8354],[5.2957,61.8409],[5.3376,61.8416],[5.3205,61.8477],[5.3032,61.8489],[5.2915,61.8515],[5.2904,61.8621],[5.2969,61.8684],[5.3626,61.9055],[5.3948,61.9111],[5.4878,61.9079],[5.5223,61.8989],[5.5403,61.8969],[5.5807,61.8998],[5.6003,61.8991],[5.6365,61.8889],[5.6758,61.8869],[5.6914,61.8798],[5.7161,61.8616],[5.7429,61.8485],[5.7127,61.8406],[5.6753,61.8398],[5.6408,61.8351],[5.6194,61.8149],[5.6471,61.8153],[5.7355,61.8354],[5.9226,61.8503],[5.9409,61.845],[5.9463,61.8373],[5.9432,61.8269],[5.9373,61.8153],[5.9271,61.7824],[5.9002,61.7506],[5.8993,61.7386],[5.9164,61.7517],[5.93,61.7594],[5.9422,61.7687],[5.9546,61.787],[5.9644,61.8201],[5.9729,61.8311],[5.992,61.8354],[6.0103,61.8312],[6.0589,61.8083],[6.0986,61.7789],[6.1234,61.7699],[6.1812,61.7665],[6.1709,61.7805],[6.155,61.7858],[6.1377,61.7891],[6.1228,61.7969],[6.1094,61.808],[6.0926,61.8179],[6.0749,61.8249],[6.0576,61.8279],[6.0576,61.8354],[6.2907,61.8354],[6.3132,61.831],[6.3592,61.8118],[6.3838,61.8074],[6.4738,61.8046],[6.5027,61.8074],[6.5213,61.8142],[6.5332,61.8245],[6.5505,61.8485],[6.5681,61.8624],[6.5896,61.8708],[6.6138,61.8752],[6.6401,61.8764],[6.6673,61.8732],[6.721,61.8591],[6.7463,61.8559],[6.7556,61.8524],[6.7664,61.8456],[6.7777,61.8413],[6.7874,61.845],[6.802,61.8598],[6.8097,61.8654],[6.8186,61.8696],[6.8186,61.8764],[6.8021,61.876],[6.771,61.8703],[6.7568,61.873],[6.7425,61.8774],[6.6951,61.8832],[6.6902,61.8862],[6.6838,61.895],[6.678,61.8969],[6.6717,61.8957],[6.6623,61.8906],[6.6572,61.8894],[6.5555,61.8783],[6.5384,61.8663],[6.5259,61.8507],[6.5101,61.8354],[6.4762,61.8253],[6.2586,61.8563],[6.0955,61.8485],[6.0819,61.8512],[6.0371,61.8696],[6.0184,61.871],[5.9614,61.8696],[5.907,61.8815],[5.8862,61.8832],[5.8718,61.881],[5.8431,61.8716],[5.8286,61.8696],[5.8225,61.8674],[5.8103,61.8582],[5.8045,61.8559],[5.7964,61.8574],[5.7293,61.8894],[5.7293,61.8969],[5.9333,61.903],[5.9614,61.9099],[5.9614,61.9167],[5.6454,61.9248],[5.5166,61.9381],[5.4502,61.9252],[5.4436,61.9292],[5.4373,61.935],[5.427,61.9378],[5.349,61.9273],[5.3019,61.9134],[5.2769,61.9099],[5.2215,61.9144],[5.1937,61.9123],[5.1707,61.9],[5.1558,61.8961],[5.1353,61.9013],[5.0986,61.9167],[5.1138,61.9301],[5.126,61.944],[5.1404,61.968],[5.1403,61.9713],[5.1555,61.976],[5.1615,61.9714],[5.165,61.9635],[5.1738,61.9583],[5.1839,61.9595],[5.1902,61.9644],[5.1952,61.9695],[5.2017,61.9713],[5.2102,61.9687],[5.2236,61.9599],[5.2283,61.9583],[5.2386,61.9606],[5.2402,61.9649],[5.2412,61.971],[5.2502,61.9787],[5.2889,61.9927],[5.3015,62.0029],[5.3103,62.0266],[5.339,62.0192],[5.3767,62.0161],[5.4002,62.02],[5.386,62.034],[5.3719,62.0368],[5.341,62.0369],[5.3276,62.0439],[5.3133,62.0571],[5.2979,62.0682],[5.2085,62.1023],[5.1091,62.1091],[5.0918,62.1227],[5.1016,62.123],[5.1097,62.1245],[5.126,62.1296],[5.1111,62.1398],[5.0803,62.1525],[5.0706,62.1638],[5.0764,62.1649],[5.0864,62.1691],[5.0918,62.1706],[5.0881,62.1737],[5.0818,62.1811],[5.0781,62.1842],[5.0824,62.1837],[5.0842,62.1848],[5.085,62.1911],[5.0962,62.1935],[5.126,62.1911],[5.1309,62.1916],[5.1414,62.1905],[5.1465,62.1911],[5.1467,62.1933],[5.146,62.2024],[5.1465,62.2047],[5.1697,62.2145],[5.1818,62.2127],[5.2102,62.1942],[5.2412,62.1831],[5.2532,62.1743],[5.2611,62.1698],[5.2688,62.1703],[5.2746,62.1694],[5.2769,62.1606],[5.2752,62.1543],[5.2697,62.141],[5.27,62.1358],[5.3179,62.1065],[5.391,62.0884],[5.4514,62.0617],[5.4617,62.0067],[5.468,62.0091],[5.4812,62.0139],[5.4959,62.0276],[5.5283,62.0689],[5.5309,62.0749],[5.5364,62.079],[5.5505,62.0812],[5.5609,62.0795],[5.5803,62.0705],[5.5916,62.0682],[5.5647,62.0897],[5.4202,62.1091],[5.4004,62.1159],[5.391,62.1232],[5.3918,62.1329],[5.4139,62.1621],[5.4206,62.1759],[5.4312,62.1862],[5.4543,62.1911],[5.4789,62.1885],[5.5241,62.174],[5.6221,62.1649],[5.6399,62.1575],[5.6482,62.1465],[5.6535,62.133],[5.6615,62.1214],[5.6931,62.113],[5.7498,62.0886],[5.7302,62.105],[5.6961,62.1225],[5.6683,62.1435],[5.6672,62.1706],[5.6847,62.179],[5.7147,62.1807],[5.7703,62.178],[5.7861,62.1805],[5.8386,62.2012],[5.8574,62.2043],[5.8821,62.2002],[5.9055,62.1909],[5.9206,62.178],[5.9255,62.1636],[5.9248,62.1499],[5.9206,62.1197],[5.9071,62.0936],[5.8525,62.0512],[5.8454,62.0197],[5.9094,62.0612],[5.9367,62.0873],[5.9546,62.14],[5.971,62.139],[6.0443,62.0993],[6.0552,62.0861],[6.0508,62.0682],[6.0886,62.0776],[6.1253,62.0827],[6.2083,62.0812],[6.3667,62.0613],[6.3667,62.0682],[6.0886,62.1091],[6.0762,62.1144],[6.0486,62.1379],[6.0403,62.1433],[6.0271,62.1487],[5.9826,62.1842],[5.9287,62.1989],[5.9206,62.2082],[5.926,62.2255],[5.9397,62.2294],[5.9575,62.2252],[5.9966,62.2111],[6.0173,62.207],[6.0645,62.2047],[6.0501,62.2104],[6.0298,62.2147],[5.992,62.2184],[5.9826,62.2235],[5.9753,62.2343],[5.9652,62.2441],[5.9478,62.2457],[5.9784,62.2797],[6.0277,62.3057],[6.0833,62.3224],[6.1333,62.3283],[6.2473,62.3611],[6.3108,62.3721],[6.3387,62.3524],[6.3431,62.3455],[6.3729,62.3146],[6.3934,62.2805],[6.4133,62.2665],[6.46,62.248],[6.4822,62.232],[6.5505,62.1706],[6.5608,62.1521],[6.5569,62.1384],[6.5305,62.1091],[6.5921,62.1358],[6.5809,62.1603],[6.4949,62.2531],[6.4177,62.3112],[6.3978,62.3367],[6.39,62.3647],[6.4002,62.3872],[6.4343,62.3965],[6.4797,62.4005],[6.5003,62.3993],[6.5238,62.3903],[6.5339,62.3835],[6.5647,62.3555],[6.562,62.3716],[6.5625,62.3868],[6.5589,62.3984],[6.5442,62.404],[6.5442,62.4108],[6.5636,62.4177],[6.6491,62.4349],[6.689,62.4499],[6.7088,62.4517],[6.7234,62.4475],[6.7483,62.4341],[6.8792,62.4179],[6.8811,62.4024],[6.8733,62.3806],[6.8738,62.3555],[6.8862,62.3411],[6.979,62.2836],[6.9893,62.273],[6.9963,62.2617],[6.9994,62.2535],[7.0075,62.2089],[7.0052,62.1943],[6.9961,62.1824],[6.9427,62.1374],[6.9387,62.1218],[6.9558,62.1023],[6.988,62.0893],[7.0213,62.0908],[7.0999,62.1046],[7.1248,62.1143],[7.14,62.1166],[7.1527,62.1149],[7.1878,62.1023],[7.1497,62.1308],[7.03,62.1004],[6.9793,62.1129],[6.9734,62.1294],[6.9865,62.1426],[7.0271,62.1672],[7.0371,62.1838],[7.0379,62.203],[7.0261,62.2602],[7.0281,62.266],[7.0378,62.273],[7.0514,62.276],[7.1128,62.2805],[7.2092,62.2509],[7.2329,62.2563],[7.2533,62.2711],[7.2813,62.2808],[7.3107,62.2816],[7.3359,62.2699],[7.3521,62.2575],[7.3734,62.2447],[7.3958,62.2349],[7.415,62.232],[7.415,62.2394],[7.3735,62.273],[7.3318,62.2852],[7.3223,62.2904],[7.2935,62.2979],[7.1613,62.2866],[7.0213,62.3038],[6.957,62.3253],[6.9141,62.3698],[6.9463,62.3699],[6.9614,62.3718],[6.9756,62.3767],[6.8516,62.4545],[6.8397,62.4592],[6.8187,62.4615],[6.7765,62.4598],[6.7565,62.4648],[6.7739,62.4704],[6.7907,62.4784],[6.6902,62.4775],[6.4837,62.4307],[6.3977,62.425],[6.3592,62.4312],[6.3431,62.4384],[6.3191,62.4544],[6.3047,62.4592],[6.2845,62.458],[6.2638,62.4531],[6.2429,62.4511],[6.2227,62.4592],[6.2497,62.468],[6.3387,62.4722],[6.4152,62.4896],[6.4309,62.4962],[6.4536,62.5024],[6.5327,62.5011],[6.5711,62.4924],[6.6746,62.4927],[6.6746,62.4996],[6.6519,62.5033],[6.6138,62.5202],[6.5671,62.5103],[6.4761,62.5132],[6.4761,62.52],[6.5432,62.5283],[6.5647,62.5275],[6.533,62.5369],[6.263,62.5275],[6.2674,62.5352],[6.2678,62.537],[6.2659,62.5374],[6.263,62.5411],[6.2705,62.5549],[6.2644,62.5624],[6.2542,62.5676],[6.2494,62.5747],[6.2549,62.5849],[6.2661,62.593],[6.291,62.6026],[6.3196,62.6085],[6.5374,62.6156],[6.5596,62.6112],[6.5833,62.5993],[6.6011,62.5819],[6.6057,62.561],[6.6126,62.561],[6.6222,62.5888],[6.6221,62.6012],[6.6126,62.6094],[6.6216,62.6196],[6.6322,62.6229],[6.6414,62.6195],[6.6467,62.6094],[6.6867,62.6337],[6.7298,62.6509],[6.7561,62.6546],[6.7771,62.6503],[6.8818,62.6015],[6.9006,62.5883],[6.9017,62.5826],[6.8982,62.5783],[6.9002,62.5756],[6.9178,62.5747],[6.9235,62.5786],[6.9207,62.5876],[6.9141,62.597],[6.908,62.6026],[6.9152,62.607],[6.9285,62.623],[6.9163,62.6242],[6.9055,62.6281],[6.896,62.6346],[6.8875,62.6435],[6.9317,62.6555],[7.0923,62.6509],[7.0843,62.6389],[7.0703,62.6304],[7.0536,62.6253],[7.0378,62.623],[7.052,62.6096],[7.0965,62.6122],[7.106,62.5992],[7.1097,62.5834],[7.1253,62.5535],[7.1271,62.5337],[7.1331,62.5337],[7.1374,62.5432],[7.1509,62.5668],[7.1538,62.5747],[7.1504,62.5819],[7.1365,62.5942],[7.1331,62.5992],[7.1575,62.6292],[7.1722,62.6276],[7.209,62.6156],[7.3154,62.605],[7.365,62.5928],[7.4304,62.548],[7.4888,62.5491],[7.5174,62.5411],[7.5276,62.5272],[7.5335,62.5109],[7.5425,62.5036],[7.5618,62.5166],[7.5667,62.5275],[7.5679,62.5399],[7.5729,62.55],[7.5886,62.5541],[7.7782,62.5747],[7.7454,62.586],[7.5052,62.5664],[7.4627,62.5747],[7.4417,62.5841],[7.4227,62.598],[7.4128,62.6147],[7.4182,62.633],[7.4445,62.6447],[7.4773,62.6396],[7.5003,62.6199],[7.4971,62.5883],[7.5202,62.5847],[7.5325,62.5951],[7.533,62.6133],[7.51,62.6495],[7.5106,62.664],[7.5232,62.6744],[7.5711,62.6822],[7.6169,62.7001],[7.8359,62.7321],[7.9483,62.7309],[7.9956,62.7355],[8.0188,62.7336],[8.0418,62.7279],[8.1267,62.6938],[8.1475,62.692],[8.1294,62.7184],[8.0651,62.7392],[8.0451,62.7596],[8.0544,62.7618],[8.0623,62.7661],[8.0687,62.7722],[8.073,62.7801],[8.0487,62.7792],[8.0012,62.7701],[7.9089,62.7633],[7.8645,62.7496],[7.646,62.7287],[7.5249,62.692],[7.4893,62.6868],[7.385,62.6876],[7.3597,62.6982],[7.3926,62.7047],[7.4036,62.7119],[7.3943,62.721],[7.3665,62.7329],[7.403,62.7386],[7.4715,62.7672],[7.6813,62.7944],[7.657,62.793],[7.6095,62.7961],[7.4505,62.7714],[7.415,62.7596],[7.3953,62.7565],[7.3516,62.7554],[7.3125,62.744],[6.9704,62.7256],[6.949,62.7329],[6.9606,62.7324],[6.9715,62.7356],[6.9797,62.7425],[6.9831,62.7534],[6.9788,62.7592],[6.96,62.765],[6.9558,62.7705],[6.9619,62.7842],[6.9767,62.797],[7.0098,62.8148],[7.0596,62.8263],[7.2158,62.8148],[7.1921,62.822],[7.1548,62.8432],[7.1331,62.8489],[7.0166,62.8415],[7.0042,62.8483],[6.9558,62.8869],[6.948,62.9055],[6.929,62.9121],[6.8801,62.9111],[6.8911,62.9217],[6.9102,62.9294],[7.0002,62.9512],[7.076,62.9829],[7.1082,62.9907],[7.1721,62.998],[7.2376,63.0147],[7.2712,63.0141],[7.2976,63.0043],[7.3434,62.9784],[7.37,62.9731],[7.4212,62.9514],[7.4264,62.945],[7.4417,62.9179],[7.5011,62.9108],[7.5598,62.9313],[7.616,62.9604],[7.6683,62.9793],[7.69,62.9811],[7.7757,62.9775],[7.7804,62.9726],[7.7761,62.965],[7.7676,62.9551],[7.7483,62.9421],[7.6683,62.9179],[7.6943,62.9121],[7.832,62.9494],[7.8464,62.9514],[7.8812,62.9525],[7.8994,62.9558],[7.9393,62.9771],[7.9739,62.977],[8.0755,62.9509],[8.0867,62.9452],[8.093,62.9372],[8.096,62.9291],[8.1011,62.9222],[8.1133,62.9179],[8.1139,62.8991],[8.1242,62.8677],[8.1393,62.8357],[8.1543,62.8148],[8.1897,62.7979],[8.2785,62.7871],[8.3191,62.777],[8.4152,62.7258],[8.4491,62.7193],[8.4807,62.7168],[8.5132,62.7074],[8.5378,62.6885],[8.5453,62.6572],[8.5672,62.6823],[8.5648,62.7036],[8.544,62.7206],[8.4553,62.7563],[8.3767,62.7772],[8.3311,62.8007],[8.2463,62.8161],[8.1841,62.8477],[8.172,62.8584],[8.168,62.8769],[8.1712,62.8918],[8.1792,62.9022],[8.1921,62.9084],[8.2096,62.9111],[8.1979,62.915],[8.186,62.9173],[8.1751,62.9207],[8.1649,62.9281],[8.1599,62.9347],[8.1538,62.9454],[8.1475,62.9514],[8.1291,62.9597],[8.0869,62.9672],[8.0007,63.0067],[7.9972,63.0095],[7.988,63.0229],[7.9831,63.0271],[7.9723,63.029],[7.9613,63.0281],[7.9512,63.0251],[7.9426,63.0202],[7.9539,63.0207],[7.9607,63.0187],[7.9651,63.0141],[7.97,63.0067],[7.948,63.0032],[7.9141,63.0019],[7.885,63.004],[7.8772,63.0104],[7.8933,63.0226],[7.9312,63.0378],[7.9489,63.0476],[7.9813,63.0814],[7.9973,63.0923],[8.0169,63.101],[8.0401,63.1077],[8.0641,63.111],[8.0867,63.1097],[8.1022,63.1044],[8.1211,63.0941],[8.134,63.0803],[8.1284,63.0502],[8.1416,63.037],[8.1604,63.0264],[8.1755,63.0202],[8.2468,63.008],[8.2678,62.9967],[8.2859,62.9821],[8.2954,62.9798],[8.3127,62.9793],[8.322,62.9777],[8.3301,62.9734],[8.3362,62.9669],[8.3399,62.9588],[8.3093,62.9446],[8.3189,62.9301],[8.3364,62.9121],[8.3294,62.8869],[8.3293,62.8807],[8.3445,62.8824],[8.374,62.89],[8.3894,62.8899],[8.403,62.8869],[8.488,62.853],[8.523,62.8443],[8.5386,62.8524],[8.5242,62.8713],[8.4544,62.8835],[8.4287,62.8968],[8.4507,62.8957],[8.574,62.8754],[8.5938,62.8695],[8.6058,62.8627],[8.6242,62.848],[8.6348,62.8415],[8.6509,62.8359],[8.6857,62.8284],[8.703,62.8223],[8.6199,62.8779],[8.5964,62.8852],[8.5208,62.8922],[8.4989,62.8983],[8.4797,62.9072],[8.423,62.9476],[8.4157,62.9588],[8.6442,62.9674],[8.6688,62.9793],[8.64,62.9888],[8.5754,62.9799],[8.5453,62.9793],[8.5217,62.9892],[8.5335,63.0003],[8.5863,63.0202],[8.5537,63.0226],[8.488,62.994],[8.3936,62.9728],[8.374,62.9731],[8.3695,62.9758],[8.3587,62.9858],[8.3533,62.9898],[8.3451,62.9931],[8.3195,62.9998],[8.3552,63.0083],[8.4354,63.0098],[8.4702,63.0202],[8.4353,63.0314],[8.3052,63.0202],[8.2622,63.0216],[8.2385,63.0255],[8.2232,63.0334],[8.2219,63.0385],[8.2224,63.0463],[8.2244,63.0537],[8.2289,63.0631],[8.2249,63.066],[8.2192,63.0685],[8.2163,63.0718],[8.2029,63.0927],[8.1782,63.105],[8.1655,63.1153],[8.1885,63.1301],[8.2197,63.1345],[8.242,63.1235],[8.2632,63.1074],[8.2915,63.096],[8.2897,63.0914],[8.2868,63.0801],[8.2847,63.0755],[8.3071,63.0786],[8.3186,63.0824],[8.3262,63.0886],[8.325,63.0939],[8.3184,63.0976],[8.3138,63.1021],[8.3195,63.1097],[8.3044,63.1251],[8.2831,63.1331],[8.2362,63.1432],[8.2362,63.1507],[8.5436,63.1324],[8.641,63.1097],[8.6245,63.1281],[8.5759,63.1442],[8.5658,63.1612],[8.5788,63.1745],[8.6087,63.1811],[8.8499,63.2034],[8.9431,63.2121],[8.869,63.2105],[8.6484,63.2059],[8.6237,63.2015],[8.6122,63.2038],[8.6032,63.2243],[8.5931,63.2355],[8.5733,63.2531],[8.527,63.279],[8.502,63.2886],[8.4764,63.294],[8.5147,63.3059],[8.702,63.324],[8.7376,63.3347],[8.7644,63.3493],[8.7282,63.3492],[8.7111,63.3512],[8.6956,63.3567],[8.6888,63.363],[8.6821,63.3719],[8.6746,63.3799],[8.6389,63.3921],[8.6468,63.4092],[8.6724,63.4212],[8.7183,63.4081],[8.7409,63.4141],[8.7658,63.4245],[8.7864,63.4298],[8.7918,63.4312],[8.8234,63.4294],[8.8426,63.4204],[8.8589,63.4084],[8.8811,63.3976],[8.8914,63.4213],[8.9261,63.4239],[8.9675,63.4185],[8.9972,63.4182],[8.9972,63.4244],[8.9734,63.4244],[8.9675,63.4334],[8.9749,63.4466],[9.0008,63.4661],[9.0064,63.4672],[9.0183,63.4665],[9.053,63.4523],[9.1145,63.4182],[9.1231,63.4073],[9.1286,63.3955],[9.1355,63.3844],[9.1486,63.3759],[9.1262,63.3623],[9.1029,63.3432],[9.0887,63.32],[9.0934,63.294],[9.1253,63.3206],[9.1431,63.3309],[9.1916,63.3384],[9.2647,63.3629],[9.4346,63.3804],[9.4769,63.4039],[9.45,63.4009],[9.3939,63.3867],[9.2603,63.3813],[9.23,63.3729],[9.218,63.372],[9.2044,63.3765],[9.1917,63.3836],[9.1677,63.402],[9.1691,63.4212],[9.183,63.4345],[9.4819,63.4732],[9.4839,63.4761],[9.4844,63.4827],[9.4807,63.487],[9.4722,63.4855],[9.4566,63.4796],[9.3643,63.4663],[9.333,63.4665],[9.3006,63.4778],[9.2853,63.4796],[9.28,63.4824],[9.2681,63.4956],[9.2578,63.5001],[9.2621,63.4852],[9.2681,63.4735],[9.2776,63.4648],[9.2922,63.4591],[9.2102,63.4594],[9.1673,63.4669],[9.1486,63.4858],[9.162,63.5071],[9.1926,63.5136],[9.2443,63.5137],[9.2372,63.5345],[9.2559,63.5353],[9.2834,63.5297],[9.3023,63.5308],[9.319,63.5433],[9.3428,63.5556],[9.368,63.5633],[9.3882,63.5622],[9.3777,63.5539],[9.3745,63.5423],[9.3783,63.5305],[9.3882,63.5212],[9.4033,63.5185],[9.4167,63.5249],[9.4601,63.5617],[9.4768,63.5718],[9.4954,63.5769],[9.5186,63.5752],[9.5364,63.5673],[9.5599,63.5458],[9.5733,63.541],[9.5606,63.5659],[9.5459,63.5806],[9.5242,63.5876],[9.4906,63.5894],[9.5168,63.6037],[9.5461,63.6103],[9.6079,63.6168],[9.6677,63.6378],[9.6991,63.6445],[9.724,63.6367],[9.7202,63.6208],[9.7396,63.6026],[9.7855,63.5752],[9.8,63.5631],[9.8107,63.5486],[9.8138,63.532],[9.8059,63.5137],[9.8987,63.4774],[9.9474,63.4495],[9.9606,63.4277],[9.9414,63.3945],[9.9285,63.3772],[9.8333,63.3288],[9.8567,63.3254],[9.8942,63.3312],[9.9313,63.3418],[9.9792,63.3635],[10.0134,63.3619],[10.047,63.3523],[10.0993,63.3249],[10.1389,63.3223],[10.2113,63.3288],[10.2422,63.3263],[10.2544,63.3144],[10.259,63.2673],[10.2686,63.273],[10.2722,63.2817],[10.2721,63.3049],[10.2733,63.3078],[10.2757,63.3095],[10.2783,63.3122],[10.2796,63.3183],[10.2774,63.3238],[10.2727,63.3269],[10.2681,63.3289],[10.2659,63.3319],[10.2449,63.3441],[10.084,63.3613],[10.0687,63.3655],[10.0564,63.3729],[10.0491,63.3819],[10.0422,63.3948],[10.0409,63.4064],[10.0496,63.4113],[10.0601,63.415],[10.0837,63.4326],[10.094,63.4387],[10.156,63.4523],[10.3005,63.4665],[10.3172,63.4637],[10.3547,63.4449],[10.3731,63.4417],[10.3869,63.4431],[10.4155,63.4523],[10.4473,63.4568],[10.4819,63.4547],[10.516,63.4471],[10.5462,63.4349],[10.5769,63.4307],[10.6904,63.4523],[10.696,63.4473],[10.7588,63.4387],[10.7837,63.423],[10.7979,63.4174],[10.8102,63.4212],[10.8298,63.4406],[10.841,63.444],[10.8759,63.4459],[10.876,63.446],[10.8931,63.4495],[10.9081,63.4562],[10.9164,63.4665],[10.8225,63.4759],[10.7777,63.4875],[10.7588,63.5175],[10.7808,63.539],[10.8311,63.5504],[10.9226,63.5548],[10.9226,63.5622],[10.8773,63.5644],[10.8569,63.5693],[10.8615,63.5786],[10.8792,63.5833],[10.897,63.5844],[10.9124,63.5885],[10.9226,63.6025],[10.8513,63.5981],[10.8176,63.5908],[10.786,63.5786],[10.7683,63.574],[10.7302,63.5718],[10.7144,63.5649],[10.7022,63.5574],[10.6875,63.5519],[10.6716,63.5488],[10.6564,63.5485],[10.6564,63.5548],[10.6726,63.5582],[10.68,63.5676],[10.686,63.5775],[10.6973,63.582],[10.7051,63.5837],[10.7085,63.5878],[10.7106,63.5933],[10.7144,63.5991],[10.7197,63.6035],[10.7293,63.6088],[10.7347,63.6133],[10.7557,63.6251],[10.7878,63.6348],[10.8446,63.6441],[10.8643,63.6515],[10.9054,63.6845],[11.0335,63.7192],[11.0569,63.7161],[11.083,63.7046],[11.1196,63.7045],[11.1567,63.7111],[11.1838,63.7198],[11.2058,63.7337],[11.2422,63.7651],[11.2658,63.7744],[11.3372,63.7842],[11.443,63.7861],[11.4577,63.79],[11.4639,63.8017],[11.4597,63.8124],[11.4494,63.8189],[11.4364,63.8218],[11.4241,63.8222],[11.4276,63.8253],[11.4343,63.8327],[11.4378,63.8359],[11.4152,63.8501],[11.3547,63.8481],[11.3273,63.853],[11.3019,63.8629],[11.2771,63.8674],[11.2518,63.8672],[11.1116,63.8496],[11.1017,63.8519],[11.0965,63.8581],[11.0946,63.8669],[11.0945,63.8769],[11.0964,63.8896],[11.1019,63.8935],[11.1123,63.8941],[11.1766,63.9092],[11.2004,63.9197],[11.2106,63.9352],[11.2233,63.9455],[11.3,63.9656],[11.4369,63.9831],[11.4631,63.9932],[11.4868,64.0067],[11.4979,64.0208],[11.4544,64.0174],[11.4417,64.0257],[11.4263,64.0288],[11.3665,64.0273],[11.2621,64.0361],[11.2542,64.0379],[11.242,64.0516],[11.2405,64.061],[11.2525,64.0681],[11.28,64.0761],[11.3451,64.1049],[11.3621,64.1171],[11.3284,64.1144],[11.3,64.1072],[11.2254,64.072],[11.2035,64.0274],[11.1976,64.0208],[11.1751,64.007],[10.9627,63.9479],[10.9363,63.9363],[10.911,63.9217],[10.8923,63.9075],[10.8713,63.8972],[10.8381,63.8873],[10.7201,63.8698],[10.6887,63.8603],[10.6462,63.8332],[10.5954,63.8203],[10.5737,63.8091],[10.5938,63.8088],[10.6131,63.8115],[10.6316,63.8163],[10.6891,63.8402],[10.7007,63.8427],[10.77,63.8503],[10.9002,63.8947],[10.9349,63.8981],[11.0007,63.8774],[11.0303,63.872],[11.056,63.8613],[11.074,63.8359],[11.0535,63.8315],[11.0298,63.8234],[11.0075,63.8131],[10.9915,63.8017],[10.9872,63.7944],[10.9823,63.7758],[10.9779,63.7676],[10.9717,63.7632],[10.9546,63.7559],[10.947,63.7502],[10.91,63.731],[10.811,63.7202],[10.7407,63.6904],[10.6717,63.6868],[10.6428,63.6776],[10.6336,63.6696],[10.6116,63.6403],[10.6023,63.6359],[10.5667,63.6252],[10.5296,63.6195],[10.4158,63.5794],[10.4016,63.5764],[10.3667,63.5732],[10.3355,63.5642],[10.3202,63.5622],[10.2414,63.5622],[10.2284,63.5588],[10.2048,63.5443],[10.1936,63.541],[10.1664,63.5369],[10.0803,63.5075],[10.041,63.5017],[9.9984,63.5001],[9.9915,63.4983],[9.9857,63.495],[9.9802,63.4934],[9.9739,63.4966],[9.9692,63.5002],[9.9627,63.5037],[9.9559,63.5065],[9.9182,63.5147],[9.9084,63.5324],[9.904,63.5546],[9.888,63.5752],[9.8984,63.5864],[9.9021,63.5894],[9.8856,63.595],[9.8499,63.5974],[9.8333,63.6025],[9.8182,63.6141],[9.8108,63.6271],[9.8145,63.6383],[9.8333,63.6441],[9.8264,63.6535],[9.8171,63.6588],[9.7922,63.6645],[9.7956,63.6685],[9.7974,63.6718],[9.8001,63.6747],[9.8059,63.6776],[9.8034,63.6816],[9.7991,63.6918],[9.8434,63.6962],[9.9241,63.7155],[9.9998,63.7239],[10.0363,63.7346],[10.071,63.7499],[10.1014,63.7676],[10.0759,63.7658],[10.0303,63.748],[10.0052,63.7465],[10.0096,63.7576],[10.0176,63.7659],[10.028,63.7714],[10.0393,63.7744],[10.0296,63.7835],[10.012,63.7801],[9.9919,63.772],[9.9739,63.7676],[9.9558,63.7663],[9.9066,63.7573],[9.8576,63.7316],[9.7796,63.7232],[9.7289,63.7021],[9.6489,63.6993],[9.6457,63.6964],[9.6438,63.6916],[9.6428,63.6872],[9.6421,63.685],[9.6371,63.6843],[9.6258,63.6859],[9.6211,63.685],[9.5868,63.6714],[9.5441,63.6656],[9.5513,63.6831],[9.5679,63.7068],[9.5527,63.7198],[9.5527,63.726],[9.7195,63.7629],[9.7781,63.7676],[9.7781,63.7744],[9.5813,63.7591],[9.5459,63.7744],[9.6628,63.8188],[9.8312,63.8616],[9.8743,63.8632],[9.8743,63.8694],[9.8307,63.8706],[9.8112,63.8747],[9.7922,63.8837],[9.8921,63.9025],[9.9124,63.9008],[9.9146,63.8915],[9.9077,63.8864],[9.9067,63.8841],[9.9258,63.8837],[9.9369,63.8863],[9.9705,63.9042],[10.068,63.9177],[10.116,63.9411],[10.1737,63.9341],[10.197,63.9383],[10.1724,63.9572],[10.1589,63.9637],[10.1418,63.9656],[10.1262,63.9621],[10.0957,63.9487],[10.064,63.9436],[10.0313,63.9343],[9.9939,63.9294],[9.9619,63.9188],[9.9431,63.9184],[9.9727,63.9418],[10.0872,63.9665],[10.1281,63.9867],[10.113,63.987],[10.1022,63.9821],[10.0921,63.9761],[10.0803,63.973],[10.0696,63.9763],[10.0645,63.9828],[10.0586,63.9868],[9.993,63.9645],[9.9631,63.9597],[9.9363,63.9594],[9.9448,63.9716],[9.9723,63.9838],[9.9841,63.9935],[9.9893,64.0095],[9.9912,64.0257],[9.9981,64.0363],[10.0182,64.0351],[10.0139,64.0443],[10.0144,64.0492],[10.0256,64.0624],[10.0148,64.0705],[10.0032,64.082],[9.9958,64.0954],[9.9978,64.1096],[10.0137,64.1188],[10.0358,64.1155],[10.0843,64.1013],[10.0984,64.0919],[10.1079,64.0897],[10.1921,64.1015],[10.2088,64.1098],[10.2175,64.1239],[10.1914,64.1174],[10.1077,64.1171],[10.1174,64.1304],[10.1338,64.1385],[10.1526,64.1408],[10.1697,64.1369],[10.161,64.1476],[10.156,64.1512],[10.156,64.158],[10.197,64.158],[10.1852,64.1609],[10.1779,64.1667],[10.1768,64.175],[10.1834,64.1854],[10.1776,64.189],[10.1745,64.1926],[10.1724,64.1959],[10.1697,64.199],[10.1878,64.1979],[10.2054,64.194],[10.2222,64.1926],[10.2373,64.199],[10.2344,64.2011],[10.2334,64.2014],[10.2311,64.2058],[10.2546,64.2055],[10.2971,64.2099],[10.32,64.2058],[10.3651,64.185],[10.3745,64.1854],[10.3654,64.2072],[10.3235,64.2222],[10.2454,64.2338],[10.2588,64.2456],[10.2837,64.2525],[10.3335,64.2604],[10.3308,64.2641],[10.3268,64.2741],[10.3516,64.275],[10.3973,64.2644],[10.3919,64.2778],[10.3914,64.2878],[10.4075,64.2893],[10.4363,64.285],[10.4494,64.2904],[10.4626,64.2941],[10.4763,64.2958],[10.4912,64.2952],[10.4912,64.3014],[10.4577,64.301],[10.4496,64.3128],[10.4522,64.331],[10.4502,64.3498],[10.471,64.3504],[10.4776,64.3498],[10.4707,64.3566],[10.4939,64.3564],[10.5173,64.35],[10.5594,64.3293],[10.5536,64.3435],[10.5393,64.3533],[10.5047,64.3641],[10.5047,64.3703],[10.5475,64.3689],[10.5674,64.3639],[10.5983,64.3458],[10.6146,64.3464],[10.6489,64.3566],[10.6489,64.3641],[10.6209,64.3629],[10.6071,64.3655],[10.6011,64.374],[10.5984,64.383],[10.5913,64.388],[10.5814,64.3903],[10.5703,64.3908],[10.5669,64.393],[10.5642,64.3979],[10.5602,64.4028],[10.553,64.4051],[10.4639,64.4051],[10.471,64.4157],[10.4831,64.4237],[10.4973,64.4291],[10.5116,64.4317],[10.5441,64.4262],[10.5991,64.4021],[10.6283,64.3976],[10.6232,64.4103],[10.6131,64.4208],[10.6022,64.4265],[10.5942,64.4249],[10.592,64.4301],[10.5877,64.4328],[10.5855,64.4343],[10.5933,64.4414],[10.5993,64.4488],[10.6047,64.4522],[10.6152,64.4501],[10.6311,64.4407],[10.6389,64.4385],[10.6463,64.4354],[10.6589,64.4213],[10.6663,64.4181],[10.7212,64.4181],[10.7319,64.4158],[10.7367,64.4101],[10.7398,64.4034],[10.7451,64.3976],[10.7538,64.3931],[10.8151,64.3703],[10.835,64.3691],[10.855,64.3778],[10.7993,64.4008],[10.7866,64.4113],[10.8052,64.4208],[10.7966,64.4323],[10.7746,64.4419],[10.7526,64.446],[10.6799,64.439],[10.6564,64.446],[10.6564,64.4522],[10.6704,64.4543],[10.6921,64.4679],[10.7041,64.4727],[10.7151,64.4725],[10.74,64.4667],[10.7526,64.4659],[10.7528,64.4682],[10.7544,64.473],[10.7573,64.4779],[10.7622,64.4802],[10.7928,64.4802],[10.8058,64.4765],[10.8273,64.4673],[10.8412,64.4659],[10.8369,64.4829],[10.8275,64.4919],[10.8147,64.4982],[10.8003,64.5075],[10.8247,64.5114],[10.8484,64.5049],[10.8693,64.492],[10.8854,64.4765],[10.8923,64.4747],[10.9002,64.4804],[10.9085,64.4883],[10.9164,64.4931],[10.9273,64.4922],[10.9362,64.4875],[10.9455,64.484],[10.9567,64.487],[10.9263,64.502],[10.9226,64.5075],[10.9279,64.5134],[10.9388,64.5129],[10.9641,64.5075],[10.9641,64.515],[10.9499,64.5205],[10.9487,64.5287],[10.9536,64.5392],[10.9567,64.5522],[10.9517,64.5588],[10.94,64.5661],[10.9264,64.5724],[10.9164,64.5758],[10.9164,64.5826],[10.9268,64.582],[10.9348,64.5836],[10.9505,64.59],[10.9535,64.5928],[10.9557,64.5972],[10.957,64.6013],[10.9567,64.603],[10.9712,64.6026],[10.9954,64.5926],[11.0519,64.5798],[11.0603,64.5758],[11.0635,64.5661],[11.0597,64.5474],[11.0635,64.5382],[11.0762,64.5236],[11.0843,64.5215],[11.1013,64.5211],[11.1672,64.4892],[11.1781,64.4787],[11.1761,64.4655],[11.1628,64.446],[11.1851,64.4416],[11.2454,64.4522],[11.2698,64.4526],[11.294,64.4492],[11.3177,64.4421],[11.3416,64.4317],[11.3318,64.4121],[11.3203,64.3987],[11.2687,64.3666],[11.2249,64.3225],[11.2474,64.3256],[11.2673,64.3395],[11.3,64.3703],[11.3776,64.3972],[11.3893,64.4051],[11.37,64.4107],[11.3621,64.4113],[11.3696,64.4202],[11.3972,64.4457],[11.4098,64.4522],[11.4168,64.4506],[11.4346,64.4409],[11.4434,64.4385],[11.4539,64.4399],[11.4774,64.4522],[11.5203,64.4625],[11.6126,64.4695],[11.6563,64.4802],[11.4378,64.4659],[11.4478,64.477],[11.4517,64.4963],[11.4607,64.5112],[11.4753,64.5172],[11.5213,64.5182],[11.5396,64.5211],[11.5396,64.528],[11.5281,64.5294],[11.5181,64.5331],[11.5104,64.5394],[11.506,64.5484],[11.5737,64.5559],[11.5545,64.5445],[11.547,64.5416],[11.5701,64.5373],[11.6563,64.5695],[11.7505,64.5857],[11.7798,64.5969],[11.6595,64.5943],[11.6358,64.5826],[11.6245,64.5926],[11.6279,64.6026],[11.6336,64.613],[11.6289,64.6242],[11.6112,64.6286],[11.5891,64.623],[11.5679,64.6125],[11.5532,64.603],[11.5627,64.5985],[11.5728,64.5964],[11.5835,64.596],[11.5947,64.5969],[11.5772,64.575],[11.5476,64.5682],[11.5168,64.5729],[11.4949,64.5863],[11.4855,64.5953],[11.4639,64.6113],[11.4544,64.6204],[11.4434,64.6271],[11.4295,64.6316],[11.4207,64.6364],[11.4241,64.644],[11.4241,64.6514],[11.4126,64.656],[11.402,64.6632],[11.3957,64.6728],[11.3962,64.6856],[11.402,64.6883],[11.4114,64.6861],[11.4202,64.6861],[11.4241,64.6959],[11.4207,64.6994],[11.4126,64.7029],[11.4033,64.7056],[11.3962,64.7067],[11.4211,64.7138],[11.4798,64.7195],[11.5317,64.7446],[11.5604,64.7423],[11.5886,64.7364],[11.6159,64.7402],[11.61,64.7415],[11.5947,64.7477],[11.5952,64.7585],[11.5842,64.762],[11.5677,64.7633],[11.5532,64.7675],[11.7904,64.7836],[11.8233,64.7938],[11.8418,64.7949],[11.8418,64.8023],[11.7388,64.8023],[11.7456,64.8091],[11.7166,64.8112],[11.6709,64.8206],[11.6432,64.8227],[11.6771,64.8321],[11.7873,64.8358],[11.7868,64.8407],[11.7855,64.8438],[11.7798,64.8501],[11.7873,64.8576],[11.7189,64.8413],[11.6836,64.8371],[11.6494,64.8432],[11.7085,64.8583],[11.7261,64.8766],[11.7455,64.8842],[11.7664,64.8892],[11.8145,64.8951],[11.9168,64.9252],[11.992,64.9302],[12.0088,64.936],[12.0193,64.9432],[12.051,64.9573],[12.0637,64.9599],[12.2249,64.9394],[12.1863,64.9595],[12.1439,64.9694],[12.0535,64.973],[12.0335,64.9699],[11.9981,64.9562],[11.9822,64.9531],[11.9116,64.9494],[11.7388,64.8911],[11.617,64.8696],[11.6084,64.862],[11.6221,64.8501],[11.6221,64.8432],[11.5476,64.8196],[11.5225,64.8159],[11.495,64.8149],[11.4783,64.8106],[11.4649,64.8012],[11.4474,64.7849],[11.4268,64.7703],[11.4033,64.7597],[11.3786,64.7524],[11.261,64.7344],[11.2385,64.7402],[11.251,64.7453],[11.3101,64.756],[11.3379,64.7654],[11.3514,64.7675],[11.3605,64.7712],[11.4214,64.8083],[11.4297,64.8159],[11.3464,64.805],[11.3024,64.822],[11.2551,64.8166],[11.2317,64.8227],[11.2527,64.8378],[11.282,64.8445],[11.5238,64.8625],[11.6649,64.8933],[11.6971,64.9122],[11.6725,64.9123],[11.6016,64.8911],[11.2454,64.8576],[11.2673,64.8698],[11.4014,64.9223],[11.4232,64.9252],[11.4502,64.9223],[11.5122,64.8985],[11.5334,64.8959],[11.5542,64.8991],[11.5745,64.9069],[11.5947,64.9184],[11.5947,64.9252],[11.5779,64.9226],[11.5493,64.9079],[11.5339,64.9047],[11.522,64.9081],[11.4774,64.9326],[11.4954,64.9409],[11.5601,64.9531],[11.5801,64.9528],[11.6211,64.9444],[11.6358,64.9456],[11.6307,64.9489],[11.6224,64.9564],[11.6159,64.9599],[11.6291,64.9659],[11.6398,64.9628],[11.6502,64.9565],[11.6631,64.9531],[11.7106,64.9573],[11.7668,64.9709],[11.7764,64.9767],[11.8202,64.9812],[11.835,64.9866],[11.8177,64.9914],[11.8045,64.9986],[11.8015,65.0076],[11.8142,65.018],[11.8726,65.0419],[11.9076,65.0491],[11.9431,65.0624],[11.9785,65.0688],[12.0125,65.0555],[12.0093,65.0461],[12.0101,65.036],[12.0155,65.0296],[12.0261,65.0313],[12.0314,65.0364],[12.0387,65.0516],[12.0435,65.059],[12.0545,65.0656],[12.0604,65.06],[12.0632,65.0507],[12.0637,65.0456],[12.0759,65.0395],[12.09,65.0414],[12.1037,65.0465],[12.1156,65.0493],[12.1371,65.0467],[12.1532,65.0395],[12.1659,65.0285],[12.177,65.0146],[12.1764,65.0112],[12.176,65.0098],[12.1726,65.0036],[12.1732,64.9978],[12.1843,64.9941],[12.194,64.9949],[12.2015,64.9992],[12.2017,64.9993],[12.2073,65.006],[12.2112,65.0146],[12.2018,65.0195],[12.1931,65.0259],[12.1869,65.0345],[12.1843,65.0456],[12.1931,65.0505],[12.2809,65.0601],[12.339,65.0825],[12.3688,65.0903],[12.438,65.0846],[12.4715,65.0893],[12.4861,65.1135],[12.5075,65.1212],[12.6065,65.126],[12.6362,65.1313],[12.6204,65.1369],[12.612,65.1383],[12.6022,65.1374],[12.6174,65.1498],[12.6372,65.1535],[12.6584,65.1545],[12.6773,65.1592],[12.7156,65.1846],[12.7746,65.2116],[12.7905,65.2138],[12.7962,65.219],[12.801,65.2305],[12.8074,65.2421],[12.8179,65.2473],[12.8381,65.2536],[12.931,65.3124],[12.94,65.3278],[12.9318,65.3332],[12.8963,65.312],[12.8566,65.2957],[12.8456,65.2895],[12.8254,65.2746],[12.6682,65.1959],[12.5687,65.1667],[12.5537,65.1654],[12.541,65.1623],[12.5149,65.1481],[12.5028,65.1449],[12.429,65.1392],[12.3901,65.1425],[12.3688,65.1518],[12.3817,65.1772],[12.4706,65.1826],[12.4992,65.2001],[12.4876,65.2],[12.4613,65.2028],[12.4514,65.2064],[12.4383,65.2138],[12.4378,65.2161],[12.4387,65.2247],[12.4383,65.2269],[12.417,65.2302],[12.3779,65.2214],[12.3552,65.22],[12.3552,65.2269],[12.39,65.2427],[12.4082,65.2469],[12.4309,65.2473],[12.48,65.2403],[12.5081,65.2407],[12.5202,65.2507],[12.677,65.2492],[12.7121,65.2541],[12.6807,65.2627],[12.5881,65.261],[12.5164,65.2678],[12.5027,65.2654],[12.4748,65.2554],[12.4582,65.2541],[12.4627,65.2641],[12.465,65.2678],[12.4357,65.2733],[12.3455,65.2678],[12.3206,65.2602],[12.2995,65.2447],[12.2762,65.2322],[12.2453,65.2336],[12.2572,65.2451],[12.3005,65.2678],[12.312,65.2763],[12.3306,65.2951],[12.3421,65.3026],[12.3781,65.3094],[12.4163,65.3088],[12.4514,65.3135],[12.4787,65.3367],[12.46,65.3368],[12.4103,65.3225],[12.4186,65.3351],[12.433,65.3445],[12.492,65.3691],[12.4992,65.3708],[12.5064,65.3688],[12.5103,65.3641],[12.513,65.3593],[12.5164,65.3572],[12.6008,65.3547],[12.6257,65.3472],[12.6397,65.3353],[12.6565,65.3258],[12.6745,65.3226],[12.6916,65.3298],[12.6628,65.3547],[12.6244,65.3576],[12.5833,65.3585],[12.547,65.364],[12.5381,65.3725],[12.5339,65.3919],[12.527,65.4056],[12.5148,65.4169],[12.4888,65.4323],[12.4787,65.4465],[12.528,65.4487],[12.5486,65.447],[12.5674,65.4398],[12.57,65.4352],[12.569,65.4293],[12.569,65.4235],[12.5742,65.4186],[12.5833,65.4179],[12.5916,65.4299],[12.6022,65.4323],[12.6292,65.4212],[12.6807,65.3799],[12.7121,65.3708],[12.6408,65.4164],[12.6294,65.4323],[12.6497,65.4503],[12.7803,65.4596],[12.741,65.4678],[12.6084,65.4596],[12.6084,65.467],[12.6208,65.4697],[12.6439,65.4781],[12.6569,65.4807],[12.6338,65.488],[12.5965,65.4886],[12.578,65.498],[12.5646,65.5137],[12.5733,65.5193],[12.5935,65.5219],[12.6157,65.5285],[12.5942,65.534],[12.5794,65.5495],[12.5726,65.5699],[12.5742,65.59],[12.5519,65.568],[12.5371,65.5348],[12.5137,65.5122],[12.465,65.5217],[12.4863,65.538],[12.5081,65.5491],[12.5257,65.5618],[12.5339,65.5832],[12.51,65.5737],[12.4666,65.5369],[12.4383,65.5285],[12.4043,65.535],[12.3965,65.5519],[12.4043,65.5741],[12.4172,65.5967],[12.3973,65.5963],[12.3817,65.5924],[12.3684,65.5927],[12.3552,65.6042],[12.3571,65.6077],[12.3591,65.6176],[12.3577,65.6293],[12.3489,65.6384],[12.3641,65.6525],[12.3982,65.6712],[12.4137,65.6828],[12.4304,65.7004],[12.4383,65.706],[12.448,65.7104],[12.4668,65.7167],[12.4756,65.724],[12.4954,65.7333],[12.5251,65.7344],[12.5545,65.7294],[12.5742,65.7203],[12.5813,65.7131],[12.5855,65.7066],[12.5874,65.6994],[12.5879,65.6896],[12.5942,65.6863],[12.6362,65.6862],[12.6265,65.6811],[12.6157,65.6733],[12.6082,65.6632],[12.6084,65.6514],[12.615,65.6525],[12.6569,65.6384],[12.6931,65.6443],[12.7124,65.6441],[12.7409,65.6297],[12.7578,65.6302],[12.7749,65.6339],[12.7871,65.6384],[12.7769,65.6491],[12.7581,65.6553],[12.7371,65.6581],[12.6966,65.6591],[12.6836,65.6614],[12.6743,65.6675],[12.6636,65.6793],[12.6585,65.6901],[12.6559,65.7012],[12.6502,65.7099],[12.6233,65.7156],[12.5864,65.7277],[12.5742,65.734],[12.5578,65.7537],[12.5671,65.7665],[12.6157,65.7891],[12.6343,65.8027],[12.6454,65.8077],[12.6603,65.8097],[12.6731,65.8059],[12.6851,65.7978],[12.6987,65.7906],[12.7175,65.7891],[12.7046,65.8022],[12.7112,65.8271],[12.6937,65.8355],[12.6662,65.8342],[12.6263,65.8274],[12.6157,65.8279],[12.6117,65.8347],[12.6157,65.8507],[12.6198,65.8553],[12.6314,65.8598],[12.6362,65.8643],[12.6389,65.8712],[12.6404,65.8856],[12.6424,65.8916],[12.6604,65.9118],[12.6823,65.9267],[12.7891,65.965],[12.8174,65.9687],[12.8485,65.9667],[12.9175,65.953],[12.9297,65.9463],[12.9517,65.9307],[12.9658,65.9257],[12.9854,65.9253],[13.0228,65.9298],[13.0404,65.9257],[13.0486,65.9196],[13.0593,65.905],[13.0682,65.8984],[13.0773,65.8954],[13.094,65.8937],[13.1026,65.8916],[13.1081,65.8913],[13.1149,65.8923],[13.1205,65.8922],[13.1229,65.8882],[13.1227,65.8795],[13.1229,65.8779],[13.157,65.8507],[13.176,65.8558],[13.167,65.8716],[13.1511,65.8925],[13.1497,65.9121],[13.1336,65.9243],[13.126,65.9333],[13.1229,65.9431],[13.1126,65.9468],[13.0485,65.9468],[12.9784,65.9599],[12.9424,65.9739],[12.9243,65.994],[12.9456,65.9998],[12.9631,66.0102],[12.968,66.0229],[12.9515,66.0356],[12.9706,66.0528],[13.0236,66.0673],[13.0404,66.0834],[13.0022,66.0827],[12.9273,66.0615],[12.7121,66.0424],[12.7155,66.0469],[12.7171,66.0501],[12.7196,66.0529],[12.7256,66.0561],[12.7129,66.0615],[12.6994,66.0634],[12.6704,66.0629],[12.6872,66.0746],[12.7517,66.1051],[12.7732,66.1113],[12.8059,66.1156],[12.869,66.1343],[13.0475,66.1523],[13.0754,66.1461],[13.0895,66.1461],[13.0956,66.1554],[13.1037,66.1616],[13.1567,66.1694],[13.1735,66.1754],[13.2254,66.1858],[13.306,66.2179],[13.5272,66.2401],[13.5618,66.2342],[13.5765,66.2189],[13.5574,66.2051],[13.5232,66.1957],[13.4928,66.1933],[13.4928,66.1858],[13.5823,66.1858],[13.5716,66.1724],[13.5446,66.152],[13.5344,66.1386],[13.5301,66.1203],[13.5359,66.1105],[13.5477,66.108],[13.5618,66.1113],[13.5736,66.1192],[13.6009,66.1433],[13.617,66.1523],[13.6397,66.1573],[13.7119,66.1585],[13.7466,66.1662],[13.7603,66.166],[13.771,66.1632],[13.7898,66.1553],[13.8216,66.147],[13.8304,66.1487],[13.8348,66.1585],[13.8318,66.1685],[13.8224,66.1718],[13.7766,66.1762],[13.7051,66.1728],[13.6095,66.1858],[13.6411,66.2206],[13.6965,66.2387],[13.7578,66.2424],[13.8081,66.2342],[13.7992,66.2238],[13.773,66.2103],[13.7603,66.1994],[13.7884,66.2008],[13.8367,66.2221],[13.9729,66.2379],[13.9862,66.241],[13.9963,66.2497],[14.0023,66.2611],[14.0098,66.2709],[14.036,66.2775],[14.0516,66.2873],[14.0868,66.2929],[14.1128,66.3023],[14.1346,66.3164],[14.1439,66.3338],[14.1305,66.3431],[14.1001,66.3369],[14.0483,66.3168],[13.964,66.3048],[13.9385,66.2956],[13.9154,66.272],[13.9075,66.2684],[13.8035,66.2778],[13.7803,66.2826],[13.7643,66.2934],[13.7538,66.2958],[13.7393,66.2895],[13.7404,66.2775],[13.7236,66.2641],[13.6991,66.2531],[13.6198,66.2409],[13.5916,66.2438],[13.5755,66.2622],[13.6232,66.2752],[13.613,66.281],[13.6009,66.2859],[13.5881,66.289],[13.5755,66.2895],[13.5635,66.2861],[13.5032,66.259],[13.4675,66.2554],[13.4137,66.2431],[13.3273,66.2458],[13.2874,66.241],[13.2048,66.2047],[13.0693,66.1741],[13.0404,66.1796],[13.0316,66.1982],[13.0552,66.2109],[13.0894,66.2207],[13.1125,66.2308],[13.1345,66.2471],[13.1631,66.2591],[13.3213,66.3003],[13.4943,66.3],[13.5344,66.3093],[13.5056,66.3186],[13.4035,66.3168],[13.4113,66.3273],[13.4233,66.3325],[13.4519,66.3372],[13.4329,66.3432],[13.4155,66.3426],[13.3799,66.3372],[13.3648,66.3383],[13.3579,66.3417],[13.3524,66.3479],[13.3421,66.3571],[13.3235,66.3694],[13.3109,66.3745],[13.307,66.3691],[13.3147,66.3503],[13.3308,66.3371],[13.3377,66.3278],[13.3318,66.3236],[13.3174,66.3218],[13.2266,66.2973],[13.2121,66.2956],[13.1553,66.3037],[13.1366,66.3031],[13.1468,66.309],[13.1577,66.3183],[13.1616,66.3267],[13.1502,66.3304],[13.1338,66.3288],[13.0956,66.3168],[13.0641,66.3144],[13.0373,66.32],[13.0156,66.3341],[13.0,66.3571],[13.141,66.3861],[13.1707,66.4123],[13.1657,66.4164],[13.1613,66.4221],[13.1582,66.4289],[13.157,66.4366],[13.1497,66.4435],[13.1026,66.4539],[13.1162,66.4592],[13.1317,66.4609],[13.1638,66.4601],[13.1638,66.467],[13.1488,66.4704],[13.117,66.4714],[13.1026,66.4744],[13.0928,66.4817],[13.0879,66.4905],[13.0818,66.498],[13.0682,66.5011],[13.0405,66.502],[13.0171,66.5053],[12.9954,66.5118],[12.972,66.5222],[13.1026,66.5427],[13.1135,66.5405],[13.1333,66.5307],[13.1859,66.5216],[13.209,66.5141],[13.2191,66.5048],[13.2224,66.4908],[13.2285,66.4785],[13.2315,66.4681],[13.2254,66.4601],[13.2254,66.4539],[13.3621,66.4555],[13.3972,66.467],[13.2879,66.4601],[13.2669,66.467],[13.2705,66.4838],[13.2844,66.4985],[13.2878,66.5095],[13.2595,66.5154],[13.2595,66.5222],[13.2849,66.5241],[13.3303,66.539],[13.356,66.5427],[13.4414,66.5399],[13.4658,66.5465],[13.4894,66.5501],[13.5176,66.5446],[13.5686,66.5285],[13.6192,66.519],[13.6711,66.5154],[13.6489,66.5306],[13.6234,66.5388],[13.48,66.555],[13.4588,66.5638],[13.5071,66.5843],[13.6013,66.6072],[13.7262,66.6048],[13.6875,66.6158],[13.5028,66.6065],[13.4724,66.5974],[13.4233,66.5628],[13.3963,66.5573],[13.3352,66.5563],[13.2704,66.5479],[13.239,66.5484],[13.2048,66.5563],[13.2097,66.5737],[13.2181,66.5831],[13.2459,66.598],[13.2393,66.6009],[13.2328,66.6048],[13.25,66.6138],[13.2883,66.6164],[13.3322,66.6263],[13.3816,66.6191],[13.4035,66.6252],[13.3733,66.6333],[13.2507,66.6331],[13.1707,66.6519],[13.1912,66.6666],[13.2139,66.6625],[13.2373,66.654],[13.2601,66.6553],[13.2839,66.6607],[13.307,66.6569],[13.3289,66.6498],[13.3489,66.6457],[13.3753,66.6481],[13.4251,66.6592],[13.4519,66.6588],[13.5213,66.6406],[13.5474,66.6383],[13.5226,66.6611],[13.4802,66.6753],[13.2669,66.7016],[13.2254,66.714],[13.256,66.7241],[13.4932,66.714],[13.5003,66.7108],[13.5166,66.6967],[13.5276,66.6935],[13.6931,66.6913],[13.7188,66.7004],[13.6983,66.7072],[13.6983,66.714],[13.799,66.7115],[13.8512,66.7171],[13.8901,66.7351],[13.7119,66.7351],[13.6769,66.7308],[13.6107,66.7142],[13.5755,66.714],[13.5471,66.7243],[13.5432,66.7392],[13.5588,66.7535],[13.5891,66.7618],[13.718,66.7506],[13.7529,66.7618],[13.721,66.7695],[13.5637,66.7772],[13.5513,66.7724],[13.5433,66.7715],[13.5071,66.7823],[13.5418,66.8032],[13.6122,66.8098],[13.6873,66.807],[13.7683,66.7926],[13.993,66.7897],[13.948,66.8002],[13.8014,66.8096],[13.7854,66.8137],[13.7585,66.8323],[13.7393,66.8376],[13.7029,66.8322],[13.6883,66.835],[13.6779,66.8511],[13.6843,66.8521],[13.6934,66.8564],[13.6983,66.858],[13.6852,66.8613],[13.6571,66.8637],[13.6439,66.868],[13.6377,66.8747],[13.6362,66.8917],[13.6306,66.8996],[13.6057,66.9069],[13.5475,66.8996],[13.5208,66.9057],[13.5436,66.9219],[13.565,66.9324],[13.5897,66.9382],[13.7445,66.937],[13.7803,66.9461],[13.773,66.9509],[13.7683,66.9561],[13.7603,66.9678],[13.839,66.9641],[13.8628,66.9678],[13.8692,66.9715],[13.8822,66.9835],[13.8901,66.9883],[13.9016,66.9921],[13.9133,66.994],[13.9385,66.9946],[13.9727,66.9946],[13.9578,66.974],[13.9363,66.966],[13.9124,66.962],[13.8901,66.9536],[13.9175,66.9289],[13.9346,66.9222],[13.959,66.9269],[13.9519,66.9279],[13.9317,66.9331],[13.98,66.9536],[13.9823,66.9567],[13.9832,66.9616],[13.9857,66.966],[13.993,66.9678],[14.0205,66.9664],[14.0278,66.9678],[14.0438,66.9809],[14.0427,66.9951],[14.0309,67.0092],[14.0143,67.0225],[14.0232,67.03],[14.0329,67.0487],[14.0403,67.056],[14.0599,67.0609],[14.0715,67.0534],[14.0789,67.0424],[14.0856,67.0368],[14.0853,67.0304],[14.0993,67.0031],[14.1094,66.9907],[14.1515,66.9716],[14.1646,66.9791],[14.1771,66.9796],[14.1907,66.9765],[14.2009,66.9776],[14.2107,66.9802],[14.2228,66.9815],[14.2267,66.9836],[14.2262,66.9926],[14.2297,66.9946],[14.2517,67.0039],[14.2691,67.024],[14.2708,67.0432],[14.2463,67.0498],[14.2721,67.06],[14.4182,67.0634],[14.4373,67.0602],[14.4741,67.0461],[14.4934,67.043],[14.5296,67.0485],[14.5443,67.0454],[14.5554,67.0293],[14.5525,67.0185],[14.5682,67.0181],[14.5877,67.0268],[14.5959,67.043],[14.5813,67.0584],[14.5518,67.0641],[14.4968,67.0634],[14.3767,67.0777],[14.2901,67.0758],[14.2674,67.0839],[14.2874,67.0898],[14.3037,67.1009],[14.319,67.1138],[14.3358,67.1249],[14.3218,67.1364],[14.3281,67.147],[14.3452,67.1552],[14.363,67.1597],[14.4519,67.1658],[14.4421,67.1592],[14.428,67.1451],[14.4157,67.1294],[14.4114,67.1187],[14.4229,67.1094],[14.4408,67.1152],[14.4593,67.1278],[14.4729,67.1392],[14.4675,67.1425],[14.4646,67.1457],[14.4626,67.149],[14.4592,67.1528],[14.6769,67.1596],[14.7092,67.1508],[14.7337,67.1249],[14.7433,67.1183],[14.7503,67.1239],[14.7507,67.1352],[14.7472,67.1454],[14.7367,67.1558],[14.7232,67.1612],[14.6514,67.1767],[14.5139,67.1801],[14.5365,67.1901],[14.57,67.2],[14.6038,67.2043],[14.6272,67.1972],[14.6516,67.1852],[14.6787,67.1878],[14.7058,67.1959],[14.7425,67.2028],[14.7673,67.2121],[14.7814,67.2143],[14.883,67.2062],[14.9793,67.2143],[14.9793,67.2069],[14.9377,67.2045],[14.9248,67.2006],[14.9326,67.1805],[14.9197,67.1719],[14.9007,67.1658],[14.8906,67.1528],[14.8991,67.1416],[14.9412,67.1237],[14.9729,67.1038],[14.9939,67.0991],[15.008,67.1022],[15.0039,67.1149],[14.9863,67.1282],[14.9492,67.1419],[14.9317,67.1528],[14.9442,67.1577],[15.0054,67.1974],[15.0195,67.2041],[15.074,67.2134],[15.0946,67.2134],[15.1299,67.1958],[15.1509,67.1931],[15.2186,67.1923],[15.2394,67.1879],[15.2817,67.1733],[15.3006,67.169],[15.3568,67.1658],[15.3833,67.1567],[15.3947,67.142],[15.3919,67.1221],[15.3767,67.0976],[15.4041,67.0844],[15.4356,67.0758],[15.469,67.0712],[15.5015,67.0703],[15.4912,67.0805],[15.4548,67.0901],[15.4387,67.0976],[15.4424,67.1081],[15.4387,67.1187],[15.4705,67.1428],[15.4803,67.1528],[15.4729,67.1528],[15.4554,67.1718],[15.4007,67.1879],[15.3767,67.2006],[15.4105,67.2131],[15.4551,67.2136],[15.7163,67.1733],[15.7404,67.1733],[15.7332,67.1876],[15.7204,67.1933],[15.7056,67.1975],[15.6926,67.2069],[15.7063,67.2143],[15.6062,67.2028],[15.5505,67.2195],[15.408,67.2357],[15.3836,67.2347],[15.3568,67.228],[15.3117,67.2089],[15.2874,67.2056],[15.2612,67.2143],[15.2832,67.2206],[15.3076,67.2219],[15.3291,67.2263],[15.3425,67.2416],[15.283,67.247],[15.2681,67.2447],[15.2554,67.2403],[15.241,67.2371],[15.2127,67.2348],[15.0625,67.2477],[15.0778,67.2604],[15.0979,67.2637],[15.119,67.2644],[15.1377,67.2695],[15.1475,67.2777],[15.1651,67.3105],[15.138,67.311],[15.0552,67.2962],[15.0278,67.2943],[15.0135,67.2917],[15.0073,67.2863],[15.0047,67.2787],[14.9983,67.2735],[14.9895,67.2705],[14.98,67.2695],[14.9094,67.2747],[14.7746,67.2695],[14.7892,67.2637],[14.8206,67.2612],[14.8355,67.2553],[14.8112,67.2447],[14.6738,67.2167],[14.617,67.2143],[14.6729,67.2337],[14.6946,67.2484],[14.6921,67.2695],[14.6995,67.2757],[14.6818,67.2783],[14.6624,67.2747],[14.6238,67.2621],[14.5757,67.2519],[14.4109,67.2477],[14.3906,67.2443],[14.3703,67.238],[14.3494,67.2351],[14.3283,67.2416],[14.3916,67.2598],[14.4114,67.2695],[14.4069,67.2781],[14.4178,67.2845],[14.4519,67.2962],[14.4922,67.3229],[14.6017,67.3773],[14.6116,67.3879],[14.6052,67.3938],[14.5759,67.3924],[14.5759,67.3986],[14.5867,67.3986],[14.597,67.4001],[14.617,67.4061],[14.6231,67.4206],[14.6525,67.4263],[14.7424,67.4201],[14.772,67.4233],[14.8,67.4218],[14.8224,67.4061],[14.8143,67.4028],[14.8079,67.398],[14.7951,67.3856],[14.8247,67.3783],[14.854,67.389],[14.883,67.4048],[14.9115,67.4129],[14.9447,67.416],[14.9828,67.4238],[15.049,67.447],[14.9391,67.4409],[14.8224,67.447],[14.8278,67.4501],[14.8428,67.4613],[14.8225,67.466],[14.7842,67.4625],[14.7678,67.4675],[14.7808,67.475],[14.7686,67.4808],[14.7552,67.4853],[14.7412,67.4879],[14.7268,67.4887],[14.7401,67.501],[14.7658,67.5143],[14.7941,67.5252],[14.9904,67.5706],[15.0588,67.5773],[15.0835,67.5737],[15.1154,67.564],[15.1439,67.5506],[15.1589,67.5358],[15.1462,67.5324],[15.1333,67.5305],[15.1069,67.5296],[15.0973,67.5317],[15.0804,67.5412],[15.0515,67.5493],[15.03,67.5598],[15.0083,67.5637],[14.9868,67.5495],[15.006,67.5408],[15.0364,67.5185],[15.0552,67.5159],[15.0104,67.487],[14.885,67.4864],[14.8293,67.475],[14.8539,67.4702],[14.9872,67.466],[15.0168,67.4687],[15.0381,67.478],[15.0559,67.4887],[15.0794,67.4963],[15.1037,67.5008],[15.124,67.5023],[15.1418,67.5069],[15.1589,67.5158],[15.1758,67.5213],[15.1929,67.5159],[15.1882,67.5087],[15.1914,67.5017],[15.2004,67.4965],[15.2127,67.4948],[15.2127,67.4887],[15.1979,67.484],[15.1829,67.4818],[15.1514,67.4811],[15.1514,67.475],[15.1571,67.4737],[15.1724,67.4675],[15.1644,67.455],[15.1536,67.4465],[15.1433,67.4367],[15.1377,67.4204],[15.1556,67.4244],[15.1892,67.4429],[15.2096,67.447],[15.2171,67.4495],[15.2227,67.4557],[15.2258,67.4636],[15.2271,67.4713],[15.2311,67.4761],[15.241,67.4792],[15.3713,67.4877],[15.429,67.483],[15.4729,67.4613],[15.4793,67.4528],[15.4922,67.4315],[15.5418,67.3794],[15.544,67.3735],[15.5456,67.3585],[15.5486,67.3515],[15.5515,67.3503],[15.5759,67.331],[15.6091,67.3151],[15.6448,67.303],[15.6448,67.2962],[15.6048,67.2909],[15.6035,67.2803],[15.6262,67.2726],[15.6585,67.2757],[15.7,67.303],[15.6922,67.3126],[15.638,67.3242],[15.6214,67.3337],[15.6187,67.3395],[15.6204,67.3461],[15.6174,67.3577],[15.5993,67.3769],[15.5964,67.3825],[15.5855,67.3956],[15.5603,67.4096],[15.5144,67.4265],[15.53,67.4389],[15.5664,67.4513],[15.5828,67.4613],[15.5542,67.4608],[15.5408,67.4625],[15.5287,67.4675],[15.5584,67.4934],[15.5979,67.5099],[15.7863,67.5506],[15.898,67.5569],[15.8682,67.5732],[15.6681,67.5519],[15.5559,67.5159],[15.4987,67.5105],[15.2673,67.5244],[15.2393,67.5292],[15.2271,67.5395],[15.2284,67.5588],[15.2334,67.5667],[15.2612,67.5773],[15.2557,67.5787],[15.2407,67.5842],[15.2756,67.5936],[15.3079,67.5941],[15.3767,67.5842],[15.4109,67.5834],[15.4256,67.5792],[15.4364,67.5598],[15.4466,67.5617],[15.4582,67.5689],[15.4661,67.5773],[15.4188,67.6047],[15.4243,67.6059],[15.4387,67.6121],[15.4238,67.6238],[15.4066,67.6313],[15.3882,67.6324],[15.3705,67.6252],[15.3804,67.6152],[15.384,67.6121],[15.3591,67.6052],[15.3308,67.6113],[15.3018,67.621],[15.2749,67.6252],[15.2229,67.6119],[15.1943,67.6087],[15.1786,67.6184],[15.1965,67.6446],[15.3369,67.6872],[15.3049,67.6866],[15.2894,67.6884],[15.2749,67.694],[15.2915,67.7149],[15.3011,67.7202],[15.3158,67.722],[15.3303,67.7204],[15.3687,67.7103],[15.4123,67.6889],[15.5418,67.6736],[15.5217,67.6896],[15.5144,67.694],[15.6585,67.6804],[15.5872,67.7043],[15.5481,67.7112],[15.4866,67.6989],[15.4573,67.7078],[15.4046,67.7351],[15.4046,67.7419],[15.5969,67.7488],[15.6585,67.7351],[15.7997,67.679],[15.822,67.6778],[15.8366,67.694],[15.8211,67.6936],[15.8068,67.6957],[15.7938,67.7004],[15.7819,67.7077],[15.7853,67.7143],[15.7855,67.7219],[15.7887,67.7282],[15.6692,67.7618],[15.6305,67.7624],[15.6406,67.7753],[15.6575,67.7825],[15.6763,67.7881],[15.6926,67.7965],[15.6751,67.7967],[15.6598,67.7938],[15.6111,67.7763],[15.595,67.7739],[15.4114,67.7965],[15.4216,67.8131],[15.4461,67.8322],[15.4461,67.8449],[15.4328,67.8607],[15.4209,67.8568],[15.4111,67.8419],[15.4046,67.8244],[15.3836,67.8553],[15.3695,67.8652],[15.3568,67.8511],[15.3601,67.8435],[15.3789,67.8149],[15.384,67.8039],[15.3089,67.776],[15.2622,67.7523],[15.2238,67.7434],[15.1937,67.7199],[15.182,67.7145],[15.1624,67.7125],[15.0407,67.6776],[14.9524,67.6636],[14.9353,67.6562],[14.9181,67.6515],[14.8361,67.6425],[14.8084,67.6483],[14.7527,67.648],[14.7268,67.6594],[14.877,67.7003],[14.877,67.7077],[14.7808,67.7145],[14.793,67.7288],[14.8141,67.7289],[14.8374,67.7244],[14.8565,67.7251],[14.8755,67.7311],[15.1172,67.7419],[15.0876,67.7485],[15.05,67.7449],[15.0153,67.7466],[14.9937,67.7692],[15.0151,67.7746],[15.0347,67.7829],[14.877,67.7733],[14.8293,67.7624],[14.8396,67.7658],[14.843,67.7692],[14.8396,67.7726],[14.8293,67.776],[14.8312,67.7918],[14.8193,67.7974],[14.8023,67.794],[14.7883,67.7829],[14.7786,67.7849],[14.7695,67.7897],[14.7612,67.7965],[14.7541,67.8039],[14.773,67.816],[14.7894,67.8228],[14.807,67.8253],[14.8732,67.8229],[14.9593,67.8372],[15.0632,67.8388],[15.1029,67.8511],[15.0759,67.8615],[14.8496,67.8449],[14.8496,67.8511],[14.8592,67.8506],[14.8674,67.8519],[14.8838,67.8585],[14.8994,67.873],[14.9453,67.8868],[14.9987,67.8955],[15.0363,67.8945],[15.085,67.8873],[15.1921,67.8861],[15.2332,67.8722],[15.2163,67.8682],[15.2012,67.8598],[15.1934,67.8474],[15.1991,67.8312],[15.3021,67.8904],[15.3369,67.8996],[15.3381,67.8918],[15.3599,67.8917],[15.4832,67.9177],[15.5355,67.9199],[15.5435,67.917],[15.5176,67.8893],[15.51,67.8834],[15.5046,67.8801],[15.5032,67.8754],[15.5076,67.8654],[15.5149,67.8564],[15.5234,67.8518],[15.5326,67.8524],[15.5418,67.8585],[15.5243,67.8668],[15.5244,67.878],[15.5349,67.8898],[15.5486,67.8996],[15.5659,67.9062],[15.584,67.9101],[15.598,67.9167],[15.6038,67.9306],[15.7523,67.9521],[15.7887,67.9514],[15.8208,67.9376],[15.8322,67.9274],[15.8366,67.9101],[15.841,67.9011],[15.8506,67.8983],[15.8601,67.8996],[15.8645,67.9029],[15.8708,67.9268],[15.8855,67.9389],[15.9321,67.9578],[15.945,67.9656],[15.9528,67.9739],[15.9663,67.9951],[15.9533,67.9951],[15.9688,68.0086],[16.0007,68.0123],[16.0632,68.0094],[16.0632,68.0162],[15.9009,68.0236],[15.8503,68.0367],[15.8503,68.0429],[15.888,68.0579],[15.8983,68.0668],[15.8775,68.0709],[15.865,68.0678],[15.8247,68.0527],[15.8162,68.0466],[15.7892,68.0343],[15.6024,68.0383],[15.593,68.0431],[15.5874,68.0515],[15.5759,68.0634],[15.5588,68.0736],[15.5454,68.0747],[15.5335,68.0702],[15.5207,68.0634],[15.384,68.023],[15.3928,68.0113],[15.4071,68.0096],[15.4235,68.0112],[15.4387,68.0094],[15.3982,67.9949],[15.3568,67.9959],[15.3171,68.0105],[15.2817,68.0367],[15.2943,68.0472],[15.3096,68.0513],[15.3262,68.0534],[15.3425,68.0572],[15.3545,68.08],[15.4036,68.1046],[15.4634,68.1242],[15.5076,68.1323],[15.502,68.118],[15.5041,68.1052],[15.513,68.0956],[15.5287,68.0913],[15.5335,68.0943],[15.5349,68.1085],[15.5383,68.1118],[15.583,68.1118],[15.5931,68.1155],[15.6299,68.1346],[15.638,68.1428],[15.6362,68.1655],[15.6437,68.1689],[15.6658,68.1671],[15.6628,68.1631],[15.6611,68.1597],[15.6602,68.1563],[15.6585,68.1528],[15.6774,68.1489],[15.7165,68.1456],[15.7341,68.1397],[15.7181,68.1315],[15.7,68.126],[15.7136,68.1213],[15.7284,68.1131],[15.7375,68.1028],[15.7341,68.0913],[15.7101,68.0846],[15.6443,68.0966],[15.6174,68.0913],[15.627,68.0846],[15.6286,68.0764],[15.6247,68.0671],[15.6174,68.0572],[15.6284,68.053],[15.6403,68.0506],[15.6528,68.0497],[15.6658,68.0504],[15.6574,68.0667],[15.6694,68.0723],[15.7346,68.0723],[15.7615,68.0776],[15.7642,68.0809],[15.7638,68.0854],[15.7664,68.0895],[15.7785,68.0913],[15.8242,68.0923],[15.8445,68.0963],[15.8645,68.105],[15.8918,68.1254],[15.9067,68.1325],[15.9253,68.1323],[15.8894,68.1542],[15.8723,68.1697],[15.8708,68.1869],[15.8887,68.1924],[15.9165,68.187],[15.9421,68.1859],[15.9533,68.2046],[15.9509,68.2133],[15.947,68.2224],[15.9451,68.2311],[15.9496,68.239],[15.964,68.2472],[15.9797,68.2501],[16.0147,68.2496],[16.0379,68.243],[16.0454,68.228],[16.0498,68.2117],[16.0632,68.2012],[16.0562,68.1925],[16.0477,68.1858],[16.0383,68.1817],[16.0278,68.1807],[16.0425,68.1623],[16.062,68.164],[16.0818,68.1721],[16.0972,68.1733],[16.104,68.1602],[16.0999,68.1419],[16.0903,68.1257],[16.0697,68.1125],[16.0746,68.0986],[16.0899,68.0742],[16.0837,68.0574],[16.0693,68.0483],[16.0534,68.0411],[16.042,68.0299],[16.158,67.9997],[16.1929,67.9815],[16.2106,67.9588],[16.2139,67.9346],[16.2132,67.9116],[16.2201,67.8927],[16.2368,67.8836],[16.282,67.8772],[16.2993,67.8688],[16.3102,67.8613],[16.4373,67.8076],[16.4847,67.7978],[16.515,67.8039],[16.4893,67.8088],[16.4603,67.8177],[16.4435,67.8315],[16.4535,67.8511],[16.311,67.874],[16.2686,67.8893],[16.2546,67.9003],[16.2577,67.9089],[16.2679,67.9172],[16.2754,67.9268],[16.2757,67.9408],[16.2713,67.9649],[16.2754,67.9753],[16.2605,67.9869],[16.2433,67.9943],[16.207,68.0026],[16.2448,68.0094],[16.2743,68.0057],[16.3011,67.9936],[16.4059,67.9195],[16.4126,67.9063],[16.4526,67.899],[16.4666,67.8996],[16.4626,67.9075],[16.4582,67.9143],[16.4461,67.9268],[16.4512,67.9298],[16.4612,67.9377],[16.4666,67.9405],[16.452,67.9465],[16.4058,67.9548],[16.3962,67.9589],[16.3716,67.9753],[16.3348,67.9945],[16.3335,68.0024],[16.3574,68.0094],[16.3804,68.0089],[16.3972,68.0009],[16.4263,67.9753],[16.4515,67.9628],[16.4818,67.9572],[16.5134,67.957],[16.5422,67.961],[16.5239,67.9674],[16.4811,67.9695],[16.4634,67.9783],[16.4634,67.9877],[16.4746,67.998],[16.5007,68.0162],[16.3648,68.0299],[16.3737,68.0463],[16.3892,68.0593],[16.4077,68.0678],[16.4263,68.0709],[16.4426,68.0761],[16.4519,68.0866],[16.4636,68.0943],[16.4871,68.0913],[16.5501,68.0662],[16.6628,68.0507],[16.6863,68.0572],[16.6807,68.0581],[16.6652,68.0634],[16.6769,68.0684],[16.689,68.071],[16.577,68.0851],[16.5549,68.0927],[16.5213,68.112],[16.5007,68.1186],[16.4451,68.1155],[16.3464,68.0822],[16.2891,68.0913],[16.2938,68.0964],[16.3027,68.1118],[16.2695,68.1167],[16.2537,68.1216],[16.2412,68.1323],[16.2935,68.1256],[16.32,68.1258],[16.3601,68.1441],[16.4021,68.137],[16.4126,68.1459],[16.4055,68.1487],[16.3989,68.1528],[16.4163,68.1588],[16.4348,68.1574],[16.4541,68.1536],[16.4734,68.1528],[16.4644,68.1657],[16.448,68.1735],[16.4126,68.1807],[16.4126,68.1869],[16.5452,68.165],[16.5901,68.1671],[16.5726,68.1737],[16.533,68.1782],[16.4763,68.1991],[16.4668,68.2012],[16.46,68.2055],[16.4605,68.2242],[16.4531,68.2285],[16.4413,68.2253],[16.4178,68.2112],[16.4058,68.208],[16.172,68.2037],[16.1621,68.2111],[16.1834,68.2211],[16.2137,68.2263],[16.3473,68.2285],[16.3561,68.2318],[16.3556,68.239],[16.3491,68.2463],[16.3402,68.2496],[16.1909,68.2584],[16.1198,68.2738],[16.1034,68.2831],[16.1213,68.29],[16.1497,68.3131],[16.1724,68.3179],[16.1924,68.3159],[16.2273,68.307],[16.2476,68.3042],[16.2605,68.3049],[16.271,68.3068],[16.2817,68.3074],[16.2959,68.3042],[16.3029,68.2996],[16.3109,68.2873],[16.3169,68.2831],[16.3392,68.2799],[16.3884,68.2841],[16.3989,68.2769],[16.5083,68.2554],[16.5598,68.2328],[16.5628,68.1943],[16.7395,68.1389],[16.7717,68.1326],[16.803,68.1323],[16.7493,68.158],[16.7415,68.1702],[16.7313,68.1767],[16.6437,68.2017],[16.6122,68.2191],[16.5926,68.2395],[16.6038,68.2558],[16.5674,68.2763],[16.5228,68.2889],[16.4119,68.2988],[16.3578,68.3118],[16.3402,68.321],[16.3177,68.3294],[16.2643,68.3243],[16.2412,68.3315],[16.2816,68.3445],[16.2659,68.347],[16.2352,68.3451],[16.2201,68.3514],[16.2639,68.3622],[16.3561,68.3709],[16.4229,68.3893],[16.6946,68.4055],[16.722,68.4014],[16.803,68.3793],[16.849,68.3785],[16.8699,68.3725],[16.8787,68.3551],[16.8713,68.3503],[16.8359,68.3324],[16.8241,68.324],[16.8475,68.3234],[16.9948,68.3445],[17.0296,68.3582],[17.0469,68.3626],[17.1273,68.3729],[17.145,68.3687],[17.1755,68.3417],[17.1831,68.3377],[17.1931,68.3078],[17.1968,68.3005],[17.2238,68.2842],[17.3306,68.2558],[17.3123,68.2366],[17.3101,68.2322],[17.3132,68.2231],[17.32,68.2176],[17.3269,68.2133],[17.3306,68.208],[17.3272,68.1915],[17.3198,68.1785],[17.3186,68.1701],[17.334,68.1671],[17.355,68.1719],[17.364,68.1835],[17.363,68.1981],[17.3543,68.2111],[17.3521,68.2255],[17.374,68.2329],[17.4199,68.2359],[17.39,68.2668],[17.3522,68.2847],[17.2686,68.3104],[17.2515,68.3186],[17.236,68.3286],[17.223,68.3396],[17.2139,68.3514],[17.2061,68.373],[17.2166,68.3779],[17.2362,68.3799],[17.2555,68.393],[17.2528,68.3966],[17.2479,68.406],[17.328,68.4084],[17.4958,68.3651],[17.5769,68.3588],[17.5456,68.3768],[17.3646,68.4135],[17.3953,68.423],[17.5399,68.4284],[17.7095,68.4118],[17.8167,68.3848],[17.8718,68.393],[17.8157,68.3973],[17.6122,68.4509],[17.4676,68.4476],[17.5441,68.5185],[17.5466,68.5301],[17.5248,68.529],[17.481,68.5203],[17.4385,68.5065],[17.3646,68.5029],[17.3276,68.4912],[17.2601,68.4552],[17.0466,68.4341],[17.0016,68.4476],[17.0232,68.4524],[17.0813,68.4582],[17.0972,68.4687],[17.092,68.4808],[17.0715,68.4891],[17.0469,68.4938],[17.029,68.4954],[17.0191,68.4976],[16.999,68.5074],[16.988,68.5097],[16.9774,68.5082],[16.9006,68.4741],[16.8885,68.465],[16.8486,68.4487],[16.7391,68.4524],[16.6688,68.4384],[16.5348,68.4383],[16.511,68.4413],[16.5007,68.451],[16.5003,68.4653],[16.4981,68.4732],[16.4871,68.4886],[16.4768,68.498],[16.4675,68.5034],[16.4646,68.51],[16.4734,68.5233],[16.4849,68.529],[16.542,68.5438],[16.5808,68.5345],[16.6043,68.5289],[16.6211,68.5335],[16.6321,68.5463],[16.6283,68.5508],[16.6148,68.5528],[16.5969,68.5574],[16.5833,68.5632],[16.5733,68.5692],[16.5664,68.5778],[16.5628,68.5915],[16.5718,68.6121],[16.597,68.6295],[16.6292,68.6417],[16.697,68.6505],[16.8098,68.681],[16.9251,68.6933],[16.9607,68.7045],[16.9929,68.708],[17.0199,68.6938],[17.0453,68.6757],[17.0809,68.664],[17.0824,68.6578],[17.0818,68.6509],[17.0835,68.6462],[17.09,68.6434],[17.1296,68.6338],[17.1487,68.6323],[17.1677,68.634],[17.1865,68.6387],[17.1799,68.6476],[17.1699,68.6518],[17.145,68.653],[17.1326,68.6552],[17.1183,68.6645],[17.1074,68.6667],[17.1004,68.6695],[17.0972,68.6762],[17.0973,68.6841],[17.1006,68.6906],[17.1086,68.6969],[17.1151,68.699],[17.2054,68.7114],[17.2502,68.7239],[17.2708,68.7202],[17.3101,68.7077],[17.3311,68.7089],[17.3511,68.7125],[17.3704,68.7111],[17.4037,68.6846],[17.4216,68.6757],[17.4407,68.67],[17.4602,68.6667],[17.4901,68.6657],[17.5767,68.6741],[17.6556,68.6573],[17.6794,68.6605],[17.6206,68.6813],[17.4945,68.6903],[17.4473,68.7151],[17.4299,68.7299],[17.4033,68.7445],[17.3739,68.7503],[17.3477,68.739],[17.3236,68.7316],[17.2903,68.7366],[17.2344,68.756],[17.263,68.7682],[17.3333,68.7871],[17.3955,68.7965],[17.4277,68.8083],[17.4609,68.8154],[17.5648,68.7888],[17.7217,68.7785],[17.783,68.7486],[17.7829,68.7781],[17.7393,68.7913],[17.6453,68.7971],[17.4676,68.8312],[17.5457,68.8472],[17.6092,68.8715],[17.6301,68.8769],[17.6648,68.8815],[17.6942,68.8918],[17.7074,68.8933],[17.7183,68.8908],[17.7415,68.879],[17.7687,68.8718],[17.7961,68.8681],[17.8236,68.8683],[17.8513,68.8727],[17.8259,68.8937],[17.7074,68.9138],[17.7117,68.9188],[17.721,68.9342],[17.5215,68.9167],[17.4578,68.8998],[17.4261,68.8995],[17.4364,68.9134],[17.4797,68.9478],[17.4951,68.9547],[17.5239,68.955],[17.5337,68.9608],[17.536,68.9752],[17.5304,68.9869],[17.5192,68.9905],[17.4883,68.9888],[17.4883,68.9957],[17.5594,69.0317],[17.6032,69.0606],[17.657,69.0781],[17.6794,69.0919],[17.6678,69.096],[17.6438,69.1008],[17.6316,69.1055],[17.6589,69.1169],[17.869,69.1213],[17.9588,69.1485],[18.0242,69.1557],[18.1524,69.154],[18.0813,69.1691],[18.0711,69.1776],[18.0733,69.1974],[18.0796,69.207],[18.0903,69.2148],[18.1052,69.2291],[18.0772,69.2371],[18.0163,69.2292],[17.9885,69.2353],[18.0041,69.2501],[18.0031,69.2857],[18.0158,69.3041],[18.0454,69.3174],[18.1126,69.3335],[18.1387,69.3525],[18.1305,69.3693],[18.1441,69.382],[18.1654,69.3937],[18.1803,69.4078],[18.1753,69.4122],[18.1707,69.4183],[18.166,69.4208],[18.1711,69.4337],[18.1648,69.4389],[18.1558,69.442],[18.1524,69.4481],[18.155,69.4576],[18.1585,69.4596],[18.1655,69.4601],[18.1935,69.4694],[18.2417,69.4761],[18.2495,69.4797],[18.2556,69.4842],[18.2634,69.4881],[18.2759,69.4897],[18.301,69.4868],[18.3225,69.4789],[18.3415,69.4677],[18.3823,69.4313],[18.3874,69.4222],[18.3835,69.4147],[18.3763,69.4077],[18.3683,69.3933],[18.3648,69.3915],[18.3682,69.3923],[18.4475,69.3935],[18.4671,69.3903],[18.4872,69.382],[18.5029,69.3701],[18.5093,69.3559],[18.5071,69.3378],[18.4978,69.307],[18.4956,69.2905],[18.5095,69.2829],[18.5163,69.2761],[18.5127,69.2665],[18.5042,69.2587],[18.4985,69.252],[18.4972,69.2447],[18.5025,69.2353],[18.5249,69.262],[18.5332,69.2779],[18.5366,69.2943],[18.5363,69.329],[18.5383,69.348],[18.544,69.3594],[18.5648,69.3647],[18.5798,69.3529],[18.5887,69.3332],[18.5918,69.3147],[18.6021,69.3002],[18.6253,69.2932],[18.6517,69.2882],[18.6703,69.2803],[18.6792,69.272],[18.6917,69.2635],[18.703,69.2625],[18.7078,69.2768],[18.7031,69.2877],[18.6926,69.2925],[18.681,69.2965],[18.6737,69.3041],[18.6897,69.3179],[18.735,69.3242],[18.8239,69.3253],[18.8635,69.3193],[18.9297,69.2958],[19.0054,69.2855],[19.013,69.2871],[19.0164,69.2939],[19.0135,69.2993],[19.007,69.3029],[18.999,69.3041],[18.9885,69.3071],[18.9546,69.3283],[18.9338,69.3341],[18.6648,69.3693],[18.6315,69.383],[18.6157,69.3861],[18.6066,69.3904],[18.6008,69.4005],[18.5967,69.4122],[18.5918,69.4208],[18.5778,69.4313],[18.5627,69.437],[18.5298,69.4414],[18.4901,69.4417],[18.4666,69.4452],[18.4546,69.4543],[18.4569,69.4654],[18.4662,69.4738],[18.4782,69.4796],[18.4888,69.4822],[18.4685,69.5041],[18.4743,69.5164],[18.4976,69.522],[18.5647,69.5266],[18.6306,69.541],[18.8527,69.5523],[18.8616,69.5467],[18.8655,69.5307],[18.8643,69.5219],[18.86,69.5145],[18.8533,69.5082],[18.8445,69.5028],[18.8601,69.5034],[18.8772,69.5019],[18.8937,69.4976],[18.9065,69.4897],[18.9114,69.4818],[18.9129,69.4656],[18.9168,69.4581],[18.9353,69.4463],[19.0095,69.4283],[19.0032,69.4079],[19.0144,69.397],[19.0574,69.3861],[19.1223,69.3588],[19.146,69.3525],[19.3474,69.3442],[19.3794,69.3218],[19.3711,69.3001],[19.3506,69.2905],[19.2849,69.2755],[19.2293,69.2837],[19.2153,69.2816],[19.1892,69.2722],[19.167,69.267],[19.1688,69.2604],[19.1775,69.2535],[19.1878,69.2495],[19.1966,69.2513],[19.2245,69.2621],[19.2321,69.2665],[19.251,69.2742],[19.2686,69.2662],[19.2723,69.2524],[19.249,69.2427],[19.2632,69.2353],[19.3008,69.224],[19.3177,69.2222],[19.3366,69.2249],[19.365,69.238],[19.3794,69.2427],[19.4131,69.2402],[19.4772,69.2208],[19.5093,69.2291],[19.4876,69.2413],[19.466,69.249],[19.4486,69.2603],[19.4409,69.2837],[19.4436,69.2924],[19.4495,69.2987],[19.4546,69.3061],[19.4546,69.3184],[19.4495,69.3249],[19.4295,69.3417],[19.3501,69.3791],[19.3249,69.384],[19.2983,69.3858],[19.1563,69.3771],[19.1194,69.3861],[19.1096,69.392],[19.0852,69.414],[19.0833,69.4183],[19.0833,69.4235],[19.0824,69.4292],[19.0779,69.4345],[19.0701,69.4376],[19.0436,69.4414],[19.0217,69.4503],[19.0013,69.4643],[18.9927,69.4831],[19.0057,69.5062],[19.0319,69.5211],[19.0691,69.5333],[19.1769,69.5507],[19.1948,69.5505],[19.222,69.5338],[19.2356,69.5283],[19.2502,69.5246],[19.2627,69.5233],[19.2538,69.5353],[19.2428,69.5438],[19.2332,69.5532],[19.2293,69.5679],[19.1476,69.5649],[19.1032,69.556],[19.0534,69.5522],[19.0335,69.5406],[19.0164,69.5344],[18.9945,69.5396],[18.9732,69.5505],[18.958,69.5611],[18.9443,69.6153],[19.085,69.6934],[19.0983,69.7362],[19.1178,69.7434],[19.1395,69.7475],[19.1843,69.7498],[19.2014,69.7533],[19.2329,69.7706],[19.249,69.7771],[19.2957,69.7829],[19.4443,69.7771],[19.4831,69.7814],[19.5588,69.8002],[19.7372,69.8131],[19.7842,69.8044],[19.7769,69.7916],[19.7694,69.7842],[19.7315,69.7568],[19.7341,69.7536],[19.7363,69.7396],[19.7287,69.7229],[19.7103,69.7054],[19.6897,69.6903],[19.6743,69.6815],[19.6934,69.6637],[19.7156,69.6549],[19.7274,69.6422],[19.7152,69.6126],[19.6999,69.5937],[19.6433,69.5406],[19.6359,69.5316],[19.6299,69.5205],[19.6265,69.5082],[19.6265,69.4959],[19.6327,69.4857],[19.6437,69.4717],[19.6502,69.4596],[19.6433,69.4543],[19.6141,69.4497],[19.5817,69.4374],[19.5519,69.4201],[19.5303,69.4003],[19.6885,69.4447],[19.6981,69.466],[19.716,69.4922],[19.7249,69.5161],[19.7083,69.5307],[19.7568,69.5996],[19.751,69.6027],[19.7483,69.6054],[19.7464,69.6085],[19.7432,69.6126],[19.7638,69.6115],[19.8034,69.6142],[19.9286,69.6052],[19.9944,69.5891],[20.0602,69.5791],[20.1126,69.5854],[20.075,69.5843],[20.0316,69.5883],[19.9893,69.5969],[19.9548,69.6092],[19.925,69.6157],[19.8885,69.6187],[19.8578,69.6273],[19.845,69.6505],[19.8425,69.6597],[19.8294,69.6735],[19.8245,69.6815],[19.8228,69.6887],[19.8245,69.7119],[19.8364,69.7239],[19.8602,69.7329],[19.8782,69.7443],[19.8723,69.7634],[19.8895,69.7749],[19.9277,69.7841],[19.9446,69.7942],[19.9779,69.8305],[19.989,69.8386],[20.0061,69.8428],[20.009,69.8349],[20.0027,69.8211],[19.9832,69.7967],[19.9685,69.7634],[20.007,69.7685],[20.0339,69.7904],[20.0784,69.8454],[20.1148,69.8784],[20.1436,69.9222],[20.1546,69.9349],[20.1677,69.9422],[20.1704,69.9307],[20.1702,69.927],[20.1677,69.9205],[20.1683,69.8962],[20.1707,69.8804],[20.178,69.8733],[20.193,69.8677],[20.2024,69.859],[20.2073,69.859],[20.2088,69.8795],[20.2019,69.9242],[20.2077,69.9318],[20.236,69.9457],[20.2704,69.9678],[20.2927,69.971],[20.315,69.9638],[20.4172,69.8904],[20.4253,69.8772],[20.4203,69.8671],[20.4094,69.8575],[20.3999,69.8454],[20.3968,69.8341],[20.3962,69.8132],[20.3936,69.8044],[20.3862,69.7972],[20.3745,69.7886],[20.3636,69.7786],[20.3589,69.7668],[20.3563,69.7571],[20.3503,69.7451],[20.3426,69.7336],[20.3357,69.7256],[20.3218,69.6861],[20.3186,69.6815],[20.323,69.6692],[20.3304,69.6633],[20.3753,69.6422],[20.3831,69.6347],[20.3862,69.6229],[20.3855,69.611],[20.3826,69.5988],[20.3765,69.5892],[20.366,69.5854],[20.3303,69.5822],[20.2913,69.5736],[20.2742,69.5606],[20.3044,69.5443],[20.2891,69.5379],[20.2776,69.529],[20.2695,69.5173],[20.2639,69.5028],[20.2785,69.4852],[20.2669,69.4681],[20.2417,69.4598],[20.2156,69.4687],[20.2067,69.4398],[20.1916,69.4132],[20.1688,69.3937],[20.1161,69.3829],[20.0579,69.3594],[20.0003,69.3484],[19.9822,69.3389],[19.9872,69.3359],[19.9972,69.3282],[20.0027,69.3253],[19.9373,69.2884],[19.9168,69.2693],[19.948,69.2631],[19.9717,69.2702],[20.0003,69.2857],[20.0277,69.3046],[20.0472,69.3218],[20.0705,69.336],[20.2254,69.3843],[20.2669,69.3876],[20.277,69.3923],[20.3543,69.4681],[20.3732,69.4822],[20.4229,69.5069],[20.4411,69.5228],[20.4483,69.5478],[20.4522,69.5559],[20.4616,69.5652],[20.4728,69.5734],[20.4824,69.5779],[20.4973,69.5776],[20.5116,69.5722],[20.5249,69.5645],[20.5708,69.5448],[20.647,69.5212],[20.7915,69.5096],[20.8084,69.5027],[20.823,69.4943],[20.8372,69.4902],[20.853,69.4959],[20.8122,69.5104],[20.7184,69.5284],[20.6848,69.5478],[20.6587,69.5766],[20.6476,69.5854],[20.6268,69.5944],[20.5403,69.6103],[20.4924,69.6273],[20.4824,69.6369],[20.4883,69.6484],[20.5271,69.6778],[20.5418,69.7054],[20.5352,69.7305],[20.5134,69.7488],[20.4824,69.756],[20.4824,69.7634],[20.512,69.7695],[20.6429,69.7726],[20.7852,69.8017],[20.8039,69.812],[20.8223,69.8286],[20.825,69.8415],[20.8142,69.8539],[20.7998,69.8664],[20.7915,69.8795],[20.8293,69.883],[21.0518,69.9447],[21.0925,69.9484],[21.0925,69.9422],[20.9824,69.904],[20.919,69.8668],[20.8939,69.8597],[20.8939,69.8529],[20.9146,69.8487],[20.936,69.8489],[20.9551,69.8461],[20.9691,69.8323],[20.959,69.8319],[20.9517,69.8298],[20.9461,69.8255],[20.9411,69.8187],[20.9946,69.7934],[21.0205,69.7882],[21.051,69.7976],[21.0357,69.8052],[21.0049,69.814],[20.9963,69.8249],[21.0184,69.8265],[21.049,69.832],[21.0686,69.8427],[21.0584,69.8597],[21.0851,69.8661],[21.1704,69.8756],[21.1888,69.8696],[21.1805,69.8546],[21.1409,69.825],[21.1267,69.8112],[21.1499,69.8126],[21.1792,69.8195],[21.2066,69.8308],[21.2229,69.8454],[21.2239,69.8574],[21.2092,69.9075],[21.3259,69.9075],[21.3021,69.9204],[21.2705,69.9298],[21.2376,69.9348],[21.2092,69.9348],[21.2253,69.9747],[21.2531,70.003],[21.2899,70.0211],[21.3328,70.0303],[21.3926,70.029],[21.5581,69.9894],[21.5563,69.9752],[21.5697,69.9654],[21.6065,69.9553],[21.5786,69.9279],[21.6089,69.9119],[21.646,69.8989],[21.6843,69.8901],[21.7577,69.8829],[21.9046,69.8254],[21.9309,69.8084],[21.9422,69.7873],[21.9573,69.7778],[22.0515,69.7498],[22.0342,69.7431],[22.0155,69.7436],[21.9771,69.7498],[22.0002,69.7404],[22.03,69.7343],[22.061,69.7334],[22.0863,69.7396],[22.0982,69.7498],[22.0921,69.7576],[22.0589,69.7703],[22.0562,69.7936],[22.01,69.8124],[21.9155,69.8386],[21.937,69.8426],[21.9998,69.8351],[22.0181,69.8454],[22.012,69.8595],[21.989,69.868],[21.9429,69.8733],[21.93,69.8793],[21.9282,69.8936],[21.9294,69.9105],[21.9251,69.9242],[21.9144,69.9378],[21.9136,69.9453],[21.9286,69.9627],[21.928,69.9675],[21.9233,69.9719],[21.9214,69.9768],[21.9286,69.9831],[21.9401,69.9857],[21.9839,69.9831],[22.01,69.9862],[22.0241,69.9855],[22.0348,69.9794],[22.0348,69.9738],[22.0248,69.9553],[22.0523,69.9384],[22.0614,69.9567],[22.0589,69.9897],[22.0515,70.0168],[22.0672,70.0181],[22.0975,70.0245],[22.1136,70.0241],[22.1136,70.0303],[21.9509,70.0123],[21.8659,70.0119],[21.7983,70.0372],[21.8389,70.0551],[21.9839,70.0576],[22.0051,70.0613],[22.0207,70.0678],[22.0515,70.0856],[22.0828,70.0965],[22.0944,70.1048],[22.0994,70.1203],[22.0198,70.1033],[22.0078,70.1024],[21.986,70.0891],[21.9583,70.0845],[21.8392,70.0924],[21.8298,70.0891],[21.8171,70.0746],[21.805,70.0714],[21.7195,70.0606],[21.6885,70.0651],[21.631,70.0943],[21.6133,70.0986],[21.5134,70.0917],[21.4823,70.0986],[21.4688,70.1064],[21.439,70.1372],[21.4365,70.1496],[21.4553,70.1589],[21.4802,70.1667],[21.4966,70.175],[21.3582,70.164],[21.3123,70.1675],[21.2949,70.1714],[21.282,70.1763],[21.2715,70.1829],[21.2608,70.1921],[21.2468,70.1994],[21.2149,70.2064],[21.2092,70.2085],[21.2339,70.2243],[21.2357,70.2255],[21.2704,70.2386],[21.307,70.247],[21.3396,70.2501],[21.4071,70.2673],[21.4393,70.2695],[21.4352,70.2501],[21.4451,70.2379],[21.4898,70.2085],[21.4929,70.2172],[21.4925,70.2211],[21.491,70.2248],[21.4898,70.233],[21.4927,70.2402],[21.5061,70.2507],[21.5103,70.2569],[21.5115,70.27],[21.5109,70.282],[21.5117,70.2934],[21.5178,70.3047],[21.5339,70.3168],[21.553,70.321],[21.5715,70.3189],[21.5859,70.3122],[21.5874,70.3078],[21.5869,70.293],[21.5891,70.2873],[21.6133,70.2699],[21.6361,70.2615],[21.6854,70.2557],[21.7095,70.2501],[21.7969,70.2063],[21.8044,70.198],[21.8089,70.1884],[21.8193,70.175],[21.8296,70.1682],[21.874,70.147],[21.8796,70.1606],[21.8767,70.1697],[21.8709,70.1779],[21.8678,70.1887],[21.8657,70.1906],[21.8616,70.1913],[21.8589,70.194],[21.8604,70.2023],[21.8662,70.2074],[21.8758,70.2095],[21.8865,70.2095],[21.8945,70.2085],[21.8731,70.2161],[21.8273,70.2266],[21.8088,70.2402],[21.8057,70.2572],[21.8218,70.2686],[21.9868,70.3234],[22.0101,70.3246],[22.0316,70.3183],[22.0187,70.309],[21.9915,70.2957],[21.9839,70.2842],[22.0091,70.2865],[22.072,70.3047],[22.0952,70.3078],[22.1048,70.3041],[22.1068,70.2939],[22.1076,70.2453],[22.1172,70.2335],[22.1409,70.2365],[22.1528,70.2465],[22.1532,70.2593],[22.1409,70.2842],[22.2674,70.2951],[22.3058,70.2873],[22.3151,70.2727],[22.3003,70.2551],[22.2761,70.2392],[22.2576,70.2296],[22.2723,70.2179],[22.2777,70.2025],[22.2815,70.1852],[22.2918,70.1675],[22.2781,70.1582],[22.249,70.1506],[22.2371,70.1402],[22.2747,70.1355],[22.405,70.147],[22.5248,70.1235],[22.5593,70.1266],[22.5364,70.1395],[22.5073,70.1467],[22.3259,70.1675],[22.3324,70.1801],[22.3606,70.2159],[22.3748,70.2463],[22.3737,70.2501],[22.4006,70.2583],[22.4339,70.2609],[22.4681,70.2599],[22.513,70.2537],[22.554,70.2383],[22.5653,70.2376],[22.5759,70.2407],[22.5871,70.2421],[22.6003,70.2365],[22.594,70.2221],[22.6037,70.2185],[22.6753,70.2231],[22.9671,70.2075],[22.9769,70.1989],[22.9706,70.1894],[22.8602,70.1262],[22.8367,70.1203],[22.804,70.1169],[22.7361,70.102],[22.5525,70.0856],[22.4762,70.0909],[22.4346,70.0889],[22.3923,70.0678],[22.2849,70.044],[22.3042,70.0391],[22.3318,70.0404],[22.3591,70.0461],[22.395,70.0611],[22.6476,70.0757],[22.7137,70.0953],[22.8672,70.106],[22.9785,70.1454],[23.0186,70.147],[23.0027,70.1144],[22.9992,70.101],[22.9981,70.0822],[23.0011,70.0659],[23.009,70.0505],[23.02,70.0381],[23.0322,70.0303],[23.0524,70.0324],[23.085,70.0396],[23.1151,70.043],[23.1284,70.0338],[23.1245,70.0129],[23.1198,69.999],[23.1244,69.9879],[23.1489,69.9757],[23.1359,69.9667],[23.1233,69.9609],[23.1099,69.9573],[23.0944,69.9553],[23.1255,69.9444],[23.1592,69.9511],[23.2835,69.9934],[23.2991,69.9962],[23.3141,69.9965],[23.3162,69.9936],[23.323,69.9863],[23.3348,69.9812],[23.339,69.9777],[23.3367,69.9726],[23.3096,69.9541],[23.3096,69.9498],[23.3298,69.9484],[23.4206,69.9781],[23.4673,69.9858],[23.4773,69.9928],[23.4846,70.0063],[23.5022,70.0114],[23.5227,70.015],[23.5393,70.0241],[23.4885,70.0342],[23.2969,70.0398],[23.2727,70.0466],[23.1755,70.0924],[23.1921,70.0976],[23.2278,70.0976],[23.2445,70.1024],[23.2595,70.1085],[23.2756,70.1116],[23.3578,70.1153],[23.3792,70.1232],[23.4021,70.1402],[23.3792,70.1496],[23.3236,70.1592],[23.2991,70.1675],[23.3276,70.1754],[23.4031,70.1808],[23.422,70.1955],[23.3286,70.1931],[23.2808,70.1985],[23.2439,70.2159],[23.2757,70.225],[23.3879,70.2296],[23.4178,70.2344],[23.4876,70.2355],[23.5034,70.2375],[23.5051,70.2438],[23.5319,70.2438],[23.5029,70.2534],[23.4705,70.256],[23.2922,70.2438],[23.3128,70.257],[23.3994,70.2786],[23.5708,70.2907],[23.6144,70.3047],[23.512,70.2978],[23.5187,70.3059],[23.5462,70.3251],[23.5244,70.324],[23.4828,70.3155],[23.4636,70.3183],[23.4823,70.3303],[23.5132,70.3655],[23.5355,70.373],[23.562,70.3769],[23.5906,70.3867],[23.6423,70.4111],[23.751,70.4487],[23.8157,70.487],[23.8403,70.4971],[23.918,70.5094],[24.1863,70.494],[24.298,70.4748],[24.311,70.4704],[24.3338,70.4595],[24.3503,70.4562],[24.3574,70.4628],[24.3553,70.472],[24.3444,70.4766],[24.3152,70.4831],[24.2588,70.5137],[24.2315,70.5238],[24.1148,70.5381],[24.1027,70.5414],[24.1123,70.5489],[24.2108,70.5853],[24.2383,70.5995],[24.2473,70.6021],[24.256,70.6034],[24.2643,70.6063],[24.2723,70.6132],[24.2756,70.6228],[24.2764,70.6471],[24.2822,70.6575],[24.294,70.6664],[24.3338,70.6852],[24.3524,70.691],[24.3705,70.6898],[24.4089,70.6815],[24.4777,70.6833],[24.4983,70.678],[24.615,70.6262],[24.647,70.618],[24.688,70.6143],[24.7235,70.621],[24.7385,70.6442],[24.7249,70.6652],[24.6616,70.6882],[24.6423,70.7026],[24.6467,70.7038],[24.6559,70.7094],[24.5881,70.7219],[24.5667,70.7299],[24.544,70.7463],[24.5324,70.7504],[24.516,70.7521],[24.4641,70.7504],[24.3474,70.764],[24.2923,70.7641],[24.2659,70.7699],[24.2451,70.7845],[24.2681,70.8002],[24.2676,70.8207],[24.2694,70.8384],[24.3636,70.8629],[24.3958,70.8669],[24.4163,70.8528],[24.4089,70.8459],[24.4512,70.8411],[24.4658,70.8345],[24.4641,70.818],[24.5203,70.8116],[24.574,70.7988],[24.6161,70.7797],[24.6354,70.7798],[24.6497,70.7988],[24.6406,70.8086],[24.6291,70.8156],[24.6008,70.8254],[24.6106,70.8408],[24.6111,70.8515],[24.6133,70.8594],[24.6287,70.8664],[24.6533,70.8658],[24.6836,70.8599],[24.7103,70.859],[24.7249,70.8732],[24.6375,70.8939],[24.6082,70.8944],[24.6213,70.9051],[24.6287,70.908],[24.5947,70.9181],[24.5823,70.9245],[24.574,70.9353],[24.591,70.9424],[24.613,70.9475],[24.636,70.95],[24.6559,70.9496],[24.6394,70.9551],[24.6035,70.9561],[24.5877,70.9626],[24.6087,70.9705],[24.6369,70.9757],[24.666,70.9777],[24.7742,70.9682],[24.7829,70.966],[24.7889,70.9611],[24.7969,70.9527],[24.8071,70.9472],[24.8353,70.9424],[24.8474,70.9387],[24.8602,70.9284],[24.8538,70.9218],[24.8374,70.9161],[24.8205,70.908],[24.9849,70.9143],[24.9681,70.9298],[24.978,70.9458],[24.988,70.9582],[24.9712,70.9626],[24.9935,70.9721],[25.0335,70.9713],[25.0628,70.9576],[25.0532,70.9279],[25.0259,70.9084],[24.9889,70.8913],[24.9497,70.8789],[24.916,70.8732],[24.933,70.8676],[24.9714,70.8762],[24.9883,70.8698],[25.0047,70.8616],[25.0483,70.858],[25.0674,70.8528],[25.0671,70.873],[25.076,70.8843],[25.1115,70.9093],[25.1345,70.9197],[25.1426,70.9217],[25.1536,70.9195],[25.1597,70.9149],[25.1634,70.9101],[25.1665,70.908],[25.1799,70.9038],[25.2319,70.8732],[25.2419,70.8624],[25.2661,70.8254],[25.2456,70.7913],[25.2575,70.7908],[25.2669,70.7943],[25.2751,70.8005],[25.2835,70.8087],[25.2948,70.8134],[25.3113,70.8142],[25.3416,70.8124],[25.3498,70.8187],[25.3923,70.8844],[25.3967,70.9007],[25.3855,70.908],[25.3753,70.9132],[25.3606,70.9256],[25.3474,70.9404],[25.3418,70.9527],[25.365,70.9761],[25.4182,70.9645],[25.536,70.9229],[25.5373,70.9113],[25.527,70.8976],[25.5125,70.8869],[25.4932,70.8779],[25.4439,70.8626],[25.4231,70.8596],[25.4417,70.8415],[25.4657,70.8441],[25.5125,70.8698],[25.5208,70.8691],[25.5388,70.8544],[25.5534,70.8528],[25.5603,70.857],[25.5889,70.8807],[25.6167,70.8886],[25.6626,70.8953],[25.7057,70.8956],[25.7248,70.8838],[25.7282,70.8774],[25.7366,70.8693],[25.7468,70.8625],[25.7561,70.8596],[25.7684,70.8629],[25.7781,70.8701],[25.7854,70.8774],[25.7905,70.8807],[25.8231,70.8857],[25.853,70.894],[25.8816,70.8957],[25.9104,70.8807],[25.9187,70.8729],[25.9258,70.8637],[25.9251,70.8559],[25.8958,70.8496],[25.8687,70.8354],[25.8252,70.8275],[25.8003,70.8154],[25.7533,70.7845],[25.7261,70.7755],[25.6292,70.764],[25.6345,70.755],[25.6404,70.7485],[25.6565,70.736],[25.6411,70.7229],[25.6201,70.7123],[25.5973,70.7051],[25.5599,70.699],[25.5125,70.6712],[25.4468,70.6619],[25.428,70.6424],[25.3538,70.6072],[25.307,70.5993],[25.2871,70.5927],[25.2546,70.5723],[25.2393,70.5648],[25.1011,70.5231],[25.0736,70.5033],[25.2459,70.5279],[25.2871,70.5107],[25.2425,70.4866],[25.0599,70.4897],[25.0975,70.4713],[25.2433,70.4784],[25.2871,70.4561],[25.2674,70.456],[25.2518,70.4481],[25.2459,70.4346],[25.264,70.4053],[25.2647,70.393],[25.2566,70.3864],[25.1978,70.4004],[25.1566,70.3939],[25.0811,70.3593],[25.0942,70.3547],[25.1078,70.353],[25.1358,70.3531],[25.1179,70.347],[25.1055,70.3362],[25.1047,70.3253],[25.1221,70.3183],[25.1404,70.3228],[25.1638,70.3331],[25.1868,70.3393],[25.2039,70.332],[25.2088,70.3167],[25.2013,70.3071],[25.058,70.2545],[25.0264,70.2485],[25.0143,70.2446],[25.0029,70.2391],[24.9948,70.233],[24.9899,70.2305],[24.9798,70.2294],[24.978,70.2258],[24.978,70.2185],[24.9771,70.2155],[24.9701,70.2063],[24.9662,70.1989],[24.9647,70.1914],[24.9702,70.1768],[24.9644,70.17],[24.9468,70.1576],[24.9451,70.1486],[24.9434,70.1024],[24.9634,70.0804],[25.0042,70.064],[25.0371,70.0644],[25.0334,70.0924],[25.0233,70.1009],[25.012,70.1086],[25.006,70.1186],[25.0122,70.134],[25.0275,70.1428],[25.0947,70.1539],[25.0877,70.1476],[25.0736,70.1266],[25.091,70.1271],[25.1073,70.1307],[25.1222,70.1323],[25.1358,70.1266],[25.104,70.1213],[25.0903,70.1166],[25.0811,70.106],[25.0933,70.1003],[25.1018,70.091],[25.1138,70.0825],[25.1361,70.0788],[25.1594,70.0809],[25.2053,70.0903],[25.2285,70.0924],[25.2527,70.1013],[25.2739,70.1227],[25.3104,70.1712],[25.3244,70.1824],[25.3416,70.1899],[25.3613,70.1942],[25.3825,70.1955],[25.3948,70.1997],[25.4131,70.2099],[25.4295,70.2222],[25.4368,70.233],[25.4505,70.2495],[25.5171,70.2779],[25.5404,70.2978],[25.5173,70.3113],[25.4231,70.3251],[25.4411,70.3422],[25.6564,70.4406],[25.8692,70.5642],[25.8967,70.5716],[25.9274,70.5764],[25.9605,70.5889],[25.9906,70.6065],[26.0122,70.6262],[26.0535,70.6927],[26.0708,70.7125],[26.0825,70.7164],[26.1192,70.7174],[26.1364,70.723],[26.1453,70.7314],[26.157,70.7502],[26.1636,70.7578],[26.1917,70.7737],[26.2554,70.7974],[26.3083,70.8333],[26.3743,70.8685],[26.6136,70.9491],[26.6912,70.9558],[26.6873,70.9527],[26.6775,70.9421],[26.7254,70.9279],[26.7192,70.9162],[26.7227,70.911],[26.7292,70.9067],[26.7328,70.8978],[26.7302,70.8879],[26.7234,70.8808],[26.7083,70.8698],[26.6961,70.8644],[26.6815,70.8629],[26.6691,70.8596],[26.6638,70.8493],[26.6659,70.838],[26.6714,70.8306],[26.6799,70.8266],[26.6909,70.8254],[26.7046,70.829],[26.721,70.8354],[26.736,70.8386],[26.7458,70.8323],[26.7443,70.8235],[26.7356,70.8153],[26.7191,70.805],[26.7046,70.79],[26.6916,70.7729],[26.6853,70.7546],[26.6912,70.736],[26.6405,70.7066],[26.3416,70.6479],[26.3753,70.6384],[26.4994,70.661],[26.5374,70.6619],[26.6231,70.6519],[26.657,70.6405],[26.6018,70.5585],[26.6063,70.5444],[26.5931,70.5359],[26.5739,70.5285],[26.5608,70.5176],[26.5584,70.5041],[26.564,70.4968],[26.5731,70.4897],[26.5813,70.4766],[26.541,70.4616],[26.5213,70.4484],[26.513,70.4316],[26.5153,70.4237],[26.5252,70.4134],[26.5266,70.4077],[26.5239,70.4006],[26.5151,70.3867],[26.513,70.3798],[26.5104,70.3778],[26.506,70.3706],[26.5059,70.3629],[26.5161,70.3593],[26.5539,70.3531],[26.5676,70.3562],[26.5752,70.362],[26.5784,70.3682],[26.5833,70.3743],[26.595,70.3798],[26.6089,70.3808],[26.6353,70.3767],[26.6496,70.3798],[26.631,70.4011],[26.6292,70.4077],[26.6345,70.413],[26.6559,70.4248],[26.6623,70.4264],[26.6927,70.4202],[26.7234,70.4209],[26.7531,70.4273],[26.7805,70.4384],[26.7993,70.4547],[26.804,70.4695],[26.8123,70.4799],[26.9451,70.4829],[26.9315,70.4665],[26.9483,70.4625],[27.0513,70.4761],[27.0767,70.4744],[27.1021,70.4698],[27.0906,70.4745],[27.0544,70.4829],[27.0447,70.4877],[27.027,70.5033],[26.9761,70.5274],[26.9661,70.5381],[26.9909,70.5438],[27.0003,70.5491],[27.0071,70.5585],[26.9818,70.5646],[26.9729,70.5654],[26.9917,70.5828],[27.0215,70.5989],[27.0539,70.6102],[27.0809,70.6132],[27.0886,70.6109],[27.1073,70.6024],[27.1164,70.5995],[27.1296,70.5983],[27.1711,70.5995],[27.242,70.5854],[27.2666,70.5853],[27.2351,70.6017],[27.1299,70.6262],[27.0999,70.6411],[27.1053,70.6557],[27.1567,70.6815],[27.139,70.6892],[27.0993,70.6967],[27.0809,70.7026],[27.1106,70.7287],[27.1398,70.7406],[27.287,70.7436],[27.3167,70.739],[27.3294,70.7433],[27.3423,70.7578],[27.3185,70.7593],[27.2937,70.7639],[27.2804,70.7747],[27.2908,70.7951],[27.3109,70.8182],[27.324,70.8236],[27.349,70.8254],[27.6296,70.805],[27.4802,70.8254],[27.4802,70.8323],[27.4954,70.8317],[27.5081,70.836],[27.5205,70.8418],[27.534,70.8459],[27.5223,70.8515],[27.5096,70.8618],[27.5,70.8664],[27.4905,70.8673],[27.4705,70.866],[27.4623,70.8698],[27.458,70.8753],[27.4564,70.8781],[27.4535,70.8793],[27.4447,70.8807],[27.4097,70.8765],[27.3913,70.8764],[27.3833,70.8838],[27.3869,70.8917],[27.4043,70.9062],[27.4105,70.9143],[27.3941,70.9097],[27.3696,70.8932],[27.3558,70.8869],[27.3351,70.884],[27.1909,70.895],[27.154,70.9057],[27.1226,70.9217],[27.1338,70.95],[27.1487,70.9639],[27.1712,70.9669],[27.349,70.9421],[27.342,70.9527],[27.3313,70.9608],[27.3079,70.9726],[27.2896,70.9792],[27.2483,70.9891],[27.2324,70.9968],[27.2217,71.0189],[27.2532,71.0263],[27.4764,71.0067],[27.5,70.9936],[27.5086,70.9686],[27.5293,70.9555],[27.5542,70.9553],[27.5755,70.9688],[27.5666,70.9816],[27.5643,70.9945],[27.5695,71.0065],[27.5825,71.0173],[27.5466,71.0227],[27.5331,71.0288],[27.5278,71.0414],[27.5261,71.0571],[27.5233,71.0665],[27.5246,71.0744],[27.534,71.0861],[27.5687,71.0972],[27.6101,71.0929],[27.6423,71.0954],[27.6502,71.1271],[27.7155,71.1042],[27.7246,71.0904],[27.698,71.0657],[27.7217,71.0597],[27.7879,71.0595],[27.8115,71.056],[27.8557,71.041],[27.8767,71.0377],[27.9636,71.0466],[27.9832,71.0557],[27.999,71.0658],[28.0208,71.071],[28.0432,71.071],[28.0617,71.0657],[28.064,71.0616],[28.0633,71.0559],[28.064,71.05],[28.0691,71.0452],[28.0811,71.041],[28.0872,71.0416],[28.1452,71.074],[28.1673,71.0827],[28.1914,71.0861],[28.2097,71.084],[28.2328,71.078],[28.2525,71.0684],[28.261,71.0557],[28.2523,71.0394],[28.2329,71.0326],[28.2119,71.0278],[28.1989,71.0173],[28.2192,71.0173],[28.209,71.0153],[28.2,71.0112],[28.1919,71.0049],[28.1852,70.9968],[28.1997,70.999],[28.2398,71.0111],[28.2344,71.0007],[28.2263,70.9928],[28.2163,70.987],[28.2051,70.9831],[28.2331,70.977],[28.3434,71.0042],[28.4915,70.9998],[28.531,70.9836],[28.5392,70.9825],[28.5461,70.9799],[28.5488,70.9726],[28.5466,70.9669],[28.5369,70.9584],[28.5293,70.9392],[28.5057,70.9199],[28.5005,70.9111],[28.4832,70.8895],[28.4432,70.8839],[28.3695,70.8869],[28.3836,70.875],[28.4032,70.8725],[28.4251,70.8721],[28.4452,70.8664],[28.4224,70.8532],[28.3975,70.8471],[28.3434,70.8459],[28.3434,70.8397],[28.3527,70.8371],[28.3565,70.8347],[28.3587,70.8311],[28.3633,70.8254],[28.2254,70.8323],[28.2433,70.8249],[28.262,70.8194],[28.3013,70.8124],[28.2659,70.795],[28.2239,70.7858],[28.1797,70.7829],[28.1374,70.7845],[28.0807,70.7971],[28.0617,70.7988],[28.0231,70.7929],[28.0095,70.7961],[28.0138,70.8124],[27.9988,70.8157],[27.9858,70.8131],[27.9733,70.8083],[27.9592,70.805],[27.9507,70.7978],[27.8223,70.7912],[27.8084,70.7951],[27.7985,70.7966],[27.7726,70.7917],[27.76,70.7913],[27.7764,70.7815],[27.8118,70.7767],[27.8283,70.7708],[27.8132,70.7648],[27.7967,70.7609],[27.7825,70.7552],[27.7737,70.7436],[27.8576,70.763],[27.8997,70.7682],[27.9868,70.757],[27.9934,70.7541],[27.9973,70.7458],[28.0067,70.7429],[28.0808,70.7457],[28.1074,70.7438],[28.1305,70.736],[28.0724,70.7033],[27.9334,70.6871],[27.8699,70.6678],[27.874,70.6651],[27.8767,70.661],[27.7931,70.6368],[27.7529,70.6315],[27.7219,70.6221],[27.6765,70.6157],[27.6502,70.6064],[27.7947,70.6137],[28.1538,70.6779],[28.2534,70.7164],[28.2834,70.7185],[28.3013,70.7026],[28.2879,70.6538],[28.2332,70.6152],[28.1665,70.5875],[28.058,70.5554],[28.0335,70.5412],[27.9944,70.5265],[27.9119,70.5116],[27.8738,70.4986],[27.8494,70.4829],[27.8623,70.4697],[27.87,70.4586],[27.8836,70.4282],[27.8939,70.4392],[27.9146,70.4732],[27.9279,70.4827],[27.945,70.4892],[27.9797,70.4971],[27.958,70.4844],[27.9382,70.4698],[28.0586,70.493],[28.1852,70.5033],[28.0801,70.4771],[28.0518,70.4595],[28.0409,70.4448],[28.0501,70.4425],[28.0877,70.4515],[28.1128,70.4639],[28.1305,70.4698],[28.1295,70.4693],[28.1104,70.4612],[28.104,70.4543],[28.1076,70.4457],[28.1271,70.4418],[28.1372,70.4467],[28.1777,70.4766],[28.214,70.4957],[28.2529,70.5101],[28.2936,70.518],[28.3353,70.5176],[28.3221,70.497],[28.3032,70.4866],[28.2825,70.479],[28.264,70.4664],[28.2468,70.4482],[28.2132,70.4212],[28.1724,70.3955],[28.1607,70.3828],[28.1585,70.3681],[28.1681,70.3494],[28.1733,70.333],[28.1696,70.3154],[28.1572,70.2842],[28.1579,70.2473],[28.1779,70.1823],[28.1777,70.1539],[28.1672,70.1355],[28.152,70.1237],[28.1353,70.1142],[28.0998,70.0881],[28.0708,70.0774],[28.0399,70.0713],[28.0138,70.0714],[28.0663,70.0632],[28.1281,70.0816],[28.1839,70.1155],[28.2192,70.1539],[28.2254,70.174],[28.2197,70.186],[28.2085,70.1975],[28.1989,70.2159],[28.1989,70.2262],[28.2044,70.2458],[28.2019,70.2535],[28.1987,70.26],[28.1914,70.2842],[28.1956,70.3016],[28.2166,70.3301],[28.2254,70.3456],[28.2292,70.3659],[28.2292,70.3833],[28.2327,70.3991],[28.2466,70.4145],[28.2581,70.421],[28.2912,70.4329],[28.3208,70.4389],[28.325,70.4483],[28.3255,70.4598],[28.3291,70.4698],[28.3534,70.4838],[28.3904,70.4934],[28.429,70.496],[28.4588,70.4897],[28.4562,70.472],[28.4692,70.4551],[28.4893,70.4453],[28.5073,70.4487],[28.5117,70.458],[28.5068,70.4663],[28.5003,70.4742],[28.5005,70.4829],[28.5108,70.4918],[28.5257,70.4979],[28.555,70.5033],[28.555,70.5107],[28.4817,70.5121],[28.4588,70.5176],[28.4061,70.545],[28.3975,70.5483],[28.4017,70.559],[28.4793,70.6262],[28.485,70.6358],[28.4934,70.658],[28.5005,70.6678],[28.5169,70.6782],[28.5339,70.6801],[28.5755,70.6746],[28.6135,70.6738],[28.6203,70.6783],[28.6104,70.6889],[28.5759,70.7015],[28.5407,70.7089],[28.5262,70.7217],[28.555,70.7504],[28.6431,70.7893],[28.6932,70.8298],[28.7256,70.8489],[28.7611,70.8641],[28.7947,70.8732],[29.0575,70.884],[29.0827,70.8807],[29.1045,70.873],[29.1022,70.8687],[29.0623,70.8664],[29.0623,70.8596],[29.2214,70.8554],[29.2614,70.8397],[29.263,70.835],[29.262,70.8209],[29.2648,70.8152],[29.273,70.8097],[29.2824,70.8051],[29.3018,70.7988],[29.3812,70.7929],[29.4048,70.7845],[29.3805,70.7694],[29.2949,70.7436],[29.3221,70.7349],[29.4178,70.736],[29.3991,70.7282],[29.3726,70.7239],[29.3223,70.723],[29.3279,70.7127],[29.3377,70.7084],[29.3503,70.7081],[29.3638,70.7094],[29.3519,70.6953],[29.3288,70.69],[29.3025,70.6874],[29.2814,70.6815],[29.285,70.6786],[29.2879,70.677],[29.2949,70.6746],[29.2814,70.661],[29.3064,70.6529],[29.3289,70.66],[29.37,70.6889],[29.3921,70.6973],[29.5178,70.7059],[29.6996,70.7437],[29.7458,70.7427],[29.779,70.7265],[29.7815,70.6889],[29.762,70.6645],[29.7026,70.6396],[29.6792,70.62],[29.8231,70.6337],[29.8395,70.6394],[29.8494,70.6472],[29.8581,70.656],[29.8704,70.6644],[29.9592,70.7047],[29.9938,70.7131],[30.0696,70.7156],[30.1047,70.7108],[30.2068,70.6815],[30.186,70.6647],[30.1565,70.656],[30.0969,70.6479],[30.1307,70.6388],[30.2409,70.6337],[30.3369,70.6061],[30.3473,70.5961],[30.3269,70.5849],[30.2647,70.5698],[30.1527,70.5583],[30.1248,70.5517],[30.1248,70.5449],[30.138,70.5464],[30.1502,70.5458],[30.1598,70.5414],[30.1652,70.5312],[30.1243,70.5317],[30.0414,70.5444],[30.0007,70.5449],[30.0007,70.5381],[30.1631,70.5246],[30.4563,70.5612],[30.5016,70.5585],[30.5818,70.5422],[30.5991,70.5298],[30.5623,70.5176],[30.7319,70.4682],[30.7412,70.4418],[30.7866,70.4206],[30.8123,70.4147],[30.8237,70.4248],[30.8374,70.4317],[30.926,70.4561],[30.947,70.45],[30.9734,70.4212],[30.988,70.4145],[31.0056,70.409],[31.0633,70.3668],[31.0477,70.3563],[31.0305,70.3488],[31.0194,70.3399],[31.0217,70.3251],[31.0339,70.315],[31.0505,70.3088],[31.0664,70.3005],[31.077,70.2842],[31.0412,70.2849],[30.9336,70.2637],[30.5488,70.2487],[30.5151,70.2391],[30.5147,70.2159],[30.4889,70.2031],[30.3986,70.1955],[30.3748,70.1859],[30.3578,70.1732],[30.3574,70.1613],[30.3843,70.1539],[30.3552,70.1297],[30.3171,70.1174],[30.1447,70.0924],[30.1195,70.0849],[30.1179,70.0781],[30.1331,70.0732],[30.1589,70.0714],[29.6897,70.0959],[29.2205,70.1203],[29.2267,70.1203],[28.9402,70.1513],[28.6537,70.1823],[28.6165,70.1769],[28.5967,70.1613],[28.7537,70.1675],[28.7326,70.1493],[28.6901,70.1341],[28.6436,70.1239],[28.6104,70.1203],[28.6294,70.1071],[28.6648,70.1],[28.7327,70.0986],[28.7741,70.1114],[28.7865,70.1112],[28.834,70.0995],[28.8499,70.0986],[28.8499,70.0924],[28.759,70.0936],[28.7327,70.0856],[28.9241,70.0739],[28.9933,70.0559],[29.138,70.0576],[29.1292,70.0476],[29.1243,70.044],[29.1619,70.0452],[29.1831,70.0434],[29.1926,70.0372],[29.1838,70.0329],[29.1304,70.0168],[29.1584,70.0092],[29.3434,70.0168],[29.3894,70.0049],[29.6859,69.9695],[29.6636,69.966],[29.5755,69.9358],[29.5295,69.9254],[29.4863,69.9107],[29.4401,69.9008],[29.4216,69.8904],[29.4151,69.8836],[29.4123,69.8796],[29.4084,69.8759],[29.3983,69.8696],[29.3903,69.8662],[29.3638,69.8597],[29.4133,69.8569],[29.4358,69.8624],[29.4714,69.8878],[29.5154,69.9093],[29.5352,69.9143],[29.5495,69.9147],[29.5636,69.913],[29.5774,69.9094],[29.5903,69.904],[29.6043,69.9013],[29.6299,69.907],[29.6672,69.9014],[29.7144,69.9136],[29.7412,69.9075],[29.7316,69.8944],[29.7381,69.8857],[29.7463,69.8774],[29.7412,69.8659],[29.7754,69.8386],[29.7554,69.8288],[29.737,69.8029],[29.6994,69.7933],[29.6493,69.7719],[29.645,69.7634],[29.645,69.756],[29.6248,69.7541],[29.6126,69.7449],[29.6028,69.733],[29.5897,69.7225],[29.5706,69.7165],[29.5281,69.713],[29.508,69.7088],[29.5435,69.7083],[29.5337,69.6953],[29.506,69.6771],[29.4873,69.6611],[29.5215,69.6684],[29.5378,69.675],[29.5672,69.6949],[29.68,69.7354],[29.7156,69.7411],[29.821,69.744],[29.9016,69.7363],[29.9085,69.7375],[29.993,69.768],[30.0304,69.7759],[30.0628,69.7703],[30.0435,69.7614],[30.0191,69.7375],[30.001,69.7256],[29.9549,69.7153],[29.9367,69.7058],[29.9393,69.6877],[29.9523,69.7052],[29.9778,69.7142],[30.0286,69.7225],[30.0711,69.7399],[30.0808,69.7387],[30.1017,69.7162],[30.1145,69.7062],[30.1751,69.6863],[30.1863,69.6877],[30.188,69.6957],[30.1807,69.702],[30.162,69.7119],[30.1222,69.7438],[30.1106,69.756],[30.1318,69.76],[30.189,69.7625],[30.2068,69.7703],[30.209,69.7844],[30.1947,69.7936],[30.1746,69.8014],[30.1589,69.8112],[30.1659,69.8239],[30.168,69.8466],[30.1672,69.8687],[30.1652,69.8795],[30.2409,69.8795],[30.2892,69.8865],[30.3027,69.8832],[30.324,69.8671],[30.3182,69.8593],[30.2688,69.8454],[30.2995,69.8382],[30.3718,69.8476],[30.3986,69.8386],[30.4026,69.8312],[30.4037,69.8224],[30.4038,69.8131],[30.4048,69.8044],[30.411,69.782],[30.4123,69.7805],[30.4136,69.7366],[30.4098,69.7023],[30.3882,69.6804],[30.3371,69.6741],[30.3602,69.6675],[30.4294,69.6741],[30.4435,69.6784],[30.4486,69.689],[30.4525,69.715],[30.4474,69.7268],[30.4474,69.7333],[30.4621,69.7377],[30.4652,69.7416],[30.4666,69.747],[30.4668,69.7529],[30.4627,69.7642],[30.4553,69.7733],[30.4518,69.7817],[30.46,69.7908],[30.4507,69.8103],[30.4829,69.8182],[30.6987,69.8085],[30.7206,69.7976],[30.7067,69.7928],[30.7004,69.7834],[30.7031,69.7744],[30.717,69.7703],[30.7326,69.7722],[30.7497,69.7772],[30.7821,69.7908],[30.7896,69.7908],[30.841,69.8058],[30.844,69.7662],[30.8679,69.749],[30.8771,69.7376],[30.8823,69.7201],[30.8813,69.7105],[30.8843,69.7024],[30.9012,69.689],[30.9277,69.6721],[30.9308,69.5949],[30.927,69.5784],[30.8982,69.5442],[30.853,69.5274],[30.7553,69.5215],[30.5117,69.5363],[30.4807,69.5441],[30.2944,69.6202],[30.2307,69.6373],[30.1861,69.6413],[30.1412,69.6399],[30.1191,69.6346],[30.1267,69.6264],[30.1486,69.6185],[30.2088,69.6087],[30.2202,69.6002],[30.2287,69.5821],[30.2316,69.5583],[30.2247,69.5408],[30.2106,69.5282],[30.1923,69.5192],[30.164,69.5118],[30.1548,69.5061],[30.145,69.4911],[30.1411,69.4768],[30.1408,69.4644],[30.1374,69.453],[30.1234,69.4419],[30.0018,69.3946],[29.9671,69.3735],[29.9481,69.3656],[29.9007,69.3582],[29.7514,69.3572],[29.7284,69.3515],[29.6618,69.325],[29.6043,69.3152],[29.4346,69.3118],[29.3768,69.3016],[29.3345,69.2774],[29.3266,69.2626],[29.3159,69.2349],[29.3074,69.2263],[29.3055,69.2181],[29.3054,69.2097],[29.3023,69.2008],[29.2944,69.1917],[29.2764,69.1759],[29.2688,69.1667],[29.251,69.1308],[29.2405,69.1151],[29.221,69.0984],[29.173,69.0694],[29.1203,69.0468],[29.0648,69.0347],[29.0081,69.0369],[28.9737,69.0342],[28.9541,69.0273],[28.8396,69.0803],[28.8276,69.0908],[28.827,69.1068],[28.8441,69.1813],[28.8522,69.2035],[28.8648,69.2166],[29.2293,69.3769],[29.3445,69.4644],[29.2032,69.586],[29.1471,69.6639],[29.1312,69.6742],[28.8061,69.73],[28.4809,69.7857],[28.4427,69.7915],[28.4046,69.8023],[28.3797,69.8224],[28.3812,69.8562],[28.1893,69.886],[28.1674,69.8943],[27.981,70.0096],[27.9272,70.0533],[27.8973,70.0707],[27.8669,70.0753],[27.7922,70.0589],[27.6651,70.0683],[27.6126,70.0621],[27.5709,70.0409],[27.5633,70.0236],[27.4452,70.0032],[27.3809,69.9743],[27.365,69.9718],[27.3491,69.9713],[27.3345,69.9686],[27.3232,69.9597],[27.3305,69.9575],[27.3451,69.9507],[27.3524,69.9487],[27.3118,69.9295],[27.1003,69.9018],[27.0812,69.9029],[27.0075,69.9225],[26.9811,69.9233],[26.9511,69.9202],[26.8957,69.9343],[26.8646,69.9381],[26.7719,69.9284],[26.707,69.9351],[26.5339,69.9252],[26.5007,69.9183],[26.481,69.8994],[26.4459,69.8818],[26.4359,69.8742],[26.4479,69.856],[26.4187,69.8356],[26.3168,69.7949],[26.2682,69.7583],[26.223,69.7319],[26.211,69.7229],[26.1983,69.7154],[26.1814,69.7113],[26.032,69.6967],[26.0051,69.6893],[25.9813,69.6749],[25.9688,69.6632],[25.9617,69.6525],[25.9644,69.6427],[25.9811,69.6335],[26.0051,69.6108],[26.004,69.5872],[25.9862,69.5654],[25.9603,69.5487],[25.9002,69.532],[25.8867,69.5209],[25.8906,69.5148],[25.9014,69.5091],[25.9064,69.5019],[25.8921,69.4909],[25.8857,69.4791],[25.8867,69.4552],[25.8775,69.447],[25.8658,69.441],[25.8414,69.4178],[25.8726,69.3791],[25.8774,69.3708],[25.7866,69.3128],[25.7745,69.2988],[25.7372,69.2182],[25.7341,69.1913],[25.7499,69.1652],[25.7553,69.1596],[25.7683,69.1421],[25.7712,69.1351],[25.77,69.1274],[25.7664,69.1227],[25.7624,69.1192],[25.7605,69.1152],[25.759,69.082],[25.7572,69.0751],[25.7494,69.0656],[25.7502,69.0592],[25.7651,69.0434],[25.7657,69.0392],[25.7646,69.0352],[25.7658,69.0307],[25.7738,69.0254],[25.7929,69.0182],[25.8011,69.0132],[25.8047,69.0061],[25.7958,68.9933],[25.7539,68.9784],[25.7427,68.9659],[25.7374,68.9525],[25.7264,68.9425],[25.6948,68.9256],[25.6784,68.9125],[25.6662,68.8974],[25.6516,68.8835],[25.6278,68.8741],[25.6024,68.8721],[25.4811,68.8877],[25.4339,68.8839],[25.3872,68.8746],[25.2013,68.8126],[25.1627,68.7846],[25.1496,68.7646],[25.1449,68.7426],[25.1431,68.696],[25.1388,68.6883],[25.1328,68.6827],[25.1321,68.6766],[25.1442,68.668],[25.1324,68.6476],[25.1176,68.6377],[25.0978,68.6337],[25.071,68.6314],[25.0069,68.6146],[24.9812,68.6151],[24.9518,68.6051],[24.9381,68.5883],[24.9271,68.5704],[24.9052,68.557],[24.8792,68.5548],[24.8609,68.5634],[24.8296,68.5941],[24.7542,68.6379],[24.6634,68.6661],[24.4813,68.6892],[24.3325,68.7086],[24.1869,68.7445],[24.1637,68.7548],[24.1312,68.7762],[23.929,68.8162],[23.8526,68.8167],[23.7872,68.7998],[23.768,68.756],[23.7348,68.7154],[23.6416,68.695],[23.4816,68.6856],[23.1976,68.618],[23.1754,68.6217],[23.0979,68.6701],[23.0715,68.6809],[23.0193,68.6867],[22.8517,68.6757],[22.5965,68.7246],[22.5701,68.7268],[22.5429,68.726],[22.4287,68.7101],[22.4092,68.7129],[22.3967,68.7318],[22.3714,68.8226],[22.3568,68.8328],[22.2772,68.8575],[22.2002,68.9085],[22.1886,68.9186],[22.1744,68.9437],[22.1607,68.9561],[22.0231,69.012],[21.9461,69.0657],[21.6629,69.2632],[21.6388,69.2714],[21.3136,69.2914],[21.0984,69.2395],[21.0797,69.2301],[21.063,69.2149],[21.0336,69.1812],[21.1564,69.0876],[21.099,69.0438],[21.0715,69.0367],[21.0325,69.041],[20.7444,69.1044],[20.7166,69.0988],[20.6232,69.0364]]],[[[5.2769,59.2993],[5.279,59.2925],[5.2951,59.2829],[5.3141,59.2736],[5.3179,59.2565],[5.3174,59.2289],[5.3024,59.2055],[5.2971,59.1689],[5.2632,59.1518],[5.2359,59.1411],[5.2086,59.1429],[5.1884,59.1572],[5.1787,59.1705],[5.1662,59.1957],[5.1644,59.2181],[5.1727,59.241],[5.1721,59.2583],[5.1731,59.2687],[5.1653,59.2734],[5.1787,59.2922],[5.2283,59.2856],[5.1828,59.32],[5.1738,59.3341],[5.1745,59.3493],[5.1852,59.3559],[5.1987,59.3619],[5.2085,59.3749],[5.1885,59.384],[5.18,59.4006],[5.1859,59.4147],[5.2085,59.416],[5.2449,59.3692],[5.2539,59.348],[5.2625,59.3411],[5.2726,59.3356],[5.2803,59.3303],[5.2865,59.3204],[5.284,59.3154],[5.2788,59.3101],[5.2769,59.2993]]],[[[5.3071,59.7586],[5.3176,59.7523],[5.3342,59.7214],[5.345,59.7101],[5.3097,59.6901],[5.2908,59.6835],[5.27,59.6828],[5.27,59.6897],[5.281,59.6914],[5.3103,59.7033],[5.3024,59.7185],[5.2979,59.7363],[5.2893,59.7498],[5.27,59.7518],[5.2734,59.735],[5.2606,59.7339],[5.2412,59.7425],[5.2256,59.7552],[5.2205,59.7554],[5.2108,59.7532],[5.2007,59.7495],[5.1942,59.7449],[5.19,59.7364],[5.1904,59.7299],[5.1929,59.7232],[5.1942,59.7139],[5.188,59.7026],[5.1602,59.6824],[5.154,59.6698],[5.1602,59.6552],[5.1748,59.6619],[5.1929,59.6758],[5.2085,59.6828],[5.1917,59.6635],[5.188,59.6555],[5.1904,59.6473],[5.1975,59.6408],[5.2015,59.6331],[5.1942,59.6214],[5.2017,59.6146],[5.1939,59.6072],[5.1858,59.6016],[5.1771,59.5975],[5.1551,59.5917],[5.1528,59.5916],[5.1526,59.5946],[5.1465,59.6009],[5.1356,59.6094],[5.1243,59.6214],[5.1154,59.6361],[5.1117,59.6524],[5.1167,59.6857],[5.1314,59.712],[5.1554,59.7351],[5.188,59.7586],[5.1449,59.7576],[5.1248,59.7619],[5.1184,59.779],[5.1052,59.7676],[5.0895,59.7623],[5.0762,59.7663],[5.0706,59.7828],[5.0762,59.7946],[5.0874,59.8009],[5.0974,59.8093],[5.0986,59.8275],[5.103,59.8253],[5.1141,59.822],[5.1184,59.82],[5.1222,59.8282],[5.1284,59.8316],[5.1366,59.831],[5.1465,59.8275],[5.1389,59.8408],[5.1048,59.8685],[5.1162,59.8732],[5.1282,59.875],[5.154,59.8747],[5.1597,59.8599],[5.1683,59.85],[5.1942,59.8337],[5.2041,59.8305],[5.2134,59.8297],[5.2202,59.8266],[5.2228,59.8166],[5.2272,59.8073],[5.2376,59.8055],[5.2498,59.8057],[5.2598,59.8027],[5.2796,59.778],[5.2932,59.7645],[5.3071,59.7586]]],[[[5.4891,59.861],[5.4909,59.852],[5.4925,59.8237],[5.4978,59.8034],[5.4817,59.7879],[5.4219,59.759],[5.3897,59.7586],[5.3633,59.7641],[5.3582,59.7722],[5.3704,59.7746],[5.3859,59.772],[5.3996,59.7712],[5.4065,59.779],[5.4019,59.7873],[5.3901,59.7921],[5.3779,59.7929],[5.3724,59.7896],[5.3664,59.7805],[5.3523,59.7777],[5.3363,59.779],[5.3246,59.7828],[5.3143,59.7895],[5.3104,59.795],[5.304,59.8132],[5.2848,59.8482],[5.2731,59.8616],[5.2564,59.8747],[5.2616,59.8852],[5.262,59.8951],[5.258,59.9034],[5.2502,59.9094],[5.2876,59.9378],[5.2975,59.951],[5.2803,59.9566],[5.2754,59.9597],[5.2829,59.9666],[5.2949,59.9738],[5.304,59.9777],[5.314,59.9782],[5.3262,59.9765],[5.3377,59.972],[5.345,59.9641],[5.3882,59.9577],[5.4207,59.9384],[5.4461,59.9113],[5.468,59.8821],[5.4891,59.861]]],[[[5.6192,60.0739],[5.647,60.0801],[5.6567,60.0788],[5.6604,60.0665],[5.6604,60.0169],[5.6528,60.0009],[5.6052,59.9622],[5.6061,59.9505],[5.6221,59.9385],[5.6399,59.9156],[5.6224,59.9112],[5.5916,59.9228],[5.5715,59.923],[5.5281,59.9018],[5.5081,59.8991],[5.4891,59.9156],[5.4817,59.9538],[5.4768,59.963],[5.4665,59.9608],[5.4569,59.9545],[5.4543,59.951],[5.4328,59.9523],[5.4102,59.9577],[5.3889,59.9663],[5.3724,59.9777],[5.3618,59.9953],[5.3753,60.0025],[5.4494,60.005],[5.4536,60.0096],[5.4443,60.0224],[5.4397,60.0324],[5.4441,60.041],[5.4529,60.048],[5.4617,60.0528],[5.4683,60.0524],[5.4758,60.0488],[5.4841,60.0464],[5.4925,60.0497],[5.4966,60.0525],[5.5088,60.059],[5.513,60.0602],[5.5779,60.0665],[5.5833,60.065],[5.5887,60.0617],[5.5946,60.06],[5.6021,60.0633],[5.6065,60.0685],[5.6079,60.0717],[5.6106,60.0734],[5.6192,60.0739]]],[[[5.1117,60.2005],[5.1032,60.1907],[5.0843,60.189],[5.0656,60.1912],[5.0571,60.1937],[5.0544,60.2085],[5.0466,60.2245],[5.0358,60.2379],[5.023,60.2452],[5.0174,60.2208],[4.993,60.2253],[4.9646,60.2432],[4.9479,60.2589],[4.9385,60.2751],[4.9358,60.2855],[4.9414,60.2912],[4.9924,60.297],[5.0076,60.2956],[5.023,60.2862],[5.0366,60.3135],[5.0202,60.3077],[5.0067,60.3132],[4.9937,60.3223],[4.9783,60.3271],[4.971,60.3328],[4.9651,60.3594],[4.9608,60.3681],[4.9719,60.384],[4.9685,60.3922],[4.9596,60.3978],[4.9546,60.406],[4.9446,60.4302],[4.9489,60.4392],[4.9683,60.4438],[4.9768,60.4412],[4.9819,60.4366],[5.0022,60.4],[5.0706,60.3476],[5.0938,60.3202],[5.0977,60.2982],[5.0829,60.2855],[5.0503,60.2862],[5.0584,60.2752],[5.0862,60.2615],[5.0986,60.2514],[5.1043,60.2417],[5.1082,60.2294],[5.1107,60.2153],[5.1117,60.2005]]],[[[4.9778,60.5243],[4.9608,60.5599],[4.9709,60.5541],[4.9758,60.5539],[4.9819,60.553],[5.0264,60.5229],[5.1502,60.5014],[5.1942,60.4711],[5.2048,60.4492],[5.2044,60.4318],[5.1924,60.4188],[5.1399,60.4018],[5.125,60.4024],[5.1184,60.4131],[5.1157,60.428],[5.1193,60.4354],[5.1328,60.4438],[5.0789,60.4556],[5.0645,60.4649],[5.0706,60.4692],[5.0735,60.4704],[5.0781,60.4711],[5.0781,60.478],[5.0633,60.4768],[5.0591,60.4825],[5.0581,60.492],[5.0537,60.5021],[5.044,60.5064],[5.0316,60.5046],[5.0184,60.5006],[5.0059,60.4984],[4.9906,60.5062],[4.9778,60.5243]]],[[[5.6877,60.6766],[5.6877,60.6117],[5.6858,60.5959],[5.674,60.5468],[5.6742,60.5292],[5.6814,60.4817],[5.676,60.4729],[5.6629,60.47],[5.6365,60.4711],[5.6245,60.4669],[5.6167,60.4575],[5.6118,60.4481],[5.6089,60.4438],[5.5291,60.435],[5.5021,60.437],[5.486,60.4443],[5.4592,60.4665],[5.4443,60.4711],[5.4356,60.4765],[5.3928,60.5121],[5.324,60.5468],[5.3387,60.5521],[5.386,60.553],[5.409,60.558],[5.4148,60.562],[5.4236,60.5707],[5.4343,60.5778],[5.4754,60.5941],[5.522,60.6061],[5.5432,60.6174],[5.5697,60.6251],[5.5816,60.6322],[5.5877,60.6425],[5.5887,60.6655],[5.5916,60.6766],[5.6084,60.6884],[5.6361,60.6926],[5.6657,60.6888],[5.6877,60.6766]]],[[[4.9608,61.1774],[4.9873,61.1197],[4.9854,61.1049],[4.9679,61.0923],[4.9265,61.0759],[4.9097,61.0639],[4.8938,61.0561],[4.8848,61.0698],[4.8755,61.0898],[4.8584,61.1011],[4.8556,61.0965],[4.8259,61.0794],[4.8206,61.0775],[4.8152,61.069],[4.8141,61.0615],[4.8119,61.0541],[4.8032,61.0465],[4.797,61.0628],[4.7953,61.0829],[4.7964,61.1185],[4.7956,61.126],[4.7912,61.1369],[4.7902,61.1461],[4.7946,61.1538],[4.8184,61.1554],[4.8306,61.1632],[4.8513,61.1293],[4.8633,61.1217],[4.8721,61.1365],[4.87,61.1501],[4.8447,61.1973],[4.8625,61.2034],[4.8728,61.1946],[4.8858,61.1632],[4.8904,61.1452],[4.8953,61.1374],[4.9032,61.1396],[4.9061,61.1464],[4.9058,61.155],[4.9033,61.1635],[4.9001,61.17],[4.9103,61.1694],[4.9186,61.1706],[4.926,61.1733],[4.9343,61.1774],[4.9297,61.1805],[4.9248,61.1864],[4.9199,61.1911],[4.9324,61.1923],[4.9435,61.1902],[4.9529,61.1851],[4.9608,61.1774]]],[[[4.8652,61.8894],[4.9095,61.8982],[4.953,61.897],[5.2228,61.8485],[5.2054,61.8339],[5.1766,61.8257],[5.1184,61.8211],[5.1318,61.8278],[5.1387,61.8373],[5.1375,61.8474],[5.126,61.8559],[5.0906,61.8281],[5.0534,61.8088],[5.013,61.7958],[4.9163,61.781],[4.8897,61.7851],[4.8721,61.8006],[4.8708,61.8134],[4.8807,61.8144],[4.9001,61.8074],[4.9075,61.8112],[4.9141,61.8161],[4.9268,61.8279],[4.8981,61.8271],[4.8294,61.8342],[4.8032,61.8416],[4.822,61.8534],[4.8464,61.8625],[4.8649,61.873],[4.8652,61.8894]]],[[[5.2897,60.0743],[5.2984,60.0597],[5.3001,60.0508],[5.2991,60.0463],[5.2986,60.0378],[5.297,60.0275],[5.2793,60.0125],[5.2776,60.0036],[5.2688,59.9949],[5.2537,59.9931],[5.2461,59.9984],[5.2455,60.0043],[5.2401,60.0065],[5.231,60.0062],[5.2183,60.0085],[5.2043,60.0161],[5.1994,60.0238],[5.2007,60.0294],[5.1979,60.0339],[5.1738,60.0461],[5.1717,60.0495],[5.1725,60.0541],[5.1799,60.0682],[5.1971,60.082],[5.2036,60.0883],[5.2068,60.0867],[5.2073,60.0795],[5.2111,60.0712],[5.217,60.0614],[5.2196,60.051],[5.2239,60.0423],[5.2317,60.0405],[5.2398,60.0439],[5.2424,60.0467],[5.2404,60.0495],[5.242,60.0513],[5.2466,60.0515],[5.2414,60.0554],[5.2288,60.0673],[5.223,60.0788],[5.2212,60.0855],[5.2183,60.088],[5.2153,60.0888],[5.2049,60.1071],[5.2053,60.1174],[5.2175,60.1185],[5.222,60.1171],[5.2298,60.1122],[5.2478,60.0985],[5.2537,60.0898],[5.2498,60.0894],[5.2522,60.085],[5.2595,60.0756],[5.2625,60.0754],[5.2659,60.0827],[5.2727,60.0837],[5.2793,60.0812],[5.2897,60.0743]]],[[[4.9224,60.8675],[4.9284,60.8642],[4.9294,60.8612],[4.929,60.8586],[4.9251,60.8555],[4.9182,60.8554],[4.898,60.8585],[4.8788,60.8651],[4.8724,60.8751],[4.8722,60.884],[4.8682,60.8878],[4.8654,60.8857],[4.861,60.8847],[4.8454,60.8901],[4.8347,60.8952],[4.8309,60.9024],[4.8332,60.9084],[4.8312,60.9145],[4.8252,60.9205],[4.8211,60.9185],[4.8169,60.9117],[4.8096,60.9119],[4.8003,60.9169],[4.7914,60.9184],[4.7839,60.9169],[4.7816,60.9176],[4.784,60.9202],[4.782,60.924],[4.7769,60.93],[4.7816,60.9353],[4.7951,60.9389],[4.8368,60.9432],[4.8433,60.9389],[4.8366,60.9332],[4.8249,60.9301],[4.8263,60.929],[4.8556,60.9325],[4.8708,60.9329],[4.8828,60.93],[4.8841,60.9256],[4.8766,60.9259],[4.8709,60.9238],[4.874,60.9177],[4.8853,60.9137],[4.8972,60.9074],[4.9225,60.8781],[4.9242,60.8712],[4.9201,60.8684],[4.9224,60.8675]]],[[[4.7214,61.0402],[4.7327,61.0351],[4.7396,61.0277],[4.739,61.0137],[4.7311,60.9999],[4.7184,60.9909],[4.7069,60.9885],[4.7019,60.9937],[4.7013,61.0016],[4.7054,61.0104],[4.7087,61.0197],[4.7054,61.0187],[4.6974,61.0077],[4.6917,61.0025],[4.6885,60.9995],[4.6803,60.9971],[4.6724,61.0033],[4.6688,61.0141],[4.6649,61.0187],[4.6563,61.0195],[4.6487,61.0264],[4.646,61.0363],[4.6448,61.0458],[4.6481,61.0523],[4.6488,61.0547],[4.6438,61.0576],[4.6447,61.0602],[4.6594,61.0661],[4.6641,61.0675],[4.6685,61.0683],[4.6746,61.0734],[4.6797,61.0797],[4.689,61.0823],[4.7,61.0822],[4.7056,61.0762],[4.7092,61.0673],[4.7146,61.0601],[4.7122,61.0552],[4.7114,61.0483],[4.7214,61.0402]]],[[[5.1203,62.0258],[5.1336,62.0198],[5.1521,61.998],[5.1487,61.9886],[5.1389,61.9797],[5.1299,61.9637],[5.1279,61.9586],[5.1232,61.9488],[5.1126,61.9369],[5.0952,61.9274],[5.0754,61.9272],[5.041,61.9346],[5.0339,61.935],[5.0215,61.9389],[5.0155,61.9434],[5.0161,61.9525],[5.0248,61.9602],[5.0366,61.9615],[5.0442,61.957],[5.0484,61.9528],[5.0558,61.959],[5.0544,61.9724],[4.9985,61.9962],[4.9862,62.0053],[4.9842,62.0095],[4.9841,62.0186],[4.9859,62.0274],[4.9851,62.0339],[4.9929,62.0351],[5.0096,62.0307],[5.0676,62.0089],[5.0798,62.0064],[5.0858,62.0104],[5.089,62.0158],[5.1018,62.0213],[5.1203,62.0258]]],[[[5.764,59.1179],[5.7759,59.1127],[5.7785,59.1014],[5.7748,59.0806],[5.7507,59.0723],[5.667,59.1004],[5.6016,59.1152],[5.5752,59.124],[5.5851,59.1272],[5.5936,59.1325],[5.6079,59.1344],[5.6243,59.131],[5.6348,59.1315],[5.6468,59.1307],[5.6775,59.1225],[5.6979,59.1202],[5.721,59.1257],[5.7391,59.1244],[5.764,59.1179]]],[[[5.4621,59.2109],[5.4663,59.2045],[5.4681,59.1967],[5.4646,59.1831],[5.4512,59.1635],[5.4432,59.1589],[5.4344,59.1611],[5.4307,59.1647],[5.4326,59.1672],[5.432,59.1706],[5.4274,59.1745],[5.4217,59.1778],[5.396,59.1879],[5.3848,59.1953],[5.3768,59.2072],[5.3753,59.2188],[5.3784,59.2268],[5.3851,59.2341],[5.3939,59.2404],[5.4038,59.2421],[5.4138,59.2408],[5.4255,59.2364],[5.4323,59.2327],[5.4392,59.2299],[5.452,59.2221],[5.4621,59.2109]]],[[[6.0164,59.2922],[6.0726,59.2851],[6.0999,59.2766],[6.0918,59.2614],[6.0563,59.2407],[6.0044,59.2308],[5.9582,59.2279],[5.9299,59.2435],[5.9325,59.269],[5.9525,59.2839],[5.9876,59.2908],[6.0164,59.2922]]],[[[4.8459,60.6281],[4.8516,60.6211],[4.8518,60.6142],[4.8447,60.6114],[4.8408,60.6068],[4.8439,60.5897],[4.8368,60.5867],[4.821,60.5844],[4.8018,60.5871],[4.7829,60.5928],[4.7795,60.5985],[4.7889,60.5975],[4.7908,60.6003],[4.786,60.6118],[4.7854,60.6158],[4.7887,60.614],[4.792,60.6146],[4.7949,60.6154],[4.7936,60.6179],[4.791,60.6305],[4.7884,60.6381],[4.7876,60.6442],[4.7861,60.6484],[4.7861,60.6561],[4.7913,60.6661],[4.8014,60.6672],[4.8101,60.6613],[4.8206,60.6564],[4.824,60.6515],[4.8239,60.6466],[4.8254,60.6436],[4.8303,60.64],[4.8309,60.6356],[4.8273,60.6314],[4.8294,60.6297],[4.8379,60.6305],[4.8459,60.6281]]],[[[4.8363,61.6745],[4.8319,61.6815],[4.8303,61.69],[4.8329,61.6958],[4.8387,61.6996],[4.8483,61.7016],[4.8582,61.7022],[4.863,61.7082],[4.8703,61.7147],[4.8799,61.712],[4.8775,61.701],[4.8843,61.6957],[4.8895,61.6885],[4.8958,61.6845],[4.9035,61.6762],[4.9048,61.6602],[4.9028,61.6525],[4.9024,61.6546],[4.8991,61.6594],[4.8921,61.6628],[4.8836,61.6643],[4.8654,61.6594],[4.8572,61.6616],[4.8533,61.6633],[4.8482,61.665],[4.8408,61.6696],[4.8363,61.6745]]]]}},{"type":"Feature","properties":{"name":"Luxembourg"},"geometry":{"type":"MultiPolygon","coordinates":[[[[6.1175,50.1205],[6.1106,50.106],[6.1057,50.0922],[6.0994,50.0641],[6.1012,50.0634],[6.1072,50.0638],[6.1094,50.0636],[6.1057,50.0603],[6.0964,50.0486],[6.1073,50.0446],[6.1138,50.0364],[6.12,50.0155],[6.1172,50.0044],[6.1215,49.9963],[6.1388,49.9793],[6.154,49.9512],[6.1619,49.9425],[6.1727,49.9562],[6.1898,49.9383],[6.2227,49.8871],[6.2383,49.8769],[6.2722,49.8671],[6.2868,49.861],[6.2915,49.8556],[6.2956,49.8486],[6.3016,49.8383],[6.3026,49.8349],[6.3107,49.8345],[6.3256,49.8404],[6.3344,49.8402],[6.3514,49.8333],[6.3801,49.8156],[6.3971,49.8086],[6.4145,49.8055],[6.4625,49.8055],[6.4933,49.7996],[6.4972,49.7994],[6.5026,49.7957],[6.5023,49.7959],[6.5001,49.7945],[6.5,49.7861],[6.4985,49.7854],[6.4938,49.7636],[6.4937,49.7566],[6.4964,49.7521],[6.496,49.7482],[6.4863,49.7427],[6.4855,49.7338],[6.4878,49.7256],[6.4926,49.7184],[6.4997,49.7122],[6.491,49.7144],[6.4864,49.7129],[6.4829,49.7081],[6.4898,49.703],[6.4917,49.7008],[6.4182,49.6699],[6.4027,49.6558],[6.4045,49.6525],[6.4109,49.6496],[6.417,49.6458],[6.4179,49.6391],[6.4152,49.6346],[6.4077,49.6274],[6.3976,49.6139],[6.3715,49.593],[6.3564,49.5776],[6.3508,49.5666],[6.3508,49.5349],[6.3488,49.5253],[6.3423,49.493],[6.3454,49.4627],[6.3453,49.4553],[6.3253,49.4567],[6.2988,49.4662],[6.2511,49.4895],[6.2494,49.4903],[6.222,49.4974],[6.1936,49.4994],[6.1361,49.4953],[6.1426,49.4861],[6.1144,49.4844],[6.1073,49.4825],[6.102,49.4764],[6.1021,49.47],[6.0998,49.4646],[6.0877,49.4616],[6.078,49.452],[6.0633,49.4485],[5.9781,49.4451],[5.9607,49.4413],[5.947,49.47],[5.9281,49.4823],[5.8647,49.4922],[5.8396,49.4999],[5.8221,49.5105],[5.7907,49.5378],[5.8145,49.5451],[5.8374,49.5611],[5.8469,49.5767],[5.83,49.5828],[5.8412,49.5897],[5.8492,49.5997],[5.862,49.6228],[5.87,49.6289],[5.8799,49.6349],[5.8855,49.6435],[5.8799,49.6577],[5.8726,49.6617],[5.8526,49.6632],[5.8458,49.6666],[5.8423,49.6739],[5.8437,49.6775],[5.8467,49.6807],[5.8472,49.6872],[5.8488,49.6927],[5.8536,49.6963],[5.8573,49.7004],[5.8564,49.7058],[5.856,49.7081],[5.8502,49.714],[5.8437,49.7143],[5.8373,49.7129],[5.8317,49.7136],[5.8257,49.7158],[5.8118,49.7185],[5.8054,49.7219],[5.8058,49.7242],[5.8036,49.7382],[5.8021,49.7429],[5.7785,49.773],[5.7719,49.7794],[5.7592,49.7845],[5.7484,49.7856],[5.7383,49.7888],[5.7277,49.8002],[5.7216,49.8128],[5.7202,49.8247],[5.7246,49.8343],[5.7365,49.8394],[5.7269,49.8452],[5.7287,49.8488],[5.7305,49.8512],[5.732,49.8542],[5.7319,49.86],[5.7581,49.8582],[5.7488,49.8673],[5.7267,49.8782],[5.7149,49.8819],[5.719,49.8914],[5.7536,49.9302],[5.7576,49.9365],[5.76,49.9416],[5.7637,49.9468],[5.7716,49.9535],[5.7786,49.9566],[5.7934,49.9588],[5.8016,49.9638],[5.8126,49.9776],[5.8086,49.9831],[5.8015,49.9887],[5.8027,50.0025],[5.8089,50.0078],[5.8291,50.0136],[5.8364,50.0185],[5.8388,50.0265],[5.8388,50.0359],[5.8377,50.0474],[5.8437,50.0536],[5.8583,50.0618],[5.8644,50.0675],[5.8669,50.0743],[5.8688,50.0905],[5.8724,50.0969],[5.889,50.1066],[5.9262,50.1183],[5.9411,50.1283],[5.949,50.1427],[5.9532,50.1564],[5.9616,50.1656],[5.9829,50.1671],[5.9983,50.175],[6.0047,50.1705],[6.008,50.1609],[6.0141,50.1536],[6.023,50.1508],[6.0274,50.1494],[6.0386,50.1484],[6.0614,50.1507],[6.07,50.1542],[6.0765,50.1586],[6.0842,50.1593],[6.0971,50.1513],[6.1015,50.1421],[6.1003,50.1327],[6.1026,50.1247],[6.1175,50.1205]]]]}},{"type":"Feature","properties":{"name":"France"},"geometry":{"type":"MultiPolygon","coordinates":[[[[2.5218,51.0875],[2.537,51.0646],[2.5471,51.0205],[2.557,51.0012],[2.5927,50.9761],[2.6084,50.9611],[2.6117,50.9412],[2.6058,50.9352],[2.5827,50.9207],[2.5769,50.9115],[2.5967,50.8676],[2.5955,50.8611],[2.5878,50.85],[2.5867,50.8454],[2.5899,50.842],[2.602,50.8381],[2.6066,50.8348],[2.6152,50.8222],[2.6204,50.8165],[2.6278,50.8144],[2.6425,50.8125],[2.6506,50.8122],[2.6692,50.8139],[2.6787,50.8132],[2.6919,50.8088],[2.6969,50.803],[2.7,50.7963],[2.7066,50.7888],[2.7438,50.7662],[2.7495,50.7596],[2.763,50.7394],[2.7682,50.7332],[2.7867,50.7234],[2.8667,50.7001],[2.8713,50.6988],[2.8869,50.6966],[2.9001,50.7031],[2.9302,50.7362],[2.9484,50.7487],[2.9714,50.7578],[3.0238,50.7683],[3.1033,50.7841],[3.1292,50.7791],[3.1462,50.7689],[3.1628,50.7499],[3.1767,50.7341],[3.189,50.7151],[3.1969,50.7092],[3.211,50.708],[3.2244,50.7052],[3.2324,50.6959],[3.2438,50.6721],[3.2298,50.6554],[3.2379,50.6265],[3.2643,50.5702],[3.2659,50.5383],[3.271,50.5269],[3.2868,50.5141],[3.2999,50.5075],[3.3436,50.4929],[3.3611,50.4898],[3.3854,50.4916],[3.4292,50.5018],[3.4427,50.5085],[3.4526,50.5149],[3.4629,50.5191],[3.4771,50.5199],[3.4915,50.5171],[3.498,50.5119],[3.4965,50.5038],[3.4867,50.4927],[3.4991,50.4868],[3.5637,50.4865],[3.5864,50.4835],[3.6083,50.4765],[3.6281,50.4644],[3.6444,50.4455],[3.6528,50.4068],[3.6529,50.3602],[3.6617,50.3193],[3.6969,50.2982],[3.7008,50.3047],[3.7022,50.3053],[3.7039,50.3043],[3.7084,50.3063],[3.7111,50.3093],[3.7155,50.3177],[3.7334,50.3372],[3.7415,50.3431],[3.755,50.3463],[3.7987,50.3485],[3.8402,50.3452],[3.8609,50.3385],[3.878,50.3308],[3.8959,50.3253],[3.9186,50.3255],[3.9821,50.3426],[4.0033,50.3441],[4.0227,50.3381],[4.0559,50.3146],[4.0772,50.3066],[4.0979,50.2948],[4.1253,50.2571],[4.1437,50.2516],[4.151,50.2563],[4.1498,50.2631],[4.1503,50.2695],[4.1628,50.273],[4.1718,50.2709],[4.1852,50.2655],[4.1976,50.2585],[4.2037,50.252],[4.2013,50.2415],[4.1915,50.2343],[4.1679,50.2225],[4.1573,50.2127],[4.1527,50.2045],[4.1474,50.1863],[4.1282,50.1462],[4.1258,50.1282],[4.1399,50.1236],[4.1599,50.1294],[4.1706,50.1305],[4.1806,50.1272],[4.1974,50.0841],[4.2034,50.0747],[4.2103,50.0667],[4.21,50.0602],[4.186,50.0525],[4.1629,50.0418],[4.1446,50.0308],[4.1373,50.0251],[4.1323,50.0176],[4.1282,50.0058],[4.1329,50.0045],[4.1384,49.9892],[4.1396,49.9745],[4.1324,49.9749],[4.1317,49.975],[4.1877,49.9555],[4.2011,49.953],[4.216,49.9544],[4.2776,49.9602],[4.4277,49.9336],[4.4351,49.9323],[4.4648,49.9356],[4.6042,49.9802],[4.6458,49.9845],[4.6567,49.9891],[4.6659,50.0005],[4.6729,50.0164],[4.6806,50.0483],[4.6795,50.0552],[4.6758,50.0602],[4.6734,50.0662],[4.6761,50.0761],[4.6819,50.0839],[4.7886,50.1534],[4.8156,50.1613],[4.8201,50.1464],[4.8314,50.1434],[4.8627,50.1476],[4.8719,50.1398],[4.8705,50.1223],[4.8652,50.1016],[4.8629,50.0841],[4.8521,50.0916],[4.846,50.0907],[4.8272,50.0641],[4.8261,50.055],[4.8276,50.0467],[4.8267,50.036],[4.7883,49.9743],[4.7839,49.9583],[4.7973,49.9443],[4.8446,49.9317],[4.8602,49.9133],[4.862,49.9003],[4.8594,49.8917],[4.8543,49.8833],[4.8489,49.8711],[4.8456,49.8658],[4.8367,49.8591],[4.8349,49.853],[4.8369,49.848],[4.8468,49.8375],[4.8492,49.8316],[4.849,49.7942],[4.858,49.7866],[4.8842,49.7841],[4.9066,49.7865],[4.95,49.7964],[4.9684,49.797],[4.971,49.7971],[4.9891,49.7906],[5.0263,49.7667],[5.0462,49.7594],[5.0819,49.7527],[5.0938,49.7453],[5.1364,49.7053],[5.1512,49.696],[5.1694,49.6872],[5.1925,49.6828],[5.2376,49.691],[5.2592,49.6913],[5.2801,49.6779],[5.2994,49.6625],[5.3064,49.6475],[5.3018,49.6439],[5.2938,49.6405],[5.2907,49.6264],[5.293,49.6172],[5.2979,49.6133],[5.3145,49.6111],[5.3217,49.6126],[5.3269,49.6176],[5.3312,49.6231],[5.3349,49.6258],[5.3411,49.6251],[5.3525,49.6207],[5.3835,49.6133],[5.3912,49.6088],[5.4021,49.6025],[5.4502,49.5458],[5.4544,49.5366],[5.4542,49.5262],[5.451,49.5168],[5.4499,49.5078],[5.4561,49.4989],[5.4777,49.4952],[5.5037,49.5051],[5.5288,49.518],[5.5476,49.5234],[5.5789,49.5139],[5.5875,49.5124],[5.6023,49.5137],[5.6056,49.5178],[5.6079,49.5249],[5.6197,49.5355],[5.6446,49.5438],[5.6672,49.5404],[5.6887,49.5335],[5.7103,49.5311],[5.7227,49.5346],[5.7356,49.5457],[5.7463,49.5494],[5.7571,49.5484],[5.779,49.5396],[5.7907,49.5378],[5.8221,49.5105],[5.8396,49.4999],[5.8647,49.4922],[5.9281,49.4823],[5.947,49.47],[5.9607,49.4413],[5.9781,49.4451],[6.0633,49.4485],[6.078,49.452],[6.0877,49.4616],[6.0998,49.4646],[6.1021,49.47],[6.102,49.4764],[6.1073,49.4825],[6.1144,49.4844],[6.1426,49.4861],[6.1361,49.4953],[6.1936,49.4994],[6.222,49.4974],[6.2494,49.4903],[6.2511,49.4895],[6.2988,49.4662],[6.3253,49.4567],[6.3453,49.4553],[6.3539,49.4548],[6.3645,49.4561],[6.3835,49.4646],[6.3917,49.4667],[6.4027,49.4655],[6.4945,49.4355],[6.5117,49.4247],[6.5179,49.4164],[6.5206,49.4081],[6.5208,49.4026],[6.5188,49.4022],[6.5257,49.3955],[6.5743,49.3618],[6.5777,49.3558],[6.5734,49.3477],[6.5556,49.3472],[6.5501,49.338],[6.5564,49.3264],[6.5732,49.3131],[6.6397,49.2712],[6.6412,49.2669],[6.6392,49.2568],[6.6403,49.2528],[6.6457,49.25],[6.6595,49.2468],[6.6638,49.2439],[6.6716,49.2253],[6.6748,49.2211],[6.676,49.2189],[6.6779,49.2111],[6.6806,49.2075],[6.685,49.2078],[6.6985,49.2136],[6.7025,49.2136],[6.7088,49.1978],[6.7038,49.1851],[6.701,49.1729],[6.7138,49.1589],[6.7256,49.1556],[6.7701,49.1553],[6.8091,49.1458],[6.8218,49.1478],[6.839,49.1628],[6.8352,49.1794],[6.8277,49.1956],[6.8335,49.2095],[6.8435,49.2111],[6.8852,49.2048],[6.9144,49.2067],[6.9254,49.2056],[6.9879,49.1824],[7.0095,49.1817],[7.009,49.1464],[7.0205,49.119],[7.0425,49.1076],[7.0732,49.1203],[7.0748,49.1254],[7.0716,49.1306],[7.0708,49.1361],[7.0799,49.142],[7.0853,49.1415],[7.1236,49.1233],[7.1393,49.1179],[7.155,49.1144],[7.2412,49.1139],[7.2681,49.1056],[7.2744,49.105],[7.2803,49.109],[7.2908,49.1231],[7.2971,49.1281],[7.306,49.1301],[7.3265,49.1318],[7.334,49.1342],[7.3391,49.1397],[7.3463,49.1542],[7.351,49.1592],[7.3676,49.1654],[7.3716,49.1662],[7.3911,49.17],[7.4105,49.1689],[7.4148,49.1578],[7.458,49.1559],[7.4761,49.1515],[7.4827,49.1371],[7.4753,49.1339],[7.4728,49.1316],[7.471,49.1283],[7.4851,49.1187],[7.5077,49.0946],[7.5209,49.0837],[7.5427,49.0746],[7.5864,49.0696],[7.6086,49.062],[7.6159,49.056],[7.6257,49.043],[7.635,49.0378],[7.6449,49.0363],[7.6488,49.0357],[7.6608,49.0377],[7.6725,49.041],[7.6851,49.0428],[7.6962,49.0416],[7.7173,49.0366],[7.7269,49.0357],[7.7391,49.0377],[7.7626,49.0462],[7.7737,49.0481],[7.8569,49.0323],[7.9138,49.0362],[7.9319,49.0348],[8.0904,48.9792],[8.1887,48.9657],[8.2003,48.9586],[8.1999,48.9582],[8.1793,48.9427],[8.1481,48.9037],[8.1027,48.8213],[8.0903,48.8075],[8.0842,48.8041],[8.0475,48.791],[8.0388,48.7908],[8.0366,48.7883],[8.0319,48.7853],[8.0273,48.78],[8.0251,48.7706],[8.023,48.7651],[8.0173,48.7618],[8.0096,48.7601],[7.9815,48.7598],[7.9701,48.7573],[7.9649,48.7483],[7.9636,48.7293],[7.9592,48.7214],[7.9484,48.7119],[7.9352,48.7033],[7.9233,48.6982],[7.8959,48.6765],[7.8806,48.6677],[7.8641,48.6642],[7.8524,48.6587],[7.8103,48.615],[7.8018,48.5824],[7.8017,48.5476],[7.8135,48.5263],[7.8135,48.5195],[7.7884,48.5063],[7.7765,48.4982],[7.7713,48.4891],[7.7692,48.4701],[7.7642,48.4604],[7.7576,48.4539],[7.7507,48.4444],[7.7457,48.433],[7.7383,48.4066],[7.7372,48.3935],[7.7404,48.3814],[7.7469,48.3687],[7.752,48.3553],[7.7507,48.3414],[7.737,48.3267],[7.7186,48.32],[7.7025,48.3112],[7.6955,48.2902],[7.6935,48.2699],[7.6872,48.2529],[7.6766,48.2384],[7.6134,48.1792],[7.6067,48.167],[7.6048,48.1526],[7.5997,48.1447],[7.5929,48.1387],[7.5857,48.1297],[7.5789,48.1145],[7.5726,48.095],[7.5757,48.0537],[7.6189,48.0027],[7.6211,47.9714],[7.6116,47.9594],[7.5849,47.9404],[7.5796,47.9271],[7.5808,47.9108],[7.5789,47.9063],[7.5726,47.8963],[7.5686,47.8914],[7.562,47.8871],[7.559,47.8827],[7.5579,47.8785],[7.5584,47.876],[7.5592,47.8735],[7.559,47.869],[7.5642,47.8504],[7.562,47.8392],[7.5485,47.8342],[7.5429,47.8294],[7.5286,47.797],[7.5259,47.7832],[7.5383,47.7481],[7.5378,47.7318],[7.5319,47.7252],[7.5154,47.7133],[7.5119,47.7073],[7.5147,47.6858],[7.5179,47.675],[7.5218,47.6704],[7.5366,47.6652],[7.5501,47.6524],[7.5726,47.622],[7.5786,47.6169],[7.585,47.6132],[7.5903,47.6079],[7.5925,47.5984],[7.5901,47.5948],[7.586,47.5846],[7.5855,47.5845],[7.5503,47.5755],[7.5263,47.5665],[7.5209,47.5634],[7.4827,47.5423],[7.4851,47.5416],[7.5017,47.533],[7.5052,47.533],[7.5055,47.523],[7.5011,47.5173],[7.4931,47.5155],[7.4827,47.517],[7.4769,47.5149],[7.4756,47.5117],[7.4778,47.5077],[7.4849,47.5009],[7.4858,47.4988],[7.4859,47.4984],[7.4858,47.4958],[7.4845,47.4929],[7.4827,47.4913],[7.4674,47.4819],[7.4545,47.4832],[7.446,47.4869],[7.4415,47.4888],[7.426,47.4925],[7.4143,47.4902],[7.4144,47.484],[7.4195,47.4779],[7.4228,47.4754],[7.4276,47.4707],[7.4293,47.4651],[7.4261,47.4558],[7.4206,47.4509],[7.4063,47.4382],[7.3882,47.4333],[7.3785,47.4306],[7.3369,47.4319],[7.3091,47.4327],[7.2826,47.4289],[7.2448,47.4177],[7.2381,47.4168],[7.2303,47.419],[7.2263,47.4226],[7.2235,47.4262],[7.2194,47.4285],[7.19,47.4347],[7.1683,47.4436],[7.1626,47.4599],[7.1808,47.4883],[7.1537,47.4864],[7.1422,47.4877],[7.1403,47.4879],[7.1273,47.4929],[7.1037,47.4963],[7.0539,47.4904],[7.028,47.4929],[7.0189,47.4977],[7.0098,47.4992],[7.0008,47.4977],[6.9919,47.4929],[6.9733,47.4891],[6.9758,47.478],[6.9861,47.4641],[6.991,47.4522],[6.9834,47.4438],[6.9685,47.4352],[6.9523,47.4288],[6.9261,47.4249],[6.9245,47.406],[6.8988,47.3957],[6.884,47.3826],[6.8716,47.367],[6.8666,47.3542],[6.9856,47.3621],[7.004,47.3681],[7.0189,47.3599],[7.0339,47.3507],[7.0443,47.3405],[7.0366,47.3295],[7.0271,47.3254],[7.0169,47.3235],[7.0065,47.3194],[6.9919,47.306],[6.9865,47.3045],[6.9774,47.3037],[6.9586,47.2906],[6.9522,47.27],[6.9562,47.2452],[6.8883,47.2113],[6.8593,47.1909],[6.8403,47.1695],[6.8381,47.1681],[6.7748,47.1282],[6.7448,47.1211],[6.746,47.1039],[6.7317,47.0989],[6.7279,47.0971],[6.7242,47.0908],[6.6991,47.0846],[6.6897,47.0783],[6.6763,47.0624],[6.6883,47.0438],[6.6654,47.0213],[6.5987,46.9865],[6.4911,46.9634],[6.4426,46.9442],[6.4278,46.9091],[6.4319,46.9],[6.4452,46.8826],[6.4484,46.8716],[6.4468,46.8577],[6.4431,46.8515],[6.4412,46.8481],[6.4343,46.8395],[6.4186,46.807],[6.4171,46.8022],[6.4199,46.7965],[6.4252,46.7916],[6.4326,46.786],[6.433,46.7691],[6.4292,46.7608],[6.4179,46.7511],[6.4074,46.7457],[6.3742,46.7336],[6.3479,46.7132],[6.3379,46.7074],[6.2663,46.6804],[6.1319,46.5956],[6.1184,46.5835],[6.1215,46.5703],[6.1457,46.5516],[6.1104,46.5208],[6.0755,46.4796],[6.0642,46.4711],[6.0602,46.465],[6.0602,46.4599],[6.0624,46.4552],[6.0648,46.4511],[6.0655,46.448],[6.0655,46.4404],[6.0676,46.4336],[6.0657,46.427],[6.0542,46.4194],[6.059,46.4174],[6.1082,46.3965],[6.1229,46.3855],[6.1351,46.3704],[6.1364,46.3593],[6.1186,46.3318],[6.1041,46.3092],[6.1007,46.3014],[6.0936,46.2731],[6.0931,46.2623],[6.094,46.253],[6.0897,46.2464],[6.0677,46.2416],[6.0619,46.2412],[6.0559,46.2417],[6.048,46.2434],[6.0462,46.2435],[6.0445,46.2434],[6.0429,46.2431],[5.9829,46.2227],[5.9585,46.212],[5.9548,46.1999],[5.9652,46.1862],[5.9829,46.1708],[5.9798,46.1622],[5.9722,46.1522],[5.9588,46.1305],[5.9829,46.1404],[6.0283,46.1479],[6.0739,46.1492],[6.1079,46.1386],[6.1403,46.1502],[6.1914,46.1917],[6.2554,46.2211],[6.2812,46.2401],[6.276,46.2631],[6.269,46.2652],[6.2523,46.2599],[6.2418,46.2637],[6.2376,46.2679],[6.228,46.2845],[6.2275,46.2885],[6.2183,46.3055],[6.2141,46.3155],[6.2195,46.3291],[6.2406,46.349],[6.2691,46.375],[6.3016,46.3945],[6.3324,46.4014],[6.3652,46.4024],[6.3977,46.4082],[6.4829,46.4486],[6.547,46.4574],[6.6137,46.4559],[6.7627,46.4293],[6.7777,46.4241],[6.7871,46.4142],[6.7881,46.405],[6.7892,46.3952],[6.7821,46.3785],[6.7557,46.3571],[6.7504,46.3455],[6.7695,46.3227],[6.8049,46.2966],[6.8277,46.2695],[6.7922,46.2217],[6.7749,46.1859],[6.7657,46.1516],[6.7743,46.1348],[6.8539,46.1226],[6.8692,46.1123],[6.8682,46.1047],[6.8612,46.097],[6.8531,46.0902],[6.8486,46.085],[6.8513,46.086],[6.8531,46.0761],[6.8534,46.0657],[6.852,46.0647],[6.8524,46.0569],[6.8503,46.0527],[6.8509,46.0496],[6.8597,46.045],[6.8692,46.0441],[6.8769,46.0481],[6.884,46.0532],[6.8924,46.0556],[6.9151,46.0486],[6.9828,45.9954],[6.9877,45.9931],[6.9913,45.9825],[7.0028,45.9617],[7.0098,45.9434],[7.0152,45.9333],[7.0221,45.9253],[7.0077,45.9205],[6.9972,45.9113],[6.9891,45.8993],[6.9828,45.8858],[6.9692,45.8698],[6.949,45.8578],[6.9264,45.8498],[6.9051,45.8454],[6.8804,45.8455],[6.8735,45.8448],[6.8727,45.8397],[6.8717,45.8328],[6.8707,45.8283],[6.8644,45.8269],[6.8586,45.8335],[6.852,45.8362],[6.8434,45.8386],[6.8162,45.8329],[6.8008,45.8265],[6.7881,45.8117],[6.7827,45.7953],[6.782,45.7775],[6.7847,45.7596],[6.7959,45.7181],[6.8161,45.6968],[6.8431,45.6827],[6.8692,45.679],[6.8826,45.6755],[6.9053,45.6597],[6.9186,45.6526],[6.9511,45.6468],[6.9634,45.6407],[6.9695,45.6258],[6.9671,45.6202],[6.9556,45.6026],[6.9529,45.5943],[6.9549,45.5862],[6.9659,45.5744],[6.9698,45.567],[6.9753,45.5256],[6.9828,45.5111],[7.0285,45.4931],[7.072,45.47],[7.0754,45.4663],[7.0818,45.4591],[7.0887,45.4466],[7.0968,45.4354],[7.1101,45.4283],[7.1529,45.4151],[7.1607,45.4109],[7.1596,45.3985],[7.1508,45.3832],[7.1301,45.3571],[7.0977,45.3298],[7.0926,45.324],[7.0976,45.295],[7.1084,45.2749],[7.1084,45.2592],[7.0812,45.2431],[7.0622,45.2185],[7.0555,45.2137],[7.0502,45.215],[7.0377,45.2258],[7.0297,45.2282],[6.9945,45.2213],[6.9587,45.2098],[6.9458,45.2011],[6.9284,45.1796],[6.9138,45.1702],[6.9047,45.1686],[6.8813,45.1684],[6.8735,45.1659],[6.8682,45.1575],[6.8728,45.152],[6.8786,45.1474],[6.8767,45.1412],[6.8441,45.1301],[6.8081,45.1391],[6.7715,45.1532],[6.7364,45.1573],[6.7289,45.1546],[6.7109,45.1447],[6.7022,45.1412],[6.6944,45.1403],[6.6763,45.1408],[6.6674,45.1396],[6.6327,45.1255],[6.6294,45.1235],[6.6146,45.1148],[6.6027,45.1035],[6.6203,45.0844],[6.6366,45.0745],[6.6381,45.0674],[6.637,45.0594],[6.6397,45.0504],[6.6517,45.0356],[6.6622,45.0292],[6.6972,45.0269],[6.7235,45.0134],[6.7299,44.9847],[6.7279,44.9287],[6.7454,44.9078],[6.7782,44.8876],[6.8471,44.8591],[6.866,44.8557],[6.9153,44.8627],[6.9327,44.8617],[6.9828,44.847],[7.0008,44.833],[7.0049,44.828],[7.0071,44.8221],[7.0068,44.819],[7.0059,44.8163],[7.006,44.8115],[7.0041,44.8108],[6.9991,44.795],[6.9984,44.7938],[7.0098,44.7721],[7.0152,44.7474],[7.019,44.7389],[7.0494,44.6979],[7.0552,44.6849],[7.0373,44.6846],[7.0012,44.6923],[6.9828,44.6922],[6.9599,44.6832],[6.9415,44.667],[6.9343,44.6467],[6.9456,44.6254],[6.9316,44.618],[6.8973,44.5754],[6.8464,44.5475],[6.8357,44.534],[6.8388,44.5029],[6.8613,44.4749],[6.8917,44.452],[6.9178,44.4363],[6.8842,44.423],[6.8772,44.4144],[6.8688,44.3832],[6.8663,44.3772],[6.8661,44.3721],[6.8698,44.3629],[6.874,44.3584],[6.896,44.3398],[6.9038,44.33],[6.9156,44.3097],[6.9212,44.3022],[6.9302,44.2954],[6.95,44.2851],[6.9592,44.2773],[6.9655,44.2675],[6.9689,44.2582],[6.9734,44.2494],[6.9828,44.2417],[6.9961,44.2378],[7.008,44.2392],[7.02,44.2421],[7.0335,44.2429],[7.0461,44.2403],[7.1049,44.2178],[7.145,44.2072],[7.2513,44.16],[7.2701,44.1543],[7.2962,44.1512],[7.3093,44.1475],[7.3162,44.1402],[7.3216,44.1319],[7.331,44.1253],[7.3406,44.1237],[7.3808,44.1229],[7.5548,44.1591],[7.5836,44.1607],[7.6247,44.1801],[7.6556,44.1761],[7.6419,44.1436],[7.6541,44.125],[7.6762,44.109],[7.6879,44.0908],[7.6919,44.0846],[7.6899,44.0673],[7.6788,44.0566],[7.6643,44.0486],[7.6534,44.0397],[7.647,44.0275],[7.6387,44.0051],[7.6309,43.9935],[7.6086,43.9756],[7.5569,43.9441],[7.5368,43.9208],[7.4935,43.8862],[7.4779,43.8655],[7.4827,43.8402],[7.5023,43.7922],[7.4891,43.7855],[7.4849,43.7854],[7.4807,43.7858],[7.4764,43.7845],[7.4758,43.7808],[7.4773,43.7681],[7.4764,43.7646],[7.4684,43.7617],[7.4627,43.7621],[7.4543,43.7571],[7.446,43.7498],[7.4375,43.7434],[7.4262,43.7555],[7.407,43.7635],[7.3875,43.7579],[7.3727,43.7458],[7.3673,43.7341],[7.3658,43.7227],[7.3532,43.7157],[7.3423,43.7078],[7.3381,43.6983],[7.3305,43.6864],[7.319,43.6853],[7.3009,43.6877],[7.2803,43.6933],[7.2573,43.6916],[7.2417,43.6849],[7.2285,43.6742],[7.2318,43.6635],[7.2138,43.6487],[7.2038,43.6444],[7.1967,43.6569],[7.1777,43.6601],[7.1646,43.6561],[7.1516,43.6548],[7.1442,43.6455],[7.1366,43.6412],[7.1331,43.6339],[7.1262,43.6058],[7.1321,43.5788],[7.1326,43.5736],[7.1362,43.5625],[7.1389,43.554],[7.1255,43.5478],[7.1129,43.5645],[7.1043,43.5683],[7.0884,43.5687],[7.0711,43.5608],[7.0581,43.5499],[7.0451,43.5421],[7.0372,43.5363],[7.0306,43.5479],[7.0145,43.5471],[6.9938,43.5489],[6.9756,43.5469],[6.9621,43.5401],[6.9452,43.5273],[6.9409,43.5125],[6.9496,43.5079],[6.949,43.5074],[6.9538,43.5046],[6.9543,43.5001],[6.9251,43.4728],[6.9204,43.449],[6.8982,43.438],[6.894,43.4276],[6.8711,43.4261],[6.8697,43.4321],[6.8666,43.4355],[6.863,43.4394],[6.858,43.4362],[6.8561,43.4287],[6.8601,43.4159],[6.8467,43.4126],[6.8348,43.4158],[6.8188,43.4161],[6.7831,43.4086],[6.773,43.4185],[6.7571,43.4227],[6.7465,43.4179],[6.7311,43.4078],[6.7328,43.3821],[6.7178,43.3669],[6.7178,43.3506],[6.6939,43.3484],[6.6746,43.3464],[6.666,43.3332],[6.6613,43.3223],[6.652,43.3149],[6.6246,43.2959],[6.5972,43.284],[6.5909,43.2689],[6.6117,43.2643],[6.6724,43.2762],[6.6934,43.273],[6.698,43.2655],[6.6854,43.248],[6.6684,43.2395],[6.6654,43.2213],[6.672,43.2136],[6.6798,43.2016],[6.6604,43.1904],[6.6404,43.1818],[6.6292,43.1799],[6.6099,43.1734],[6.5995,43.175],[6.5955,43.1799],[6.5933,43.1877],[6.5813,43.1844],[6.5637,43.1844],[6.5399,43.1822],[6.5364,43.1725],[6.5267,43.1606],[6.5057,43.151],[6.4792,43.1561],[6.4513,43.1527],[6.422,43.1523],[6.4017,43.1469],[6.3785,43.1361],[6.3661,43.1186],[6.3699,43.1055],[6.3754,43.0908],[6.3423,43.0908],[6.3289,43.0999],[6.3257,43.1042],[6.3062,43.1094],[6.2804,43.1187],[6.2535,43.1209],[6.2197,43.1165],[6.1932,43.1088],[6.1787,43.1029],[6.1629,43.0926],[6.1532,43.072],[6.1528,43.0481],[6.1713,43.0423],[6.1854,43.0454],[6.1801,43.0359],[6.1545,43.0338],[6.0977,43.0313],[6.0885,43.0348],[6.103,43.0408],[6.1193,43.0451],[6.1321,43.0526],[6.1291,43.0714],[6.1097,43.0843],[6.0919,43.0829],[6.0445,43.0782],[6.027,43.0782],[6.0165,43.0989],[5.9917,43.1023],[5.9587,43.1022],[5.9341,43.1136],[5.9365,43.1195],[5.9382,43.1291],[5.9409,43.134],[5.9245,43.1343],[5.9085,43.1313],[5.8794,43.1204],[5.8963,43.1154],[5.9106,43.0932],[5.9273,43.0876],[5.9514,43.08],[5.9403,43.0709],[5.9172,43.0727],[5.888,43.0722],[5.8753,43.0688],[5.8566,43.0448],[5.819,43.0535],[5.7902,43.0699],[5.7819,43.0791],[5.8029,43.0889],[5.8181,43.0991],[5.8115,43.1067],[5.8006,43.1118],[5.7834,43.1146],[5.7808,43.1233],[5.7761,43.1308],[5.7606,43.132],[5.741,43.1321],[5.6963,43.1469],[5.6877,43.1688],[5.6739,43.1799],[5.6552,43.1856],[5.6342,43.1872],[5.6229,43.1767],[5.6124,43.1604],[5.5883,43.168],[5.5727,43.1691],[5.559,43.1816],[5.5472,43.1939],[5.5378,43.2074],[5.525,43.2126],[5.5143,43.2077],[5.5042,43.2057],[5.4598,43.2085],[5.4398,43.2076],[5.4095,43.2113],[5.3953,43.2123],[5.3703,43.2079],[5.347,43.2159],[5.3506,43.2336],[5.3538,43.2438],[5.3609,43.254],[5.3692,43.2704],[5.3573,43.2803],[5.356,43.2921],[5.3518,43.2979],[5.3389,43.3343],[5.2942,43.3555],[5.2383,43.328],[5.1632,43.3293],[5.1252,43.3258],[5.0648,43.328],[5.034,43.3355],[5.0139,43.3579],[5.0056,43.3816],[5.0261,43.4093],[5.0571,43.4221],[5.1462,43.4221],[5.1738,43.4283],[5.1929,43.4395],[5.2136,43.4578],[5.2263,43.4803],[5.2228,43.504],[5.1936,43.4899],[5.1655,43.4825],[5.14,43.4858],[5.1184,43.504],[5.1115,43.5194],[5.1109,43.5279],[5.1057,43.533],[5.085,43.5382],[5.0774,43.5389],[5.0537,43.5382],[5.0496,43.5414],[5.0353,43.5557],[5.0291,43.5586],[5.0223,43.5522],[5.0159,43.5388],[5.011,43.5251],[5.0093,43.5176],[5.0147,43.4987],[5.0237,43.4905],[5.0358,43.4856],[5.0503,43.4767],[5.0623,43.4516],[5.0511,43.4293],[5.0276,43.417],[4.9985,43.4147],[4.9831,43.4171],[4.9285,43.4401],[4.9032,43.4316],[4.8926,43.4254],[4.8682,43.4215],[4.8584,43.4152],[4.8503,43.4014],[4.855,43.3962],[4.8649,43.3779],[4.8675,43.3651],[4.901,43.367],[4.8772,43.3508],[4.8558,43.3418],[4.8508,43.3589],[4.8333,43.382],[4.7918,43.3991],[4.7578,43.4223],[4.7424,43.4487],[4.745,43.5074],[4.7424,43.5245],[4.7362,43.5395],[4.7258,43.5568],[4.7119,43.5715],[4.6946,43.5791],[4.6946,43.5729],[4.7244,43.5384],[4.7288,43.5279],[4.7288,43.4562],[4.7425,43.4226],[4.7697,43.4019],[4.8001,43.3861],[4.823,43.3672],[4.8203,43.3464],[4.7912,43.3452],[4.6659,43.3475],[4.5923,43.3599],[4.5663,43.3711],[4.5655,43.3879],[4.5857,43.4042],[4.588,43.4169],[4.5796,43.4301],[4.5552,43.4433],[4.513,43.4558],[4.4094,43.4477],[4.2059,43.4599],[4.1817,43.4638],[4.1603,43.4715],[4.1328,43.487],[4.1172,43.5105],[4.1328,43.5328],[4.1312,43.5362],[4.1053,43.5519],[4.0475,43.5561],[3.9909,43.5508],[3.953,43.5399],[3.9393,43.5325],[3.7399,43.4128],[3.6222,43.3749],[3.5897,43.3549],[3.5134,43.2811],[3.4924,43.2743],[3.4524,43.2888],[3.4284,43.2855],[3.3854,43.2839],[3.3177,43.2631],[3.2443,43.2194],[3.2275,43.2043],[3.221,43.1952],[3.2073,43.1866],[3.1959,43.1767],[3.1787,43.1652],[3.1659,43.1524],[3.1545,43.1353],[3.136,43.121],[3.114,43.1063],[3.1042,43.0878],[3.096,43.0726],[3.086,43.054],[3.0704,43.0269],[3.0632,43.0084],[3.0561,42.9927],[3.0462,42.9642],[3.039,42.9428],[3.0418,42.9328],[3.0547,42.9271],[3.0561,42.9071],[3.0475,42.8472],[3.0405,42.7902],[3.039,42.7503],[3.0433,42.7246],[3.0376,42.6832],[3.0418,42.6291],[3.0462,42.5877],[3.0518,42.5549],[3.0661,42.5421],[3.0875,42.5349],[3.1146,42.5306],[3.1374,42.5249],[3.1459,42.515],[3.1459,42.5035],[3.1431,42.4921],[3.1502,42.4822],[3.1602,42.475],[3.1759,42.4565],[3.1816,42.4351],[3.181,42.4315],[3.1378,42.4259],[3.1117,42.425],[3.0861,42.4272],[3.0656,42.432],[3.0536,42.4376],[3.0439,42.4453],[3.036,42.4546],[3.0296,42.4657],[3.023,42.467],[2.9937,42.4676],[2.9831,42.4693],[2.9661,42.461],[2.9337,42.4702],[2.9008,42.4513],[2.8841,42.4492],[2.8669,42.4496],[2.8508,42.4484],[2.8348,42.4413],[2.8046,42.4196],[2.7886,42.412],[2.7677,42.4096],[2.7285,42.414],[2.7081,42.4129],[2.6904,42.4062],[2.6482,42.3815],[2.6403,42.3728],[2.6494,42.3537],[2.6618,42.3434],[2.6622,42.339],[2.6354,42.3379],[2.6134,42.341],[2.5674,42.3526],[2.5481,42.3522],[2.5403,42.347],[2.532,42.3308],[2.5253,42.3259],[2.5148,42.3257],[2.5036,42.3285],[2.4834,42.337],[2.4649,42.3406],[2.4456,42.352],[2.4299,42.3675],[2.4225,42.3837],[2.4066,42.3843],[2.3755,42.3893],[2.3173,42.4096],[2.3053,42.417],[2.2774,42.4286],[2.246,42.4261],[2.1842,42.4118],[2.137,42.4162],[2.121,42.4106],[2.1163,42.4054],[2.1087,42.3906],[2.104,42.3848],[2.0801,42.3713],[2.0633,42.3579],[2.0517,42.3524],[2.0353,42.3493],[2.0092,42.3471],[1.9957,42.3487],[1.9834,42.3545],[1.9637,42.3672],[1.9542,42.3827],[1.9411,42.4201],[1.9275,42.4369],[1.912,42.442],[1.8932,42.4427],[1.8698,42.4468],[1.8137,42.4752],[1.7927,42.4817],[1.7306,42.4881],[1.7122,42.4937],[1.7127,42.4968],[1.712,42.4993],[1.71,42.5013],[1.707,42.5028],[1.7106,42.5277],[1.7217,42.5485],[1.74,42.5616],[1.7651,42.5634],[1.7611,42.5676],[1.7527,42.5767],[1.7294,42.582],[1.7133,42.5895],[1.722,42.6099],[1.6083,42.6181],[1.5973,42.6219],[1.5431,42.6494],[1.5278,42.6485],[1.4984,42.6402],[1.4668,42.6415],[1.4514,42.6021],[1.4293,42.5954],[1.4148,42.6093],[1.398,42.6436],[1.3788,42.6632],[1.3611,42.6867],[1.3527,42.6901],[1.3433,42.6904],[1.3382,42.6944],[1.3426,42.7087],[1.3191,42.7134],[1.1959,42.7136],[1.1625,42.7057],[1.1515,42.7067],[1.1343,42.716],[1.1241,42.7297],[1.1166,42.7452],[1.1067,42.7596],[1.0891,42.7713],[1.0682,42.7761],[0.9829,42.7804],[0.9753,42.7837],[0.9587,42.7937],[0.9503,42.7961],[0.94,42.7937],[0.9306,42.788],[0.9211,42.7844],[0.9104,42.7877],[0.8944,42.7993],[0.8858,42.8042],[0.8561,42.8128],[0.8129,42.8316],[0.7957,42.8338],[0.7763,42.8325],[0.7588,42.8353],[0.7243,42.8453],[0.7068,42.8466],[0.6794,42.8451],[0.6563,42.8384],[0.6516,42.8241],[0.6537,42.8027],[0.6397,42.7747],[0.6507,42.7634],[0.6433,42.7591],[0.6396,42.7548],[0.6335,42.7448],[0.6476,42.741],[0.6596,42.7299],[0.6664,42.7148],[0.6654,42.6987],[0.6634,42.6962],[0.6567,42.688],[0.6436,42.6845],[0.6082,42.688],[0.4835,42.6853],[0.4669,42.6904],[0.4288,42.683],[0.4093,42.6823],[0.3893,42.6851],[0.3844,42.6886],[0.3837,42.6927],[0.384,42.6969],[0.3818,42.7001],[0.3542,42.7175],[0.336,42.7127],[0.3183,42.6995],[0.2902,42.6703],[0.2754,42.6687],[0.2598,42.6824],[0.2384,42.7104],[0.2224,42.7162],[0.1692,42.7265],[0.1529,42.7246],[0.1342,42.7152],[0.0728,42.7085],[-0.0043,42.6875],[-0.0389,42.6851],[-0.0784,42.6967],[-0.0842,42.7011],[-0.0889,42.7061],[-0.0958,42.7107],[-0.1085,42.7134],[-0.119,42.7169],[-0.1218,42.7233],[-0.1231,42.7304],[-0.1292,42.7359],[-0.1457,42.7459],[-0.1578,42.7607],[-0.1636,42.778],[-0.1614,42.7953],[-0.1794,42.7897],[-0.2084,42.7839],[-0.2351,42.7862],[-0.247,42.8048],[-0.3051,42.8308],[-0.3074,42.8318],[-0.3228,42.8425],[-0.3282,42.8326],[-0.3352,42.825],[-0.343,42.8227],[-0.3517,42.8292],[-0.3997,42.8013],[-0.4239,42.7907],[-0.4545,42.7889],[-0.5084,42.8075],[-0.5339,42.808],[-0.5356,42.7842],[-0.5444,42.782],[-0.5612,42.7735],[-0.569,42.7726],[-0.5787,42.7773],[-0.5785,42.7833],[-0.5771,42.7898],[-0.5829,42.7958],[-0.5873,42.7968],[-0.6036,42.7968],[-0.6102,42.7991],[-0.61,42.8028],[-0.608,42.8072],[-0.6095,42.8114],[-0.6483,42.8498],[-0.6661,42.8607],[-0.7004,42.8764],[-0.7105,42.8777],[-0.7203,42.8766],[-0.7301,42.8775],[-0.7403,42.8848],[-0.7459,42.8939],[-0.7448,42.8993],[-0.7414,42.9039],[-0.7409,42.9109],[-0.745,42.9187],[-0.7597,42.9465],[-0.7864,42.9533],[-0.8635,42.9431],[-0.9432,42.9479],[-0.9815,42.957],[-1.0163,42.9762],[-1.0285,42.9867],[-1.0451,42.9902],[-1.0797,42.9934],[-1.0872,42.998],[-1.1037,43.0057],[-1.1124,43.0083],[-1.1499,43.0057],[-1.1825,43.0253],[-1.2169,43.0393],[-1.2749,43.0468],[-1.2937,43.0552],[-1.3106,43.0695],[-1.3151,43.0829],[-1.307,43.096],[-1.286,43.1092],[-1.3086,43.1136],[-1.3311,43.1073],[-1.3483,43.0931],[-1.3552,43.073],[-1.3576,43.0468],[-1.3661,43.0333],[-1.3831,43.0292],[-1.4105,43.0309],[-1.435,43.0357],[-1.4571,43.0451],[-1.4753,43.0601],[-1.4878,43.0818],[-1.4796,43.0903],[-1.4384,43.1228],[-1.4258,43.1353],[-1.4105,43.1669],[-1.3997,43.2067],[-1.4035,43.2433],[-1.4322,43.265],[-1.4442,43.2651],[-1.4553,43.2622],[-1.4664,43.2608],[-1.5081,43.2768],[-1.5392,43.2836],[-1.559,43.2841],[-1.574,43.2774],[-1.5819,43.2604],[-1.5876,43.2516],[-1.5985,43.247],[-1.6111,43.2458],[-1.6219,43.247],[-1.6341,43.2511],[-1.639,43.2557],[-1.6463,43.2728],[-1.648,43.2815],[-1.6452,43.2876],[-1.645,43.2924],[-1.6549,43.2975],[-1.6739,43.3042],[-1.683,43.3049],[-1.7033,43.2986],[-1.7248,43.2965],[-1.7366,43.2923],[-1.7474,43.291],[-1.7497,43.2948],[-1.7524,43.2991],[-1.7558,43.3185],[-1.7682,43.3309],[-1.7969,43.3411],[-1.7972,43.3533],[-1.7964,43.3744],[-1.7941,43.386],[-1.7914,43.3846],[-1.7908,43.3843],[-1.7755,43.3762],[-1.768,43.3836],[-1.7496,43.3892],[-1.661,43.3997],[-1.6378,43.4238],[-1.6155,43.4326],[-1.5967,43.4425],[-1.588,43.4512],[-1.5664,43.4822],[-1.5621,43.4934],[-1.5533,43.5014],[-1.514,43.5386],[-1.5063,43.5501],[-1.4769,43.5801],[-1.47,43.6115],[-1.446,43.6684],[-1.4049,43.8323],[-1.3812,43.8896],[-1.3461,44.0192],[-1.2816,44.3022],[-1.2541,44.4425],[-1.2473,44.5045],[-1.2497,44.5192],[-1.2583,44.5476],[-1.2572,44.5561],[-1.2308,44.5836],[-1.2269,44.5899],[-1.2242,44.602],[-1.2063,44.6479],[-1.1865,44.6655],[-1.1614,44.6662],[-1.1002,44.6553],[-1.065,44.6591],[-1.0447,44.6694],[-1.0444,44.6846],[-1.0692,44.7032],[-1.0555,44.7032],[-1.0653,44.7175],[-1.1409,44.7681],[-1.1517,44.7714],[-1.1564,44.7734],[-1.1606,44.7765],[-1.1654,44.7787],[-1.1722,44.7783],[-1.1765,44.7752],[-1.1785,44.7709],[-1.1798,44.7669],[-1.1821,44.7652],[-1.1886,44.7558],[-1.2336,44.7069],[-1.2449,44.6627],[-1.2538,44.6387],[-1.2604,44.6274],[-1.1995,45.1208],[-1.1579,45.2791],[-1.14,45.4901],[-1.1337,45.5048],[-1.0996,45.5535],[-1.0853,45.569],[-1.0692,45.5733],[-1.0586,45.5696],[-1.0562,45.5651],[-1.0568,45.5576],[-1.0574,45.5463],[-1.0602,45.543],[-1.0623,45.5377],[-1.0623,45.5324],[-1.0592,45.527],[-1.0487,45.515],[-1.0399,45.5073],[-0.973,45.4705],[-0.9308,45.4538],[-0.9153,45.4504],[-0.7942,45.3554],[-0.7662,45.3261],[-0.7545,45.2959],[-0.7519,45.2759],[-0.7387,45.2387],[-0.72,45.1459],[-0.716,45.1345],[-0.6822,45.0765],[-0.6482,45.0449],[-0.6099,45.0185],[-0.5778,45.0051],[-0.569,44.998],[-0.5607,44.9854],[-0.5592,44.9761],[-0.5621,44.9601],[-0.5609,44.9393],[-0.5565,44.9185],[-0.5482,44.9023],[-0.5347,44.895],[-0.5386,44.9088],[-0.5424,44.9372],[-0.5485,44.9495],[-0.539,44.9765],[-0.5504,44.9982],[-0.5726,45.0143],[-0.5962,45.0246],[-0.5653,45.0236],[-0.5394,45.0195],[-0.5164,45.0114],[-0.4938,44.998],[-0.519,45.0294],[-0.5587,45.0434],[-0.6022,45.0535],[-0.6378,45.0731],[-0.656,45.0991],[-0.6687,45.1308],[-0.7067,45.3224],[-0.7197,45.3611],[-0.753,45.4241],[-0.7731,45.4521],[-0.7955,45.4771],[-0.8418,45.5146],[-0.9835,45.587],[-0.9869,45.5913],[-0.9909,45.6101],[-0.9972,45.6143],[-1.0303,45.6229],[-1.0838,45.6604],[-1.1139,45.6689],[-1.1328,45.6717],[-1.1493,45.6789],[-1.1634,45.689],[-1.1756,45.7003],[-1.1942,45.7102],[-1.2294,45.7048],[-1.2473,45.7099],[-1.2301,45.7796],[-1.2303,45.7924],[-1.1638,45.8067],[-1.1443,45.8061],[-1.0806,45.7534],[-1.0692,45.7481],[-1.0572,45.7402],[-0.9872,45.7174],[-1.0096,45.7352],[-1.0995,45.786],[-1.1254,45.8077],[-1.1307,45.8167],[-1.1322,45.8283],[-1.1366,45.8432],[-1.1432,45.8577],[-1.1517,45.8681],[-1.1406,45.8723],[-1.1337,45.8782],[-1.1285,45.8842],[-1.1238,45.8887],[-1.1125,45.8957],[-1.097,45.9023],[-1.0878,45.9032],[-1.0797,45.902],[-1.0734,45.9044],[-1.0692,45.916],[-1.0704,45.9263],[-1.0763,45.9367],[-1.0835,45.9454],[-1.0898,45.9508],[-1.0842,45.9539],[-1.0742,45.9616],[-1.0692,45.9643],[-1.0856,45.972],[-1.0966,45.9854],[-1.1107,46.0184],[-1.0898,46.0082],[-1.073,46.0075],[-1.0597,46.0158],[-1.0487,46.0327],[-1.0487,46.0388],[-1.0529,46.0433],[-1.0586,46.0479],[-1.0652,46.0516],[-1.0842,46.0565],[-1.0878,46.0647],[-1.0887,46.0748],[-1.096,46.0884],[-1.0957,46.0977],[-1.097,46.1015],[-1.1007,46.1031],[-1.1136,46.1061],[-1.117,46.1078],[-1.123,46.1125],[-1.129,46.1158],[-1.1289,46.1201],[-1.117,46.1282],[-1.1404,46.1406],[-1.148,46.1419],[-1.1521,46.1439],[-1.1518,46.1484],[-1.1505,46.1533],[-1.1517,46.1562],[-1.1571,46.157],[-1.1722,46.1562],[-1.1826,46.1584],[-1.1916,46.1579],[-1.2002,46.1591],[-1.2097,46.1662],[-1.2108,46.1745],[-1.2044,46.1843],[-1.1945,46.1928],[-1.1852,46.1972],[-1.1905,46.2163],[-1.1796,46.2295],[-1.1107,46.2592],[-1.1027,46.272],[-1.1035,46.28],[-1.108,46.2885],[-1.1107,46.3027],[-1.1325,46.3241],[-1.1772,46.3262],[-1.2143,46.3107],[-1.2132,46.2791],[-1.2401,46.2842],[-1.2592,46.3004],[-1.2774,46.3195],[-1.2934,46.3227],[-1.3035,46.3239],[-1.3342,46.3367],[-1.3568,46.3503],[-1.3702,46.3542],[-1.4233,46.3425],[-1.4487,46.3434],[-1.4596,46.3647],[-1.4655,46.39],[-1.4814,46.4082],[-1.5045,46.4193],[-1.5319,46.4231],[-1.5988,46.425],[-1.6256,46.4311],[-1.6172,46.4435],[-1.6335,46.4543],[-1.6868,46.4609],[-1.7203,46.4813],[-1.7486,46.4866],[-1.7611,46.492],[-1.7684,46.5002],[-1.7797,46.5221],[-1.7892,46.5329],[-1.7889,46.5205],[-1.7831,46.5041],[-1.7817,46.4954],[-1.786,46.491],[-1.7954,46.4945],[-1.8048,46.5036],[-1.8271,46.577],[-1.8227,46.5944],[-1.8387,46.5991],[-1.8466,46.6103],[-1.8512,46.6237],[-1.8574,46.6353],[-1.8724,46.6474],[-1.8878,46.6566],[-1.8998,46.6662],[-1.9099,46.6918],[-1.9232,46.6992],[-1.94,46.7031],[-1.9565,46.7043],[-1.965,46.7104],[-1.9946,46.752],[-2.0503,46.7921],[-2.0813,46.8074],[-2.1072,46.8135],[-2.1188,46.82],[-2.1261,46.8356],[-2.13,46.8547],[-2.1313,46.8718],[-2.1288,46.8935],[-2.122,46.9037],[-2.0963,46.9165],[-2.1022,46.9306],[-2.0875,46.9412],[-2.0492,46.9575],[-2.037,46.9726],[-2.0202,47.0086],[-2.0083,47.0264],[-1.9907,47.0354],[-1.9926,47.0523],[-2.0038,47.07],[-2.0146,47.0816],[-2.03,47.0921],[-2.0902,47.1152],[-2.2055,47.1291],[-2.2411,47.1425],[-2.2279,47.1486],[-2.217,47.1555],[-2.2054,47.1612],[-2.1728,47.1644],[-2.1652,47.1679],[-2.1621,47.176],[-2.1591,47.1909],[-2.1587,47.2045],[-2.1693,47.2202],[-2.1721,47.2353],[-2.1709,47.2463],[-2.167,47.2592],[-2.1606,47.2712],[-2.1517,47.2797],[-2.1277,47.2868],[-2.0356,47.2933],[-2.0287,47.2969],[-2.022,47.2993],[-2.0146,47.3001],[-2.0066,47.2933],[-1.9991,47.2886],[-1.9479,47.2794],[-1.9325,47.2797],[-1.9394,47.2864],[-1.9278,47.2863],[-1.9171,47.2842],[-1.9073,47.2799],[-1.8984,47.2734],[-1.9189,47.2734],[-1.9189,47.266],[-1.8778,47.2455],[-1.8363,47.2399],[-1.8261,47.2353],[-1.8039,47.219],[-1.781,47.212],[-1.727,47.2108],[-1.7472,47.2199],[-1.7882,47.2256],[-1.8057,47.2353],[-1.8359,47.2598],[-1.8712,47.2797],[-1.9056,47.2939],[-1.9257,47.2985],[-1.9493,47.3001],[-1.9582,47.3024],[-1.9722,47.3122],[-2.0101,47.3197],[-2.1481,47.3132],[-2.1796,47.3001],[-2.1866,47.2927],[-2.1906,47.2862],[-2.196,47.2799],[-2.2063,47.2734],[-2.2361,47.2675],[-2.2594,47.2516],[-2.2784,47.2464],[-2.2981,47.2466],[-2.3161,47.2517],[-2.331,47.2608],[-2.3553,47.2801],[-2.3714,47.2864],[-2.3881,47.2879],[-2.3975,47.2876],[-2.4049,47.2864],[-2.4128,47.2817],[-2.4166,47.275],[-2.4181,47.2689],[-2.4192,47.266],[-2.4484,47.2666],[-2.542,47.3001],[-2.542,47.307],[-2.519,47.3046],[-2.4761,47.2907],[-2.4534,47.2933],[-2.4362,47.307],[-2.4454,47.3204],[-2.4654,47.3338],[-2.4806,47.3479],[-2.4879,47.3454],[-2.4913,47.3439],[-2.4943,47.3417],[-2.4894,47.3344],[-2.4889,47.3304],[-2.4943,47.3206],[-2.5017,47.3206],[-2.5033,47.3496],[-2.5148,47.3649],[-2.5564,47.3832],[-2.4768,47.4157],[-2.4661,47.4152],[-2.4558,47.4122],[-2.439,47.41],[-2.441,47.4044],[-2.4422,47.4044],[-2.4464,47.4025],[-2.439,47.3963],[-2.4294,47.4039],[-2.395,47.417],[-2.3918,47.4237],[-2.4071,47.4257],[-2.4318,47.4262],[-2.4482,47.4306],[-2.439,47.4448],[-2.4553,47.4522],[-2.4762,47.4538],[-2.4889,47.4592],[-2.4806,47.4782],[-2.4947,47.4912],[-2.4836,47.498],[-2.4212,47.5002],[-2.3847,47.5071],[-2.3639,47.5062],[-2.3801,47.5092],[-2.4071,47.506],[-2.4254,47.5062],[-2.5017,47.5267],[-2.5175,47.5284],[-2.5305,47.5272],[-2.5632,47.5198],[-2.6007,47.5198],[-2.6099,47.5177],[-2.6156,47.5141],[-2.6217,47.5134],[-2.632,47.5198],[-2.6169,47.5217],[-2.5994,47.5291],[-2.5845,47.5405],[-2.5768,47.5539],[-2.5923,47.5436],[-2.6064,47.5421],[-2.6212,47.543],[-2.6383,47.5403],[-2.6301,47.5391],[-2.6239,47.5372],[-2.6199,47.5334],[-2.6178,47.5267],[-2.6431,47.5264],[-2.6548,47.5283],[-2.6655,47.5335],[-2.6671,47.5096],[-2.6807,47.5042],[-2.714,47.5124],[-2.7307,47.5116],[-2.7828,47.4994],[-2.8022,47.4981],[-2.8171,47.4992],[-2.8302,47.5036],[-2.8437,47.5124],[-2.8457,47.5162],[-2.8611,47.5358],[-2.8648,47.5369],[-2.869,47.5422],[-2.8785,47.5453],[-2.8899,47.5466],[-2.8929,47.5477],[-2.8915,47.5491],[-2.8921,47.5539],[-2.9093,47.5584],[-2.8926,47.5666],[-2.8653,47.5666],[-2.8506,47.5465],[-2.8437,47.5465],[-2.8381,47.5518],[-2.8324,47.554],[-2.8254,47.5525],[-2.8164,47.5465],[-2.8153,47.553],[-2.8096,47.5676],[-2.794,47.5551],[-2.7687,47.5495],[-2.7414,47.5513],[-2.7202,47.5608],[-2.7277,47.5676],[-2.6886,47.6044],[-2.684,47.623],[-2.7065,47.6427],[-2.7065,47.6365],[-2.6969,47.6298],[-2.6956,47.6234],[-2.7016,47.6184],[-2.714,47.616],[-2.6998,47.6092],[-2.7043,47.6044],[-2.7086,47.6023],[-2.7202,47.6018],[-2.7253,47.6074],[-2.7754,47.6291],[-2.7545,47.627],[-2.7345,47.6223],[-2.7463,47.6339],[-2.7582,47.6391],[-2.7891,47.6427],[-2.7754,47.6365],[-2.7961,47.6299],[-2.8477,47.6262],[-2.858,47.6191],[-2.8668,47.6072],[-2.8864,47.601],[-2.9194,47.5955],[-2.9194,47.6018],[-2.9127,47.6018],[-2.9127,47.6092],[-2.9257,47.6077],[-2.9288,47.606],[-2.9331,47.6018],[-2.9399,47.6018],[-2.9438,47.614],[-2.9448,47.6241],[-2.9416,47.6318],[-2.9331,47.6365],[-2.9475,47.6369],[-2.958,47.6422],[-2.9646,47.6514],[-2.9672,47.6638],[-2.9747,47.6638],[-2.9733,47.656],[-2.9686,47.6435],[-2.9672,47.6365],[-2.9672,47.6126],[-2.9636,47.6026],[-2.9547,47.5915],[-2.9435,47.5815],[-2.9331,47.5744],[-2.9356,47.5676],[-2.9372,47.5647],[-2.9399,47.5608],[-2.9426,47.5644],[-2.953,47.5744],[-2.9613,47.5705],[-2.9703,47.577],[-2.9809,47.5873],[-2.9945,47.5955],[-2.9886,47.5823],[-2.9942,47.5761],[-3.0034,47.5787],[-3.0082,47.5918],[-3.0118,47.6072],[-3.0182,47.6057],[-3.0217,47.5945],[-3.0157,47.5812],[-3.0299,47.5819],[-3.0358,47.5833],[-3.0424,47.5881],[-3.0738,47.5765],[-3.0898,47.5755],[-3.1037,47.5812],[-3.0973,47.5841],[-3.0907,47.5881],[-3.1005,47.5942],[-3.112,47.5992],[-3.1233,47.5988],[-3.1317,47.5881],[-3.1272,47.5866],[-3.123,47.5832],[-3.118,47.5812],[-3.1289,47.5476],[-3.1233,47.519],[-3.1068,47.4958],[-3.0845,47.4782],[-3.0981,47.4787],[-3.1191,47.4826],[-3.1255,47.4782],[-3.1317,47.4782],[-3.1438,47.507],[-3.1454,47.5161],[-3.1432,47.527],[-3.1339,47.5439],[-3.1317,47.5574],[-3.1342,47.5808],[-3.1412,47.598],[-3.1522,47.6112],[-3.1665,47.6223],[-3.176,47.6264],[-3.1872,47.6296],[-3.1967,47.6335],[-3.2006,47.6396],[-3.1984,47.6526],[-3.1864,47.6806],[-3.1112,47.7042],[-3.1151,47.7094],[-3.1172,47.715],[-3.118,47.7222],[-3.118,47.7321],[-3.1228,47.7299],[-3.1345,47.7268],[-3.1391,47.7247],[-3.1398,47.7458],[-3.1391,47.7526],[-3.1454,47.7526],[-3.1532,47.742],[-3.1639,47.7439],[-3.1774,47.7485],[-3.1932,47.7464],[-3.1792,47.7427],[-3.1697,47.7354],[-3.1633,47.7248],[-3.1591,47.711],[-3.1641,47.7103],[-3.165,47.7095],[-3.165,47.7079],[-3.1665,47.7042],[-3.1784,47.71],[-3.1854,47.7064],[-3.1932,47.6999],[-3.2074,47.6973],[-3.2035,47.6943],[-3.1932,47.6837],[-3.2071,47.6791],[-3.2119,47.6698],[-3.2151,47.6606],[-3.2242,47.6564],[-3.2316,47.6603],[-3.2621,47.6837],[-3.2876,47.6887],[-3.3315,47.6967],[-3.3583,47.6973],[-3.3402,47.7023],[-3.3224,47.701],[-3.2826,47.6911],[-3.2826,47.6973],[-3.2985,47.7038],[-3.3163,47.7081],[-3.3583,47.711],[-3.3583,47.7185],[-3.3494,47.7191],[-3.3451,47.7213],[-3.344,47.7263],[-3.344,47.7355],[-3.3406,47.7395],[-3.3236,47.7377],[-3.3173,47.739],[-3.3044,47.7611],[-3.2954,47.773],[-3.2826,47.7799],[-3.2826,47.7873],[-3.3044,47.7701],[-3.3318,47.7525],[-3.3622,47.7404],[-3.3832,47.737],[-3.3755,47.734],[-3.3693,47.7298],[-3.3645,47.7247],[-3.3645,47.7185],[-3.4464,47.7046],[-3.4607,47.7076],[-3.465,47.713],[-3.4949,47.739],[-3.5092,47.7594],[-3.5203,47.7681],[-3.5245,47.7724],[-3.5283,47.7799],[-3.5393,47.7737],[-3.5557,47.774],[-3.591,47.7799],[-3.6169,47.7791],[-3.6252,47.7799],[-3.633,47.783],[-3.6444,47.7917],[-3.649,47.7936],[-3.6869,47.7923],[-3.7062,47.7969],[-3.7146,47.8106],[-3.7232,47.8134],[-3.7754,47.7936],[-3.7899,47.8032],[-3.8112,47.8029],[-3.8336,47.7998],[-3.8517,47.801],[-3.8531,47.8043],[-3.8722,47.8283],[-3.8792,47.8336],[-3.8865,47.8375],[-3.89,47.8435],[-3.8859,47.855],[-3.8945,47.8553],[-3.9008,47.8571],[-3.9132,47.8625],[-3.9163,47.8734],[-3.9351,47.8879],[-3.9618,47.9],[-3.9883,47.9035],[-3.9792,47.883],[-3.9865,47.8679],[-4.0089,47.8513],[-4.0292,47.855],[-4.0192,47.8545],[-4.0112,47.8559],[-4.0054,47.8605],[-4.0019,47.8693],[-4.0141,47.8663],[-4.024,47.866],[-4.0316,47.8637],[-4.0367,47.855],[-4.0649,47.8708],[-4.0782,47.8744],[-4.0944,47.8755],[-4.1066,47.8801],[-4.1193,47.8919],[-4.1291,47.9076],[-4.1322,47.9239],[-4.1427,47.912],[-4.1368,47.8969],[-4.1234,47.8832],[-4.1112,47.8755],[-4.1112,47.8693],[-4.1238,47.8686],[-4.1336,47.8662],[-4.1426,47.8618],[-4.1527,47.855],[-4.1716,47.877],[-4.1856,47.8744],[-4.1885,47.8621],[-4.1739,47.855],[-4.1767,47.8513],[-4.18,47.8482],[-4.18,47.842],[-4.1527,47.842],[-4.1527,47.8345],[-4.1852,47.8134],[-4.2006,47.8072],[-4.2252,47.8024],[-4.3718,47.8072],[-4.3712,47.8148],[-4.3734,47.8287],[-4.3718,47.8345],[-4.3655,47.8371],[-4.3561,47.8371],[-4.3476,47.8383],[-4.3439,47.8451],[-4.3473,47.8629],[-4.3622,47.8886],[-4.372,47.9158],[-4.387,47.9341],[-4.4346,47.9757],[-4.5233,48.0227],[-4.5333,48.0263],[-4.5467,48.0207],[-4.559,48.0107],[-4.572,48.0059],[-4.602,48.0256],[-4.6192,48.0277],[-4.653,48.0263],[-4.7281,48.0406],[-4.7215,48.0441],[-4.7165,48.0502],[-4.7123,48.0566],[-4.7062,48.0639],[-4.7056,48.0675],[-4.7043,48.0712],[-4.7008,48.0748],[-4.6974,48.0749],[-4.6895,48.0688],[-4.6837,48.0673],[-4.3619,48.1157],[-4.3048,48.1041],[-4.2899,48.1082],[-4.2854,48.1154],[-4.2757,48.1436],[-4.2802,48.1549],[-4.2943,48.1671],[-4.2974,48.1741],[-4.3024,48.1964],[-4.3158,48.2055],[-4.3582,48.2119],[-4.3661,48.2152],[-4.3724,48.22],[-4.3769,48.226],[-4.3793,48.2324],[-4.4044,48.2261],[-4.4576,48.249],[-4.4855,48.2426],[-4.5,48.2249],[-4.514,48.2021],[-4.5316,48.1831],[-4.5575,48.1772],[-4.5487,48.1984],[-4.5438,48.2051],[-4.555,48.2165],[-4.5612,48.225],[-4.5636,48.2324],[-4.5587,48.2442],[-4.5509,48.2486],[-4.5472,48.2526],[-4.5541,48.2628],[-4.5663,48.2649],[-4.6263,48.2665],[-4.6237,48.277],[-4.6263,48.2871],[-4.6154,48.2911],[-4.6071,48.2906],[-4.5988,48.2884],[-4.5879,48.2871],[-4.5752,48.29],[-4.5729,48.2968],[-4.5755,48.3039],[-4.5773,48.3075],[-4.5595,48.3387],[-4.5467,48.3468],[-4.5301,48.3416],[-4.5432,48.3047],[-4.5155,48.2958],[-4.4265,48.3],[-4.4164,48.2966],[-4.4097,48.2923],[-4.402,48.2886],[-4.389,48.2871],[-4.3769,48.2878],[-4.3297,48.297],[-4.2626,48.3],[-4.269,48.2958],[-4.2752,48.294],[-4.2899,48.2938],[-4.2694,48.2884],[-4.1875,48.3],[-4.1875,48.3075],[-4.2188,48.3061],[-4.2305,48.3099],[-4.2347,48.3217],[-4.244,48.3139],[-4.2577,48.3113],[-4.2702,48.3147],[-4.2757,48.3249],[-4.282,48.3237],[-4.3247,48.3217],[-4.3163,48.3308],[-4.3121,48.3331],[-4.3036,48.3354],[-4.3031,48.3396],[-4.2985,48.3438],[-4.2887,48.3485],[-4.2694,48.3627],[-4.2863,48.3625],[-4.309,48.3515],[-4.3247,48.3485],[-4.3247,48.3553],[-4.3173,48.3553],[-4.3173,48.3627],[-4.3247,48.3627],[-4.3278,48.3579],[-4.3341,48.3527],[-4.3377,48.3485],[-4.3526,48.3527],[-4.3842,48.3381],[-4.4066,48.3354],[-4.4038,48.3392],[-4.4028,48.3396],[-4.3992,48.3416],[-4.4066,48.3485],[-4.415,48.3429],[-4.4265,48.3389],[-4.4399,48.3364],[-4.4537,48.3354],[-4.4537,48.3416],[-4.3966,48.3878],[-4.3856,48.3937],[-4.2899,48.4316],[-4.3077,48.428],[-4.339,48.4161],[-4.359,48.4111],[-4.4265,48.4037],[-4.4575,48.3948],[-4.5206,48.3683],[-4.5696,48.3603],[-4.5994,48.3502],[-4.6189,48.3485],[-4.6363,48.3511],[-4.6711,48.3606],[-4.6905,48.3627],[-4.6941,48.3594],[-4.6941,48.3522],[-4.6957,48.345],[-4.7045,48.3416],[-4.755,48.342],[-4.7684,48.3454],[-4.7772,48.3556],[-4.7834,48.3764],[-4.7648,48.3776],[-4.7663,48.3904],[-4.7834,48.4174],[-4.7849,48.4362],[-4.7799,48.4549],[-4.7681,48.4687],[-4.7493,48.4726],[-4.7493,48.4788],[-4.7746,48.4913],[-4.7646,48.5202],[-4.7399,48.5507],[-4.722,48.5682],[-4.7116,48.5637],[-4.7008,48.5607],[-4.7082,48.5682],[-4.6923,48.5755],[-4.6735,48.5796],[-4.6425,48.5819],[-4.623,48.5782],[-4.5898,48.5657],[-4.5773,48.5682],[-4.6005,48.5893],[-4.6077,48.603],[-4.5946,48.6091],[-4.5488,48.6012],[-4.5301,48.6017],[-4.5575,48.6091],[-4.5544,48.6132],[-4.5526,48.6165],[-4.5548,48.6197],[-4.5636,48.6234],[-4.5636,48.6296],[-4.4855,48.6296],[-4.4629,48.6323],[-4.4298,48.6428],[-4.4066,48.6433],[-4.4204,48.6489],[-4.4265,48.6501],[-4.4265,48.6575],[-4.3981,48.661],[-4.3702,48.6718],[-4.3433,48.6789],[-4.3173,48.678],[-4.2991,48.6636],[-4.3065,48.6415],[-4.2831,48.6433],[-4.2526,48.6555],[-4.2421,48.6575],[-4.2298,48.656],[-4.2071,48.65],[-4.1938,48.6501],[-4.1938,48.6575],[-4.213,48.6612],[-4.2078,48.6714],[-4.1906,48.6831],[-4.1739,48.6911],[-4.1547,48.6962],[-4.1315,48.6992],[-4.1087,48.6981],[-4.0907,48.6911],[-4.0848,48.6972],[-4.0793,48.6969],[-4.0743,48.6923],[-4.0702,48.6849],[-4.064,48.6849],[-4.0574,48.6896],[-4.0533,48.6955],[-4.0526,48.7031],[-4.0565,48.7121],[-4.0427,48.7139],[-4.0305,48.717],[-4.0093,48.7258],[-3.974,48.7328],[-3.9678,48.7296],[-3.9703,48.72],[-3.9739,48.7128],[-3.9727,48.7077],[-3.961,48.7047],[-3.961,48.6986],[-3.9678,48.6986],[-3.9678,48.6911],[-3.9578,48.6868],[-3.951,48.6794],[-3.9495,48.6693],[-3.9547,48.6575],[-3.9266,48.6762],[-3.9119,48.6812],[-3.892,48.678],[-3.902,48.672],[-3.9063,48.6706],[-3.9063,48.6644],[-3.8942,48.6536],[-3.8647,48.641],[-3.8517,48.6296],[-3.8443,48.6365],[-3.8517,48.6433],[-3.8443,48.6501],[-3.8489,48.6563],[-3.8524,48.6645],[-3.8579,48.6849],[-3.8517,48.6849],[-3.8485,48.679],[-3.8454,48.676],[-3.8375,48.6706],[-3.8401,48.6881],[-3.8371,48.7073],[-3.8293,48.7185],[-3.817,48.7121],[-3.8127,48.7167],[-3.8105,48.7215],[-3.8098,48.727],[-3.8101,48.7332],[-3.7971,48.7212],[-3.7784,48.7174],[-3.7319,48.719],[-3.7209,48.716],[-3.6979,48.7023],[-3.6866,48.6986],[-3.6738,48.6982],[-3.6382,48.7047],[-3.6385,48.6878],[-3.614,48.6827],[-3.5848,48.6828],[-3.5705,48.688],[-3.5805,48.7111],[-3.5845,48.7264],[-3.5805,48.7332],[-3.5283,48.7395],[-3.5428,48.7457],[-3.5774,48.7742],[-3.5815,48.7906],[-3.5714,48.7991],[-3.5426,48.8078],[-3.5209,48.8336],[-3.5153,48.8419],[-3.5092,48.8419],[-3.4998,48.837],[-3.4681,48.8357],[-3.4336,48.8222],[-3.4197,48.8214],[-3.4254,48.8184],[-3.4281,48.8157],[-3.4299,48.8124],[-3.4333,48.8078],[-3.4099,48.8065],[-3.3976,48.8073],[-3.3887,48.8112],[-3.3787,48.8193],[-3.3718,48.8225],[-3.2875,48.8435],[-3.2758,48.8494],[-3.269,48.8494],[-3.2595,48.8477],[-3.2297,48.8723],[-3.2136,48.8698],[-3.2071,48.8554],[-3.2078,48.8359],[-3.215,48.8179],[-3.2279,48.8078],[-3.2268,48.8033],[-3.2256,48.8005],[-3.2205,48.7941],[-3.2169,48.8068],[-3.2087,48.8164],[-3.1788,48.841],[-3.1542,48.8549],[-3.1454,48.8624],[-3.135,48.8592],[-3.1164,48.8741],[-3.1037,48.8767],[-3.0915,48.8713],[-3.0843,48.8622],[-3.0837,48.8517],[-3.0907,48.8419],[-3.0907,48.8357],[-3.0771,48.8283],[-3.0846,48.8201],[-3.0975,48.7941],[-3.1041,48.7862],[-3.1255,48.7674],[-3.1255,48.76],[-3.118,48.76],[-3.085,48.805],[-3.0655,48.824],[-3.0492,48.8214],[-3.0393,48.827],[-3.0287,48.8288],[-3.0182,48.827],[-3.0082,48.8214],[-3.0157,48.8146],[-3.0118,48.8137],[-3.0094,48.8137],[-3.0084,48.8125],[-3.0082,48.8078],[-3.0178,48.8059],[-3.0255,48.8029],[-3.0424,48.7941],[-3.0424,48.7879],[-3.0293,48.7805],[-3.0037,48.7739],[-2.953,48.7723],[-2.9331,48.7674],[-2.9344,48.7591],[-2.9344,48.7531],[-2.9331,48.7463],[-2.9427,48.7409],[-2.9467,48.7395],[-2.9467,48.7332],[-2.932,48.727],[-2.914,48.7165],[-2.8987,48.7048],[-2.8921,48.6948],[-2.827,48.6575],[-2.817,48.6277],[-2.813,48.6197],[-2.8114,48.6146],[-2.8144,48.6099],[-2.8164,48.6049],[-2.813,48.5986],[-2.808,48.5956],[-2.795,48.5913],[-2.7711,48.5792],[-2.714,48.5607],[-2.7169,48.5517],[-2.721,48.5446],[-2.7267,48.539],[-2.7345,48.534],[-2.7227,48.5336],[-2.7131,48.5301],[-2.7047,48.5242],[-2.6963,48.5167],[-2.6824,48.509],[-2.6797,48.5184],[-2.6802,48.5328],[-2.6761,48.5402],[-2.6363,48.5388],[-2.62,48.5436],[-2.6007,48.5576],[-2.5771,48.5825],[-2.5694,48.5887],[-2.5588,48.5941],[-2.5411,48.5981],[-2.4736,48.626],[-2.4595,48.6365],[-2.4595,48.6433],[-2.468,48.6439],[-2.4875,48.6501],[-2.4429,48.6591],[-2.4211,48.657],[-2.4123,48.6433],[-2.3862,48.6501],[-2.3561,48.6633],[-2.33,48.6804],[-2.3161,48.6986],[-2.3125,48.687],[-2.3053,48.6796],[-2.2952,48.6766],[-2.282,48.678],[-2.282,48.6706],[-2.2894,48.6666],[-2.2938,48.6614],[-2.2975,48.6557],[-2.3024,48.6501],[-2.3303,48.6296],[-2.3127,48.6202],[-2.294,48.6286],[-2.2736,48.6426],[-2.251,48.6501],[-2.2462,48.6447],[-2.2407,48.6213],[-2.2373,48.6159],[-2.2259,48.6124],[-2.2192,48.6037],[-2.2157,48.5924],[-2.2137,48.5819],[-2.2028,48.5859],[-2.1955,48.5935],[-2.1921,48.6037],[-2.1926,48.6159],[-2.1884,48.6013],[-2.183,48.5888],[-2.1741,48.583],[-2.1591,48.5887],[-2.1591,48.5954],[-2.1632,48.5965],[-2.1721,48.6017],[-2.161,48.613],[-2.1493,48.6189],[-2.137,48.618],[-2.1243,48.6091],[-2.1313,48.6153],[-2.1366,48.6221],[-2.1448,48.6365],[-2.1002,48.6469],[-2.0524,48.6501],[-2.0498,48.6456],[-2.0287,48.6197],[-2.0271,48.609],[-2.022,48.5989],[-2.0133,48.5916],[-2.0009,48.5887],[-2.0051,48.5788],[-2.0083,48.575],[-1.9825,48.549],[-1.9764,48.5356],[-1.9803,48.5136],[-1.9704,48.5207],[-1.9394,48.534],[-1.9673,48.5471],[-1.9619,48.5549],[-1.9766,48.5727],[-1.9803,48.5887],[-1.9735,48.5887],[-1.9694,48.5842],[-1.9652,48.5812],[-1.953,48.575],[-1.9604,48.5866],[-1.9694,48.5928],[-1.9798,48.5951],[-1.9911,48.5954],[-2.0005,48.6013],[-2.019,48.631],[-2.0287,48.6433],[-2.0255,48.6513],[-2.0181,48.6603],[-2.0066,48.6676],[-1.9911,48.6706],[-1.9877,48.6738],[-1.9877,48.6809],[-1.9859,48.6879],[-1.977,48.6911],[-1.9394,48.6911],[-1.9456,48.6986],[-1.8437,48.7121],[-1.8467,48.7078],[-1.8469,48.7034],[-1.8436,48.6981],[-1.8363,48.6911],[-1.8612,48.6642],[-1.861,48.6409],[-1.8382,48.6238],[-1.796,48.6159],[-1.7228,48.6153],[-1.644,48.6234],[-1.5957,48.6409],[-1.5897,48.6418],[-1.5797,48.6433],[-1.5006,48.6365],[-1.3931,48.6524],[-1.3566,48.6433],[-1.3723,48.6606],[-1.3946,48.6683],[-1.4329,48.6706],[-1.433,48.6683],[-1.4377,48.6645],[-1.4433,48.6628],[-1.446,48.6675],[-1.4471,48.6739],[-1.4505,48.6795],[-1.4558,48.6834],[-1.4902,48.6901],[-1.5027,48.6955],[-1.508,48.7016],[-1.5165,48.7252],[-1.5536,48.7471],[-1.5621,48.7708],[-1.5626,48.7985],[-1.5668,48.8222],[-1.5788,48.8378],[-1.6029,48.8419],[-1.6029,48.8494],[-1.5891,48.8536],[-1.5785,48.8626],[-1.5718,48.8742],[-1.5637,48.9221],[-1.557,48.9323],[-1.5484,48.9238],[-1.5428,48.9352],[-1.542,48.9441],[-1.547,48.9497],[-1.559,48.9518],[-1.5631,48.9576],[-1.5522,49.0154],[-1.5458,49.0303],[-1.5323,49.0351],[-1.508,49.0275],[-1.508,49.0337],[-1.5273,49.0398],[-1.5497,49.0398],[-1.5684,49.0327],[-1.5763,49.0173],[-1.5795,49.0132],[-1.5865,49.019],[-1.5936,49.029],[-1.5967,49.0374],[-1.5959,49.0613],[-1.5937,49.072],[-1.5893,49.0821],[-1.6034,49.084],[-1.6088,49.0915],[-1.6077,49.1027],[-1.6029,49.1156],[-1.5959,49.1285],[-1.589,49.1346],[-1.5695,49.1435],[-1.5818,49.1498],[-1.5842,49.1484],[-1.5893,49.1435],[-1.5978,49.1594],[-1.6045,49.1782],[-1.6088,49.1978],[-1.6104,49.2159],[-1.6027,49.2254],[-1.5845,49.2263],[-1.5484,49.2193],[-1.5484,49.2255],[-1.5696,49.2297],[-1.5953,49.2379],[-1.6169,49.2382],[-1.6247,49.2193],[-1.6405,49.2315],[-1.6571,49.2684],[-1.6719,49.2801],[-1.6654,49.2846],[-1.6626,49.286],[-1.6582,49.2875],[-1.6869,49.3024],[-1.6991,49.3135],[-1.7067,49.3292],[-1.6862,49.3292],[-1.6862,49.3354],[-1.6991,49.3559],[-1.7067,49.3559],[-1.7148,49.3385],[-1.7333,49.3463],[-1.7557,49.3625],[-1.7755,49.3701],[-1.7729,49.377],[-1.7711,49.38],[-1.768,49.3837],[-1.7819,49.3815],[-1.7951,49.3776],[-1.8068,49.3769],[-1.8165,49.3837],[-1.8196,49.3968],[-1.8158,49.4309],[-1.8165,49.4452],[-1.8194,49.4521],[-1.8236,49.4585],[-1.8382,49.4758],[-1.8395,49.4807],[-1.8402,49.4858],[-1.8437,49.4936],[-1.8536,49.5043],[-1.8795,49.525],[-1.8847,49.5309],[-1.8784,49.5449],[-1.8502,49.5617],[-1.8437,49.5718],[-1.8392,49.6032],[-1.8395,49.6198],[-1.8469,49.6339],[-1.8551,49.6451],[-1.8606,49.6548],[-1.8695,49.6617],[-1.9016,49.6658],[-1.9456,49.678],[-1.9377,49.7016],[-1.9396,49.7165],[-1.9352,49.7241],[-1.9084,49.7264],[-1.899,49.7243],[-1.8791,49.7148],[-1.8673,49.7127],[-1.8394,49.7154],[-1.8295,49.7127],[-1.8246,49.7084],[-1.821,49.6964],[-1.8165,49.6916],[-1.8118,49.6907],[-1.8009,49.6921],[-1.796,49.6916],[-1.774,49.6867],[-1.7078,49.6802],[-1.633,49.6635],[-1.6172,49.6643],[-1.6167,49.662],[-1.6164,49.657],[-1.6139,49.6522],[-1.6067,49.6501],[-1.5973,49.6523],[-1.5837,49.6621],[-1.5729,49.6643],[-1.5612,49.663],[-1.5404,49.6578],[-1.5284,49.6575],[-1.5115,49.6625],[-1.4959,49.6722],[-1.4701,49.6951],[-1.4557,49.7022],[-1.4095,49.7116],[-1.3913,49.7127],[-1.2711,49.6984],[-1.2631,49.6955],[-1.2591,49.6883],[-1.2541,49.6718],[-1.2322,49.6414],[-1.2278,49.6241],[-1.2533,49.6123],[-1.2576,49.6029],[-1.26,49.5935],[-1.264,49.5893],[-1.2862,49.5889],[-1.295,49.5868],[-1.3014,49.5818],[-1.3063,49.5581],[-1.2936,49.5384],[-1.2765,49.5207],[-1.2616,49.4931],[-1.1853,49.4304],[-1.1757,49.4152],[-1.1722,49.3934],[-1.1742,49.3824],[-1.1787,49.3746],[-1.1833,49.3695],[-1.1852,49.3664],[-1.182,49.3562],[-1.1738,49.357],[-1.1631,49.3615],[-1.1517,49.3627],[-1.141,49.3567],[-1.1335,49.3495],[-1.1229,49.3454],[-1.1034,49.349],[-1.1034,49.3559],[-1.1138,49.3658],[-1.1064,49.3795],[-1.0896,49.3915],[-1.0723,49.3968],[-0.9404,49.3923],[-0.8221,49.3627],[-0.6508,49.3559],[-0.608,49.3474],[-0.5834,49.3459],[-0.5469,49.359],[-0.5225,49.3553],[-0.4795,49.3428],[-0.4111,49.3428],[-0.3936,49.338],[-0.3634,49.325],[-0.3131,49.3173],[-0.2195,49.2801],[-0.1941,49.2952],[-0.0338,49.3201],[0.0129,49.3346],[0.0403,49.3504],[0.0631,49.3545],[0.072,49.3593],[0.096,49.3837],[0.1624,49.4152],[0.2869,49.4336],[0.4113,49.4521],[0.4573,49.4674],[0.4766,49.4787],[0.4932,49.4936],[0.4221,49.4644],[0.3396,49.4567],[0.2568,49.4641],[0.1853,49.48],[0.1648,49.48],[0.1473,49.4809],[0.1244,49.4858],[0.1044,49.4936],[0.096,49.5032],[0.0928,49.5093],[0.0786,49.5155],[0.0754,49.5241],[0.0766,49.535],[0.0797,49.5422],[0.1309,49.6035],[0.1709,49.6916],[0.1859,49.7032],[0.2359,49.7293],[0.2468,49.7294],[0.2568,49.7359],[0.3875,49.7751],[0.3976,49.7844],[0.5228,49.833],[0.5574,49.8398],[0.5967,49.8572],[0.6748,49.8758],[0.7609,49.8751],[1.1726,49.961],[1.197,49.9736],[1.2212,49.979],[1.261,50.0075],[1.3913,50.0752],[1.4441,50.1173],[1.4558,50.1236],[1.4645,50.1321],[1.4868,50.185],[1.521,50.2147],[1.5553,50.2177],[1.6543,50.1866],[1.6641,50.1871],[1.6725,50.1925],[1.6725,50.1994],[1.662,50.1989],[1.6553,50.2005],[1.6501,50.2048],[1.6445,50.2124],[1.665,50.2124],[1.665,50.2198],[1.6457,50.22],[1.6255,50.2243],[1.61,50.2322],[1.6035,50.2435],[1.5939,50.2563],[1.5511,50.2697],[1.5415,50.2779],[1.5431,50.31],[1.5515,50.3491],[1.572,50.3757],[1.595,50.3727],[1.6104,50.3707],[1.6104,50.3769],[1.5552,50.4048],[1.5552,50.4116],[1.5735,50.4454],[1.5742,50.4924],[1.5793,50.5331],[1.6104,50.5482],[1.5833,50.5747],[1.5779,50.5886],[1.5736,50.6356],[1.5632,50.6783],[1.5627,50.699],[1.5676,50.7167],[1.5887,50.7563],[1.6001,50.771],[1.6056,50.79],[1.5993,50.8129],[1.5832,50.8498],[1.5808,50.8637],[1.5806,50.8688],[1.6048,50.881],[1.6135,50.8834],[1.6343,50.8846],[1.6533,50.8891],[1.6702,50.9001],[1.6991,50.9256],[1.7298,50.9439],[1.9214,50.9968],[1.9393,50.9945],[1.9735,51.0071],[2.134,51.02],[2.3055,51.0554],[2.3161,51.059],[2.3245,51.0599],[2.3845,51.0553],[2.4661,51.0688],[2.5067,51.0808],[2.5215,51.0874],[2.5218,51.0875]],[[1.9834,42.4413],[1.9862,42.4413],[1.9961,42.4428],[1.9995,42.4439],[1.9884,42.4582],[1.9783,42.475],[1.968,42.4857],[1.9566,42.4818],[1.9456,42.4638],[1.9475,42.4512],[1.9606,42.4437],[1.9834,42.4413]]],[[[-5.0503,48.4788],[-5.0482,48.4765],[-5.0463,48.4738],[-5.043,48.472],[-5.0366,48.4726],[-5.0366,48.4652],[-5.088,48.4472],[-5.1055,48.4446],[-5.1055,48.4515],[-5.1022,48.4519],[-5.0951,48.4511],[-5.0919,48.4515],[-5.0978,48.4613],[-5.1074,48.4634],[-5.1328,48.4583],[-5.1328,48.4652],[-5.0918,48.4808],[-5.069,48.4851],[-5.0503,48.4788]]]]}},{"type":"Feature","properties":{"name":"Flemish"},"geometry":{"type":"MultiPolygon","coordinates":[[[[2.5218,51.0875],[2.542,51.0969],[2.5799,51.1048],[2.7157,51.1695],[2.9236,51.2465],[3.1248,51.3297],[3.349,51.3751],[3.3494,51.3752],[3.3581,51.3367],[3.3539,51.3119],[3.3532,51.2886],[3.3674,51.2635],[3.3917,51.2468],[3.3988,51.2447],[3.4219,51.238],[3.4539,51.2356],[3.5012,51.2403],[3.5041,51.2497],[3.5015,51.2624],[3.5034,51.274],[3.5143,51.281],[3.529,51.2833],[3.545,51.2839],[3.5848,51.2895],[3.6095,51.2904],[3.6351,51.2878],[3.7573,51.2623],[3.7762,51.2545],[3.7814,51.2414],[3.7797,51.2303],[3.7814,51.2199],[3.7963,51.2088],[3.8087,51.2053],[3.927,51.2063],[3.9495,51.2108],[3.995,51.2332],[4.119,51.2724],[4.1686,51.2969],[4.2079,51.3306],[4.2135,51.3405],[4.221,51.3638],[4.2215,51.368],[4.2222,51.3677],[4.2411,51.3566],[4.249,51.3467],[4.2561,51.3284],[4.2726,51.3158],[4.2908,51.3059],[4.303,51.2961],[4.3067,51.2897],[4.3081,51.2836],[4.3054,51.2766],[4.2987,51.2696],[4.2967,51.2676],[4.3084,51.2712],[4.3164,51.2768],[4.3308,51.2961],[4.2971,51.3052],[4.2893,51.3091],[4.2854,51.318],[4.2861,51.3397],[4.2831,51.3501],[4.2756,51.3581],[4.2611,51.3694],[4.2811,51.3689],[4.2901,51.3688],[4.3263,51.3564],[4.3456,51.3523],[4.3922,51.3504],[4.4112,51.3567],[4.4162,51.374],[4.4101,51.3838],[4.3877,51.4005],[4.3799,51.4095],[4.3806,51.4197],[4.3872,51.4275],[4.3892,51.4346],[4.3771,51.4429],[4.4294,51.462],[4.4831,51.4743],[4.5126,51.4774],[4.5252,51.4759],[4.5332,51.4676],[4.5318,51.4509],[4.5234,51.4384],[4.5215,51.4286],[4.5406,51.4201],[4.5539,51.4193],[4.5827,51.4226],[4.6146,51.4176],[4.6301,51.4182],[4.6436,51.4214],[4.6539,51.4262],[4.7312,51.4856],[4.7642,51.4962],[4.7787,51.4954],[4.7968,51.491],[4.8136,51.4841],[4.8239,51.4756],[4.8261,51.4606],[4.8199,51.4462],[4.8154,51.4311],[4.8227,51.4137],[4.7791,51.4264],[4.7678,51.4254],[4.7621,51.4134],[4.7833,51.4076],[4.8533,51.4061],[4.8717,51.403],[4.9103,51.3919],[4.9319,51.3956],[4.9571,51.411],[4.9802,51.4305],[4.9958,51.4467],[5.0027,51.459],[5.0061,51.4683],[5.0121,51.4743],[5.0275,51.4768],[5.0303,51.4744],[5.0603,51.462],[5.0799,51.4385],[5.0764,51.4219],[5.0653,51.4059],[5.0617,51.3843],[5.0681,51.3745],[5.1026,51.3507],[5.1078,51.342],[5.1181,51.3199],[5.1229,51.3134],[5.1402,51.3074],[5.1788,51.3095],[5.1973,51.3083],[5.2149,51.2943],[5.2154,51.2587],[5.233,51.2559],[5.2395,51.2569],[5.2707,51.2618],[5.3891,51.2587],[5.4099,51.2635],[5.4519,51.2821],[5.4716,51.2881],[5.4932,51.2865],[5.5167,51.2772],[5.5352,51.262],[5.5423,51.2427],[5.5455,51.2199],[5.5514,51.2168],[5.5684,51.2077],[5.625,51.1969],[5.6385,51.1909],[5.6482,51.184],[5.659,51.1791],[5.6762,51.1792],[5.718,51.1846],[5.7308,51.1838],[5.7472,51.1776],[5.7681,51.1595],[5.7814,51.1524],[5.8121,51.1573],[5.8291,51.1565],[5.838,51.1437],[5.8405,51.1389],[5.8264,51.1302],[5.8232,51.1187],[5.846,51.1034],[5.8368,51.0995],[5.8267,51.0969],[5.8159,51.0959],[5.8049,51.0966],[5.8074,51.0894],[5.809,51.0863],[5.8118,51.0823],[5.8043,51.0686],[5.7988,51.0615],[5.7913,51.055],[5.7796,51.0613],[5.7715,51.0581],[5.7664,51.0484],[5.764,51.0352],[5.7776,51.0236],[5.7617,50.9992],[5.7224,50.9594],[5.7447,50.9632],[5.7543,50.9631],[5.764,50.9594],[5.7525,50.9472],[5.7353,50.924],[5.7224,50.9117],[5.7176,50.9092],[5.706,50.9066],[5.6945,50.9037],[5.6223,50.8527],[5.6245,50.8303],[5.6407,50.815],[5.6574,50.8076],[5.6085,50.7764],[5.5219,50.76],[5.5238,50.7438],[5.4968,50.7289],[5.4808,50.7264],[5.4612,50.74],[5.4532,50.7223],[5.431,50.7209],[5.4041,50.7275],[5.3918,50.7471],[5.3782,50.7508],[5.3321,50.741],[5.3123,50.7297],[5.3074,50.7184],[5.2756,50.7294],[5.2434,50.7169],[5.2362,50.7282],[5.2289,50.7188],[5.1694,50.7236],[5.1804,50.7072],[5.1677,50.6973],[5.1011,50.7098],[5.0747,50.7069],[5.0595,50.7116],[5.043,50.7251],[5.0435,50.7428],[5.0191,50.7519],[4.9814,50.7709],[4.9323,50.7463],[4.9172,50.7448],[4.9045,50.7516],[4.908,50.7696],[4.8326,50.7646],[4.8369,50.7755],[4.8129,50.7769],[4.7915,50.7995],[4.7496,50.8087],[4.7229,50.8026],[4.7142,50.7898],[4.7102,50.7973],[4.6927,50.791],[4.6405,50.7996],[4.6363,50.774],[4.6546,50.7584],[4.6352,50.7441],[4.6018,50.743],[4.5966,50.7647],[4.5729,50.7484],[4.5292,50.7418],[4.5269,50.7294],[4.4951,50.7411],[4.4902,50.7461],[4.4945,50.7576],[4.48,50.759],[4.458,50.7546],[4.4217,50.7366],[4.3737,50.7318],[4.3679,50.7167],[4.349,50.7176],[4.3299,50.7343],[4.3226,50.729],[4.3332,50.719],[4.3114,50.7188],[4.3088,50.7036],[4.3018,50.6983],[4.2872,50.6952],[4.2596,50.7011],[4.24,50.692],[4.2074,50.7091],[4.1803,50.7087],[4.1586,50.7278],[4.149,50.7304],[4.1391,50.7279],[4.1318,50.7169],[4.1075,50.7172],[4.0997,50.7071],[4.0727,50.7129],[4.0585,50.696],[4.0515,50.7028],[4.028,50.695],[4.009,50.699],[3.9888,50.6887],[3.9282,50.6898],[3.9069,50.6947],[3.8928,50.7064],[3.888,50.7176],[3.895,50.7342],[3.8844,50.7514],[3.828,50.7435],[3.8147,50.7519],[3.7746,50.749],[3.7578,50.7803],[3.7145,50.7686],[3.704,50.7821],[3.6753,50.7719],[3.6347,50.7219],[3.6066,50.7342],[3.5405,50.7349],[3.534,50.7664],[3.4941,50.7589],[3.4576,50.7685],[3.4128,50.7474],[3.3674,50.7173],[3.3635,50.7097],[3.3536,50.7116],[3.3478,50.7119],[3.3231,50.7235],[3.3246,50.7372],[3.3033,50.7564],[3.2608,50.7523],[3.2197,50.7673],[3.1751,50.7527],[3.1628,50.7499],[3.1462,50.7689],[3.1292,50.7791],[3.1033,50.7841],[3.0238,50.7683],[3.023,50.7716],[3.0144,50.8051],[2.9988,50.8116],[2.9406,50.7967],[2.9397,50.7922],[2.9602,50.7768],[2.9224,50.767],[2.9181,50.7577],[2.8896,50.7541],[2.8754,50.7625],[2.8688,50.7612],[2.8422,50.7508],[2.8625,50.7096],[2.8667,50.7001],[2.7867,50.7234],[2.7682,50.7332],[2.763,50.7394],[2.7495,50.7596],[2.7438,50.7662],[2.7066,50.7888],[2.7,50.7963],[2.6969,50.803],[2.6919,50.8088],[2.6787,50.8132],[2.6692,50.8139],[2.6506,50.8122],[2.6425,50.8125],[2.6278,50.8144],[2.6204,50.8165],[2.6152,50.8222],[2.6066,50.8348],[2.602,50.8381],[2.5899,50.842],[2.5867,50.8454],[2.5878,50.85],[2.5955,50.8611],[2.5967,50.8676],[2.5769,50.9115],[2.5827,50.9207],[2.6058,50.9352],[2.6117,50.9412],[2.6084,50.9611],[2.5927,50.9761],[2.557,51.0012],[2.5471,51.0205],[2.537,51.0646],[2.5218,51.0875]],[[4.4797,50.7954],[4.4465,50.811],[4.4549,50.8198],[4.4761,50.8215],[4.4602,50.8532],[4.42,50.8695],[4.4357,50.8797],[4.4362,50.8893],[4.4205,50.9063],[4.4033,50.9148],[4.3773,50.8986],[4.3346,50.9031],[4.2979,50.8915],[4.279,50.8678],[4.2892,50.8564],[4.2828,50.8396],[4.2575,50.8369],[4.2456,50.8216],[4.283,50.8084],[4.3012,50.8144],[4.3276,50.779],[4.3553,50.7671],[4.3772,50.7646],[4.3984,50.7678],[4.4797,50.7954]]],[[[5.8913,50.7512],[5.9102,50.736],[5.8869,50.7133],[5.8782,50.711],[5.8542,50.7189],[5.8183,50.7156],[5.776,50.7512],[5.7503,50.7469],[5.7353,50.7564],[5.7328,50.7589],[5.7436,50.7691],[5.7524,50.7734],[5.7625,50.771],[5.7829,50.7567],[5.7932,50.7521],[5.8799,50.7535],[5.8913,50.7512]]]]}},{"type":"Feature","properties":{"name":"Walloon"},"geometry":{"type":"MultiPolygon","coordinates":[[[[2.8667,50.7001],[2.8625,50.7096],[2.8422,50.7508],[2.8688,50.7612],[2.8754,50.7625],[2.8896,50.7541],[2.9181,50.7577],[2.9224,50.767],[2.9602,50.7768],[2.9397,50.7922],[2.9406,50.7967],[2.9988,50.8116],[3.0144,50.8051],[3.023,50.7716],[3.0238,50.7683],[2.9714,50.7578],[2.9484,50.7487],[2.9302,50.7362],[2.9001,50.7031],[2.8869,50.6966],[2.8713,50.6988],[2.8667,50.7001]]],[[[3.1628,50.7499],[3.1751,50.7527],[3.2197,50.7673],[3.2608,50.7523],[3.3033,50.7564],[3.3246,50.7372],[3.3231,50.7235],[3.3478,50.7119],[3.3536,50.7116],[3.3635,50.7097],[3.3674,50.7173],[3.4128,50.7474],[3.4576,50.7685],[3.4941,50.7589],[3.534,50.7664],[3.5405,50.7349],[3.6066,50.7342],[3.6347,50.7219],[3.6753,50.7719],[3.704,50.7821],[3.7145,50.7686],[3.7578,50.7803],[3.7746,50.749],[3.8147,50.7519],[3.828,50.7435],[3.8844,50.7514],[3.895,50.7342],[3.888,50.7176],[3.8928,50.7064],[3.9069,50.6947],[3.9282,50.6898],[3.9888,50.6887],[4.009,50.699],[4.028,50.695],[4.0515,50.7028],[4.0585,50.696],[4.0727,50.7129],[4.0997,50.7071],[4.1075,50.7172],[4.1318,50.7169],[4.1391,50.7279],[4.149,50.7304],[4.1586,50.7278],[4.1803,50.7087],[4.2074,50.7091],[4.24,50.692],[4.2596,50.7011],[4.2872,50.6952],[4.3018,50.6983],[4.3088,50.7036],[4.3114,50.7188],[4.3332,50.719],[4.3226,50.729],[4.3299,50.7343],[4.349,50.7176],[4.3679,50.7167],[4.3737,50.7318],[4.4217,50.7366],[4.458,50.7546],[4.48,50.759],[4.4945,50.7576],[4.4902,50.7461],[4.4951,50.7411],[4.5269,50.7294],[4.5292,50.7418],[4.5729,50.7484],[4.5966,50.7647],[4.6018,50.743],[4.6352,50.7441],[4.6546,50.7584],[4.6363,50.774],[4.6405,50.7996],[4.6927,50.791],[4.7102,50.7973],[4.7142,50.7898],[4.7229,50.8026],[4.7496,50.8087],[4.7915,50.7995],[4.8129,50.7769],[4.8369,50.7755],[4.8326,50.7646],[4.908,50.7696],[4.9045,50.7516],[4.9172,50.7448],[4.9323,50.7463],[4.9814,50.7709],[5.0191,50.7519],[5.0435,50.7428],[5.043,50.7251],[5.0595,50.7116],[5.0747,50.7069],[5.1011,50.7098],[5.1677,50.6973],[5.1804,50.7072],[5.1694,50.7236],[5.2289,50.7188],[5.2362,50.7282],[5.2434,50.7169],[5.2756,50.7294],[5.3074,50.7184],[5.3123,50.7297],[5.3321,50.741],[5.3782,50.7508],[5.3918,50.7471],[5.4041,50.7275],[5.431,50.7209],[5.4532,50.7223],[5.4612,50.74],[5.4808,50.7264],[5.4968,50.7289],[5.5238,50.7438],[5.5219,50.76],[5.6085,50.7764],[5.6574,50.8076],[5.6633,50.8051],[5.6849,50.7985],[5.7005,50.7956],[5.6987,50.7838],[5.6884,50.7608],[5.7066,50.7542],[5.7174,50.7528],[5.7278,50.7542],[5.7328,50.7589],[5.7353,50.7564],[5.7503,50.7469],[5.776,50.7512],[5.8183,50.7156],[5.8542,50.7189],[5.8782,50.711],[5.8869,50.7133],[5.9102,50.736],[5.8913,50.7512],[5.9022,50.749],[5.9748,50.7475],[5.9949,50.7499],[5.9933,50.7481],[5.9926,50.7463],[5.9927,50.7444],[5.9942,50.7426],[6.0108,50.7371],[6.0113,50.7274],[6.0076,50.7169],[6.0115,50.7085],[6.0248,50.7076],[6.0644,50.7145],[6.081,50.7135],[6.1002,50.7013],[6.1611,50.6422],[6.1478,50.6368],[6.1594,50.6224],[6.18,50.6155],[6.2491,50.6144],[6.2513,50.6084],[6.2443,50.5995],[6.2329,50.5908],[6.2329,50.5871],[6.2106,50.5787],[6.1791,50.562],[6.1607,50.5436],[6.1773,50.5302],[6.1695,50.5225],[6.1708,50.518],[6.1789,50.5158],[6.1906,50.5152],[6.1826,50.5066],[6.1907,50.5018],[6.1992,50.4904],[6.2072,50.4863],[6.2171,50.486],[6.2509,50.4927],[6.2531,50.4941],[6.2556,50.4946],[6.2578,50.4941],[6.2601,50.4927],[6.2754,50.488],[6.3187,50.4817],[6.3369,50.481],[6.3257,50.474],[6.3233,50.466],[6.3262,50.457],[6.3316,50.4469],[6.3402,50.4379],[6.3473,50.437],[6.3512,50.4336],[6.3504,50.4169],[6.3433,50.3933],[6.3364,50.3799],[6.3377,50.3681],[6.3725,50.3294],[6.3734,50.3231],[6.3745,50.3155],[6.362,50.307],[6.3355,50.3039],[6.322,50.3054],[6.3107,50.3082],[6.2995,50.3089],[6.286,50.3039],[6.276,50.2961],[6.2694,50.2865],[6.2673,50.2764],[6.2718,50.2674],[6.2534,50.2568],[6.2104,50.249],[6.1896,50.2427],[6.1798,50.233],[6.1572,50.2227],[6.1468,50.214],[6.1602,50.2045],[6.1658,50.1932],[6.1651,50.1819],[6.1591,50.1724],[6.1517,50.1693],[6.1317,50.1683],[6.1232,50.1649],[6.1213,50.1616],[6.118,50.1504],[6.1158,50.1455],[6.126,50.1402],[6.1295,50.134],[6.1266,50.1273],[6.1175,50.1205],[6.1026,50.1247],[6.1003,50.1327],[6.1015,50.1421],[6.0971,50.1513],[6.0842,50.1593],[6.0765,50.1586],[6.07,50.1542],[6.0614,50.1507],[6.0386,50.1484],[6.0274,50.1494],[6.023,50.1508],[6.0141,50.1536],[6.008,50.1609],[6.0047,50.1705],[5.9983,50.175],[5.9829,50.1671],[5.9616,50.1656],[5.9532,50.1564],[5.949,50.1427],[5.9411,50.1283],[5.9262,50.1183],[5.889,50.1066],[5.8724,50.0969],[5.8688,50.0905],[5.8669,50.0743],[5.8644,50.0675],[5.8583,50.0618],[5.8437,50.0536],[5.8377,50.0474],[5.8388,50.0359],[5.8388,50.0265],[5.8364,50.0185],[5.8291,50.0136],[5.8089,50.0078],[5.8027,50.0025],[5.8015,49.9887],[5.8086,49.9831],[5.8126,49.9776],[5.8016,49.9638],[5.7934,49.9588],[5.7786,49.9566],[5.7716,49.9535],[5.7637,49.9468],[5.76,49.9416],[5.7576,49.9365],[5.7536,49.9302],[5.719,49.8914],[5.7149,49.8819],[5.7267,49.8782],[5.7488,49.8673],[5.7581,49.8582],[5.7319,49.86],[5.732,49.8542],[5.7305,49.8512],[5.7287,49.8488],[5.7269,49.8452],[5.7365,49.8394],[5.7246,49.8343],[5.7202,49.8247],[5.7216,49.8128],[5.7277,49.8002],[5.7383,49.7888],[5.7484,49.7856],[5.7592,49.7845],[5.7719,49.7794],[5.7785,49.773],[5.8021,49.7429],[5.8036,49.7382],[5.8058,49.7242],[5.8054,49.7219],[5.8118,49.7185],[5.8257,49.7158],[5.8317,49.7136],[5.8373,49.7129],[5.8437,49.7143],[5.8502,49.714],[5.856,49.7081],[5.8564,49.7058],[5.8573,49.7004],[5.8536,49.6963],[5.8488,49.6927],[5.8472,49.6872],[5.8467,49.6807],[5.8437,49.6775],[5.8423,49.6739],[5.8458,49.6666],[5.8526,49.6632],[5.8726,49.6617],[5.8799,49.6577],[5.8855,49.6435],[5.8799,49.6349],[5.87,49.6289],[5.862,49.6228],[5.8492,49.5997],[5.8412,49.5897],[5.83,49.5828],[5.8469,49.5767],[5.8374,49.5611],[5.8145,49.5451],[5.7907,49.5378],[5.779,49.5396],[5.7571,49.5484],[5.7463,49.5494],[5.7356,49.5457],[5.7227,49.5346],[5.7103,49.5311],[5.6887,49.5335],[5.6672,49.5404],[5.6446,49.5438],[5.6197,49.5355],[5.6079,49.5249],[5.6056,49.5178],[5.6023,49.5137],[5.5875,49.5124],[5.5789,49.5139],[5.5476,49.5234],[5.5288,49.518],[5.5037,49.5051],[5.4777,49.4952],[5.4561,49.4989],[5.4499,49.5078],[5.451,49.5168],[5.4542,49.5262],[5.4544,49.5366],[5.4502,49.5458],[5.4021,49.6025],[5.3912,49.6088],[5.3835,49.6133],[5.3525,49.6207],[5.3411,49.6251],[5.3349,49.6258],[5.3312,49.6231],[5.3269,49.6176],[5.3217,49.6126],[5.3145,49.6111],[5.2979,49.6133],[5.293,49.6172],[5.2907,49.6264],[5.2938,49.6405],[5.3018,49.6439],[5.3064,49.6475],[5.2994,49.6625],[5.2801,49.6779],[5.2592,49.6913],[5.2376,49.691],[5.1925,49.6828],[5.1694,49.6872],[5.1512,49.696],[5.1364,49.7053],[5.0938,49.7453],[5.0819,49.7527],[5.0462,49.7594],[5.0263,49.7667],[4.9891,49.7906],[4.971,49.7971],[4.9684,49.797],[4.95,49.7964],[4.9066,49.7865],[4.8842,49.7841],[4.858,49.7866],[4.849,49.7942],[4.8492,49.8316],[4.8468,49.8375],[4.8369,49.848],[4.8349,49.853],[4.8367,49.8591],[4.8456,49.8658],[4.8489,49.8711],[4.8543,49.8833],[4.8594,49.8917],[4.862,49.9003],[4.8602,49.9133],[4.8446,49.9317],[4.7973,49.9443],[4.7839,49.9583],[4.7883,49.9743],[4.8267,50.036],[4.8276,50.0467],[4.8261,50.055],[4.8272,50.0641],[4.846,50.0907],[4.8521,50.0916],[4.8629,50.0841],[4.8652,50.1016],[4.8705,50.1223],[4.8719,50.1398],[4.8627,50.1476],[4.8314,50.1434],[4.8201,50.1464],[4.8156,50.1613],[4.7886,50.1534],[4.6819,50.0839],[4.6761,50.0761],[4.6734,50.0662],[4.6758,50.0602],[4.6795,50.0552],[4.6806,50.0483],[4.6729,50.0164],[4.6659,50.0005],[4.6567,49.9891],[4.6458,49.9845],[4.6042,49.9802],[4.4648,49.9356],[4.4351,49.9323],[4.4277,49.9336],[4.2776,49.9602],[4.216,49.9544],[4.2011,49.953],[4.1877,49.9555],[4.1317,49.975],[4.1324,49.9749],[4.1396,49.9745],[4.1384,49.9892],[4.1329,50.0045],[4.1282,50.0058],[4.1323,50.0176],[4.1373,50.0251],[4.1446,50.0308],[4.1629,50.0418],[4.186,50.0525],[4.21,50.0602],[4.2103,50.0667],[4.2034,50.0747],[4.1974,50.0841],[4.1806,50.1272],[4.1706,50.1305],[4.1599,50.1294],[4.1399,50.1236],[4.1258,50.1282],[4.1282,50.1462],[4.1474,50.1863],[4.1527,50.2045],[4.1573,50.2127],[4.1679,50.2225],[4.1915,50.2343],[4.2013,50.2415],[4.2037,50.252],[4.1976,50.2585],[4.1852,50.2655],[4.1718,50.2709],[4.1628,50.273],[4.1503,50.2695],[4.1498,50.2631],[4.151,50.2563],[4.1437,50.2516],[4.1253,50.2571],[4.0979,50.2948],[4.0772,50.3066],[4.0559,50.3146],[4.0227,50.3381],[4.0033,50.3441],[3.9821,50.3426],[3.9186,50.3255],[3.8959,50.3253],[3.878,50.3308],[3.8609,50.3385],[3.8402,50.3452],[3.7987,50.3485],[3.755,50.3463],[3.7415,50.3431],[3.7334,50.3372],[3.7155,50.3177],[3.7111,50.3093],[3.7084,50.3063],[3.7039,50.3043],[3.7022,50.3053],[3.7008,50.3047],[3.6969,50.2982],[3.6617,50.3193],[3.6529,50.3602],[3.6528,50.4068],[3.6444,50.4455],[3.6281,50.4644],[3.6083,50.4765],[3.5864,50.4835],[3.5637,50.4865],[3.4991,50.4868],[3.4867,50.4927],[3.4965,50.5038],[3.498,50.5119],[3.4915,50.5171],[3.4771,50.5199],[3.4629,50.5191],[3.4526,50.5149],[3.4427,50.5085],[3.4292,50.5018],[3.3854,50.4916],[3.3611,50.4898],[3.3436,50.4929],[3.2999,50.5075],[3.2868,50.5141],[3.271,50.5269],[3.2659,50.5383],[3.2643,50.5702],[3.2379,50.6265],[3.2298,50.6554],[3.2438,50.6721],[3.2324,50.6959],[3.2244,50.7052],[3.211,50.708],[3.1969,50.7092],[3.189,50.7151],[3.1767,50.7341],[3.1628,50.7499]]]]}},{"type":"Feature","properties":{"name":"Ireland"},"geometry":{"type":"MultiPolygon","coordinates":[[[[-7.2471,55.0693],[-7.2665,55.0652],[-7.2753,55.0589],[-7.283,55.0518],[-7.2912,55.0466],[-7.355,55.0409],[-7.367,55.0356],[-7.377,55.0289],[-7.4053,55.0036],[-7.4011,54.9948],[-7.4038,54.9931],[-7.4091,54.992],[-7.4131,54.985],[-7.4074,54.9594],[-7.4087,54.9511],[-7.4158,54.9444],[-7.4171,54.9431],[-7.437,54.9383],[-7.4453,54.9322],[-7.449,54.9203],[-7.4447,54.8949],[-7.4447,54.8845],[-7.4551,54.863],[-7.4708,54.8453],[-7.5434,54.7931],[-7.5497,54.7796],[-7.5517,54.7547],[-7.5484,54.7472],[-7.543,54.7438],[-7.5431,54.7417],[-7.5561,54.7384],[-7.5666,54.7387],[-7.5854,54.7447],[-7.6154,54.7393],[-7.6497,54.7449],[-7.6675,54.7388],[-7.7023,54.7189],[-7.7366,54.7075],[-7.7705,54.706],[-7.8036,54.7161],[-7.8322,54.7306],[-7.8459,54.731],[-7.8801,54.711],[-7.9297,54.6967],[-7.9132,54.6887],[-7.9071,54.6867],[-7.9148,54.6717],[-7.9066,54.6613],[-7.8901,54.6551],[-7.8728,54.6522],[-7.8643,54.6491],[-7.8543,54.6364],[-7.8464,54.6314],[-7.838,54.6312],[-7.8225,54.6381],[-7.815,54.6395],[-7.8012,54.6348],[-7.7692,54.618],[-7.7536,54.6145],[-7.7368,54.6193],[-7.7212,54.6259],[-7.7106,54.6243],[-7.708,54.6048],[-7.7079,54.6042],[-7.7493,54.5962],[-7.8488,54.5409],[-7.8871,54.5321],[-7.9264,54.5331],[-8.0022,54.5434],[-8.0233,54.5297],[-8.0436,54.5122],[-8.0559,54.4976],[-8.061,54.4933],[-8.0724,54.4871],[-8.097,54.4786],[-8.1502,54.4694],[-8.1685,54.4635],[-8.1738,54.4617],[-8.1612,54.4548],[-8.1581,54.4471],[-8.156,54.4391],[-8.1463,54.4307],[-8.1224,54.4152],[-8.0799,54.3802],[-8.0565,54.3659],[-8.0313,54.358],[-8.0022,54.3579],[-7.981,54.3266],[-7.968,54.3122],[-7.9508,54.3009],[-7.9421,54.2989],[-7.9341,54.297],[-7.895,54.2936],[-7.8803,54.287],[-7.8736,54.2711],[-7.8697,54.2269],[-7.8564,54.2114],[-7.837,54.2043],[-7.7821,54.2],[-7.7226,54.2023],[-7.7048,54.2004],[-7.6327,54.1685],[-7.6257,54.1622],[-7.6241,54.1533],[-7.6208,54.145],[-7.609,54.1399],[-7.5023,54.1251],[-7.4808,54.1277],[-7.4396,54.1469],[-7.4147,54.1457],[-7.4258,54.137],[-7.4223,54.1355],[-7.4122,54.1364],[-7.404,54.135],[-7.3966,54.1263],[-7.3947,54.1219],[-7.3902,54.1212],[-7.3755,54.1233],[-7.327,54.1136],[-7.3165,54.1143],[-7.3103,54.1147],[-7.3332,54.1427],[-7.3332,54.1494],[-7.326,54.1546],[-7.2955,54.1651],[-7.2921,54.1626],[-7.295,54.1554],[-7.2964,54.1465],[-7.2963,54.135],[-7.2974,54.1259],[-7.2938,54.122],[-7.28,54.1262],[-7.2707,54.1323],[-7.2635,54.141],[-7.2609,54.1512],[-7.2654,54.1611],[-7.2458,54.167],[-7.247,54.1722],[-7.2563,54.1769],[-7.2611,54.1809],[-7.2555,54.1909],[-7.2491,54.1974],[-7.2409,54.2023],[-7.2295,54.2075],[-7.1747,54.2161],[-7.1533,54.2242],[-7.1597,54.2407],[-7.1459,54.2521],[-7.1815,54.2698],[-7.1755,54.2837],[-7.209,54.2934],[-7.2115,54.3042],[-7.2067,54.3049],[-7.1992,54.3035],[-7.1937,54.3075],[-7.1924,54.3074],[-7.1846,54.3166],[-7.185,54.3173],[-7.1876,54.3188],[-7.1915,54.3239],[-7.1939,54.33],[-7.1925,54.3347],[-7.1895,54.3357],[-7.1856,54.3369],[-7.1681,54.335],[-7.1599,54.3352],[-7.127,54.3498],[-7.0785,54.3947],[-7.0493,54.4115],[-7.0178,54.4132],[-6.9841,54.4031],[-6.922,54.3727],[-6.9151,54.3659],[-6.906,54.349],[-6.8979,54.3462],[-6.886,54.3456],[-6.8797,54.3416],[-6.87,54.326],[-6.8584,54.3073],[-6.8567,54.2928],[-6.8647,54.2827],[-6.8822,54.2773],[-6.8467,54.2665],[-6.8377,54.2605],[-6.8332,54.2521],[-6.8297,54.2424],[-6.8239,54.2323],[-6.8074,54.2163],[-6.7878,54.203],[-6.7665,54.1924],[-6.7448,54.1842],[-6.7328,54.1836],[-6.7248,54.1886],[-6.7172,54.1951],[-6.7065,54.1989],[-6.6947,54.198],[-6.684,54.1944],[-6.663,54.1838],[-6.6484,54.1737],[-6.6403,54.168],[-6.6346,54.1501],[-6.644,54.1318],[-6.6664,54.1148],[-6.6558,54.1033],[-6.6571,54.0919],[-6.6725,54.0684],[-6.6573,54.0611],[-6.6306,54.0418],[-6.6165,54.0373],[-6.611,54.0392],[-6.6052,54.0445],[-6.6003,54.0489],[-6.5951,54.0524],[-6.5872,54.0533],[-6.5719,54.0495],[-6.564,54.0489],[-6.4785,54.0677],[-6.4509,54.0684],[-6.4502,54.0667],[-6.4462,54.0624],[-6.4403,54.058],[-6.4339,54.0553],[-6.4268,54.0554],[-6.401,54.0609],[-6.3775,54.0633],[-6.3712,54.0668],[-6.3669,54.0751],[-6.3676,54.0834],[-6.3693,54.0911],[-6.3681,54.0973],[-6.3548,54.1107],[-6.3467,54.1099],[-6.339,54.103],[-6.3271,54.0979],[-6.3138,54.0997],[-6.2996,54.104],[-6.2847,54.1052],[-6.2699,54.0979],[-6.207,54.0617],[-6.1914,54.057],[-6.1843,54.0538],[-6.1699,54.0396],[-6.1638,54.0364],[-6.1425,54.0352],[-6.1339,54.0334],[-6.1265,54.0302],[-6.1073,54.0136],[-6.111,54.0013],[-6.1435,53.9784],[-6.1608,53.9744],[-6.1855,53.9797],[-6.2091,53.9886],[-6.2228,53.9954],[-6.237,53.9938],[-6.307,54.0119],[-6.3599,54.016],[-6.3599,54.0085],[-6.3478,54.0036],[-6.3539,53.9942],[-6.3663,53.981],[-6.373,53.9644],[-6.3783,53.9349],[-6.379,53.9169],[-6.373,53.8993],[-6.3508,53.8814],[-6.3173,53.8711],[-6.2432,53.8651],[-6.2432,53.8577],[-6.254,53.8399],[-6.255,53.8222],[-6.245,53.8069],[-6.2228,53.7963],[-6.2433,53.7825],[-6.2484,53.7558],[-6.2458,53.7296],[-6.2413,53.6856],[-6.2364,53.6708],[-6.2299,53.6566],[-6.2228,53.6461],[-6.213,53.6406],[-6.198,53.6345],[-6.1871,53.6301],[-6.1698,53.6057],[-6.1425,53.5945],[-6.1125,53.5858],[-6.0924,53.5771],[-6.0845,53.568],[-6.0773,53.5546],[-6.0749,53.5397],[-6.0815,53.5259],[-6.0985,53.5097],[-6.1031,53.5032],[-6.1055,53.4952],[-6.1128,53.4867],[-6.1244,53.4686],[-6.1334,53.4611],[-6.1409,53.4711],[-6.1584,53.4728],[-6.1786,53.4687],[-6.1948,53.4611],[-6.1306,53.4426],[-6.1258,53.4316],[-6.1222,53.4199],[-6.1129,53.4127],[-6.1164,53.4095],[-6.123,53.4022],[-6.1265,53.399],[-6.1103,53.394],[-6.0691,53.3925],[-6.0509,53.3854],[-6.062,53.3674],[-6.0746,53.3669],[-6.0882,53.374],[-6.1024,53.3785],[-6.1064,53.3808],[-6.1189,53.3906],[-6.1228,53.3928],[-6.1323,53.3916],[-6.1498,53.3865],[-6.157,53.3854],[-6.2153,53.3581],[-6.2182,53.3472],[-6.2113,53.3387],[-6.188,53.3239],[-6.1684,53.3063],[-6.1552,53.2994],[-6.1271,53.2954],[-6.1166,53.2903],[-6.1091,53.2891],[-6.097,53.2855],[-6.097,53.2776],[-6.1022,53.2694],[-6.1055,53.2652],[-6.1066,53.2431],[-6.1049,53.2294],[-6.0992,53.2147],[-6.0889,53.2041],[-6.0887,53.2038],[-6.077,53.1952],[-6.071,53.1843],[-6.0781,53.1662],[-6.0647,53.1544],[-6.0304,53.111],[-6.0321,53.1072],[-6.0327,53.1066],[-6.0337,53.1067],[-6.0371,53.1048],[-6.0325,53.0884],[-6.0338,53.0642],[-6.0394,53.0404],[-6.0474,53.0253],[-6.0516,53.0093],[-6.0385,52.9938],[-5.9966,52.9649],[-5.9935,52.9574],[-6.0065,52.954],[-6.0118,52.9497],[-6.0218,52.9309],[-6.027,52.9267],[-6.038,52.9197],[-6.0719,52.872],[-6.0644,52.8646],[-6.1073,52.8398],[-6.119,52.8305],[-6.1301,52.816],[-6.1539,52.7684],[-6.1479,52.7462],[-6.151,52.7416],[-6.1684,52.7168],[-6.2153,52.666],[-6.2206,52.6473],[-6.2195,52.6323],[-6.2091,52.6039],[-6.2065,52.5885],[-6.2091,52.5458],[-6.2222,52.5284],[-6.2829,52.4671],[-6.301,52.4537],[-6.3177,52.4479],[-6.3332,52.4346],[-6.3562,52.409],[-6.3655,52.3935],[-6.3662,52.3752],[-6.3644,52.3578],[-6.3661,52.3444],[-6.373,52.352],[-6.381,52.3568],[-6.39,52.3588],[-6.4481,52.3559],[-6.4689,52.36],[-6.463,52.378],[-6.472,52.3759],[-6.4807,52.373],[-6.4888,52.3691],[-6.4965,52.3643],[-6.4965,52.3581],[-6.4814,52.3546],[-6.4675,52.3469],[-6.4561,52.3358],[-6.4486,52.3227],[-6.455,52.3122],[-6.4237,52.3079],[-6.4145,52.2998],[-6.4092,52.2893],[-6.3969,52.2981],[-6.373,52.3227],[-6.373,52.3165],[-6.3898,52.2956],[-6.3698,52.2726],[-6.3183,52.2408],[-6.347,52.1973],[-6.3599,52.1862],[-6.3699,52.18],[-6.3771,52.1782],[-6.3866,52.1793],[-6.3995,52.1855],[-6.3973,52.1907],[-6.39,52.1953],[-6.381,52.2076],[-6.3823,52.212],[-6.394,52.2128],[-6.4001,52.2109],[-6.4088,52.2032],[-6.4209,52.1967],[-6.4227,52.1948],[-6.4256,52.1938],[-6.4691,52.1936],[-6.4691,52.1998],[-6.4486,52.1998],[-6.4623,52.2072],[-6.4726,52.207],[-6.4897,52.1998],[-6.5375,52.1936],[-6.5797,52.1782],[-6.5972,52.1796],[-6.6231,52.1967],[-6.6414,52.2028],[-6.7156,52.2166],[-6.7863,52.21],[-6.8056,52.2128],[-6.8056,52.2204],[-6.7904,52.2244],[-6.776,52.2332],[-6.7659,52.2458],[-6.764,52.2613],[-6.776,52.2509],[-6.793,52.2404],[-6.8127,52.2353],[-6.8323,52.2408],[-6.8391,52.2346],[-6.838,52.2265],[-6.8365,52.2233],[-6.8364,52.2202],[-6.8391,52.2128],[-6.8283,52.2176],[-6.8248,52.2204],[-6.8186,52.2204],[-6.8218,52.2057],[-6.8249,52.1999],[-6.8323,52.1936],[-6.8254,52.1932],[-6.8186,52.1936],[-6.8186,52.1862],[-6.8219,52.1858],[-6.8289,52.1863],[-6.8323,52.1862],[-6.8248,52.1793],[-6.8971,52.152],[-6.9072,52.1456],[-6.9186,52.133],[-6.9321,52.1247],[-6.949,52.1309],[-6.9398,52.1432],[-6.9279,52.1498],[-6.9152,52.1549],[-6.9039,52.1623],[-6.9037,52.1722],[-6.921,52.2128],[-6.9267,52.2197],[-6.9367,52.2291],[-6.9483,52.2373],[-6.9589,52.2408],[-6.9701,52.2474],[-6.9847,52.2786],[-6.9974,52.2892],[-6.9945,52.2775],[-6.9919,52.2668],[-6.9906,52.2617],[-6.9899,52.2517],[-6.9868,52.2469],[-6.9729,52.2302],[-6.9695,52.2204],[-6.9823,52.1956],[-6.98,52.1859],[-6.9551,52.1862],[-6.9551,52.1793],[-6.971,52.1713],[-6.9999,52.1467],[-7.0172,52.1384],[-7.0395,52.1352],[-7.0846,52.1343],[-7.106,52.1309],[-7.1001,52.1422],[-7.0718,52.1657],[-7.0939,52.1718],[-7.1064,52.173],[-7.1202,52.1719],[-7.1202,52.1657],[-7.1145,52.1628],[-7.1117,52.1597],[-7.1095,52.1563],[-7.106,52.152],[-7.1164,52.1531],[-7.1293,52.1578],[-7.1373,52.1589],[-7.1496,52.1563],[-7.1564,52.1505],[-7.161,52.1436],[-7.1675,52.1384],[-7.1874,52.1328],[-7.206,52.1328],[-7.2438,52.1384],[-7.4355,52.1257],[-7.5043,52.1027],[-7.5414,52.0974],[-7.5462,52.0949],[-7.55,52.0897],[-7.5553,52.0849],[-7.5653,52.0837],[-7.5723,52.0876],[-7.5765,52.0946],[-7.5794,52.1013],[-7.5826,52.1042],[-7.6,52.101],[-7.619,52.0922],[-7.6311,52.079],[-7.6273,52.0627],[-7.6176,52.0702],[-7.6022,52.0717],[-7.5839,52.0686],[-7.5541,52.0602],[-7.5468,52.0593],[-7.5452,52.055],[-7.551,52.0428],[-7.5826,52.0285],[-7.5864,51.9981],[-7.5899,51.9912],[-7.5983,51.9891],[-7.6083,51.9879],[-7.6165,51.9838],[-7.6354,51.9768],[-7.6885,51.9804],[-7.7093,51.9739],[-7.7176,51.9599],[-7.7174,51.9496],[-7.7233,51.9446],[-7.8293,51.9534],[-7.8324,51.9576],[-7.8341,51.9667],[-7.8385,51.9759],[-7.8498,51.9801],[-7.8518,51.9771],[-7.853,51.9752],[-7.8542,51.9514],[-7.8567,51.9429],[-7.8699,51.9295],[-7.8843,51.9191],[-7.9012,51.9127],[-7.9222,51.9118],[-7.8926,51.8948],[-7.8806,51.892],[-7.8915,51.8819],[-7.9142,51.8758],[-7.9557,51.8702],[-8.0082,51.8558],[-8.0231,51.8436],[-8.0041,51.8299],[-8.0206,51.8239],[-8.0961,51.8141],[-8.1342,51.8048],[-8.1972,51.8009],[-8.2248,51.8026],[-8.2362,51.8021],[-8.2462,51.8027],[-8.2506,51.8063],[-8.248,51.8134],[-8.2412,51.8185],[-8.2324,51.822],[-8.2233,51.8237],[-8.2255,51.8273],[-8.2301,51.8367],[-8.2156,51.8384],[-8.2017,51.842],[-8.1882,51.848],[-8.1754,51.8572],[-8.1816,51.8593],[-8.1868,51.8618],[-8.1931,51.8637],[-8.2028,51.864],[-8.1953,51.877],[-8.1905,51.8811],[-8.1822,51.8845],[-8.1871,51.8931],[-8.1938,51.8954],[-8.2015,51.8922],[-8.2102,51.8845],[-8.2233,51.8901],[-8.2436,51.8929],[-8.2847,51.892],[-8.2847,51.8981],[-8.2932,51.9033],[-8.3104,51.9008],[-8.3288,51.8954],[-8.3474,51.892],[-8.3885,51.8935],[-8.4088,51.8918],[-8.4294,51.8845],[-8.3961,51.8768],[-8.3542,51.873],[-8.3293,51.8613],[-8.3474,51.8299],[-8.3099,51.8321],[-8.2983,51.8299],[-8.2983,51.8237],[-8.3052,51.8237],[-8.3052,51.8162],[-8.2963,51.8116],[-8.2921,51.81],[-8.3065,51.8078],[-8.3131,51.8056],[-8.3195,51.8026],[-8.2847,51.8026],[-8.302,51.7859],[-8.3052,51.7821],[-8.3038,51.7766],[-8.2996,51.7717],[-8.2974,51.766],[-8.3017,51.7582],[-8.3348,51.7353],[-8.3457,51.7247],[-8.3725,51.7155],[-8.41,51.7098],[-8.4224,51.704],[-8.4355,51.6927],[-8.4418,51.7039],[-8.4558,51.7123],[-8.4719,51.7163],[-8.484,51.7138],[-8.4692,51.7066],[-8.4642,51.695],[-8.469,51.6841],[-8.484,51.6784],[-8.4911,51.6987],[-8.5124,51.706],[-8.5584,51.7064],[-8.5584,51.7001],[-8.5483,51.6964],[-8.528,51.695],[-8.5175,51.6927],[-8.5082,51.6992],[-8.5021,51.7003],[-8.4975,51.6927],[-8.4996,51.687],[-8.5065,51.6824],[-8.5149,51.6795],[-8.5211,51.6784],[-8.5365,51.6547],[-8.5392,51.6484],[-8.5382,51.6374],[-8.5336,51.6223],[-8.5317,51.6108],[-8.5444,51.6179],[-8.5587,51.638],[-8.5727,51.645],[-8.5891,51.6459],[-8.6382,51.6374],[-8.7576,51.645],[-8.7433,51.6352],[-8.7266,51.6313],[-8.69,51.6313],[-8.69,51.6238],[-8.6966,51.621],[-8.703,51.617],[-8.6825,51.6108],[-8.6935,51.6047],[-8.6998,51.5972],[-8.7008,51.5881],[-8.6962,51.5766],[-8.734,51.5798],[-8.7428,51.5756],[-8.7501,51.5794],[-8.7571,51.586],[-8.7651,51.5903],[-8.802,51.5903],[-8.8126,51.5919],[-8.8202,51.5946],[-8.8267,51.5952],[-8.8334,51.5903],[-8.8539,51.5959],[-8.868,51.5845],[-8.8785,51.5672],[-8.888,51.5556],[-8.9233,51.5482],[-8.9289,51.546],[-8.9332,51.5353],[-8.942,51.5377],[-8.9506,51.5451],[-8.9532,51.5494],[-8.9599,51.5514],[-8.9799,51.5607],[-8.9911,51.563],[-9.0028,51.5622],[-9.0177,51.5568],[-9.0729,51.5494],[-9.0857,51.5522],[-9.1081,51.5609],[-9.1208,51.563],[-9.1208,51.5556],[-9.1163,51.5541],[-9.1077,51.5494],[-9.1157,51.5379],[-9.1282,51.5293],[-9.1433,51.5239],[-9.1586,51.522],[-9.1846,51.5262],[-9.1925,51.5246],[-9.1896,51.5146],[-9.1896,51.5084],[-9.204,51.508],[-9.2108,51.5017],[-9.2157,51.4935],[-9.2238,51.4873],[-9.2347,51.4865],[-9.2438,51.4893],[-9.253,51.4912],[-9.2648,51.4873],[-9.2654,51.4941],[-9.2675,51.4988],[-9.2701,51.503],[-9.2721,51.5084],[-9.2995,51.4975],[-9.3017,51.4887],[-9.3074,51.4873],[-9.3153,51.4876],[-9.3237,51.4838],[-9.3353,51.477],[-9.3492,51.474],[-9.3814,51.4736],[-9.3699,51.4786],[-9.3607,51.4838],[-9.3531,51.4909],[-9.3467,51.5009],[-9.3612,51.4946],[-9.3729,51.4913],[-9.3769,51.4946],[-9.3678,51.5084],[-9.3571,51.5172],[-9.3324,51.5277],[-9.3199,51.5351],[-9.3229,51.5373],[-9.3241,51.538],[-9.3251,51.5391],[-9.3275,51.5425],[-9.3358,51.5373],[-9.3678,51.5251],[-9.3717,51.5194],[-9.3811,51.5124],[-9.4018,51.5009],[-9.4139,51.5111],[-9.4126,51.5207],[-9.4059,51.5317],[-9.4018,51.546],[-9.4088,51.5522],[-9.425,51.5576],[-9.4433,51.5595],[-9.4565,51.5556],[-9.448,51.5436],[-9.4766,51.5351],[-9.5475,51.5253],[-9.5514,51.5212],[-9.5528,51.5115],[-9.5563,51.5081],[-9.5739,51.509],[-9.5807,51.5084],[-9.6,51.4969],[-9.6113,51.4938],[-9.6284,51.4941],[-9.6296,51.5041],[-9.6418,51.5152],[-9.6559,51.5202],[-9.6627,51.5115],[-9.7172,51.4804],[-9.7108,51.476],[-9.7081,51.4746],[-9.7035,51.4736],[-9.7718,51.4531],[-9.769,51.4643],[-9.7779,51.4622],[-9.8066,51.4457],[-9.8134,51.4531],[-9.8202,51.4457],[-9.8189,51.4585],[-9.817,51.4631],[-9.8134,51.4674],[-9.8134,51.4736],[-9.8222,51.4754],[-9.8263,51.4777],[-9.8339,51.4873],[-9.812,51.4915],[-9.7938,51.4997],[-9.7582,51.522],[-9.7401,51.5298],[-9.705,51.5357],[-9.6831,51.5425],[-9.6654,51.5516],[-9.6217,51.5828],[-9.6028,51.592],[-9.5668,51.6023],[-9.5459,51.6108],[-9.592,51.6137],[-9.785,51.5525],[-9.8475,51.5494],[-9.8053,51.5667],[-9.7961,51.5692],[-9.7864,51.5735],[-9.7793,51.5828],[-9.7703,51.5922],[-9.7312,51.6009],[-9.608,51.6424],[-9.5946,51.6555],[-9.5619,51.6581],[-9.5247,51.6703],[-9.4879,51.6757],[-9.4586,51.684],[-9.4565,51.7001],[-9.4518,51.705],[-9.4474,51.7109],[-9.4429,51.7138],[-9.4429,51.72],[-9.4573,51.7246],[-9.4728,51.7188],[-9.4898,51.7145],[-9.5128,51.7259],[-9.5215,51.7255],[-9.5255,51.7269],[-9.5264,51.7308],[-9.5245,51.7434],[-9.5255,51.7473],[-9.5317,51.7515],[-9.5403,51.7559],[-9.5501,51.7595],[-9.5602,51.7616],[-9.5559,51.7487],[-9.5573,51.7394],[-9.5566,51.7309],[-9.5459,51.72],[-9.5661,51.7167],[-9.5797,51.7106],[-9.6073,51.6927],[-9.6268,51.685],[-9.6481,51.6808],[-9.7135,51.6765],[-9.748,51.6674],[-9.8741,51.6562],[-9.9154,51.6446],[-9.9301,51.6374],[-9.9319,51.6347],[-9.9321,51.631],[-9.9329,51.6273],[-9.9363,51.6238],[-9.9419,51.6213],[-10.0047,51.6085],[-10.0288,51.5965],[-10.0403,51.5976],[-10.0599,51.6028],[-10.0701,51.6039],[-10.1161,51.6003],[-10.1387,51.5939],[-10.1561,51.5828],[-10.1628,51.5903],[-10.1553,51.5938],[-10.1532,51.5993],[-10.1527,51.6054],[-10.1492,51.6108],[-10.1433,51.6136],[-10.0751,51.6254],[-10.0598,51.6313],[-10.0598,51.6357],[-10.061,51.6367],[-10.0635,51.6365],[-10.0666,51.6374],[-10.0627,51.6498],[-10.0707,51.657],[-10.0853,51.6599],[-10.1008,51.6592],[-10.0881,51.6716],[-10.0664,51.6744],[-10.0257,51.6723],[-10.0038,51.678],[-9.9569,51.7064],[-9.9569,51.7138],[-9.9978,51.7138],[-9.9807,51.7319],[-9.9494,51.747],[-9.9149,51.7576],[-9.8885,51.7616],[-9.8917,51.757],[-9.897,51.7467],[-9.9023,51.7412],[-9.8845,51.7434],[-9.8679,51.7486],[-9.8565,51.7586],[-9.8544,51.7753],[-9.8413,51.7697],[-9.8238,51.7678],[-9.7855,51.7685],[-9.7855,51.7753],[-9.7934,51.7762],[-9.8134,51.7821],[-9.8134,51.7883],[-9.7999,51.7938],[-9.7743,51.8122],[-9.7545,51.8191],[-9.7429,51.8325],[-9.7377,51.8367],[-9.7298,51.838],[-9.7035,51.8367],[-9.6711,51.843],[-9.6125,51.8635],[-9.5807,51.8702],[-9.5807,51.8777],[-9.6531,51.8718],[-9.758,51.847],[-9.7772,51.8397],[-9.7855,51.8333],[-9.7917,51.8268],[-9.8247,51.8269],[-9.8401,51.8237],[-9.8339,51.8162],[-9.8638,51.8043],[-9.8749,51.8026],[-9.8727,51.8073],[-9.8699,51.8187],[-9.868,51.8237],[-9.8822,51.8237],[-9.8905,51.8196],[-9.8961,51.8141],[-9.9023,51.81],[-9.9142,51.8073],[-9.9383,51.805],[-9.9499,51.8026],[-9.9936,51.781],[-10.0168,51.7746],[-10.0394,51.7821],[-10.0594,51.7687],[-10.0845,51.7559],[-10.1112,51.746],[-10.1356,51.7412],[-10.1297,51.7543],[-10.2244,51.7821],[-10.1861,51.7896],[-10.1771,51.8137],[-10.1942,51.8391],[-10.2346,51.851],[-10.2461,51.8456],[-10.2712,51.8217],[-10.2826,51.8162],[-10.2947,51.8124],[-10.3258,51.7942],[-10.3411,51.7883],[-10.3466,51.8011],[-10.3347,51.8303],[-10.3411,51.8436],[-10.3557,51.8456],[-10.3759,51.8444],[-10.3889,51.8462],[-10.3819,51.8572],[-10.3825,51.862],[-10.3848,51.8633],[-10.3874,51.8634],[-10.3888,51.864],[-10.3867,51.8677],[-10.3846,51.8702],[-10.3828,51.8729],[-10.3819,51.8777],[-10.3854,51.878],[-10.3922,51.8775],[-10.3956,51.8777],[-10.3956,51.8845],[-10.3627,51.8872],[-10.2796,51.9056],[-10.2622,51.9056],[-10.2541,51.9087],[-10.2509,51.9155],[-10.2516,51.9223],[-10.255,51.9255],[-10.2692,51.9308],[-10.2778,51.942],[-10.288,51.9519],[-10.3069,51.9534],[-10.3069,51.9596],[-10.2953,51.9643],[-10.2706,51.9697],[-10.2585,51.9739],[-10.2662,51.9885],[-10.2454,51.9951],[-10.2174,51.9989],[-10.1918,52.0098],[-10.1282,52.0285],[-10.0333,52.0411],[-9.9927,52.0559],[-9.9711,52.0899],[-9.9636,52.0899],[-9.9637,52.072],[-9.9543,52.0642],[-9.9403,52.0623],[-9.9264,52.0627],[-9.9296,52.0719],[-9.9084,52.1309],[-9.8775,52.1195],[-9.8462,52.1186],[-9.7718,52.1247],[-9.7789,52.1286],[-9.7875,52.1354],[-9.793,52.1384],[-9.7582,52.152],[-9.9569,52.1452],[-9.9438,52.1247],[-9.9501,52.1132],[-9.9547,52.1088],[-9.9606,52.1249],[-9.9703,52.1317],[-9.9835,52.1359],[-9.9978,52.1384],[-10.0281,52.1396],[-10.1624,52.1187],[-10.1863,52.1094],[-10.1971,52.1154],[-10.207,52.1251],[-10.2175,52.1309],[-10.2279,52.1284],[-10.2346,52.1224],[-10.2421,52.1198],[-10.2677,52.1358],[-10.2789,52.1364],[-10.3069,52.1309],[-10.3069,52.1247],[-10.297,52.1247],[-10.2886,52.1232],[-10.2721,52.1179],[-10.2721,52.1117],[-10.2974,52.1144],[-10.3449,52.1247],[-10.3683,52.1247],[-10.3674,52.118],[-10.3644,52.1149],[-10.3541,52.1117],[-10.3757,52.1113],[-10.4153,52.0997],[-10.4366,52.0974],[-10.4608,52.103],[-10.4675,52.1151],[-10.4693,52.132],[-10.4782,52.152],[-10.4695,52.1551],[-10.4509,52.1657],[-10.4509,52.1719],[-10.4613,52.18],[-10.4497,52.1889],[-10.4282,52.1964],[-10.4093,52.1998],[-10.4167,52.1862],[-10.3946,52.1748],[-10.3821,52.1719],[-10.3721,52.1756],[-10.3693,52.1837],[-10.3727,52.1906],[-10.3732,52.1978],[-10.3615,52.2067],[-10.3716,52.2116],[-10.3758,52.2128],[-10.3666,52.2282],[-10.3547,52.2322],[-10.3398,52.2319],[-10.3205,52.2346],[-10.309,52.2419],[-10.287,52.2636],[-10.2758,52.2681],[-10.1719,52.2868],[-10.1561,52.2786],[-10.1682,52.2407],[-10.1662,52.2346],[-10.1008,52.2408],[-10.0714,52.2513],[-10.0449,52.2693],[-10.036,52.2904],[-10.0598,52.3096],[-10.0248,52.3101],[-10.0135,52.3063],[-10.0183,52.296],[-10.0136,52.2815],[-10.0128,52.2659],[-10.0088,52.2534],[-9.9944,52.2482],[-9.9781,52.2464],[-9.9475,52.2376],[-9.9137,52.2331],[-9.8722,52.2327],[-9.8581,52.2377],[-9.8372,52.2543],[-9.8256,52.2582],[-9.8134,52.2551],[-9.8202,52.2519],[-9.8265,52.2482],[-9.81,52.2421],[-9.7377,52.2482],[-9.7534,52.2583],[-9.7676,52.261],[-9.7992,52.2613],[-9.8318,52.2726],[-9.8468,52.275],[-9.8619,52.2681],[-9.8694,52.2731],[-9.8749,52.2792],[-9.8788,52.2868],[-9.8811,52.296],[-9.869,52.2888],[-9.8596,52.2847],[-9.8492,52.2847],[-9.8339,52.2892],[-9.8468,52.2939],[-9.8533,52.2954],[-9.8619,52.296],[-9.8619,52.3035],[-9.8519,52.3037],[-9.8265,52.3096],[-9.8376,52.3264],[-9.8345,52.3752],[-9.851,52.3854],[-9.9037,52.3915],[-9.9318,52.3998],[-9.9499,52.4121],[-9.935,52.4215],[-9.9159,52.4256],[-9.8484,52.4284],[-9.7489,52.4567],[-9.7356,52.4636],[-9.7206,52.4772],[-9.7035,52.4835],[-9.6774,52.4831],[-9.6514,52.4789],[-9.6346,52.4736],[-9.6388,52.4871],[-9.6505,52.4938],[-9.6664,52.4958],[-9.6831,52.4946],[-9.6773,52.4997],[-9.6752,52.5048],[-9.6771,52.5101],[-9.6831,52.5151],[-9.6831,52.522],[-9.6749,52.528],[-9.6732,52.5339],[-9.6756,52.5458],[-9.6719,52.5529],[-9.6483,52.5704],[-9.6428,52.5673],[-9.6365,52.5701],[-9.6285,52.5748],[-9.6179,52.5772],[-9.577,52.5704],[-9.4975,52.5704],[-9.4896,52.5682],[-9.4803,52.5638],[-9.4703,52.5618],[-9.4603,52.5666],[-9.453,52.5732],[-9.4465,52.5762],[-9.4384,52.5771],[-9.3625,52.5754],[-9.3587,52.5753],[-9.3504,52.5738],[-9.3358,52.578],[-9.2721,52.5772],[-9.2365,52.5816],[-9.2203,52.5856],[-9.2067,52.5943],[-9.1924,52.6005],[-9.0706,52.6242],[-9.0524,52.6318],[-9.0442,52.6208],[-9.0259,52.6184],[-9.0056,52.6208],[-8.9911,52.625],[-8.9853,52.6307],[-8.979,52.6399],[-8.971,52.6485],[-8.9599,52.6523],[-8.785,52.666],[-8.7512,52.673],[-8.7694,52.6732],[-8.8345,52.6892],[-8.8675,52.6933],[-8.9327,52.6871],[-8.9497,52.6889],[-8.9608,52.6937],[-8.9621,52.7],[-8.9494,52.7069],[-8.9494,52.7138],[-8.9535,52.7224],[-8.9521,52.7343],[-8.9545,52.7447],[-8.9699,52.7485],[-8.9614,52.7565],[-8.9503,52.7695],[-8.9426,52.7752],[-8.9689,52.7708],[-9.0002,52.7604],[-9.0236,52.7471],[-9.0258,52.7343],[-9.0582,52.6968],[-9.1468,52.6238],[-9.1658,52.6176],[-9.2548,52.6114],[-9.2599,52.6086],[-9.2758,52.5952],[-9.2858,52.5908],[-9.2981,52.5897],[-9.3107,52.5906],[-9.3227,52.5935],[-9.3331,52.5977],[-9.3171,52.6064],[-9.2952,52.6153],[-9.2787,52.6257],[-9.279,52.6393],[-9.3106,52.6273],[-9.3837,52.6131],[-9.4345,52.612],[-9.4562,52.6144],[-9.4755,52.6196],[-9.4838,52.6284],[-9.4907,52.6341],[-9.5249,52.637],[-9.5384,52.6455],[-9.5333,52.661],[-9.5442,52.6667],[-9.5807,52.666],[-9.5807,52.6591],[-9.5714,52.6571],[-9.5634,52.6531],[-9.557,52.647],[-9.5528,52.6393],[-9.6284,52.6176],[-9.6727,52.6116],[-9.6944,52.6056],[-9.7035,52.5943],[-9.7069,52.5802],[-9.7145,52.5786],[-9.7236,52.5823],[-9.7308,52.5841],[-9.7575,52.572],[-9.9363,52.5567],[-9.9363,52.5629],[-9.9182,52.5681],[-9.8756,52.5868],[-9.8241,52.5952],[-9.6217,52.7138],[-9.6243,52.7175],[-9.6284,52.7274],[-9.6175,52.7306],[-9.6032,52.7377],[-9.5937,52.741],[-9.5807,52.7434],[-9.5494,52.741],[-9.5382,52.7423],[-9.5195,52.7473],[-9.5084,52.7485],[-9.4986,52.7525],[-9.4946,52.762],[-9.4913,52.7733],[-9.4838,52.7827],[-9.4892,52.7868],[-9.4893,52.7873],[-9.4867,52.7888],[-9.4838,52.7957],[-9.4913,52.8032],[-9.4806,52.8068],[-9.4698,52.8132],[-9.4595,52.8214],[-9.4503,52.8305],[-9.4445,52.8393],[-9.4414,52.8472],[-9.4375,52.8535],[-9.4292,52.8577],[-9.4292,52.8646],[-9.4275,52.8778],[-9.3653,52.9141],[-9.3541,52.9335],[-9.3729,52.9372],[-9.4514,52.9346],[-9.4777,52.9403],[-9.4495,52.9575],[-9.4376,52.9667],[-9.4079,52.997],[-9.3985,53.0041],[-9.3876,53.0086],[-9.3951,53.0154],[-9.3416,53.077],[-9.3199,53.0911],[-9.3033,53.1079],[-9.2897,53.1292],[-9.2722,53.1467],[-9.2511,53.1519],[-9.2274,53.1435],[-9.1805,53.1168],[-9.1586,53.111],[-9.1396,53.1154],[-9.119,53.1234],[-9.0967,53.127],[-9.0729,53.1185],[-9.0701,53.1345],[-9.0843,53.1435],[-9.1282,53.1519],[-9.1282,53.1594],[-9.0696,53.1662],[-9.0539,53.1624],[-9.0234,53.1472],[-9.0041,53.1457],[-9.0041,53.1519],[-9.0456,53.1662],[-9.0456,53.1737],[-9.0226,53.1674],[-9.0096,53.1661],[-8.9981,53.1739],[-8.9867,53.177],[-8.9789,53.1758],[-8.9842,53.1662],[-8.9742,53.1579],[-8.9635,53.1518],[-8.9511,53.1478],[-8.9364,53.1457],[-8.9452,53.1662],[-8.9501,53.1737],[-8.9569,53.1799],[-8.944,53.195],[-8.9282,53.2059],[-8.8948,53.2209],[-8.9054,53.2207],[-8.9241,53.2159],[-8.9327,53.2147],[-9.0315,53.2166],[-9.0456,53.2209],[-9.0281,53.2275],[-8.9827,53.2344],[-8.9631,53.2352],[-8.9631,53.2419],[-8.9911,53.2419],[-8.9911,53.2482],[-8.9818,53.2532],[-8.9559,53.2579],[-8.9426,53.2618],[-8.9426,53.2686],[-9.0221,53.2755],[-9.0422,53.2733],[-9.0771,53.264],[-9.4014,53.248],[-9.4329,53.2386],[-9.4479,53.2319],[-9.4701,53.2283],[-9.5117,53.2283],[-9.5329,53.2344],[-9.5444,53.2436],[-9.5531,53.2534],[-9.5664,53.2618],[-9.5473,53.2791],[-9.5546,53.2907],[-9.5714,53.2905],[-9.5807,53.272],[-9.5852,53.2504],[-9.5968,53.2377],[-9.6123,53.2362],[-9.6284,53.2482],[-9.6284,53.2556],[-9.6091,53.2763],[-9.6173,53.3215],[-9.5974,53.3301],[-9.5941,53.3292],[-9.5842,53.3249],[-9.577,53.3239],[-9.573,53.3261],[-9.5665,53.3354],[-9.5634,53.3376],[-9.5608,53.3412],[-9.6011,53.3649],[-9.5902,53.3724],[-9.5528,53.3854],[-9.5889,53.3864],[-9.6066,53.3847],[-9.6217,53.3785],[-9.6085,53.3666],[-9.6066,53.3494],[-9.6155,53.3347],[-9.6346,53.3301],[-9.6525,53.3413],[-9.6479,53.3599],[-9.6378,53.3775],[-9.6384,53.3854],[-9.6442,53.3874],[-9.6483,53.3911],[-9.6527,53.3928],[-9.6588,53.3891],[-9.6725,53.3785],[-9.6847,53.3752],[-9.6928,53.3676],[-9.7035,53.3518],[-9.7275,53.3261],[-9.7431,53.3144],[-9.7904,53.3016],[-9.8067,53.3016],[-9.8234,53.3133],[-9.8429,53.3233],[-9.8866,53.3172],[-9.9023,53.3239],[-9.8979,53.3279],[-9.8928,53.3406],[-9.8907,53.3519],[-9.8872,53.3592],[-9.8803,53.3631],[-9.8715,53.3646],[-9.8581,53.3649],[-9.8413,53.3679],[-9.8005,53.3844],[-9.7855,53.3928],[-9.7855,53.399],[-9.8202,53.399],[-9.8202,53.4064],[-9.7992,53.4127],[-9.7992,53.4195],[-9.8141,53.4195],[-9.8252,53.4167],[-9.8475,53.4064],[-9.8469,53.3994],[-9.8602,53.3942],[-9.8754,53.3952],[-9.8811,53.4064],[-9.8757,53.4154],[-9.8561,53.4238],[-9.8475,53.4337],[-9.8603,53.4325],[-9.8681,53.4275],[-9.8749,53.4221],[-9.8848,53.4195],[-9.894,53.4216],[-9.9023,53.4252],[-9.9114,53.426],[-9.9227,53.4195],[-9.9256,53.4097],[-9.9228,53.3984],[-9.9224,53.3892],[-9.9332,53.3854],[-9.9445,53.3843],[-9.9614,53.3796],[-10.0011,53.3792],[-10.0142,53.3813],[-10.0257,53.3854],[-10.036,53.3937],[-10.042,53.4027],[-10.0493,53.4098],[-10.0632,53.4127],[-10.1035,53.4084],[-10.1276,53.4099],[-10.1418,53.4195],[-10.15,53.4149],[-10.158,53.4128],[-10.1765,53.4127],[-10.1676,53.4288],[-10.157,53.4396],[-10.1422,53.4457],[-10.1213,53.4474],[-10.0832,53.4426],[-10.068,53.4438],[-10.053,53.4536],[-10.053,53.4611],[-10.0646,53.462],[-10.0742,53.4658],[-10.0817,53.4724],[-10.0871,53.4815],[-10.0653,53.4792],[-10.0408,53.4726],[-10.0206,53.4704],[-10.0121,53.4815],[-10.0319,53.4803],[-10.0694,53.4848],[-10.1073,53.4945],[-10.1282,53.5089],[-10.1291,53.5152],[-10.1348,53.5271],[-10.1431,53.5385],[-10.1527,53.5436],[-10.1818,53.5386],[-10.1935,53.538],[-10.2032,53.5436],[-10.1803,53.5555],[-10.157,53.5552],[-10.1328,53.5507],[-10.1077,53.5498],[-10.1097,53.5543],[-10.113,53.5657],[-10.1151,53.5703],[-10.0707,53.57],[-10.0257,53.5629],[-10.02,53.559],[-10.0052,53.5436],[-9.9957,53.5462],[-9.9817,53.5588],[-9.9711,53.5629],[-10.0319,53.5871],[-10.0468,53.5993],[-10.0087,53.6044],[-9.9307,53.5998],[-9.9023,53.6044],[-9.8679,53.6174],[-9.8544,53.6181],[-9.8439,53.6155],[-9.8229,53.6064],[-9.7751,53.6013],[-9.6968,53.5982],[-9.6968,53.6044],[-9.7141,53.6098],[-9.7838,53.6063],[-9.8273,53.6162],[-9.9084,53.6461],[-9.9227,53.6907],[-9.9167,53.7121],[-9.9057,53.7285],[-9.8995,53.7438],[-9.9084,53.7621],[-9.8989,53.7661],[-9.861,53.7702],[-9.8339,53.7764],[-9.8102,53.7781],[-9.7995,53.7803],[-9.7892,53.7866],[-9.7834,53.7871],[-9.7632,53.7792],[-9.752,53.7764],[-9.5664,53.7963],[-9.5664,53.8037],[-9.5815,53.8053],[-9.6217,53.8173],[-9.6163,53.8194],[-9.6121,53.8216],[-9.6075,53.8234],[-9.6011,53.8242],[-9.6011,53.831],[-9.6055,53.8392],[-9.5948,53.8482],[-9.5602,53.8651],[-9.5683,53.8655],[-9.5869,53.872],[-9.5789,53.8761],[-9.5728,53.8822],[-9.5686,53.8901],[-9.5664,53.8993],[-9.5731,53.8985],[-9.5774,53.8975],[-9.5815,53.8957],[-9.5869,53.8925],[-9.6155,53.8988],[-9.7582,53.8993],[-9.8566,53.8663],[-9.9108,53.8587],[-9.9438,53.8794],[-9.9314,53.8852],[-9.9252,53.913],[-9.9084,53.9204],[-9.9113,53.9296],[-9.9116,53.934],[-9.9084,53.9409],[-9.9084,53.9471],[-9.9159,53.9471],[-9.9159,53.9538],[-9.868,53.9614],[-9.8592,53.9587],[-9.8371,53.9492],[-9.8234,53.9471],[-9.8116,53.9417],[-9.8076,53.9183],[-9.7961,53.9129],[-9.7875,53.9161],[-9.7878,53.9243],[-9.7895,53.9352],[-9.7855,53.9471],[-9.7949,53.9531],[-9.8031,53.9605],[-9.8127,53.9663],[-9.8265,53.9676],[-9.8265,53.9614],[-9.8202,53.9538],[-9.8317,53.9563],[-9.8385,53.9636],[-9.8502,53.9885],[-9.8495,53.9933],[-9.8496,53.9975],[-9.8544,54.0023],[-9.8608,54.0031],[-9.8777,54.0019],[-9.8811,54.0054],[-9.8844,54.0117],[-9.8917,54.0171],[-9.8989,54.0253],[-9.9023,54.0402],[-9.8977,54.0551],[-9.8867,54.0597],[-9.8734,54.0622],[-9.8619,54.0712],[-9.8759,54.0749],[-9.8761,54.0806],[-9.8673,54.0867],[-9.8544,54.0911],[-9.8619,54.0979],[-9.8339,54.1121],[-9.8435,54.117],[-9.8551,54.1174],[-9.8811,54.1121],[-9.8786,54.1039],[-9.8797,54.1002],[-9.885,54.0989],[-9.8954,54.0979],[-9.8954,54.0911],[-9.8885,54.0911],[-9.9174,54.0697],[-9.9455,54.0662],[-9.9707,54.0786],[-9.991,54.1047],[-9.9715,54.1042],[-9.9264,54.1121],[-9.9084,54.1184],[-9.9389,54.1317],[-9.9511,54.1413],[-9.9569,54.1531],[-9.9503,54.1507],[-9.9366,54.1479],[-9.9301,54.1457],[-9.9427,54.1575],[-9.9773,54.1805],[-9.9638,54.175],[-9.952,54.1746],[-9.9425,54.1789],[-9.9363,54.1873],[-9.9882,54.2131],[-10.0109,54.2183],[-10.0257,54.2077],[-10.0115,54.1971],[-10.017,54.1887],[-10.0338,54.1847],[-10.053,54.1873],[-10.0441,54.177],[-10.0394,54.1737],[-10.0394,54.1668],[-10.0535,54.168],[-10.0658,54.1664],[-10.0871,54.1593],[-10.0871,54.1531],[-10.0741,54.1502],[-10.0692,54.1443],[-10.0666,54.1252],[-10.0752,54.1249],[-10.0946,54.1184],[-10.0815,54.113],[-10.0691,54.1037],[-10.0669,54.0949],[-10.084,54.0911],[-10.1026,54.0918],[-10.1174,54.0959],[-10.1266,54.106],[-10.1282,54.1252],[-10.1222,54.137],[-10.0996,54.1655],[-10.0946,54.177],[-10.0912,54.195],[-10.0828,54.2033],[-10.0714,54.2097],[-10.0598,54.2221],[-10.0911,54.2225],[-10.1038,54.2262],[-10.1151,54.2351],[-10.0961,54.2352],[-10.087,54.2443],[-10.0815,54.2575],[-10.0735,54.2692],[-10.0625,54.2751],[-10.0183,54.2903],[-10.0142,54.2945],[-10.0118,54.2996],[-10.0076,54.3035],[-9.9978,54.3039],[-9.9919,54.3007],[-9.9897,54.2947],[-9.9884,54.2883],[-9.9847,54.2835],[-9.9718,54.2772],[-9.9545,54.272],[-9.9368,54.2707],[-9.9227,54.2766],[-9.9154,54.2687],[-9.9072,54.2645],[-9.8983,54.2645],[-9.8885,54.2692],[-9.8869,54.2661],[-9.887,54.2645],[-9.886,54.2637],[-9.8811,54.263],[-9.9033,54.2379],[-9.9272,54.2268],[-9.952,54.2285],[-9.9773,54.2425],[-9.9836,54.223],[-9.9681,54.217],[-9.9444,54.2161],[-9.9264,54.2111],[-9.9099,54.2044],[-9.8961,54.2116],[-9.8829,54.2229],[-9.868,54.2282],[-9.8817,54.2404],[-9.8752,54.2565],[-9.859,54.2706],[-9.8439,54.2766],[-9.8221,54.2729],[-9.7871,54.2578],[-9.765,54.2556],[-9.7709,54.2641],[-9.7787,54.2696],[-9.7992,54.2766],[-9.7992,54.2835],[-9.7894,54.2858],[-9.78,54.2863],[-9.7582,54.2835],[-9.7768,54.29],[-9.8292,54.2969],[-9.8401,54.3071],[-9.846,54.3214],[-9.844,54.3288],[-9.7855,54.3381],[-9.7643,54.3349],[-9.7263,54.3208],[-9.7069,54.3176],[-9.5354,54.3102],[-9.5243,54.3113],[-9.5055,54.3164],[-9.4944,54.3176],[-9.4857,54.3159],[-9.4719,54.3071],[-9.464,54.3039],[-9.3845,54.2972],[-9.3748,54.2987],[-9.3626,54.3027],[-9.3511,54.3082],[-9.3436,54.3139],[-9.3342,54.3183],[-9.322,54.3171],[-9.2773,54.3046],[-9.2684,54.3039],[-9.261,54.2997],[-9.2528,54.281],[-9.2477,54.2766],[-9.2299,54.2785],[-9.2196,54.2806],[-9.2176,54.2835],[-9.211,54.2756],[-9.2095,54.2676],[-9.212,54.2604],[-9.2176,54.2556],[-9.2176,54.2487],[-9.1959,54.2425],[-9.1959,54.2351],[-9.2151,54.2271],[-9.2104,54.2178],[-9.162,54.192],[-9.1493,54.1806],[-9.1412,54.1654],[-9.1412,54.1457],[-9.135,54.1457],[-9.1342,54.1638],[-9.1304,54.1791],[-9.1289,54.1931],[-9.135,54.2077],[-9.1125,54.2133],[-9.0902,54.2266],[-9.073,54.2468],[-9.0661,54.2729],[-9.0513,54.2895],[-9.0175,54.2919],[-8.9569,54.2835],[-8.9499,54.2849],[-8.9444,54.2882],[-8.939,54.29],[-8.9276,54.2841],[-8.9102,54.2779],[-8.8942,54.2745],[-8.8718,54.2651],[-8.8566,54.263],[-8.8074,54.263],[-8.7856,54.2668],[-8.7651,54.2766],[-8.7375,54.2641],[-8.6764,54.2713],[-8.6483,54.263],[-8.6425,54.2536],[-8.6396,54.2421],[-8.6333,54.2324],[-8.6051,54.2257],[-8.5935,54.2191],[-8.5727,54.2003],[-8.5593,54.2066],[-8.5439,54.2086],[-8.5112,54.2077],[-8.5112,54.2145],[-8.5255,54.2189],[-8.5436,54.2222],[-8.5592,54.2277],[-8.5658,54.2388],[-8.5721,54.2465],[-8.5873,54.2523],[-8.6056,54.2556],[-8.621,54.2556],[-8.621,54.263],[-8.6142,54.2678],[-8.6027,54.2797],[-8.5937,54.2835],[-8.5717,54.2772],[-8.5582,54.2752],[-8.5522,54.2801],[-8.5408,54.2844],[-8.4703,54.2766],[-8.486,54.2886],[-8.5041,54.2972],[-8.5233,54.3022],[-8.5423,54.3039],[-8.5627,54.303],[-8.5698,54.3057],[-8.5727,54.3139],[-8.5672,54.3242],[-8.5548,54.3215],[-8.5317,54.3102],[-8.5117,54.3174],[-8.5192,54.3267],[-8.5405,54.3347],[-8.5621,54.3381],[-8.6614,54.338],[-8.6668,54.3412],[-8.6683,54.3518],[-8.6639,54.3593],[-8.6538,54.3659],[-8.6418,54.3704],[-8.6129,54.3755],[-8.4966,54.4235],[-8.4801,54.4268],[-8.4741,54.43],[-8.4713,54.4379],[-8.4703,54.4578],[-8.4667,54.475],[-8.4592,54.4719],[-8.4519,54.461],[-8.4491,54.4548],[-8.4451,54.4539],[-8.4438,54.4534],[-8.443,54.4473],[-8.4139,54.4595],[-8.3842,54.4682],[-8.3817,54.4686],[-8.3001,54.478],[-8.2873,54.4794],[-8.2421,54.4977],[-8.2102,54.5019],[-8.2102,54.5094],[-8.2433,54.5102],[-8.258,54.5142],[-8.271,54.5237],[-8.2164,54.5504],[-8.2189,54.5698],[-8.1725,54.5945],[-8.1754,54.6193],[-8.1647,54.6153],[-8.1576,54.6108],[-8.1501,54.6071],[-8.1376,54.6056],[-8.1261,54.6379],[-8.1208,54.6466],[-8.1239,54.6486],[-8.1249,54.6489],[-8.1256,54.6496],[-8.1277,54.6528],[-8.1468,54.6421],[-8.1667,54.6361],[-8.2349,54.6294],[-8.2713,54.612],[-8.2921,54.6056],[-8.2921,54.6118],[-8.2817,54.6206],[-8.2803,54.6296],[-8.2873,54.6368],[-8.3017,54.6398],[-8.3168,54.6354],[-8.3424,54.6162],[-8.3678,54.6086],[-8.4145,54.5784],[-8.428,54.5717],[-8.442,54.5667],[-8.4566,54.5646],[-8.4566,54.5708],[-8.4323,54.5878],[-8.4171,54.5952],[-8.3982,54.5981],[-8.3848,54.6057],[-8.3877,54.6199],[-8.4001,54.6286],[-8.415,54.6193],[-8.4219,54.6193],[-8.4187,54.6413],[-8.4316,54.6413],[-8.4483,54.6276],[-8.4566,54.6087],[-8.4615,54.6029],[-8.4721,54.6079],[-8.4818,54.616],[-8.4862,54.623],[-8.4852,54.6274],[-8.4862,54.6313],[-8.4941,54.633],[-8.5008,54.632],[-8.5113,54.6278],[-8.5175,54.6261],[-8.5417,54.6252],[-8.5535,54.6226],[-8.564,54.6088],[-8.5768,54.6109],[-8.5969,54.6193],[-8.6726,54.6195],[-8.69,54.6261],[-8.682,54.6358],[-8.6914,54.6413],[-8.7742,54.6599],[-8.7918,54.6596],[-8.7884,54.6634],[-8.7864,54.667],[-8.7834,54.6704],[-8.7781,54.6739],[-8.7781,54.6801],[-8.7911,54.6849],[-8.7978,54.692],[-8.7955,54.6984],[-8.7816,54.7012],[-8.767,54.7022],[-8.7552,54.7058],[-8.7474,54.7131],[-8.7446,54.7251],[-8.7333,54.7326],[-8.6621,54.7626],[-8.6366,54.7685],[-8.5362,54.7669],[-8.4837,54.7568],[-8.4566,54.7564],[-8.4566,54.7626],[-8.5266,54.7728],[-8.5454,54.7838],[-8.5299,54.7881],[-8.4849,54.7894],[-8.4734,54.7868],[-8.4608,54.7748],[-8.4447,54.7631],[-8.4267,54.7572],[-8.4082,54.7626],[-8.4613,54.7935],[-8.4989,54.8012],[-8.535,54.8165],[-8.5584,54.8179],[-8.5544,54.8275],[-8.547,54.8299],[-8.5371,54.8298],[-8.5249,54.8315],[-8.5151,54.836],[-8.5019,54.8465],[-8.4907,54.852],[-8.471,54.8405],[-8.4491,54.8394],[-8.402,54.8445],[-8.3463,54.8317],[-8.3257,54.8315],[-8.3257,54.8383],[-8.3433,54.8399],[-8.3654,54.8454],[-8.3813,54.8559],[-8.3808,54.8725],[-8.3667,54.8811],[-8.3274,54.877],[-8.3127,54.8793],[-8.3258,54.8858],[-8.337,54.9036],[-8.3505,54.9073],[-8.3688,54.9082],[-8.374,54.9073],[-8.3782,54.9028],[-8.3798,54.8957],[-8.3801,54.8892],[-8.3808,54.8862],[-8.4093,54.887],[-8.4326,54.9016],[-8.4508,54.9221],[-8.4634,54.9408],[-8.4504,54.9463],[-8.4409,54.9434],[-8.4315,54.9377],[-8.4184,54.9346],[-8.4046,54.9357],[-8.3913,54.9387],[-8.3666,54.9482],[-8.3961,54.9553],[-8.4186,54.9681],[-8.4566,54.9954],[-8.4566,55.0029],[-8.4481,55.0076],[-8.4377,55.0098],[-8.4264,55.0086],[-8.415,55.0029],[-8.4047,55.0129],[-8.402,55.0165],[-8.4082,55.0165],[-8.4032,55.0307],[-8.3953,55.0331],[-8.3853,55.0324],[-8.374,55.0364],[-8.3545,55.0605],[-8.3474,55.0643],[-8.3379,55.0584],[-8.3351,55.0351],[-8.3257,55.0302],[-8.32,55.0343],[-8.3136,55.0527],[-8.3052,55.0581],[-8.3165,55.0875],[-8.3204,55.1049],[-8.316,55.1127],[-8.3044,55.1192],[-8.2884,55.1501],[-8.2785,55.1605],[-8.263,55.1611],[-8.2065,55.1469],[-8.1884,55.149],[-8.1576,55.1584],[-8.1413,55.1605],[-8.1475,55.1518],[-8.1543,55.1452],[-8.1596,55.1387],[-8.1617,55.1295],[-8.1565,55.1245],[-8.1447,55.1302],[-8.1149,55.1547],[-8.0543,55.1769],[-8.0348,55.181],[-8.021,55.1888],[-8.0118,55.2051],[-7.9996,55.2196],[-7.9768,55.2219],[-7.9502,55.2103],[-7.9586,55.1992],[-8.0041,55.181],[-8.0041,55.1741],[-7.962,55.1872],[-7.9557,55.1847],[-7.949,55.1798],[-7.934,55.1806],[-7.918,55.1845],[-7.9086,55.1884],[-7.8949,55.1741],[-7.8949,55.1679],[-7.8988,55.1564],[-7.8905,55.1583],[-7.8756,55.1649],[-7.8601,55.1679],[-7.8651,55.1581],[-7.8729,55.1516],[-7.883,55.1479],[-7.8949,55.1469],[-7.8949,55.1401],[-7.8765,55.1405],[-7.8652,55.1385],[-7.8564,55.139],[-7.8465,55.1469],[-7.8347,55.165],[-7.8376,55.1758],[-7.8601,55.1946],[-7.8661,55.2149],[-7.8502,55.2272],[-7.824,55.2386],[-7.7987,55.2561],[-7.7961,55.251],[-7.795,55.2509],[-7.7912,55.2487],[-7.8142,55.2019],[-7.8157,55.1946],[-7.8137,55.1929],[-7.8105,55.1887],[-7.8056,55.1841],[-7.7987,55.181],[-7.7898,55.1809],[-7.7799,55.1874],[-7.7707,55.1884],[-7.7573,55.1848],[-7.7366,55.1767],[-7.7176,55.1666],[-7.7093,55.1571],[-7.7074,55.1535],[-7.6986,55.1404],[-7.6956,55.1332],[-7.696,55.126],[-7.7011,55.1081],[-7.7025,55.0991],[-7.6947,55.1081],[-7.6788,55.1345],[-7.6717,55.1401],[-7.6682,55.1472],[-7.6747,55.163],[-7.6841,55.1785],[-7.6888,55.1847],[-7.6903,55.1945],[-7.6951,55.2075],[-7.7036,55.2185],[-7.7161,55.2219],[-7.7239,55.2146],[-7.722,55.2003],[-7.7154,55.1849],[-7.7093,55.1741],[-7.7231,55.1757],[-7.7328,55.1815],[-7.741,55.1886],[-7.7502,55.1946],[-7.7797,55.1997],[-7.7917,55.206],[-7.7882,55.2186],[-7.7609,55.2504],[-7.7609,55.2561],[-7.7251,55.2527],[-7.7093,55.2561],[-7.6735,55.2739],[-7.6609,55.2766],[-7.644,55.2728],[-7.6333,55.2631],[-7.6253,55.2532],[-7.6165,55.2487],[-7.6114,55.2414],[-7.6132,55.2258],[-7.6175,55.2106],[-7.6199,55.2049],[-7.6145,55.196],[-7.6015,55.1893],[-7.5727,55.181],[-7.5723,55.1692],[-7.5641,55.1557],[-7.5525,55.1447],[-7.5414,55.1401],[-7.5278,55.1326],[-7.5258,55.1162],[-7.5316,55.0997],[-7.5414,55.0922],[-7.5564,55.0897],[-7.5682,55.0837],[-7.5864,55.0711],[-7.641,55.0507],[-7.641,55.0438],[-7.5812,55.0504],[-7.5618,55.0445],[-7.5727,55.0234],[-7.5846,55.0161],[-7.6342,54.9954],[-7.6676,54.9682],[-7.6814,54.9612],[-7.6814,54.9544],[-7.6615,54.958],[-7.6434,54.9653],[-7.5485,55.0185],[-7.538,55.0199],[-7.5294,55.0307],[-7.5093,55.036],[-7.4863,55.0393],[-7.4691,55.0438],[-7.4562,55.0561],[-7.45,55.0723],[-7.4544,55.0862],[-7.4728,55.0922],[-7.4775,55.0964],[-7.4734,55.1055],[-7.4629,55.1195],[-7.4629,55.1435],[-7.47,55.1452],[-7.5101,55.181],[-7.5337,55.1924],[-7.5414,55.1981],[-7.5456,55.2048],[-7.5495,55.2154],[-7.5494,55.2252],[-7.5271,55.2368],[-7.5162,55.2541],[-7.5136,55.2744],[-7.5243,55.2903],[-7.5074,55.2891],[-7.4927,55.2853],[-7.4786,55.2839],[-7.4629,55.2903],[-7.4656,55.2936],[-7.4664,55.2958],[-7.467,55.2987],[-7.4691,55.3039],[-7.4492,55.294],[-7.428,55.2866],[-7.4059,55.2869],[-7.3678,55.3106],[-7.3475,55.3143],[-7.3275,55.3085],[-7.3121,55.2903],[-7.3332,55.2896],[-7.34,55.2903],[-7.3209,55.2822],[-7.2988,55.2763],[-7.2766,55.2758],[-7.2567,55.284],[-7.3207,55.3133],[-7.3507,55.3352],[-7.353,55.3585],[-7.3795,55.3677],[-7.3916,55.3737],[-7.4002,55.3803],[-7.3844,55.3864],[-7.3663,55.384],[-7.3325,55.3728],[-7.2636,55.3585],[-7.2473,55.3572],[-7.2089,55.3451],[-7.1954,55.3386],[-7.1442,55.2936],[-7.1291,55.2858],[-7.0793,55.2726],[-7.0419,55.2689],[-6.9965,55.2577],[-6.9757,55.2487],[-6.9535,55.2543],[-6.9396,55.2391],[-6.9428,55.2186],[-6.9726,55.2083],[-7.0006,55.2051],[-7.0341,55.1968],[-7.0657,55.185],[-7.0998,55.1655],[-7.1323,55.1555],[-7.1595,55.1508],[-7.1728,55.1435],[-7.2166,55.1083],[-7.2323,55.0919],[-7.245,55.0734],[-7.2471,55.0693]]],[[[-9.6627,53.2755],[-9.6383,53.251],[-9.6583,53.2327],[-9.6924,53.2264],[-9.7104,53.2386],[-9.7136,53.2531],[-9.719,53.2604],[-9.7201,53.2661],[-9.7104,53.2755],[-9.6989,53.2807],[-9.6847,53.2824],[-9.6715,53.2807],[-9.6627,53.2755]]],[[[-9.9636,53.9538],[-9.9518,53.9578],[-9.9405,53.9599],[-9.9307,53.9591],[-9.9227,53.9538],[-9.9227,53.9471],[-9.9307,53.9393],[-9.9374,53.9235],[-9.9402,53.906],[-9.9363,53.8925],[-9.958,53.8806],[-9.9768,53.8869],[-9.9958,53.901],[-10.0183,53.9129],[-10.0313,53.9136],[-10.0448,53.9121],[-10.0555,53.9137],[-10.0598,53.9235],[-10.0577,53.9382],[-10.0546,53.9495],[-10.0558,53.9588],[-10.0666,53.9676],[-10.0872,53.9714],[-10.1628,53.9614],[-10.1902,53.9635],[-10.2395,53.9747],[-10.2659,53.975],[-10.2659,53.9818],[-10.2401,53.9824],[-10.2185,53.986],[-10.2015,53.9962],[-10.1896,54.016],[-10.1819,54.0102],[-10.1736,54.0084],[-10.1649,54.0103],[-10.1561,54.016],[-10.1344,54.0003],[-10.1089,54.0046],[-10.0837,54.0161],[-10.0632,54.0228],[-9.9759,54.0211],[-9.9569,54.016],[-9.9363,53.9892],[-9.9569,53.9892],[-9.9543,53.9811],[-9.9547,53.9733],[-9.9578,53.9665],[-9.9636,53.9614],[-9.9636,53.9538]]],[[[-8.5249,55.0097],[-8.509,55.0056],[-8.4966,55.0007],[-8.4882,54.9918],[-8.484,54.9755],[-8.5274,54.9675],[-8.5493,54.9684],[-8.5658,54.9755],[-8.5658,54.9818],[-8.5634,54.9862],[-8.5627,54.9864],[-8.5636,54.9877],[-8.5658,54.9954],[-8.5509,55.0015],[-8.5454,55.0029],[-8.5474,55.0054],[-8.5505,55.008],[-8.5522,55.0097],[-8.5435,55.0153],[-8.5364,55.0166],[-8.5304,55.0144],[-8.5249,55.0097]]],[[[-9.817,51.6389],[-9.8072,51.6403],[-9.7993,51.6368],[-9.8074,51.6297],[-9.8135,51.6276],[-9.8922,51.6113],[-9.9027,51.6143],[-9.9179,51.6194],[-9.9155,51.6291],[-9.901,51.6367],[-9.8817,51.6411],[-9.8583,51.6424],[-9.8241,51.6389],[-9.817,51.6389]]],[[[-10.3127,51.9255],[-10.3016,51.9248],[-10.2977,51.9184],[-10.3046,51.9107],[-10.3227,51.9033],[-10.3616,51.892],[-10.3962,51.8898],[-10.4058,51.8841],[-10.426,51.8823],[-10.429,51.8898],[-10.412,51.9041],[-10.3609,51.9257],[-10.3517,51.9311],[-10.3331,51.9306],[-10.326,51.9296],[-10.3183,51.925],[-10.3127,51.9255]]],[[[-9.6483,53.1017],[-9.6451,53.1026],[-9.6409,53.1015],[-9.6424,53.0938],[-9.6605,53.0906],[-9.7787,53.1235],[-9.8114,53.1376],[-9.8012,53.1465],[-9.7775,53.1468],[-9.7522,53.1354],[-9.7401,53.1352],[-9.7157,53.1383],[-9.6967,53.1365],[-9.6711,53.1305],[-9.6634,53.1232],[-9.6722,53.1159],[-9.6715,53.1092],[-9.6483,53.1017]]]]}},{"type":"Feature","properties":{"name":"N. Ireland"},"geometry":{"type":"MultiPolygon","coordinates":[[[[-7.2471,55.0693],[-7.2567,55.0507],[-7.241,55.0503],[-7.1954,55.0581],[-7.1775,55.057],[-7.1339,55.0438],[-7.0995,55.041],[-7.0651,55.0438],[-7.0537,55.0487],[-7.0319,55.0649],[-7.0172,55.0711],[-7.0178,55.084],[-7.0099,55.1022],[-6.998,55.1186],[-6.9865,55.1257],[-6.9749,55.1354],[-6.9687,55.1806],[-6.9626,55.1946],[-6.9467,55.1954],[-6.9036,55.1787],[-6.8838,55.1741],[-6.7545,55.1778],[-6.6405,55.2083],[-6.5713,55.2112],[-6.5545,55.2186],[-6.5392,55.2307],[-6.5198,55.2407],[-6.4981,55.2471],[-6.4759,55.2487],[-6.44,55.236],[-6.4159,55.2319],[-6.3782,55.2462],[-6.3529,55.2426],[-6.2558,55.2109],[-6.2398,55.2083],[-6.2176,55.2104],[-6.1796,55.2197],[-6.16,55.2219],[-6.1208,55.2178],[-6.101,55.2124],[-6.0924,55.2049],[-6.0842,55.2022],[-6.0472,55.1785],[-6.0371,55.1679],[-6.0406,55.112],[-6.0474,55.0956],[-6.0621,55.0741],[-6.0544,55.0651],[-6.0354,55.0636],[-6.0167,55.0643],[-6.0035,55.0632],[-5.9887,55.0595],[-5.9757,55.053],[-5.9683,55.0438],[-5.9702,55.0258],[-5.9883,54.9887],[-5.9862,54.9818],[-5.9571,54.9789],[-5.9303,54.9709],[-5.9066,54.958],[-5.8863,54.9408],[-5.882,54.934],[-5.8752,54.9179],[-5.8693,54.9104],[-5.8628,54.906],[-5.847,54.8981],[-5.8392,54.893],[-5.83,54.8852],[-5.821,54.8751],[-5.814,54.8628],[-5.8112,54.8483],[-5.8005,54.8207],[-5.7753,54.8115],[-5.7456,54.8046],[-5.7218,54.7838],[-5.7156,54.7838],[-5.7338,54.8052],[-5.7976,54.8445],[-5.7817,54.8617],[-5.7516,54.8569],[-5.7206,54.841],[-5.702,54.8247],[-5.6898,54.7931],[-5.6926,54.7652],[-5.7069,54.743],[-5.7293,54.7285],[-5.7589,54.7199],[-5.8184,54.7096],[-5.8454,54.7012],[-5.8715,54.6873],[-5.8907,54.6723],[-5.9143,54.6468],[-5.9272,54.633],[-5.9152,54.6282],[-5.911,54.6195],[-5.91,54.6105],[-5.9074,54.6056],[-5.8949,54.6048],[-5.8873,54.6098],[-5.882,54.6162],[-5.871,54.6223],[-5.8488,54.6432],[-5.839,54.6497],[-5.8038,54.6596],[-5.7695,54.6746],[-5.748,54.6804],[-5.7324,54.677],[-5.7166,54.6699],[-5.6947,54.6687],[-5.5747,54.6801],[-5.569,54.6769],[-5.5567,54.6628],[-5.5471,54.6596],[-5.5366,54.6575],[-5.5333,54.6517],[-5.5328,54.6432],[-5.5301,54.633],[-5.5144,54.5979],[-5.5026,54.5835],[-5.4857,54.5777],[-5.4789,54.5695],[-5.4729,54.5301],[-5.4686,54.5163],[-5.4371,54.4879],[-5.4308,54.4852],[-5.4376,54.4757],[-5.4365,54.4702],[-5.4335,54.4663],[-5.4338,54.461],[-5.4388,54.4549],[-5.4581,54.4374],[-5.4643,54.4252],[-5.4574,54.4087],[-5.4612,54.3921],[-5.4709,54.3843],[-5.484,54.3776],[-5.4891,54.3696],[-5.4748,54.3586],[-5.4896,54.3537],[-5.502,54.3397],[-5.5158,54.3381],[-5.5277,54.3453],[-5.537,54.3593],[-5.5471,54.3791],[-5.559,54.3826],[-5.5695,54.3915],[-5.5766,54.4028],[-5.5784,54.4138],[-5.5717,54.4256],[-5.5487,54.4428],[-5.5437,54.4578],[-5.5474,54.4891],[-5.558,54.5119],[-5.5753,54.529],[-5.6449,54.5678],[-5.6719,54.5768],[-5.702,54.5777],[-5.702,54.5708],[-5.6947,54.5611],[-5.6974,54.5512],[-5.706,54.5427],[-5.7156,54.5367],[-5.7015,54.5363],[-5.6904,54.532],[-5.6815,54.5268],[-5.6741,54.5237],[-5.637,54.522],[-5.6256,54.5163],[-5.6419,54.5126],[-5.6639,54.5102],[-5.6703,54.5057],[-5.64,54.4958],[-5.6448,54.4837],[-5.6446,54.4721],[-5.6385,54.4636],[-5.6256,54.461],[-5.6267,54.4567],[-5.628,54.4538],[-5.6331,54.4473],[-5.6256,54.4411],[-5.6536,54.389],[-5.6614,54.3796],[-5.6979,54.3623],[-5.7089,54.3518],[-5.6683,54.3607],[-5.6221,54.3767],[-5.5797,54.3837],[-5.5505,54.3654],[-5.5407,54.3273],[-5.553,54.2985],[-5.5795,54.2757],[-5.6126,54.2556],[-5.6172,54.2548],[-5.6285,54.2565],[-5.6331,54.2556],[-5.64,54.2351],[-5.6468,54.2322],[-5.6558,54.2297],[-5.6634,54.2309],[-5.6667,54.2388],[-5.6788,54.2462],[-5.7369,54.2491],[-5.7794,54.2465],[-5.8227,54.2372],[-5.8423,54.2351],[-5.862,54.2305],[-5.868,54.2185],[-5.866,54.1841],[-5.8658,54.1805],[-5.8685,54.1613],[-5.8746,54.1405],[-5.8832,54.1208],[-5.8938,54.1047],[-5.912,54.0913],[-5.9538,54.0787],[-5.9847,54.0593],[-6.0273,54.0402],[-6.0405,54.0364],[-6.0796,54.0346],[-6.0954,54.0364],[-6.1129,54.0439],[-6.1129,54.0501],[-6.093,54.0559],[-6.085,54.057],[-6.1615,54.0737],[-6.1743,54.0743],[-6.1859,54.0927],[-6.2126,54.0985],[-6.2425,54.0998],[-6.2637,54.1047],[-6.2699,54.0979],[-6.2847,54.1052],[-6.2996,54.104],[-6.3138,54.0997],[-6.3271,54.0979],[-6.339,54.103],[-6.3467,54.1099],[-6.3548,54.1107],[-6.3681,54.0973],[-6.3693,54.0911],[-6.3676,54.0834],[-6.3669,54.0751],[-6.3712,54.0668],[-6.3775,54.0633],[-6.401,54.0609],[-6.4268,54.0554],[-6.4339,54.0553],[-6.4403,54.058],[-6.4462,54.0624],[-6.4502,54.0667],[-6.4509,54.0684],[-6.4785,54.0677],[-6.564,54.0489],[-6.5719,54.0495],[-6.5872,54.0533],[-6.5951,54.0524],[-6.6003,54.0489],[-6.6052,54.0445],[-6.611,54.0392],[-6.6165,54.0373],[-6.6306,54.0418],[-6.6573,54.0611],[-6.6725,54.0684],[-6.6571,54.0919],[-6.6558,54.1033],[-6.6664,54.1148],[-6.644,54.1318],[-6.6346,54.1501],[-6.6403,54.168],[-6.6484,54.1737],[-6.663,54.1838],[-6.684,54.1944],[-6.6947,54.198],[-6.7065,54.1989],[-6.7172,54.1951],[-6.7248,54.1886],[-6.7328,54.1836],[-6.7448,54.1842],[-6.7665,54.1924],[-6.7878,54.203],[-6.8074,54.2163],[-6.8239,54.2323],[-6.8297,54.2424],[-6.8332,54.2521],[-6.8377,54.2605],[-6.8467,54.2665],[-6.8822,54.2773],[-6.8647,54.2827],[-6.8567,54.2928],[-6.8584,54.3073],[-6.87,54.326],[-6.8797,54.3416],[-6.886,54.3456],[-6.8979,54.3462],[-6.906,54.349],[-6.9151,54.3659],[-6.922,54.3727],[-6.9841,54.4031],[-7.0178,54.4132],[-7.0493,54.4115],[-7.0785,54.3947],[-7.127,54.3498],[-7.1599,54.3352],[-7.1681,54.335],[-7.1856,54.3369],[-7.1895,54.3357],[-7.1925,54.3347],[-7.1939,54.33],[-7.1915,54.3239],[-7.1876,54.3188],[-7.185,54.3173],[-7.1846,54.3166],[-7.1924,54.3074],[-7.1937,54.3075],[-7.1992,54.3035],[-7.2067,54.3049],[-7.2115,54.3042],[-7.209,54.2934],[-7.1755,54.2837],[-7.1815,54.2698],[-7.1459,54.2521],[-7.1597,54.2407],[-7.1533,54.2242],[-7.1747,54.2161],[-7.2295,54.2075],[-7.2409,54.2023],[-7.2491,54.1974],[-7.2555,54.1909],[-7.2611,54.1809],[-7.2563,54.1769],[-7.247,54.1722],[-7.2458,54.167],[-7.2654,54.1611],[-7.2609,54.1512],[-7.2635,54.141],[-7.2707,54.1323],[-7.28,54.1262],[-7.2938,54.122],[-7.2974,54.1259],[-7.2963,54.135],[-7.2964,54.1465],[-7.295,54.1554],[-7.2921,54.1626],[-7.2955,54.1651],[-7.326,54.1546],[-7.3332,54.1494],[-7.3332,54.1427],[-7.3103,54.1147],[-7.3165,54.1143],[-7.327,54.1136],[-7.3755,54.1233],[-7.3902,54.1212],[-7.3947,54.1219],[-7.3966,54.1263],[-7.404,54.135],[-7.4122,54.1364],[-7.4223,54.1355],[-7.4258,54.137],[-7.4147,54.1457],[-7.4396,54.1469],[-7.4808,54.1277],[-7.5023,54.1251],[-7.609,54.1399],[-7.6208,54.145],[-7.6241,54.1533],[-7.6257,54.1622],[-7.6327,54.1685],[-7.7048,54.2004],[-7.7226,54.2023],[-7.7821,54.2],[-7.837,54.2043],[-7.8564,54.2114],[-7.8697,54.2269],[-7.8736,54.2711],[-7.8803,54.287],[-7.895,54.2936],[-7.9341,54.297],[-7.9421,54.2989],[-7.9508,54.3009],[-7.968,54.3122],[-7.981,54.3266],[-8.0022,54.3579],[-8.0313,54.358],[-8.0565,54.3659],[-8.0799,54.3802],[-8.1224,54.4152],[-8.1463,54.4307],[-8.156,54.4391],[-8.1581,54.4471],[-8.1612,54.4548],[-8.1738,54.4617],[-8.1685,54.4635],[-8.1502,54.4694],[-8.097,54.4786],[-8.0724,54.4871],[-8.061,54.4933],[-8.0559,54.4976],[-8.0436,54.5122],[-8.0233,54.5297],[-8.0022,54.5434],[-7.9264,54.5331],[-7.8871,54.5321],[-7.8488,54.5409],[-7.7493,54.5962],[-7.7079,54.6042],[-7.708,54.6048],[-7.7106,54.6243],[-7.7212,54.6259],[-7.7368,54.6193],[-7.7536,54.6145],[-7.7692,54.618],[-7.8012,54.6348],[-7.815,54.6395],[-7.8225,54.6381],[-7.838,54.6312],[-7.8464,54.6314],[-7.8543,54.6364],[-7.8643,54.6491],[-7.8728,54.6522],[-7.8901,54.6551],[-7.9066,54.6613],[-7.9148,54.6717],[-7.9071,54.6867],[-7.9132,54.6887],[-7.9297,54.6967],[-7.8801,54.711],[-7.8459,54.731],[-7.8322,54.7306],[-7.8036,54.7161],[-7.7705,54.706],[-7.7366,54.7075],[-7.7023,54.7189],[-7.6675,54.7388],[-7.6497,54.7449],[-7.6154,54.7393],[-7.5854,54.7447],[-7.5666,54.7387],[-7.5561,54.7384],[-7.5431,54.7417],[-7.543,54.7438],[-7.5484,54.7472],[-7.5517,54.7547],[-7.5497,54.7796],[-7.5434,54.7931],[-7.4708,54.8453],[-7.4551,54.863],[-7.4447,54.8845],[-7.4447,54.8949],[-7.449,54.9203],[-7.4453,54.9322],[-7.437,54.9383],[-7.4171,54.9431],[-7.4158,54.9444],[-7.4087,54.9511],[-7.4074,54.9594],[-7.4131,54.985],[-7.4091,54.992],[-7.4038,54.9931],[-7.4011,54.9948],[-7.4053,55.0036],[-7.377,55.0289],[-7.367,55.0356],[-7.355,55.0409],[-7.2912,55.0466],[-7.283,55.0518],[-7.2753,55.0589],[-7.2665,55.0652],[-7.2471,55.0693]]],[[[-6.2364,55.3113],[-6.1848,55.3068],[-6.1743,55.3039],[-6.1719,55.2932],[-6.1781,55.2806],[-6.1876,55.2694],[-6.1948,55.2629],[-6.1933,55.271],[-6.1929,55.2758],[-6.1918,55.2794],[-6.188,55.284],[-6.2111,55.2953],[-6.2358,55.2967],[-6.2606,55.2951],[-6.2836,55.2971],[-6.2725,55.303],[-6.2615,55.3075],[-6.2496,55.3103],[-6.2364,55.3113]]]]}},{"type":"Feature","properties":{"name":"Netherlands"},"geometry":{"type":"MultiPolygon","coordinates":[[[[7.1946,53.245],[7.1975,53.2166],[7.1985,53.2006],[7.1954,53.185],[7.1886,53.1678],[7.1744,53.1458],[7.1719,53.1377],[7.1727,53.1258],[7.1765,53.1194],[7.1813,53.1142],[7.1851,53.1054],[7.1944,53.0338],[7.1928,52.998],[7.1836,52.9661],[7.1619,52.9326],[7.0799,52.8544],[7.0722,52.8413],[7.062,52.824],[7.0533,52.7906],[7.044,52.6826],[7.0367,52.6474],[7.0185,52.626],[6.9828,52.6328],[6.9677,52.6367],[6.9184,52.6322],[6.8654,52.642],[6.7705,52.641],[6.737,52.6347],[6.7191,52.6268],[6.7018,52.6191],[6.7102,52.6086],[6.7082,52.5997],[6.7037,52.5914],[6.704,52.5831],[6.711,52.5766],[6.7438,52.5597],[6.6883,52.5426],[6.6717,52.5417],[6.684,52.526],[6.6875,52.5081],[6.689,52.4905],[6.6951,52.4756],[6.7148,52.4616],[6.7412,52.4537],[6.8203,52.4468],[6.872,52.4347],[6.9002,52.4319],[6.9265,52.433],[6.9515,52.4375],[6.9608,52.4428],[6.967,52.4496],[6.9733,52.4514],[7.0342,52.3908],[7.0482,52.3651],[7.0398,52.3286],[7.0197,52.3],[7.0125,52.2849],[7.0119,52.2666],[7.0207,52.2453],[7.0266,52.2386],[7.0291,52.2358],[7.0263,52.2306],[6.9819,52.214],[6.9711,52.2063],[6.9477,52.1828],[6.9277,52.1719],[6.8848,52.1603],[6.8654,52.1478],[6.8433,52.12],[6.8307,52.1129],[6.7716,52.1088],[6.7659,52.1084],[6.7499,52.1029],[6.7329,52.092],[6.7276,52.0863],[6.7195,52.0736],[6.7114,52.0673],[6.6994,52.0636],[6.6889,52.0631],[6.6799,52.0605],[6.673,52.0501],[6.675,52.0348],[6.6909,52.0279],[6.7129,52.0239],[6.7782,52.0013],[6.804,51.9844],[6.8092,51.9795],[6.8117,51.9728],[6.8107,51.9606],[6.8057,51.9575],[6.798,51.9567],[6.7898,51.9511],[6.767,51.9255],[6.7438,51.9083],[6.7167,51.8993],[6.6282,51.8975],[6.5286,51.8764],[6.4794,51.853],[6.4629,51.8484],[6.4425,51.8484],[6.3785,51.8601],[6.3866,51.8376],[6.3825,51.8276],[6.345,51.8211],[6.342,51.8367],[6.3257,51.8425],[6.2874,51.8462],[6.2829,51.8496],[6.2718,51.8619],[6.2647,51.8662],[6.2564,51.8668],[6.2252,51.8625],[6.1914,51.8712],[6.1592,51.8873],[6.127,51.8967],[6.093,51.8853],[6.1054,51.8795],[6.1427,51.8552],[6.1561,51.8421],[6.14,51.8445],[6.1165,51.8483],[6.084,51.8537],[6.0433,51.8469],[6.0289,51.8421],[6.0082,51.8326],[5.9889,51.8275],[5.9481,51.823],[5.9315,51.8156],[5.928,51.8067],[5.9508,51.7959],[5.9641,51.7766],[5.9624,51.7564],[5.9461,51.7463],[5.9401,51.7426],[5.9393,51.7319],[5.9492,51.7294],[5.9783,51.7298],[5.9897,51.7264],[6.0121,51.7159],[6.022,51.7095],[6.0086,51.6812],[6.0315,51.663],[6.0992,51.6445],[6.0875,51.6221],[6.0821,51.6078],[6.0865,51.5955],[6.153,51.5384],[6.1933,51.5093],[6.2005,51.4766],[6.2053,51.4584],[6.2017,51.4386],[6.1941,51.4174],[6.1927,51.399],[6.2078,51.3877],[6.202,51.3789],[6.1989,51.357],[6.1936,51.3445],[6.1836,51.3357],[6.1582,51.3246],[6.1478,51.3182],[6.0965,51.2588],[6.0754,51.2427],[6.0652,51.2316],[6.0566,51.2117],[6.0537,51.1894],[6.0608,51.1709],[6.0843,51.1627],[6.1341,51.1842],[6.1571,51.1793],[6.1491,51.1763],[6.1263,51.1646],[6.1473,51.1523],[6.1324,51.1398],[6.0754,51.1204],[5.9829,51.0747],[5.9695,51.0649],[5.9503,51.0395],[5.938,51.0309],[5.9196,51.0297],[5.9062,51.0374],[5.8943,51.0471],[5.8805,51.0521],[5.8525,51.0428],[5.8582,51.0193],[5.8736,50.9906],[5.8746,50.9654],[5.8883,50.9671],[5.9142,50.9752],[5.9277,50.9777],[5.9416,50.9765],[5.9678,50.971],[6.0037,50.9737],[6.0058,50.9685],[5.9997,50.9601],[5.9958,50.9518],[5.9973,50.9374],[5.9999,50.9294],[6.0075,50.9241],[6.0311,50.9147],[6.0637,50.9075],[6.0618,50.9035],[6.0565,50.8981],[6.0546,50.8915],[6.0631,50.8709],[6.0628,50.8629],[6.0567,50.8527],[6.0456,50.8442],[6.023,50.8454],[6.0093,50.8405],[6.0005,50.8304],[6.0014,50.8218],[6.0036,50.8126],[5.9983,50.8007],[5.984,50.7922],[5.9688,50.7946],[5.973,50.7818],[5.9806,50.7734],[5.9906,50.769],[5.9971,50.7629],[5.9949,50.7499],[5.9748,50.7475],[5.9022,50.749],[5.8913,50.7512],[5.8799,50.7535],[5.7932,50.7521],[5.7829,50.7567],[5.7625,50.771],[5.7524,50.7734],[5.7436,50.7691],[5.7328,50.7589],[5.7278,50.7542],[5.7174,50.7528],[5.7066,50.7542],[5.6884,50.7608],[5.6987,50.7838],[5.7005,50.7956],[5.6849,50.7985],[5.6633,50.8051],[5.6574,50.8076],[5.6407,50.815],[5.6245,50.8303],[5.6223,50.8527],[5.6945,50.9037],[5.706,50.9066],[5.7176,50.9092],[5.7224,50.9117],[5.7353,50.924],[5.7525,50.9472],[5.764,50.9594],[5.7543,50.9631],[5.7447,50.9632],[5.7224,50.9594],[5.7617,50.9992],[5.7776,51.0236],[5.764,51.0352],[5.7664,51.0484],[5.7715,51.0581],[5.7796,51.0613],[5.7913,51.055],[5.7988,51.0615],[5.8043,51.0686],[5.8118,51.0823],[5.809,51.0863],[5.8074,51.0894],[5.8049,51.0966],[5.8159,51.0959],[5.8267,51.0969],[5.8368,51.0995],[5.846,51.1034],[5.8232,51.1187],[5.8264,51.1302],[5.8405,51.1389],[5.838,51.1437],[5.8291,51.1565],[5.8121,51.1573],[5.7814,51.1524],[5.7681,51.1595],[5.7472,51.1776],[5.7308,51.1838],[5.718,51.1846],[5.6762,51.1792],[5.659,51.1791],[5.6482,51.184],[5.6385,51.1909],[5.625,51.1969],[5.5684,51.2077],[5.5514,51.2168],[5.5455,51.2199],[5.5423,51.2427],[5.5352,51.262],[5.5167,51.2772],[5.4932,51.2865],[5.4716,51.2881],[5.4519,51.2821],[5.4099,51.2635],[5.3891,51.2587],[5.2707,51.2618],[5.2395,51.2569],[5.233,51.2559],[5.2154,51.2587],[5.2149,51.2943],[5.1973,51.3083],[5.1788,51.3095],[5.1402,51.3074],[5.1229,51.3134],[5.1181,51.3199],[5.1078,51.342],[5.1026,51.3507],[5.0681,51.3745],[5.0617,51.3843],[5.0653,51.4059],[5.0764,51.4219],[5.0799,51.4385],[5.0603,51.462],[5.0303,51.4744],[5.0275,51.4768],[5.0121,51.4743],[5.0061,51.4683],[5.0027,51.459],[4.9958,51.4467],[4.9802,51.4305],[4.9571,51.411],[4.9319,51.3956],[4.9103,51.3919],[4.8717,51.403],[4.8533,51.4061],[4.7833,51.4076],[4.7621,51.4134],[4.7678,51.4254],[4.7791,51.4264],[4.8227,51.4137],[4.8154,51.4311],[4.8199,51.4462],[4.8261,51.4606],[4.8239,51.4756],[4.8136,51.4841],[4.7968,51.491],[4.7787,51.4954],[4.7642,51.4962],[4.7312,51.4856],[4.6539,51.4262],[4.6436,51.4214],[4.6301,51.4182],[4.6146,51.4176],[4.5827,51.4226],[4.5539,51.4193],[4.5406,51.4201],[4.5215,51.4286],[4.5234,51.4384],[4.5318,51.4509],[4.5332,51.4676],[4.5252,51.4759],[4.5126,51.4774],[4.4831,51.4743],[4.4294,51.462],[4.3771,51.4429],[4.3892,51.4346],[4.3872,51.4275],[4.3806,51.4197],[4.3799,51.4095],[4.3877,51.4005],[4.4101,51.3838],[4.4162,51.374],[4.4112,51.3567],[4.3922,51.3504],[4.3456,51.3523],[4.3263,51.3564],[4.2901,51.3688],[4.2811,51.3689],[4.2611,51.3694],[4.2571,51.3725],[4.249,51.3842],[4.2463,51.3964],[4.2468,51.4067],[4.2449,51.4145],[4.2347,51.419],[4.223,51.4095],[4.201,51.4053],[4.1111,51.407],[4.0903,51.4113],[4.0702,51.419],[4.0151,51.4489],[3.9988,51.4531],[3.957,51.4558],[3.9431,51.4504],[3.9134,51.4153],[3.9021,51.4049],[3.8867,51.3998],[3.8508,51.3974],[3.8379,51.3922],[3.8272,51.3911],[3.8164,51.3941],[3.7891,51.4122],[3.7288,51.4308],[3.6897,51.4543],[3.674,51.4554],[3.6326,51.4457],[3.61,51.4451],[3.5534,51.4531],[3.5354,51.4592],[3.5202,51.4734],[3.5068,51.4893],[3.4948,51.5009],[3.4619,51.519],[3.451,51.5297],[3.447,51.546],[3.4575,51.5551],[3.5604,51.5946],[3.8289,51.6127],[3.8511,51.6108],[3.8661,51.6054],[3.8822,51.5961],[3.8965,51.5838],[3.9058,51.5692],[3.8953,51.5666],[3.8783,51.5594],[3.8716,51.5556],[3.8716,51.5494],[3.9673,51.5431],[4.0159,51.5308],[4.0571,51.5084],[4.0703,51.4927],[4.09,51.4582],[4.1048,51.4457],[4.1288,51.4414],[4.1808,51.4459],[4.2005,51.4395],[4.2202,51.4435],[4.2528,51.4425],[4.2638,51.4444],[4.2832,51.4477],[4.2967,51.4705],[4.2886,51.4921],[4.2678,51.5083],[4.2398,51.5185],[4.2305,51.5196],[4.1947,51.5236],[4.1533,51.5351],[4.138,51.5359],[4.1063,51.5335],[4.0913,51.5351],[4.0672,51.544],[3.9881,51.5903],[4.0412,51.606],[4.0677,51.6107],[4.1572,51.6079],[4.1834,51.6029],[4.2069,51.5905],[4.2073,51.5903],[4.2026,51.6091],[4.19,51.6167],[4.1861,51.6168],[4.1467,51.6179],[4.136,51.6204],[4.126,51.6247],[4.118,51.6307],[4.113,51.6394],[4.1099,51.6509],[4.1096,51.6623],[4.1126,51.6708],[4.1257,51.6796],[4.1429,51.6841],[4.1769,51.6859],[4.1664,51.6927],[4.1411,51.7039],[4.0715,51.7172],[4.0571,51.7303],[4.0508,51.7635],[4.0339,51.7842],[4.0098,51.7979],[3.9815,51.81],[3.9626,51.8012],[3.9372,51.7963],[3.9114,51.7964],[3.8919,51.793],[3.8882,51.7889],[3.8811,51.7881],[3.8716,51.7883],[3.8623,51.8161],[3.8914,51.8283],[3.9541,51.8402],[3.9627,51.8474],[3.9822,51.8483],[4.0156,51.8436],[4.0435,51.8342],[4.0476,51.8337],[4.055,51.8342],[4.0654,51.8371],[4.0776,51.8436],[4.0701,51.8527],[4.0446,51.8745],[4.0379,51.8779],[4.0321,51.882],[4.0298,51.8883],[4.032,51.8961],[4.0366,51.9016],[4.0413,51.9055],[4.0435,51.9087],[4.0402,51.9241],[4.0212,51.9633],[4.01,51.9801],[4.0156,51.9877],[4.0225,51.9944],[4.069,51.9879],[4.1077,51.9919],[4.1419,52.0056],[4.2847,52.1129],[4.4069,52.2235],[4.5081,52.3364],[4.5686,52.4453],[4.5773,52.4736],[4.5773,52.4809],[4.5969,52.5066],[4.6393,52.7007],[4.6571,52.7502],[4.6598,52.7653],[4.6694,52.7966],[4.7117,52.8631],[4.7214,52.8959],[4.7224,52.9145],[4.7264,52.9383],[4.7339,52.9589],[4.7455,52.9676],[4.807,52.9618],[4.8169,52.9676],[4.8244,52.9601],[4.8094,52.9296],[4.8328,52.9113],[4.8738,52.904],[4.9131,52.9056],[4.9358,52.9134],[4.9783,52.9357],[4.999,52.9403],[5.0389,52.9435],[5.0781,52.954],[5.2795,53.0629],[5.2942,53.0734],[5.3128,53.0828],[5.3589,53.0893],[5.3792,53.0974],[5.3998,53.1221],[5.4271,53.1903],[5.4474,53.2209],[5.4826,53.2456],[5.5042,53.257],[5.541,53.2666],[5.5579,53.278],[5.5735,53.2917],[5.5916,53.3028],[5.6118,53.3071],[5.6597,53.312],[5.6946,53.3301],[5.8547,53.3688],[5.8908,53.3843],[5.9137,53.3854],[5.9808,53.4061],[6.0773,53.4089],[6.186,53.411],[6.2739,53.4127],[6.2844,53.4105],[6.3019,53.4011],[6.3115,53.399],[6.3201,53.4007],[6.3456,53.4127],[6.4944,53.4387],[6.7302,53.4606],[6.8291,53.4506],[6.8498,53.4449],[6.8669,53.4343],[6.9006,53.3518],[6.9058,53.3505],[6.93,53.3401],[6.9319,53.3376],[6.9367,53.3354],[6.9417,53.3307],[6.9486,53.3261],[6.9802,53.3198],[7.02,53.3061],[7.0378,53.3096],[7.0462,53.3039],[7.0583,53.3019],[7.0701,53.3039],[7.0786,53.3096],[7.0855,53.3096],[7.0855,53.3028],[7.0775,53.2987],[7.0735,53.2956],[7.0737,53.2913],[7.0786,53.2829],[7.0807,53.2668],[7.1111,53.2563],[7.1834,53.2451],[7.1946,53.245]]],[[[3.3494,51.3752],[3.5109,51.4079],[3.5257,51.4156],[3.5414,51.4167],[3.6047,51.3911],[3.7022,51.3736],[3.7342,51.3558],[3.7555,51.3501],[3.7959,51.3501],[3.834,51.3432],[3.8582,51.3454],[3.9558,51.3718],[3.9692,51.3817],[3.9746,51.4016],[3.9841,51.4105],[4.0057,51.4098],[4.0291,51.4042],[4.0435,51.3985],[4.0501,51.3922],[4.0613,51.3767],[4.0702,51.3706],[4.0813,51.3681],[4.1055,51.3661],[4.1155,51.361],[4.1219,51.3594],[4.1565,51.3576],[4.1737,51.3737],[4.18,51.3774],[4.1996,51.376],[4.2215,51.368],[4.221,51.3638],[4.2135,51.3405],[4.2079,51.3306],[4.1686,51.2969],[4.119,51.2724],[3.995,51.2332],[3.9495,51.2108],[3.927,51.2063],[3.8087,51.2053],[3.7963,51.2088],[3.7814,51.2199],[3.7797,51.2303],[3.7814,51.2414],[3.7762,51.2545],[3.7573,51.2623],[3.6351,51.2878],[3.6095,51.2904],[3.5848,51.2895],[3.545,51.2839],[3.529,51.2833],[3.5143,51.281],[3.5034,51.274],[3.5015,51.2624],[3.5041,51.2497],[3.5012,51.2403],[3.4539,51.2356],[3.4219,51.238],[3.3988,51.2447],[3.3917,51.2468],[3.3674,51.2635],[3.3532,51.2886],[3.3539,51.3119],[3.3581,51.3367],[3.3494,51.3752]]],[[[4.0366,51.6859],[4.0784,51.6786],[4.0973,51.6702],[4.0994,51.6541],[4.089,51.644],[4.0726,51.6369],[4.0549,51.6326],[3.978,51.6233],[3.9603,51.6238],[3.9231,51.6325],[3.9015,51.642],[3.8919,51.6555],[3.8856,51.6684],[3.8698,51.6761],[3.8306,51.6859],[3.8239,51.6899],[3.8176,51.6953],[3.8093,51.6995],[3.7959,51.7001],[3.7713,51.6818],[3.7654,51.6784],[3.7206,51.6768],[3.7,51.6806],[3.6867,51.6927],[3.6895,51.725],[3.7258,51.7397],[3.8101,51.7473],[3.8142,51.7482],[3.8306,51.7473],[3.8438,51.7428],[3.9396,51.7412],[3.9618,51.7381],[3.978,51.7303],[4.0154,51.7017],[4.0203,51.6965],[4.0266,51.6911],[4.0366,51.6859]]],[[[4.8926,53.111],[4.8926,53.1048],[4.9131,53.1048],[4.9061,53.0917],[4.8931,53.0761],[4.8652,53.0502],[4.8181,53.0268],[4.7957,53.0003],[4.762,52.9943],[4.7268,53.0031],[4.7077,53.0285],[4.7139,53.0546],[4.7337,53.0842],[4.7585,53.1085],[4.8057,53.133],[4.8293,53.163],[4.8543,53.1877],[4.8858,53.1867],[4.8898,53.1809],[4.8921,53.1757],[4.8914,53.171],[4.8858,53.1662],[4.8999,53.1523],[4.9102,53.1346],[4.9099,53.1188],[4.8926,53.111]]],[[[4.8789,53.2209],[4.9212,53.2537],[4.9865,53.29],[5.0545,53.3138],[5.1048,53.3096],[5.1048,53.3028],[5.0781,53.3028],[5.0656,53.2985],[5.0365,53.2918],[4.9575,53.2456],[4.9357,53.226],[4.9102,53.2125],[4.8789,53.2209]]],[[[5.4236,53.4304],[5.437,53.4365],[5.5853,53.4536],[5.562,53.4343],[5.5337,53.4284],[5.4754,53.4269],[5.4774,53.4235],[5.4797,53.4162],[5.4817,53.4127],[5.4686,53.4085],[5.427,53.4064],[5.3825,53.3947],[5.3469,53.3892],[5.2083,53.3527],[5.1799,53.3531],[5.1677,53.3682],[5.1789,53.3854],[5.2324,53.3967],[5.2502,53.4064],[5.273,53.4061],[5.4072,53.4226],[5.4236,53.4304]]],[[[5.674,53.4679],[5.9138,53.4739],[5.9546,53.4611],[5.8556,53.4474],[5.7528,53.4474],[5.7271,53.4433],[5.679,53.4301],[5.6536,53.4337],[5.6361,53.4487],[5.6419,53.4634],[5.6589,53.4719],[5.674,53.4679]]]]}},{"type":"Feature","properties":{"name":"Brussels"},"geometry":{"type":"MultiPolygon","coordinates":[[[[4.4797,50.7954],[4.3984,50.7678],[4.3772,50.7646],[4.3553,50.7671],[4.3276,50.779],[4.3012,50.8144],[4.283,50.8084],[4.2456,50.8216],[4.2575,50.8369],[4.2828,50.8396],[4.2892,50.8564],[4.279,50.8678],[4.2979,50.8915],[4.3346,50.9031],[4.3773,50.8986],[4.4033,50.9148],[4.4205,50.9063],[4.4362,50.8893],[4.4357,50.8797],[4.42,50.8695],[4.4602,50.8532],[4.4761,50.8215],[4.4549,50.8198],[4.4465,50.811],[4.4797,50.7954]]]]}},{"type":"Feature","properties":{"name":"Greenland"},"geometry":{"type":"MultiPolygon","coordinates":[[[[-40.8758,65.0965],[-40.8537,65.0659],[-40.8694,65.0632],[-40.9385,65.0828],[-41.016,65.0893],[-41.0571,65.0998],[-41.0751,65.1204],[-41.0823,65.1317],[-41.0983,65.1299],[-41.1146,65.1225],[-41.1228,65.117],[-41.1276,65.1042],[-41.1271,65.0909],[-41.121,65.0803],[-41.0776,65.0677],[-41.0336,65.028],[-41.0067,65.0146],[-41.0109,65.0047],[-41.0135,65.0009],[-40.9924,64.9903],[-40.9831,64.9768],[-40.9891,64.9651],[-41.0135,64.9599],[-41.1301,64.9814],[-41.1501,64.9767],[-41.1496,64.9606],[-41.1464,64.9535],[-41.1228,64.9394],[-41.1122,64.9306],[-41.0735,64.8872],[-41.0668,64.882],[-41.0546,64.8774],[-41.014,64.8758],[-40.9933,64.8721],[-40.9931,64.8637],[-40.9667,64.8647],[-40.8832,64.8576],[-40.8964,64.8522],[-40.92,64.8386],[-40.9347,64.8358],[-40.9652,64.8362],[-40.9796,64.8345],[-40.9931,64.8296],[-40.8846,64.8091],[-40.8758,64.7886],[-40.7898,64.7463],[-40.7635,64.7402],[-40.7341,64.7393],[-40.7048,64.7338],[-40.6869,64.7196],[-40.6915,64.6924],[-40.6291,64.6921],[-40.6045,64.6835],[-40.5946,64.662],[-40.5947,64.6558],[-40.5959,64.6527],[-40.5991,64.6516],[-40.6055,64.6514],[-40.6103,64.6486],[-40.6086,64.642],[-40.602,64.631],[-40.5997,64.6202],[-40.5934,64.6037],[-40.5946,64.5969],[-40.5858,64.5795],[-40.5705,64.5324],[-40.5611,64.515],[-40.618,64.484],[-40.6351,64.4671],[-40.6055,64.4597],[-40.5696,64.457],[-40.4013,64.4172],[-40.3867,64.4081],[-40.3729,64.396],[-40.3682,64.3928],[-40.3693,64.374],[-40.3656,64.3664],[-40.3595,64.363],[-40.3583,64.359],[-40.3693,64.3498],[-40.3834,64.3447],[-40.414,64.3422],[-40.4246,64.3368],[-40.4379,64.3518],[-40.4571,64.3585],[-40.4789,64.3575],[-40.4996,64.3498],[-40.5089,64.3418],[-40.512,64.3353],[-40.5174,64.3309],[-40.5338,64.3293],[-40.5487,64.3323],[-40.5536,64.3395],[-40.5503,64.3485],[-40.5406,64.3566],[-40.5406,64.3641],[-40.6062,64.3743],[-40.6163,64.3808],[-40.623,64.3922],[-40.6385,64.3898],[-40.6672,64.3778],[-40.6816,64.3797],[-40.7077,64.3887],[-40.7187,64.3908],[-40.7319,64.3883],[-40.7575,64.3785],[-40.7733,64.3778],[-40.7672,64.384],[-40.8002,64.3887],[-40.8362,64.3803],[-40.9305,64.3336],[-40.9656,64.3251],[-41.0777,64.3111],[-41.3357,64.3293],[-41.3321,64.3323],[-41.322,64.343],[-41.3532,64.3497],[-41.4586,64.3293],[-41.5028,64.3305],[-41.5249,64.3261],[-41.5391,64.3056],[-41.5685,64.2815],[-41.5675,64.2662],[-41.5533,64.2578],[-41.5314,64.2543],[-41.4634,64.2545],[-41.4442,64.2476],[-41.4487,64.2304],[-41.4554,64.2195],[-41.4523,64.2135],[-41.397,64.1819],[-41.3873,64.1785],[-41.0871,64.1492],[-41.0614,64.1406],[-41.0469,64.1287],[-41.0245,64.0994],[-41.0065,64.086],[-40.984,64.0803],[-40.9593,64.0828],[-40.9375,64.0928],[-40.9242,64.1096],[-40.9455,64.1186],[-40.9652,64.1301],[-40.9557,64.1412],[-40.9287,64.1568],[-40.918,64.1649],[-40.9105,64.158],[-40.8863,64.1667],[-40.7672,64.1649],[-40.7613,64.1624],[-40.7491,64.1532],[-40.743,64.1512],[-40.7356,64.1528],[-40.729,64.1562],[-40.7215,64.1588],[-40.712,64.158],[-40.6959,64.1501],[-40.6866,64.1408],[-40.6761,64.1332],[-40.5916,64.1205],[-40.5609,64.1069],[-40.5481,64.086],[-40.5424,64.0677],[-40.5453,64.0588],[-40.5773,64.0516],[-40.5975,64.043],[-40.6166,64.0319],[-40.63,64.0208],[-40.6483,64.0119],[-40.6412,64.0003],[-40.602,63.9792],[-40.6239,63.9673],[-40.6454,63.966],[-40.6658,63.9713],[-40.7162,63.9939],[-40.7333,63.9941],[-40.7461,63.9792],[-40.7266,63.9737],[-40.7187,63.973],[-40.7446,63.9627],[-40.8417,63.9526],[-40.8089,63.939],[-40.7607,63.9333],[-40.712,63.9353],[-40.6778,63.9457],[-40.6379,63.9329],[-40.6217,63.9246],[-40.6225,63.911],[-40.6225,63.9042],[-40.6095,63.8916],[-40.6026,63.887],[-40.5946,63.8837],[-40.5946,63.8769],[-40.6083,63.8671],[-40.5972,63.855],[-40.5611,63.8359],[-40.5611,63.8284],[-40.5905,63.8221],[-40.6141,63.8076],[-40.6181,63.7932],[-40.5884,63.7875],[-40.5884,63.7812],[-40.5923,63.7799],[-40.602,63.7744],[-40.5875,63.7694],[-40.5782,63.7507],[-40.5645,63.7465],[-40.5328,63.7463],[-40.5196,63.7405],[-40.5133,63.726],[-40.5264,63.6964],[-40.5625,63.6849],[-40.6437,63.685],[-40.6354,63.6966],[-40.6305,63.7014],[-40.6225,63.7055],[-40.6474,63.7114],[-40.6786,63.7114],[-40.7007,63.7014],[-40.6982,63.6776],[-40.9979,63.7029],[-41.0853,63.7219],[-41.1393,63.7495],[-41.3207,63.7726],[-41.3544,63.7825],[-41.3801,63.7983],[-41.4071,63.8222],[-41.4128,63.8258],[-41.4205,63.8431],[-41.4245,63.8496],[-41.4335,63.8559],[-41.4447,63.861],[-41.4578,63.8638],[-41.4729,63.8632],[-41.4881,63.8603],[-41.4913,63.857],[-41.4888,63.8509],[-41.4866,63.8393],[-41.5011,63.8222],[-41.5347,63.8124],[-41.5964,63.8017],[-41.6202,63.7944],[-41.6293,63.7877],[-41.6268,63.7778],[-41.618,63.7701],[-41.6067,63.7627],[-41.5943,63.757],[-41.5828,63.754],[-41.5677,63.755],[-41.5428,63.7651],[-41.5309,63.7676],[-41.4691,63.7676],[-41.4414,63.7634],[-41.3961,63.7446],[-41.3376,63.7357],[-41.2463,63.6993],[-41.2184,63.6933],[-40.9667,63.6745],[-40.9085,63.6608],[-40.8795,63.6577],[-40.8417,63.5956],[-40.89,63.5956],[-40.8724,63.5803],[-40.8489,63.5727],[-40.8239,63.5715],[-40.8013,63.5752],[-40.7956,63.578],[-40.7895,63.5823],[-40.7806,63.5864],[-40.7672,63.5894],[-40.7598,63.589],[-40.7517,63.5873],[-40.7426,63.5868],[-40.7324,63.5894],[-40.7372,63.5823],[-40.7437,63.5752],[-40.7597,63.5622],[-40.7428,63.5384],[-40.7501,63.5169],[-40.7726,63.5026],[-40.8013,63.5001],[-40.822,63.5102],[-40.8363,63.524],[-40.8516,63.5312],[-40.8758,63.5212],[-40.8758,63.5137],[-40.8628,63.5075],[-40.8751,63.5071],[-40.8876,63.5079],[-40.8996,63.5101],[-40.9105,63.5137],[-40.9182,63.5189],[-40.9347,63.5347],[-40.9447,63.541],[-40.9446,63.5314],[-40.9462,63.525],[-40.9521,63.5137],[-40.9642,63.518],[-40.9687,63.5233],[-40.9709,63.5299],[-40.976,63.5376],[-41.0142,63.5654],[-41.0196,63.5616],[-41.0212,63.5537],[-41.0211,63.5485],[-41.0162,63.5408],[-40.9931,63.5212],[-41.0321,63.5131],[-41.1063,63.5253],[-41.1439,63.5274],[-41.1295,63.5126],[-41.1088,63.5071],[-41.0651,63.5075],[-41.0494,63.5021],[-41.0181,63.4758],[-40.9993,63.4665],[-41.0168,63.4505],[-41.0445,63.4455],[-41.0736,63.4475],[-41.0955,63.4523],[-41.1155,63.4613],[-41.1942,63.5314],[-41.2154,63.5439],[-41.2659,63.5647],[-41.2807,63.5683],[-41.2873,63.5649],[-41.2856,63.5546],[-41.2829,63.5471],[-41.2824,63.5408],[-41.2873,63.5342],[-41.2676,63.5269],[-41.2252,63.5168],[-41.2054,63.5075],[-41.1926,63.4947],[-41.1802,63.4761],[-41.1725,63.4595],[-41.1743,63.4523],[-41.1531,63.4479],[-41.1078,63.4287],[-41.0821,63.4244],[-41.0363,63.4252],[-41.0159,63.4216],[-40.9993,63.4113],[-41.0133,63.4047],[-41.0303,63.4028],[-41.0651,63.4039],[-41.0802,63.4024],[-41.116,63.3902],[-41.1295,63.3891],[-41.1691,63.3906],[-41.1774,63.394],[-41.181,63.4044],[-41.1973,63.4328],[-41.202,63.4387],[-41.2234,63.4468],[-41.2912,63.4877],[-41.3259,63.5154],[-41.3767,63.541],[-41.401,63.5595],[-41.4139,63.5659],[-41.4319,63.5678],[-41.3255,63.4827],[-41.2873,63.4449],[-41.2578,63.4294],[-41.2457,63.4196],[-41.2401,63.4039],[-41.3931,63.4582],[-41.4381,63.4858],[-41.4896,63.5308],[-41.4929,63.5251],[-41.4934,63.5039],[-41.498,63.485],[-41.5138,63.4858],[-41.5138,63.4796],[-41.5259,63.4856],[-41.5443,63.4906],[-41.5648,63.4935],[-41.5828,63.4932],[-41.5753,63.4932],[-41.5799,63.49],[-41.5767,63.4888],[-41.5693,63.4879],[-41.5616,63.4858],[-41.5479,63.4768],[-41.5414,63.4738],[-41.5129,63.4702],[-41.3594,63.4254],[-41.249,63.371],[-41.1601,63.3458],[-41.1368,63.3327],[-41.116,63.3151],[-41.116,63.3083],[-41.1326,63.3113],[-41.1774,63.335],[-41.1973,63.3422],[-41.3621,63.3723],[-41.374,63.3768],[-41.3822,63.3847],[-41.391,63.3976],[-41.3835,63.4039],[-41.4039,63.4216],[-41.4349,63.4259],[-41.5002,63.4244],[-41.531,63.432],[-41.6671,63.5101],[-41.7014,63.5445],[-41.7159,63.553],[-41.7339,63.5539],[-41.7602,63.5485],[-41.7589,63.5421],[-41.7562,63.5366],[-41.7521,63.5317],[-41.7467,63.5274],[-41.7706,63.5096],[-41.8844,63.4796],[-41.9009,63.4699],[-41.9071,63.4635],[-41.9053,63.4564],[-41.8981,63.4449],[-41.8621,63.4096],[-41.8564,63.4008],[-41.8326,63.397],[-41.6839,63.3533],[-41.6807,63.3454],[-41.6837,63.3361],[-41.6914,63.3288],[-41.6997,63.3276],[-41.7906,63.3488],[-41.8087,63.3425],[-41.8087,63.335],[-41.7799,63.3293],[-41.7655,63.3241],[-41.7534,63.3151],[-41.7562,63.3117],[-41.7579,63.3065],[-41.7602,63.3015],[-41.7367,63.3091],[-41.67,63.3172],[-41.6435,63.3151],[-41.6208,63.3066],[-41.591,63.2912],[-41.5687,63.2742],[-41.5685,63.2605],[-41.4885,63.2378],[-41.4729,63.2258],[-41.4746,63.2068],[-41.4855,63.189],[-41.4916,63.171],[-41.4791,63.1507],[-41.4397,63.1425],[-41.4319,63.1369],[-41.4327,63.1253],[-41.4415,63.1204],[-41.4654,63.1165],[-41.5251,63.0972],[-41.5544,63.0969],[-41.5828,63.1097],[-41.6101,63.1369],[-41.6227,63.144],[-41.818,63.2148],[-41.911,63.2258],[-42.0209,63.2531],[-42.0023,63.2345],[-41.9691,63.2216],[-41.8607,63.1954],[-41.7355,63.1389],[-41.6783,63.1234],[-41.6204,63.096],[-41.5495,63.0529],[-41.5395,63.0436],[-41.5343,63.0334],[-41.6647,63.0408],[-41.7162,63.0608],[-41.7432,63.068],[-41.7671,63.0613],[-41.7207,63.0463],[-41.7113,63.0395],[-41.7336,63.0334],[-41.759,63.0338],[-41.8391,63.0476],[-41.857,63.0552],[-41.8689,63.0718],[-41.878,63.0884],[-41.8875,63.096],[-41.9325,63.1029],[-41.9582,63.1016],[-41.9725,63.0886],[-41.9632,63.0867],[-41.9548,63.0836],[-41.939,63.0755],[-41.9567,63.0692],[-41.9748,63.0743],[-42.0226,63.1086],[-42.0482,63.1507],[-42.0738,63.1756],[-42.1074,63.1948],[-42.144,63.2059],[-42.1786,63.2059],[-42.1648,63.1964],[-42.1499,63.1788],[-42.1374,63.1591],[-42.1308,63.1432],[-42.1354,63.1278],[-42.1539,63.1209],[-42.1797,63.1168],[-42.2059,63.1097],[-42.1788,63.0969],[-42.1121,63.0937],[-42.0824,63.0886],[-42.0288,63.0628],[-42.0064,63.0461],[-42.0073,63.0271],[-41.7519,63.0206],[-41.7401,63.0172],[-41.7019,62.9974],[-41.6914,62.9936],[-41.6681,62.9938],[-41.6445,62.9971],[-41.6241,62.9951],[-41.6101,62.9793],[-41.6212,62.9758],[-41.6232,62.9689],[-41.6186,62.9604],[-41.6101,62.9514],[-41.6365,62.928],[-41.6746,62.9136],[-41.718,62.9113],[-41.7602,62.9248],[-41.7682,62.9377],[-41.7772,62.9343],[-41.7882,62.9111],[-41.7602,62.8837],[-41.765,62.883],[-41.7679,62.8815],[-41.7745,62.8769],[-41.7832,62.8808],[-41.7947,62.8817],[-41.8079,62.8801],[-41.8217,62.8769],[-41.786,62.8673],[-41.7607,62.8569],[-41.7497,62.8498],[-41.7501,62.8439],[-41.8004,62.8384],[-41.8221,62.8327],[-41.8431,62.8299],[-41.9248,62.8469],[-41.9831,62.8489],[-41.9862,62.8533],[-41.991,62.8629],[-41.9987,62.8725],[-42.0104,62.8769],[-42.0208,62.873],[-42.019,62.8637],[-42.0073,62.8415],[-42.0177,62.7968],[-42.0613,62.7902],[-42.1718,62.8148],[-42.3194,62.817],[-42.3408,62.824],[-42.3536,62.8366],[-42.3494,62.8558],[-42.3334,62.8677],[-42.3094,62.8747],[-42.2834,62.8776],[-42.2611,62.8769],[-42.2611,62.8837],[-42.3497,62.8813],[-42.3636,62.89],[-42.3531,62.9038],[-42.3282,62.9191],[-42.3002,62.932],[-42.2804,62.9384],[-42.3054,62.9455],[-42.3381,62.9411],[-42.3704,62.9294],[-42.394,62.9145],[-42.4027,62.9145],[-42.4178,62.9166],[-42.4323,62.916],[-42.4386,62.9077],[-42.4352,62.8925],[-42.4293,62.8846],[-42.4281,62.8787],[-42.4386,62.8695],[-42.4608,62.8625],[-42.4904,62.8617],[-42.5199,62.8659],[-42.5417,62.8732],[-42.5728,62.8797],[-42.5972,62.8715],[-42.6024,62.8563],[-42.5758,62.8415],[-42.5476,62.8378],[-42.4561,62.8415],[-42.426,62.838],[-42.4158,62.8288],[-42.4231,62.8158],[-42.471,62.7844],[-42.4844,62.779],[-42.5001,62.7801],[-42.5094,62.7858],[-42.5182,62.7951],[-42.5248,62.8048],[-42.5275,62.8115],[-42.5317,62.8171],[-42.5421,62.8229],[-42.5546,62.8273],[-42.5656,62.8292],[-42.5797,62.8259],[-42.578,62.8182],[-42.4994,62.727],[-42.4871,62.6982],[-42.5056,62.7033],[-42.516,62.7119],[-42.524,62.7222],[-42.5349,62.7329],[-42.5489,62.7388],[-42.5659,62.7436],[-42.5776,62.7499],[-42.5758,62.7596],[-42.5893,62.7655],[-42.6027,62.7665],[-42.6128,62.7616],[-42.6169,62.7497],[-42.6108,62.7352],[-42.5963,62.7248],[-42.5622,62.7125],[-42.5804,62.6994],[-42.6037,62.6896],[-42.6284,62.6845],[-42.651,62.6845],[-42.6441,62.6946],[-42.6398,62.7082],[-42.6402,62.7203],[-42.6479,62.7255],[-42.659,62.7313],[-42.6823,62.7705],[-42.6958,62.7789],[-42.7099,62.78],[-42.7213,62.7736],[-42.7267,62.7596],[-42.7226,62.7513],[-42.6919,62.7125],[-42.7082,62.6929],[-42.7382,62.6926],[-42.8021,62.7056],[-42.9003,62.7077],[-43.0353,62.7253],[-43.0594,62.736],[-43.0786,62.7492],[-43.1057,62.7605],[-43.1327,62.7655],[-43.1512,62.7596],[-43.1427,62.7493],[-43.1103,62.7255],[-43.1313,62.7111],[-43.118,62.7006],[-43.0881,62.6942],[-42.87,62.6749],[-42.7609,62.6435],[-42.7405,62.6428],[-42.7308,62.6406],[-42.7267,62.633],[-42.7281,62.6256],[-42.7304,62.6225],[-42.7308,62.6203],[-42.7267,62.6156],[-42.7156,62.6076],[-42.6906,62.5958],[-42.6789,62.5883],[-42.6789,62.5958],[-42.6766,62.609],[-42.6789,62.6156],[-42.6561,62.6164],[-42.6135,62.63],[-42.5892,62.6262],[-42.452,62.5831],[-42.4051,62.578],[-42.3837,62.5715],[-42.3667,62.5561],[-42.3443,62.5169],[-42.3226,62.5058],[-42.3262,62.5028],[-42.3357,62.4927],[-42.334,62.4826],[-42.347,62.4741],[-42.3664,62.4678],[-42.384,62.4648],[-42.4325,62.4784],[-42.4648,62.4925],[-42.5216,62.5344],[-42.5553,62.5411],[-42.5553,62.5337],[-42.5127,62.5108],[-42.4928,62.4952],[-42.4803,62.4784],[-42.4983,62.4739],[-42.5162,62.4771],[-42.5342,62.4829],[-42.5519,62.4858],[-42.5577,62.4833],[-42.5538,62.4776],[-42.5417,62.4685],[-42.5301,62.465],[-42.506,62.466],[-42.4939,62.4648],[-42.4337,62.4407],[-42.4114,62.4374],[-42.3966,62.4323],[-42.3864,62.4226],[-42.3751,62.4168],[-42.3568,62.4238],[-42.3595,62.4276],[-42.3636,62.4374],[-42.3406,62.4416],[-42.2537,62.4374],[-42.2566,62.4336],[-42.2611,62.4238],[-42.2432,62.415],[-42.2446,62.4049],[-42.2576,62.3939],[-42.2742,62.3829],[-42.2481,62.388],[-42.1644,62.3903],[-42.1644,62.3829],[-42.2241,62.3675],[-42.2544,62.3637],[-42.2773,62.3732],[-42.3393,62.3767],[-42.4162,62.394],[-42.436,62.4039],[-42.4667,62.4108],[-42.4722,62.4152],[-42.4824,62.4279],[-42.4871,62.4312],[-42.5021,62.4318],[-42.5318,62.4243],[-42.5485,62.4238],[-42.5646,62.4296],[-42.61,62.4592],[-42.6328,62.4634],[-42.6568,62.4638],[-42.6798,62.4667],[-42.6994,62.4784],[-42.6966,62.4824],[-42.6919,62.4927],[-42.7331,62.504],[-42.7518,62.5026],[-42.7716,62.4893],[-42.7886,62.4868],[-42.857,62.5132],[-42.9344,62.5158],[-42.9598,62.5237],[-42.974,62.5248],[-42.9755,62.5104],[-42.974,62.4914],[-42.9799,62.4784],[-42.9646,62.473],[-42.9481,62.4744],[-42.9305,62.4778],[-42.9116,62.4784],[-42.7615,62.4328],[-42.6769,62.393],[-42.659,62.3883],[-42.651,62.3829],[-42.6456,62.3756],[-42.6405,62.3612],[-42.6373,62.3555],[-42.623,62.3428],[-42.608,62.3365],[-42.5905,62.3345],[-42.412,62.3493],[-42.4011,62.3417],[-42.3494,62.3214],[-42.3287,62.3166],[-42.2611,62.3146],[-42.2701,62.2996],[-42.2847,62.293],[-42.3013,62.2886],[-42.3158,62.2805],[-42.3271,62.2676],[-42.3249,62.2634],[-42.2947,62.26],[-42.2675,62.2466],[-42.258,62.2275],[-42.2632,62.2057],[-42.2804,62.1842],[-42.3205,62.1588],[-42.3295,62.1501],[-42.3314,62.1383],[-42.3226,62.1347],[-42.3105,62.132],[-42.3021,62.1227],[-42.3122,62.1032],[-42.3456,62.0964],[-42.3848,62.0941],[-42.412,62.0886],[-42.391,62.0777],[-42.384,62.0749],[-42.4002,62.0654],[-42.411,62.0566],[-42.4237,62.0502],[-42.5033,62.0446],[-42.5212,62.0402],[-42.4969,62.0319],[-42.434,62.0255],[-42.4181,62.0129],[-42.4867,61.9855],[-42.5485,61.9515],[-42.4959,61.9426],[-42.4386,61.9671],[-42.3815,62.0008],[-42.3295,62.0197],[-42.1481,62.0237],[-42.1172,62.0067],[-42.1251,61.9902],[-42.1684,61.964],[-42.1872,61.9302],[-42.2086,61.9202],[-42.2355,61.9162],[-42.3871,61.9241],[-42.4158,61.9206],[-42.4036,61.9123],[-42.3431,61.8969],[-42.2264,61.8894],[-42.2264,61.8832],[-42.2372,61.8834],[-42.2445,61.8821],[-42.2496,61.8781],[-42.2537,61.8696],[-42.1923,61.8696],[-42.1968,61.8615],[-42.2043,61.8515],[-42.2196,61.8354],[-42.255,61.8182],[-42.2643,61.8112],[-42.2813,61.7924],[-42.2978,61.7787],[-42.3173,61.7685],[-42.3431,61.7597],[-42.3714,61.7534],[-42.558,61.7366],[-42.5895,61.7386],[-42.6028,61.7422],[-42.6373,61.7597],[-42.6838,61.7764],[-42.6957,61.7836],[-42.7082,61.7891],[-42.7254,61.7933],[-42.7406,61.7995],[-42.7535,61.8206],[-42.7681,61.8217],[-42.7843,61.8184],[-42.8407,61.7968],[-42.8613,61.7839],[-42.87,61.7699],[-42.8556,61.7702],[-42.7683,61.787],[-42.6201,61.7109],[-42.5936,61.7038],[-42.4193,61.6999],[-42.384,61.7051],[-42.319,61.7266],[-42.2836,61.7283],[-42.2537,61.7112],[-42.3808,61.6874],[-42.3927,61.6828],[-42.3977,61.674],[-42.3939,61.6609],[-42.3839,61.6569],[-42.3568,61.6567],[-42.3331,61.6484],[-42.321,61.6366],[-42.3251,61.6245],[-42.3494,61.6157],[-42.3747,61.6171],[-42.4258,61.634],[-42.453,61.6361],[-42.4132,61.6269],[-42.3926,61.6196],[-42.3773,61.6088],[-42.4667,61.6157],[-42.4404,61.5871],[-42.4294,61.569],[-42.4355,61.561],[-42.5275,61.561],[-42.6134,61.5468],[-42.6372,61.549],[-42.6837,61.5588],[-42.8676,61.5638],[-42.9476,61.5909],[-42.9988,61.6001],[-43.0494,61.6027],[-43.0829,61.5952],[-42.9656,61.5624],[-42.9464,61.5505],[-42.9312,61.5306],[-42.8531,61.5434],[-42.7906,61.5283],[-42.5275,61.5338],[-42.5416,61.4962],[-42.5485,61.4853],[-42.5306,61.4721],[-42.523,61.453],[-42.5111,61.4364],[-42.4803,61.4307],[-42.4665,61.434],[-42.4388,61.4445],[-42.4256,61.4443],[-42.4189,61.4394],[-42.4045,61.4164],[-42.4181,61.4028],[-42.4366,61.4123],[-42.4523,61.4143],[-42.4664,61.4106],[-42.4803,61.4028],[-42.4811,61.4005],[-42.4939,61.383],[-42.4993,61.3783],[-42.505,61.3763],[-42.5067,61.3741],[-42.5001,61.3693],[-42.5001,61.3618],[-42.529,61.3564],[-42.5809,61.3543],[-42.5924,61.3524],[-42.6037,61.3481],[-42.6037,61.3413],[-42.5835,61.341],[-42.5802,61.3348],[-42.5903,61.3266],[-42.61,61.3209],[-42.6728,61.3199],[-42.6919,61.314],[-42.6782,61.3081],[-42.6629,61.3038],[-42.6468,61.3013],[-42.6305,61.301],[-42.6305,61.2935],[-42.7075,61.2918],[-42.8559,61.3373],[-42.9321,61.3413],[-42.9676,61.3382],[-43.2095,61.3516],[-43.2481,61.3413],[-43.2205,61.3317],[-42.8861,61.3102],[-42.7751,61.2799],[-42.7751,61.2731],[-42.8063,61.2672],[-42.8472,61.2675],[-42.8845,61.2639],[-42.9054,61.2458],[-42.7956,61.2475],[-42.7716,61.256],[-42.7482,61.2683],[-42.72,61.2695],[-42.6652,61.2594],[-42.6584,61.2594],[-42.6608,61.2557],[-42.6652,61.2458],[-42.6488,61.2453],[-42.6404,61.2377],[-42.6333,61.2289],[-42.6206,61.2246],[-42.6033,61.223],[-42.5923,61.218],[-42.5842,61.2095],[-42.5758,61.1973],[-42.7329,61.1973],[-42.7397,61.195],[-42.7549,61.186],[-42.7609,61.1837],[-42.77,61.1844],[-42.7909,61.1898],[-42.8196,61.1936],[-42.8478,61.206],[-42.8639,61.211],[-42.9101,61.2161],[-42.9354,61.2151],[-42.9464,61.2076],[-42.9577,61.2043],[-43.1792,61.2185],[-43.1792,61.211],[-43.1427,61.2121],[-42.8695,61.1748],[-42.8334,61.1614],[-42.762,61.144],[-42.7438,61.1427],[-42.7344,61.1443],[-42.7166,61.1501],[-42.7062,61.1496],[-42.6981,61.1451],[-42.6953,61.1389],[-42.6944,61.133],[-42.6919,61.1291],[-42.6305,61.1086],[-42.6305,61.1011],[-42.7813,61.1086],[-42.8529,61.1225],[-42.8896,61.1243],[-42.9054,61.1116],[-42.9257,61.1042],[-43.171,61.1318],[-43.2065,61.1222],[-43.2245,61.1282],[-43.3024,61.1222],[-43.5163,61.1474],[-43.572,61.1452],[-43.6112,61.1291],[-43.5801,61.1192],[-43.5079,61.1257],[-43.4565,61.1153],[-43.4159,61.1171],[-43.4014,61.1116],[-43.3856,61.1035],[-43.3647,61.1005],[-43.1641,61.1094],[-43.1587,61.1086],[-43.154,61.1052],[-43.1504,61.0961],[-43.1478,61.0943],[-43.0966,61.0943],[-43.1034,61.1011],[-43.0771,61.0919],[-43.0152,61.0886],[-42.9874,61.0812],[-42.9997,61.064],[-43.0063,61.0583],[-43.0147,61.0539],[-42.9913,61.0543],[-42.9413,61.0698],[-42.915,61.0738],[-42.8635,61.0715],[-42.8428,61.0657],[-42.8229,61.0539],[-42.8036,61.0646],[-42.7699,61.0704],[-42.7336,61.0695],[-42.7062,61.0601],[-42.7233,61.0554],[-42.7416,61.0549],[-42.7577,61.052],[-42.7683,61.0403],[-42.748,61.036],[-42.7054,61.0366],[-42.6857,61.0329],[-42.6725,61.0251],[-42.6688,61.017],[-42.675,61.01],[-42.6919,61.0056],[-42.6919,60.9993],[-42.6667,60.9987],[-42.6584,60.9993],[-42.6977,60.9826],[-42.7374,60.9999],[-42.7733,61.022],[-42.8018,61.0198],[-42.8072,61.0109],[-42.8059,61.0031],[-42.8002,60.996],[-42.7919,60.9888],[-42.7867,60.9795],[-42.7909,60.9709],[-42.798,60.9627],[-42.8018,60.9543],[-42.792,60.9476],[-42.7267,60.9304],[-42.9799,60.8957],[-42.9799,60.8895],[-43.0275,60.8816],[-43.2099,60.9168],[-43.2999,60.9199],[-43.4294,60.9474],[-43.4631,60.9509],[-43.477,60.9484],[-43.4818,60.9416],[-43.4808,60.9199],[-43.4773,60.9108],[-43.4686,60.9106],[-43.4574,60.9144],[-43.4464,60.9168],[-43.1339,60.8808],[-43.1034,60.8616],[-43.1121,60.8599],[-43.1175,60.8581],[-43.1212,60.8545],[-43.1246,60.8479],[-43.0931,60.8572],[-43.0609,60.8586],[-42.8851,60.8454],[-42.857,60.8349],[-42.8639,60.8274],[-42.8489,60.8218],[-42.8341,60.8232],[-42.8187,60.8268],[-42.8071,60.8272],[-42.7861,60.8245],[-42.7858,60.815],[-42.8011,60.8048],[-42.826,60.8001],[-42.9216,60.7927],[-43.1246,60.8274],[-43.5038,60.8482],[-43.528,60.841],[-43.5172,60.8334],[-43.5064,60.8298],[-43.4116,60.8274],[-43.397,60.8251],[-43.3662,60.8154],[-43.3502,60.8131],[-43.2965,60.812],[-43.2816,60.807],[-43.274,60.8],[-43.2723,60.7932],[-43.2738,60.7882],[-43.2754,60.7864],[-43.2631,60.7814],[-43.249,60.7798],[-43.235,60.7822],[-43.2233,60.7895],[-43.2003,60.7974],[-43.0898,60.8001],[-42.9734,60.7864],[-42.9609,60.7834],[-42.9284,60.7665],[-42.8563,60.7564],[-42.8229,60.7448],[-42.8065,60.7451],[-42.7955,60.7476],[-42.7854,60.7463],[-42.7716,60.7349],[-42.779,60.7263],[-42.8365,60.684],[-42.8796,60.6635],[-42.9327,60.6508],[-42.9873,60.6486],[-43.061,60.6664],[-43.2754,60.6766],[-43.2611,60.6611],[-43.2413,60.6562],[-43.1996,60.6567],[-42.9054,60.6213],[-42.9054,60.6287],[-42.9247,60.6356],[-42.9247,60.6431],[-42.9001,60.6499],[-42.8521,60.6718],[-42.8235,60.6787],[-42.8036,60.6881],[-42.7919,60.6902],[-42.7472,60.6902],[-42.7671,60.6762],[-42.8187,60.6511],[-42.8291,60.6394],[-42.824,60.6188],[-42.8263,60.6113],[-42.8882,60.6018],[-43.1444,60.6083],[-43.1444,60.6015],[-43.107,60.592],[-42.9806,60.5941],[-42.8658,60.5795],[-42.8291,60.5804],[-42.8472,60.5679],[-42.8679,60.5677],[-42.8899,60.5723],[-42.9116,60.5742],[-42.9283,60.569],[-42.9601,60.5508],[-42.9768,60.5468],[-43.1444,60.5468],[-43.1269,60.5294],[-43.0943,60.5237],[-43.0284,60.5258],[-43.0445,60.5079],[-43.0751,60.5026],[-43.1095,60.5063],[-43.1698,60.5281],[-43.1859,60.5377],[-43.1929,60.55],[-43.2003,60.5533],[-43.2348,60.5443],[-43.2444,60.5432],[-43.2731,60.5574],[-43.3011,60.5575],[-43.3085,60.546],[-43.2754,60.5258],[-43.1644,60.4957],[-43.1444,60.478],[-43.2274,60.4709],[-43.5143,60.5343],[-43.5443,60.5447],[-43.5688,60.5604],[-43.6427,60.6267],[-43.6664,60.655],[-43.6658,60.6766],[-43.6686,60.6895],[-43.6759,60.7104],[-43.6892,60.7237],[-43.7102,60.7147],[-43.7125,60.6971],[-43.7024,60.6723],[-43.6883,60.6491],[-43.6266,60.57],[-43.6208,60.5599],[-43.6589,60.553],[-43.6765,60.555],[-43.7097,60.5642],[-44.0843,60.5936],[-44.1077,60.6049],[-44.1441,60.6392],[-44.1702,60.6516],[-44.1927,60.6431],[-44.1864,60.6287],[-44.1653,60.6153],[-44.1598,60.6054],[-44.2002,60.6015],[-44.1639,60.5759],[-44.0257,60.5723],[-43.9736,60.5636],[-43.9448,60.5539],[-43.8799,60.5465],[-43.8502,60.5394],[-43.8295,60.5266],[-43.817,60.5104],[-43.8074,60.4933],[-43.7955,60.478],[-43.7955,60.4711],[-43.8258,60.4545],[-43.8371,60.4506],[-43.8048,60.4428],[-43.7856,60.4521],[-43.7817,60.4726],[-43.7955,60.4984],[-43.7696,60.5233],[-43.7253,60.5255],[-43.4276,60.4831],[-43.3373,60.4589],[-43.3278,60.4542],[-43.3194,60.4472],[-43.3154,60.4375],[-43.3229,60.4333],[-43.343,60.4308],[-43.4663,60.3948],[-43.4871,60.3824],[-43.4777,60.3808],[-43.4718,60.3784],[-43.4598,60.3681],[-43.54,60.3493],[-43.5689,60.332],[-43.5818,60.3273],[-43.5927,60.3218],[-43.5968,60.3135],[-43.5911,60.3065],[-43.5794,60.3099],[-43.566,60.317],[-43.5556,60.321],[-43.53,60.3254],[-43.4529,60.355],[-43.4256,60.3545],[-43.383,60.3371],[-43.3573,60.3339],[-43.3659,60.3426],[-43.3851,60.3549],[-43.3914,60.3613],[-43.3989,60.3734],[-43.3995,60.3767],[-43.3944,60.3775],[-43.3663,60.3912],[-43.3141,60.401],[-43.1753,60.4001],[-43.1738,60.3954],[-43.1886,60.3907],[-43.2133,60.3886],[-43.1549,60.3681],[-43.151,60.3661],[-43.1542,60.3616],[-43.1612,60.3571],[-43.1686,60.355],[-43.2065,60.355],[-43.3245,60.3804],[-43.3573,60.3756],[-43.3283,60.351],[-43.3194,60.3476],[-43.3068,60.3497],[-43.2949,60.3535],[-43.2825,60.3554],[-43.1655,60.3135],[-43.1511,60.327],[-43.137,60.3271],[-43.1034,60.3135],[-43.1155,60.2972],[-43.1322,60.2866],[-43.1534,60.2807],[-43.1792,60.2787],[-43.111,60.2659],[-43.0898,60.2589],[-43.0992,60.2437],[-43.1122,60.2394],[-43.2089,60.2509],[-43.2263,60.2589],[-43.2506,60.2449],[-43.3041,60.2294],[-43.33,60.2172],[-43.2862,60.212],[-43.1568,60.215],[-43.1246,60.1968],[-43.1356,60.1977],[-43.1462,60.1973],[-43.1563,60.1951],[-43.1655,60.1906],[-43.1245,60.1831],[-43.1103,60.1837],[-43.1186,60.1726],[-43.1236,60.1672],[-43.1308,60.1627],[-43.1103,60.1558],[-43.137,60.1485],[-43.1611,60.1552],[-43.1839,60.1658],[-43.2065,60.1701],[-43.2065,60.1627],[-43.1958,60.1547],[-43.1939,60.1467],[-43.2,60.1399],[-43.2133,60.1353],[-43.197,60.1341],[-43.1689,60.1242],[-43.1549,60.1216],[-43.1471,60.1239],[-43.14,60.1284],[-43.1308,60.1313],[-43.1171,60.1291],[-43.1062,60.1224],[-43.0934,60.1106],[-43.0881,60.0994],[-43.1,60.0944],[-43.113,60.0925],[-43.1287,60.0835],[-43.1382,60.0808],[-43.1634,60.0815],[-43.2481,60.0944],[-43.3093,60.0956],[-43.3397,60.1015],[-43.3635,60.1148],[-43.3887,60.1078],[-43.4871,60.1353],[-43.5545,60.1342],[-43.5889,60.1384],[-43.6037,60.1527],[-43.6061,60.1628],[-43.6119,60.175],[-43.6186,60.1856],[-43.6243,60.1906],[-43.6426,60.1914],[-43.648,60.1843],[-43.6446,60.1663],[-43.6606,60.1543],[-43.697,60.1561],[-43.762,60.1701],[-43.7811,60.1623],[-43.8069,60.1604],[-43.9404,60.1745],[-43.9906,60.1909],[-44.1418,60.1837],[-44.1558,60.1794],[-44.1659,60.1732],[-44.1717,60.1755],[-44.1729,60.1968],[-44.168,60.2114],[-44.1571,60.2231],[-44.1437,60.232],[-43.9947,60.3066],[-43.9947,60.3135],[-44.042,60.3126],[-44.0545,60.3203],[-44.0636,60.3414],[-44.0638,60.3494],[-44.0614,60.3554],[-44.061,60.362],[-44.0668,60.3718],[-44.0776,60.3817],[-44.0894,60.387],[-44.1008,60.3874],[-44.1108,60.3824],[-44.0871,60.3501],[-44.0829,60.3414],[-44.086,60.3332],[-44.0928,60.3215],[-44.0973,60.3112],[-44.0937,60.3066],[-44.0836,60.3023],[-44.0871,60.2927],[-44.0983,60.283],[-44.1114,60.2787],[-44.1239,60.2761],[-44.1371,60.2695],[-44.1495,60.2607],[-44.1593,60.2514],[-44.178,60.279],[-44.2124,60.3121],[-44.2489,60.3354],[-44.2746,60.3339],[-44.2665,60.3173],[-44.2306,60.2824],[-44.2241,60.2687],[-44.2209,60.2493],[-44.2242,60.2322],[-44.2374,60.2247],[-44.3055,60.2375],[-44.3169,60.2383],[-44.3154,60.2247],[-44.2975,60.2126],[-44.2616,60.1968],[-44.2616,60.1906],[-44.2908,60.1662],[-44.3086,60.1556],[-44.3299,60.1496],[-44.3528,60.1494],[-44.4014,60.1555],[-44.4261,60.1558],[-44.4578,60.1456],[-44.4813,60.1237],[-44.4961,60.0948],[-44.5012,60.0633],[-44.5155,60.0388],[-44.5495,60.01],[-44.5902,59.9891],[-44.6244,59.9879],[-44.6572,60.0032],[-44.6683,60.0156],[-44.6725,60.036],[-44.6655,60.0889],[-44.6657,60.1074],[-44.6876,60.1003],[-44.7027,60.0898],[-44.7113,60.0744],[-44.7141,60.0528],[-44.7127,60.024],[-44.7142,60.0073],[-44.7266,59.9995],[-44.7582,59.9975],[-44.7781,60.0031],[-44.8019,60.0166],[-44.8219,60.0336],[-44.8375,60.0649],[-44.8542,60.087],[-44.8728,60.1068],[-44.8854,60.1148],[-44.8789,60.1244],[-44.8445,60.1496],[-44.8717,60.1539],[-44.8982,60.1452],[-44.9184,60.1274],[-44.9264,60.1043],[-44.9097,60.084],[-44.8454,60.0412],[-44.8445,60.0193],[-44.8677,60.0358],[-44.9425,60.0316],[-44.9748,60.0397],[-44.963,60.0524],[-44.9537,60.0665],[-44.969,60.0726],[-44.9748,60.0739],[-44.9748,60.0808],[-44.9681,60.0782],[-44.9469,60.0739],[-44.9549,60.0831],[-44.9703,60.0909],[-45.0204,60.1057],[-45.0394,60.1074],[-45.0492,60.1054],[-45.0544,60.1009],[-45.0572,60.0964],[-45.0599,60.0944],[-45.0675,60.0964],[-45.0901,60.1054],[-45.1011,60.1074],[-45.1158,60.1034],[-45.1148,60.0945],[-45.1042,60.0854],[-45.0902,60.0808],[-45.1098,60.0705],[-45.1292,60.0707],[-45.1728,60.0876],[-45.159,60.1039],[-45.0704,60.1353],[-45.0901,60.147],[-45.081,60.1556],[-45.058,60.1609],[-44.9338,60.1732],[-44.9086,60.1813],[-44.7551,60.2043],[-44.7615,60.2184],[-44.772,60.2216],[-44.7994,60.2172],[-44.8089,60.214],[-44.8183,60.2082],[-44.8277,60.2053],[-44.837,60.2111],[-44.8371,60.2174],[-44.8324,60.2251],[-44.8163,60.2448],[-44.7421,60.2741],[-44.7362,60.28],[-44.7346,60.2998],[-44.7297,60.3151],[-44.7224,60.3284],[-44.7108,60.3378],[-44.6933,60.3414],[-44.6287,60.3746],[-44.6173,60.3854],[-44.6102,60.4108],[-44.5909,60.4332],[-44.5629,60.4481],[-44.5292,60.4506],[-44.5325,60.4551],[-44.5345,60.4585],[-44.5372,60.4615],[-44.5428,60.4649],[-44.5124,60.4752],[-44.5013,60.4819],[-44.5012,60.4923],[-44.4923,60.4989],[-44.4664,60.5258],[-44.4726,60.5372],[-44.4741,60.5486],[-44.4718,60.559],[-44.4664,60.5673],[-44.5255,60.4984],[-44.5536,60.4936],[-44.5775,60.4809],[-44.6173,60.4438],[-44.6416,60.4095],[-44.6586,60.3906],[-44.6763,60.3824],[-44.701,60.3773],[-44.7294,60.3642],[-44.756,60.3464],[-44.7755,60.3271],[-44.7974,60.2979],[-44.8135,60.2893],[-44.8407,60.2862],[-44.8592,60.2784],[-44.8677,60.2603],[-44.8721,60.2397],[-44.8786,60.2247],[-44.8963,60.2143],[-44.9501,60.1991],[-44.9711,60.1968],[-45.0572,60.2023],[-45.0841,60.1968],[-45.1138,60.1767],[-45.1431,60.1505],[-45.1738,60.1336],[-45.2076,60.1422],[-45.1981,60.1554],[-45.1719,60.1719],[-45.1592,60.1837],[-45.1794,60.1804],[-45.1976,60.1739],[-45.2069,60.1756],[-45.2002,60.1968],[-45.1873,60.2126],[-45.1431,60.2512],[-45.1288,60.2589],[-45.1156,60.2631],[-45.0924,60.2819],[-45.0806,60.2862],[-45.0687,60.2878],[-45.0038,60.3118],[-44.9515,60.3199],[-44.9264,60.3271],[-44.942,60.3465],[-44.9398,60.3646],[-44.9265,60.3819],[-44.909,60.3991],[-44.9034,60.4077],[-44.8979,60.4271],[-44.8922,60.437],[-44.8837,60.4453],[-44.8711,60.455],[-44.8445,60.4711],[-44.8445,60.478],[-44.8909,60.4682],[-44.9403,60.4649],[-44.9532,60.4706],[-44.9389,60.4836],[-44.8165,60.5565],[-44.8124,60.565],[-44.8025,60.5703],[-44.7911,60.5747],[-44.7824,60.5804],[-44.7763,60.5905],[-44.7684,60.6116],[-44.7613,60.6213],[-44.7724,60.6562],[-44.7268,60.6872],[-44.6247,60.7311],[-44.6241,60.736],[-44.6254,60.7375],[-44.6282,60.7377],[-44.6316,60.7387],[-44.639,60.7387],[-44.7153,60.7238],[-44.7272,60.7147],[-44.7411,60.6948],[-44.8026,60.6845],[-44.8165,60.6732],[-44.8275,60.6394],[-44.8445,60.6015],[-44.8581,60.5866],[-44.878,60.5692],[-45.0004,60.4907],[-45.0439,60.4723],[-45.1431,60.4587],[-45.1871,60.4438],[-45.2142,60.439],[-45.2395,60.442],[-45.2624,60.4511],[-45.2827,60.4649],[-45.2674,60.4717],[-45.2485,60.478],[-45.2485,60.4854],[-45.2672,60.4944],[-45.2601,60.5049],[-45.244,60.5148],[-45.2349,60.5224],[-45.2304,60.5393],[-45.2189,60.5561],[-45.2034,60.569],[-45.1868,60.5742],[-45.1636,60.5863],[-45.083,60.644],[-45.063,60.6629],[-45.0919,60.6561],[-45.1728,60.6213],[-45.2018,60.6339],[-45.2107,60.6356],[-45.2225,60.6334],[-45.2346,60.6285],[-45.24,60.6236],[-45.2139,60.6151],[-45.2112,60.6007],[-45.2178,60.5848],[-45.2281,60.5742],[-45.2435,60.5852],[-45.255,60.5916],[-45.2652,60.591],[-45.2765,60.5804],[-45.2764,60.5765],[-45.2751,60.57],[-45.276,60.5619],[-45.2827,60.553],[-45.2901,60.5497],[-45.3175,60.5411],[-45.3503,60.5351],[-45.3937,60.5163],[-45.4366,60.5098],[-45.4956,60.4923],[-45.4836,60.5056],[-45.4606,60.5212],[-45.4353,60.534],[-45.4164,60.5394],[-45.3981,60.5485],[-45.3873,60.5693],[-45.3798,60.5925],[-45.3714,60.6083],[-45.3257,60.6347],[-45.1666,60.6766],[-45.129,60.7021],[-45.1139,60.7179],[-45.1219,60.725],[-45.1459,60.72],[-45.2137,60.684],[-45.2384,60.6783],[-45.307,60.6766],[-45.3143,60.6868],[-45.3142,60.7078],[-45.3214,60.7254],[-45.3509,60.725],[-45.3744,60.7086],[-45.3729,60.6882],[-45.3655,60.6672],[-45.3714,60.6492],[-45.3964,60.6402],[-45.4277,60.6364],[-45.4552,60.6287],[-45.4679,60.6088],[-45.4664,60.5821],[-45.4683,60.5742],[-45.4775,60.5666],[-45.4827,60.5723],[-45.4855,60.5823],[-45.4881,60.5878],[-45.5027,60.5877],[-45.5088,60.584],[-45.5155,60.5673],[-45.5163,60.5627],[-45.5146,60.5516],[-45.5155,60.5468],[-45.5189,60.5422],[-45.5268,60.536],[-45.5382,60.5242],[-45.5566,60.5125],[-45.5638,60.5058],[-45.5669,60.4959],[-45.5673,60.4848],[-45.5709,60.4755],[-45.5837,60.4711],[-45.5931,60.4747],[-45.5961,60.4843],[-45.5964,60.4959],[-45.598,60.5058],[-45.6042,60.5112],[-45.6137,60.5214],[-45.6136,60.5307],[-45.5912,60.5332],[-45.5912,60.5394],[-45.6091,60.5373],[-45.6422,60.5279],[-45.6561,60.5258],[-45.6744,60.5305],[-45.6652,60.5409],[-45.6223,60.5623],[-45.6079,60.5626],[-45.5962,60.5659],[-45.5912,60.5804],[-45.5959,60.5884],[-45.6074,60.5955],[-45.6211,60.6003],[-45.6322,60.6015],[-45.6225,60.5878],[-45.6255,60.577],[-45.6377,60.5699],[-45.6907,60.5658],[-45.701,60.5673],[-45.7085,60.5718],[-45.7232,60.585],[-45.7314,60.5878],[-45.7298,60.5927],[-45.6799,60.6213],[-45.6481,60.63],[-45.6338,60.6371],[-45.6247,60.6492],[-45.678,60.6414],[-45.6874,60.6431],[-45.6874,60.6356],[-45.7545,60.6345],[-45.7708,60.6318],[-45.7854,60.6249],[-45.8004,60.6117],[-45.8102,60.5961],[-45.8079,60.5861],[-45.8011,60.577],[-45.7972,60.5636],[-45.8028,60.551],[-45.8151,60.5538],[-45.8269,60.5623],[-45.8314,60.5673],[-45.8475,60.5659],[-45.8523,60.5605],[-45.8533,60.5515],[-45.858,60.5394],[-45.8671,60.5225],[-45.8717,60.5189],[-45.8811,60.5184],[-45.889,60.5236],[-45.8926,60.53],[-45.883,60.5388],[-45.8905,60.5512],[-45.9095,60.5707],[-45.9245,60.5765],[-45.9647,60.5764],[-45.9816,60.5804],[-45.9088,60.6051],[-45.8928,60.6151],[-45.8816,60.6145],[-45.8434,60.6266],[-45.8072,60.6331],[-45.7656,60.6523],[-45.7454,60.6567],[-45.7027,60.6608],[-45.6557,60.6715],[-45.6114,60.6867],[-45.5775,60.7039],[-45.608,60.7115],[-45.6427,60.7008],[-45.678,60.6848],[-45.7106,60.6766],[-45.7855,60.6773],[-45.8231,60.6833],[-45.858,60.6977],[-45.8402,60.704],[-45.8019,60.7012],[-45.7829,60.7039],[-45.7673,60.7117],[-45.7375,60.7313],[-45.7215,60.7387],[-45.5775,60.7665],[-45.5775,60.7728],[-45.611,60.7719],[-45.6233,60.7737],[-45.6247,60.7796],[-45.628,60.7836],[-45.6237,60.7866],[-45.5815,60.7994],[-45.5741,60.8001],[-45.5541,60.8046],[-45.5389,60.8157],[-45.5251,60.8293],[-45.5093,60.841],[-45.4933,60.8457],[-45.4582,60.85],[-45.4437,60.8581],[-45.4198,60.882],[-45.4134,60.8843],[-45.3956,60.8887],[-45.3888,60.8926],[-45.3766,60.8979],[-45.306,60.9045],[-45.2588,60.9025],[-45.255,60.9079],[-45.2642,60.9199],[-45.28,60.9318],[-45.2963,60.9372],[-45.3144,60.9333],[-45.331,60.926],[-45.3473,60.9226],[-45.3646,60.9304],[-45.3415,60.9423],[-45.3339,60.9478],[-45.3309,60.9557],[-45.3297,60.9685],[-45.3306,60.9804],[-45.3339,60.9857],[-45.3554,60.9923],[-45.3749,61.0045],[-45.3954,61.0106],[-45.4198,60.9993],[-45.4149,60.9907],[-45.4092,60.9849],[-45.3956,60.9748],[-45.3879,60.9631],[-45.3938,60.9569],[-45.4058,60.9529],[-45.4164,60.9478],[-45.4316,60.936],[-45.47,60.9154],[-45.4881,60.91],[-45.4867,60.8896],[-45.5089,60.8726],[-45.6799,60.7927],[-45.701,60.777],[-45.7134,60.77],[-45.7283,60.7665],[-45.7742,60.7634],[-45.8187,60.7518],[-45.8474,60.7499],[-45.8749,60.756],[-45.8996,60.7728],[-45.8859,60.7807],[-45.8314,60.8001],[-45.7958,60.8181],[-45.7779,60.824],[-45.7563,60.8274],[-45.773,60.8433],[-45.8024,60.8489],[-45.8702,60.8474],[-45.8779,60.8461],[-45.8928,60.841],[-45.9169,60.8295],[-45.9285,60.8278],[-45.9407,60.8349],[-45.9337,60.8349],[-45.9337,60.841],[-45.9558,60.8365],[-45.9805,60.8222],[-46.0006,60.8029],[-46.0089,60.783],[-46.0089,60.7417],[-46.016,60.7326],[-46.0321,60.7281],[-46.0496,60.7254],[-46.0607,60.7216],[-46.1597,60.7311],[-46.1811,60.7366],[-46.2051,60.7466],[-46.2201,60.7611],[-46.215,60.7796],[-46.1758,60.7916],[-46.0604,60.797],[-46.0105,60.8391],[-45.8898,60.8737],[-45.8512,60.8957],[-45.8665,60.9001],[-45.8851,60.8966],[-45.9577,60.8684],[-45.9673,60.8705],[-45.9725,60.8752],[-45.9753,60.8799],[-45.9781,60.882],[-45.9887,60.8829],[-45.9931,60.8837],[-45.9978,60.8822],[-46.0089,60.8758],[-46.0143,60.8703],[-46.0211,60.8572],[-46.0914,60.8205],[-46.1079,60.8275],[-46.1161,60.8246],[-46.1206,60.8179],[-46.1256,60.8131],[-46.1554,60.8082],[-46.1874,60.807],[-46.1949,60.8113],[-46.1879,60.8209],[-46.1744,60.8305],[-46.1632,60.8349],[-46.1506,60.8371],[-45.8854,60.9304],[-45.5102,60.9822],[-45.4683,61.0056],[-45.4646,61.0109],[-45.4581,61.0269],[-45.4546,61.0329],[-45.443,61.0432],[-45.4313,61.0497],[-45.4183,61.053],[-45.4027,61.0539],[-45.3776,61.0602],[-45.3271,61.088],[-45.3,61.0943],[-45.2913,61.0952],[-45.2662,61.101],[-45.2588,61.1049],[-45.2543,61.1161],[-45.2574,61.1273],[-45.2621,61.1384],[-45.2622,61.1496],[-45.2456,61.1642],[-45.2198,61.1782],[-45.2032,61.1933],[-45.2137,61.211],[-45.2485,61.1911],[-45.2817,61.1601],[-45.2929,61.1557],[-45.308,61.1463],[-45.3427,61.1046],[-45.3646,61.0943],[-45.3811,61.1012],[-45.404,61.1181],[-45.4242,61.1376],[-45.4329,61.1527],[-45.4351,61.1585],[-45.4401,61.1614],[-45.4449,61.1634],[-45.4471,61.1666],[-45.4449,61.1727],[-45.4351,61.1816],[-45.4329,61.1874],[-45.4374,61.1982],[-45.4484,61.2058],[-45.4745,61.2185],[-45.505,61.2465],[-45.5128,61.2476],[-45.5155,61.2283],[-45.5117,61.2204],[-45.5054,61.2147],[-45.5032,61.2073],[-45.5206,61.1824],[-45.5211,61.1719],[-45.5163,61.1616],[-45.4908,61.1248],[-45.4881,61.1147],[-45.4869,61.113],[-45.4845,61.1119],[-45.484,61.1088],[-45.4881,61.1011],[-45.4921,61.1004],[-45.543,61.0793],[-45.6185,61.0198],[-45.6446,61.0068],[-45.7769,60.9605],[-45.7898,60.9577],[-45.8056,60.9594],[-45.8265,60.9691],[-45.8413,60.9714],[-45.9641,60.9289],[-46.0328,60.9139],[-46.0703,60.9372],[-46.0446,60.938],[-46.0362,60.9372],[-46.049,60.9477],[-46.0644,60.9516],[-46.0795,60.9534],[-46.0914,60.9577],[-46.0991,60.9665],[-46.1003,60.9755],[-46.0926,60.9827],[-46.0429,60.9916],[-45.9481,61.0329],[-45.7773,61.0635],[-45.7396,61.064],[-45.7047,61.0688],[-45.6799,61.0881],[-45.734,61.0862],[-45.7633,61.0887],[-45.7761,61.0977],[-45.7643,61.1057],[-45.7027,61.1214],[-45.715,61.1258],[-45.7252,61.1335],[-45.7345,61.1427],[-45.717,61.147],[-45.6908,61.1487],[-45.6659,61.1474],[-45.6527,61.1427],[-45.6439,61.1444],[-45.6299,61.1421],[-45.6188,61.145],[-45.6185,61.1557],[-45.6302,61.1603],[-45.6942,61.17],[-45.726,61.1692],[-45.7373,61.1642],[-45.7526,61.1527],[-45.7633,61.1465],[-45.7723,61.1471],[-45.7808,61.1531],[-45.7898,61.1632],[-45.7757,61.1799],[-45.7859,61.1916],[-45.8287,61.2104],[-45.8683,61.2185],[-45.8723,61.2227],[-45.8696,61.2321],[-45.8629,61.2414],[-45.8451,61.2515],[-45.7972,61.2873],[-45.7783,61.2982],[-45.7357,61.3166],[-45.714,61.3209],[-45.714,61.3283],[-45.7672,61.3349],[-45.7908,61.3351],[-45.8171,61.3283],[-45.8649,61.3072],[-45.8865,61.2839],[-45.8891,61.2799],[-45.9232,61.2423],[-45.9384,61.2332],[-45.9552,61.233],[-46.0049,61.2431],[-46.0344,61.2614],[-46.0504,61.2656],[-46.0664,61.2643],[-46.1119,61.2526],[-46.1119,61.2458],[-46.0827,61.2425],[-46.0293,61.228],[-45.9879,61.2217],[-45.9717,61.2147],[-45.9603,61.2058],[-45.9611,61.1973],[-45.9316,61.1889],[-45.8954,61.1885],[-45.8614,61.184],[-45.8382,61.1632],[-45.8364,61.152],[-45.8403,61.1411],[-45.8498,61.1325],[-45.8649,61.1291],[-45.9542,61.1365],[-45.9487,61.1238],[-45.9385,61.1137],[-45.926,61.1061],[-45.9133,61.1011],[-45.9133,61.0943],[-46.003,61.0593],[-46.0328,61.0539],[-46.1058,61.0492],[-46.1437,61.0524],[-46.1739,61.0676],[-46.1676,61.083],[-46.1805,61.0887],[-46.2618,61.0891],[-46.2812,61.0851],[-46.2969,61.0738],[-46.2806,61.0693],[-46.2286,61.0676],[-46.2103,61.0617],[-46.1727,61.044],[-46.1494,61.0382],[-46.1361,61.0288],[-46.1168,61.0233],[-46.1222,61.0158],[-46.1392,61.0056],[-46.1576,60.9985],[-46.2022,60.9912],[-46.2267,60.977],[-46.2357,60.9789],[-46.2445,60.9832],[-46.2522,60.9857],[-46.257,60.9889],[-46.2551,60.9962],[-46.2484,61.0089],[-46.2513,61.0217],[-46.2589,61.0352],[-46.2701,61.0468],[-46.2838,61.0539],[-46.3081,61.0465],[-46.3174,61.0465],[-46.3251,61.0506],[-46.3419,61.0707],[-46.357,61.0797],[-46.3757,61.0847],[-46.413,61.0881],[-46.4064,61.081],[-46.3795,61.0601],[-46.3822,61.0474],[-46.3924,61.0408],[-46.4064,61.039],[-46.4204,61.0403],[-46.4443,61.0563],[-46.4565,61.0596],[-46.4613,61.0465],[-46.4547,61.0368],[-46.413,61.0124],[-46.4468,61.0008],[-46.4576,60.9993],[-46.4681,61.0025],[-46.4879,61.0167],[-46.4989,61.0198],[-46.5415,61.0255],[-46.5578,61.0221],[-46.578,61.0056],[-46.5516,60.9904],[-46.5442,60.9801],[-46.5502,60.9645],[-46.5441,60.9522],[-46.5586,60.956],[-46.5994,60.9767],[-46.6138,60.9867],[-46.6317,60.9926],[-46.6531,60.9857],[-46.6387,60.9748],[-46.5901,60.9304],[-46.578,60.91],[-46.5928,60.9145],[-46.6048,60.923],[-46.6265,60.9447],[-46.63,60.9308],[-46.6383,60.913],[-46.6516,60.9032],[-46.6705,60.9133],[-46.6872,60.9252],[-46.7302,60.9411],[-46.7494,60.9509],[-46.7441,60.9372],[-46.7324,60.9272],[-46.7171,60.9205],[-46.7009,60.9168],[-46.7009,60.91],[-46.7257,60.9143],[-46.7727,60.933],[-46.7971,60.9372],[-46.8865,60.9372],[-46.8708,60.9238],[-46.8055,60.9186],[-46.7798,60.9062],[-46.7609,60.9],[-46.7306,60.8941],[-46.7103,60.8867],[-46.7214,60.8758],[-46.72,60.8563],[-46.7466,60.8428],[-46.8108,60.8274],[-46.8247,60.8207],[-46.8511,60.8036],[-46.8623,60.8001],[-46.9412,60.8001],[-46.9412,60.807],[-46.9088,60.815],[-46.8945,60.8226],[-46.8865,60.8349],[-46.9499,60.822],[-46.9781,60.8201],[-46.9691,60.8349],[-46.8885,60.8578],[-46.8456,60.882],[-46.8965,60.8758],[-46.9327,60.8619],[-46.9515,60.8677],[-46.9617,60.8684],[-46.9824,60.8579],[-47.0014,60.8432],[-47.0211,60.8343],[-47.0436,60.841],[-47.0399,60.8428],[-47.0392,60.8432],[-47.0392,60.8442],[-47.0373,60.8479],[-47.0565,60.8608],[-47.0442,60.8791],[-47.0172,60.8955],[-46.9676,60.9074],[-46.9327,60.9277],[-46.9139,60.9304],[-46.9435,60.9584],[-46.9916,60.9528],[-47.042,60.9396],[-47.0784,60.9447],[-47.0633,60.9511],[-47.022,60.9626],[-47.0026,60.9645],[-47.0299,60.9748],[-47.0827,60.9671],[-47.1739,60.9372],[-47.2074,60.9121],[-47.2273,60.9003],[-47.249,60.8957],[-47.2625,60.8969],[-47.2678,60.9004],[-47.2706,60.9068],[-47.2851,60.9309],[-47.289,60.9396],[-47.2906,60.9478],[-47.3004,60.9611],[-47.3222,60.9551],[-47.3443,60.9421],[-47.3555,60.9338],[-47.3716,60.9296],[-47.4533,60.9389],[-47.4582,60.9414],[-47.4634,60.9409],[-47.4722,60.9338],[-47.4807,60.9291],[-47.4932,60.9257],[-47.5255,60.9216],[-47.5375,60.9177],[-47.5467,60.9123],[-47.5472,60.9062],[-47.5378,60.9022],[-47.5233,60.9013],[-47.4967,60.9025],[-47.5272,60.8918],[-47.5574,60.8929],[-47.6591,60.9107],[-47.6854,60.8994],[-47.7065,60.8964],[-47.728,60.8975],[-47.7437,60.9025],[-47.7363,60.9168],[-47.7528,60.9155],[-47.7799,60.8996],[-47.8074,60.8922],[-47.8591,60.8684],[-47.8262,60.866],[-47.753,60.883],[-47.722,60.8758],[-47.7545,60.8559],[-47.7629,60.8479],[-47.7344,60.8537],[-47.6769,60.872],[-47.65,60.8758],[-47.5302,60.8758],[-47.5184,60.8796],[-47.494,60.8922],[-47.483,60.8957],[-47.3602,60.8856],[-47.3312,60.8773],[-47.3247,60.8616],[-47.3428,60.8526],[-47.4383,60.8274],[-47.5256,60.8308],[-47.6171,60.8209],[-47.8053,60.8297],[-47.8433,60.839],[-47.9321,60.8417],[-47.9486,60.8479],[-47.9137,60.8758],[-47.9413,60.8826],[-47.9687,60.8757],[-47.9937,60.8609],[-48.0137,60.8444],[-48.038,60.83],[-48.0643,60.8254],[-48.1199,60.8274],[-48.135,60.8251],[-48.1662,60.8154],[-48.1813,60.8131],[-48.1954,60.8142],[-48.2197,60.8194],[-48.2328,60.8205],[-48.2427,60.8249],[-48.2412,60.8342],[-48.2321,60.8437],[-48.2084,60.8504],[-48.1683,60.8684],[-48.0812,60.8887],[-48.0285,60.9145],[-48.0206,60.9168],[-48.0087,60.9138],[-48.0,60.9],[-47.9895,60.8957],[-47.9713,60.9006],[-47.9437,60.9136],[-47.9186,60.929],[-47.9076,60.941],[-47.8926,60.9484],[-47.7537,60.9708],[-47.7352,60.9785],[-47.7363,60.9919],[-47.7015,61.0043],[-47.6885,61.0056],[-47.6885,61.0124],[-47.7164,61.017],[-47.8182,61.0056],[-47.8762,61.0056],[-47.8826,61.0077],[-47.8846,61.0093],[-47.8946,61.0174],[-47.9001,61.0198],[-47.9095,61.019],[-47.9244,61.0137],[-47.9315,61.0124],[-47.9376,61.0104],[-47.9455,61.0057],[-47.9585,60.9956],[-47.9663,60.9916],[-47.9763,60.9909],[-48.0035,60.993],[-48.0165,60.9985],[-48.0236,60.9993],[-48.0316,60.9968],[-48.0474,60.9876],[-48.055,60.9857],[-48.0582,60.9834],[-48.0598,60.9786],[-48.0624,60.9736],[-48.0683,60.9714],[-48.0779,60.9736],[-48.0933,60.9835],[-48.0994,60.9857],[-48.1144,60.9821],[-48.1439,60.9677],[-48.1608,60.9645],[-48.1574,60.9686],[-48.1551,60.9719],[-48.1522,60.975],[-48.1466,60.9782],[-48.1719,60.9879],[-48.2073,60.9945],[-48.271,60.9993],[-48.2958,60.9956],[-48.3468,60.98],[-48.3731,60.9782],[-48.4022,60.9865],[-48.3961,60.998],[-48.3708,61.008],[-48.2297,61.0266],[-48.2157,61.0246],[-48.1813,61.0124],[-48.1667,61.0106],[-48.1199,61.0124],[-48.1072,61.0156],[-48.0939,61.0297],[-48.0823,61.0329],[-48.0661,61.035],[-48.0343,61.0444],[-48.0174,61.0465],[-47.8834,61.0329],[-47.8537,61.0369],[-47.8385,61.0423],[-47.8319,61.0502],[-47.8352,61.0571],[-47.843,61.0673],[-47.8521,61.0767],[-47.8591,61.0812],[-47.8744,61.0788],[-47.8995,61.0624],[-47.9137,61.0601],[-47.9204,61.0643],[-47.9349,61.0881],[-47.8819,61.1074],[-47.8559,61.1221],[-47.8347,61.1542],[-47.7864,61.1769],[-47.7704,61.1911],[-47.7978,61.1879],[-47.8351,61.162],[-47.8669,61.1527],[-47.8708,61.1454],[-47.8732,61.1365],[-47.8796,61.1291],[-47.8922,61.124],[-47.985,61.1033],[-48.0345,61.1011],[-48.0466,61.0986],[-48.0734,61.0884],[-48.0857,61.0881],[-48.0954,61.0932],[-48.1094,61.1086],[-48.1199,61.1147],[-48.0745,61.1466],[-48.0497,61.1696],[-48.0516,61.1837],[-48.0661,61.1717],[-48.1015,61.1487],[-48.1375,61.1323],[-48.154,61.1396],[-48.1596,61.1542],[-48.173,61.1613],[-48.1888,61.1652],[-48.2018,61.17],[-48.2126,61.1791],[-48.2164,61.1862],[-48.2154,61.2008],[-48.2003,61.2103],[-48.1056,61.239],[-48.11,61.2487],[-48.113,61.2526],[-48.0994,61.2594],[-48.1042,61.2661],[-48.1096,61.2705],[-48.1168,61.2726],[-48.1267,61.2731],[-48.1267,61.2799],[-48.1111,61.2829],[-48.0879,61.2976],[-48.0788,61.301],[-48.0641,61.3024],[-48.0236,61.314],[-47.9342,61.3201],[-47.9137,61.3283],[-47.9608,61.3406],[-48.0167,61.3344],[-48.1199,61.3072],[-48.1282,61.321],[-48.147,61.3215],[-48.1658,61.3124],[-48.1745,61.2973],[-48.1764,61.2755],[-48.1821,61.2629],[-48.2055,61.2423],[-48.2176,61.2368],[-48.2438,61.2375],[-48.2564,61.2321],[-48.2663,61.2195],[-48.2816,61.1888],[-48.2911,61.1774],[-48.2718,61.1706],[-48.2154,61.1427],[-48.2367,61.1344],[-48.2912,61.1291],[-48.4072,61.134],[-48.4346,61.1427],[-48.431,61.1489],[-48.4325,61.1523],[-48.442,61.1557],[-48.442,61.1632],[-48.3708,61.1699],[-48.3048,61.1837],[-48.324,61.1904],[-48.3328,61.1911],[-48.3048,61.2042],[-48.3009,61.2122],[-48.2978,61.222],[-48.299,61.2272],[-48.3204,61.214],[-48.358,61.1999],[-48.3731,61.1973],[-48.3663,61.211],[-48.3949,61.2047],[-48.4501,61.1798],[-48.4829,61.1774],[-48.4806,61.1813],[-48.4761,61.1911],[-48.5116,61.1903],[-48.5289,61.192],[-48.5444,61.1973],[-48.5238,61.2151],[-48.5155,61.2252],[-48.5109,61.239],[-48.5272,61.236],[-48.5723,61.211],[-48.5679,61.2215],[-48.5572,61.239],[-48.558,61.2458],[-48.5235,61.2515],[-48.5069,61.259],[-48.4966,61.2731],[-48.5239,61.2728],[-48.5474,61.2646],[-48.586,61.239],[-48.607,61.2197],[-48.6191,61.2121],[-48.6332,61.211],[-48.6396,61.2149],[-48.6373,61.2294],[-48.6406,61.239],[-48.6097,61.2657],[-48.5811,61.2802],[-48.5489,61.2862],[-48.4366,61.2929],[-48.3992,61.3011],[-48.3799,61.314],[-48.4481,61.314],[-48.494,61.3017],[-48.5109,61.301],[-48.4877,61.3413],[-48.4861,61.3481],[-48.4486,61.3561],[-48.4271,61.3581],[-48.3981,61.3477],[-48.3529,61.3454],[-48.339,61.3481],[-48.3328,61.3581],[-48.3334,61.3697],[-48.3401,61.3758],[-48.3526,61.3693],[-48.3698,61.3725],[-48.5458,61.3813],[-48.5723,61.3891],[-48.5655,61.4028],[-48.5784,61.4009],[-48.6034,61.392],[-48.6133,61.3925],[-48.6273,61.3965],[-48.6747,61.3959],[-48.664,61.4088],[-48.6485,61.4232],[-48.6411,61.4361],[-48.6543,61.4443],[-48.6708,61.4393],[-48.7633,61.394],[-48.8173,61.38],[-48.8599,61.3782],[-48.8529,61.4028],[-48.8784,61.4049],[-48.8923,61.4042],[-48.9036,61.3979],[-48.9211,61.383],[-48.9353,61.3733],[-48.9525,61.3659],[-48.9713,61.3616],[-48.9901,61.3618],[-48.9901,61.3693],[-48.9606,61.3805],[-48.9521,61.3861],[-48.9385,61.3991],[-48.9395,61.4033],[-49.0449,61.3964],[-49.0658,61.4028],[-49.0532,61.408],[-49.0406,61.4101],[-49.014,61.4102],[-49.003,61.4134],[-48.9796,61.4275],[-48.9395,61.4341],[-48.8597,61.458],[-48.8307,61.4614],[-48.7464,61.458],[-48.724,61.4614],[-48.6774,61.4783],[-48.4871,61.5137],[-48.2579,61.5313],[-48.2297,61.5468],[-48.4761,61.5338],[-48.4498,61.5423],[-48.3663,61.5542],[-48.3443,61.5654],[-48.3306,61.5809],[-48.3293,61.5967],[-48.3458,61.6088],[-48.3679,61.6081],[-48.5312,61.5437],[-48.6937,61.5232],[-48.7627,61.504],[-48.8035,61.4858],[-48.8734,61.4862],[-48.901,61.4822],[-48.9268,61.4725],[-48.9897,61.458],[-49.0173,61.458],[-49.0124,61.4677],[-49.0048,61.4742],[-48.9949,61.4779],[-48.9833,61.4792],[-49.0061,61.4917],[-49.0393,61.4948],[-49.1033,61.4915],[-49.1135,61.496],[-49.1131,61.5062],[-49.1078,61.5169],[-49.1033,61.5231],[-49.0918,61.5289],[-49.0588,61.5335],[-49.0447,61.54],[-49.0616,61.5393],[-49.1129,61.5468],[-49.1297,61.5465],[-49.1756,61.54],[-49.2986,61.561],[-49.2832,61.5684],[-49.2389,61.5812],[-49.2228,61.5822],[-49.2474,61.588],[-49.257,61.5922],[-49.2638,61.6014],[-49.2411,61.6076],[-48.9502,61.5871],[-48.6903,61.6151],[-48.6232,61.6377],[-48.5922,61.6361],[-48.6185,61.6462],[-48.6418,61.6508],[-48.6644,61.6496],[-48.7367,61.6281],[-48.9833,61.6088],[-48.9833,61.6157],[-48.9595,61.6178],[-48.9474,61.6206],[-48.9382,61.6256],[-48.9332,61.6361],[-48.9412,61.642],[-48.9545,61.6431],[-48.9768,61.6351],[-49.0173,61.6361],[-49.0274,61.6326],[-49.0362,61.6276],[-49.0459,61.6235],[-49.0583,61.6225],[-49.0526,61.6284],[-49.0533,61.6324],[-49.0565,61.6374],[-49.0583,61.6461],[-49.0583,61.674],[-49.0615,61.682],[-49.0675,61.6841],[-49.0708,61.6872],[-49.0658,61.6977],[-49.0563,61.7048],[-49.0429,61.7083],[-49.0173,61.7112],[-48.9491,61.7337],[-48.9121,61.7385],[-48.8802,61.7255],[-48.9039,61.752],[-48.9044,61.765],[-48.8912,61.7752],[-48.874,61.7932],[-48.9062,61.7827],[-48.9675,61.7465],[-49.018,61.7349],[-49.0347,61.7281],[-49.0521,61.7241],[-49.0911,61.7332],[-49.1288,61.7267],[-49.1483,61.7255],[-49.1358,61.7388],[-49.116,61.7524],[-49.1019,61.7662],[-49.1068,61.7802],[-49.1195,61.7946],[-49.1216,61.8118],[-49.1092,61.8286],[-49.0857,61.8416],[-49.0548,61.8451],[-49.0211,61.8448],[-49.0027,61.8499],[-49.0173,61.8696],[-49.0021,61.8747],[-48.9628,61.8774],[-48.9451,61.8863],[-48.9392,61.8976],[-48.9331,61.915],[-48.9246,61.9309],[-48.9115,61.9378],[-48.904,61.9399],[-48.89,61.9494],[-48.8808,61.9515],[-48.8696,61.9524],[-48.8392,61.9583],[-48.7499,61.9583],[-48.7504,61.963],[-48.7518,61.9656],[-48.7573,61.9713],[-48.7499,61.9787],[-48.7842,61.9923],[-48.8213,61.993],[-48.9127,61.984],[-48.9459,61.9765],[-48.9807,61.9632],[-49.1669,61.8566],[-49.1892,61.8381],[-49.1975,61.8145],[-49.1819,61.787],[-49.1819,61.7802],[-49.1877,61.7699],[-49.1819,61.7597],[-49.1819,61.7522],[-49.2004,61.7354],[-49.2201,61.7241],[-49.2411,61.7202],[-49.2638,61.7255],[-49.2727,61.7307],[-49.2917,61.746],[-49.3075,61.753],[-49.3532,61.7665],[-49.2296,61.8764],[-49.2158,61.8835],[-49.1893,61.8912],[-49.1756,61.8969],[-49.1756,61.903],[-49.1973,61.906],[-49.2145,61.9063],[-49.2308,61.9035],[-49.2785,61.8848],[-49.288,61.8832],[-49.2921,61.8789],[-49.2912,61.8602],[-49.2951,61.8559],[-49.305,61.8494],[-49.3157,61.8354],[-49.3288,61.8213],[-49.3463,61.8149],[-49.3868,61.8129],[-49.4066,61.8144],[-49.4282,61.8211],[-49.4147,61.8279],[-49.4349,61.8474],[-49.4283,61.8594],[-49.3811,61.8764],[-49.3922,61.881],[-49.3988,61.883],[-49.4084,61.8832],[-49.4084,61.8894],[-49.3928,61.8946],[-49.3904,61.9044],[-49.3917,61.9154],[-49.3873,61.9241],[-49.3743,61.9277],[-49.3406,61.9277],[-49.3265,61.9304],[-49.3465,61.9381],[-49.3861,61.9323],[-49.4084,61.9378],[-49.3875,61.9467],[-49.341,61.9529],[-49.3076,61.9705],[-49.2886,61.9755],[-49.2501,61.9787],[-49.1614,61.9713],[-49.1435,61.9757],[-49.1136,61.9949],[-49.0659,62.0099],[-48.9923,62.053],[-48.973,62.0576],[-48.9598,62.0512],[-48.9392,62.0478],[-48.9013,62.0477],[-48.8842,62.0529],[-48.8538,62.0698],[-48.8392,62.0749],[-48.8392,62.0812],[-48.9249,62.0749],[-48.9485,62.0777],[-48.9934,62.0883],[-49.0173,62.0886],[-48.9796,62.1143],[-48.9686,62.1289],[-48.9833,62.1358],[-49.0077,62.1271],[-49.0538,62.0881],[-49.0795,62.0812],[-49.0958,62.1015],[-49.0734,62.1409],[-49.035,62.1813],[-49.003,62.2047],[-49.0311,62.2121],[-49.0677,62.2025],[-49.0994,62.1814],[-49.118,62.1457],[-49.1514,62.1057],[-49.1566,62.0922],[-49.154,62.0767],[-49.1495,62.0612],[-49.1483,62.0477],[-49.1691,62.0213],[-49.2056,62.0188],[-49.2466,62.0213],[-49.2809,62.0098],[-49.3104,61.9962],[-49.3559,61.9872],[-49.4025,61.9852],[-49.4357,61.9924],[-49.4185,61.9999],[-49.3959,62.0041],[-49.3532,62.0067],[-49.3639,62.0182],[-49.4044,62.0253],[-49.422,62.034],[-49.4007,62.0483],[-49.3924,62.0572],[-49.3873,62.0682],[-49.4152,62.0659],[-49.4403,62.0539],[-49.4621,62.036],[-49.4801,62.0163],[-49.5412,61.9993],[-49.5581,61.997],[-49.5899,61.9873],[-49.607,61.985],[-49.6385,61.9892],[-49.6753,62.0004],[-49.6935,62.0161],[-49.6691,62.034],[-49.6354,62.0353],[-49.5666,62.0189],[-49.5375,62.0266],[-49.6046,62.0485],[-49.6185,62.0576],[-49.5645,62.0634],[-49.5344,62.0728],[-49.5177,62.0749],[-49.4855,62.0727],[-49.4726,62.0762],[-49.463,62.0886],[-49.5121,62.0898],[-49.5363,62.087],[-49.5555,62.0781],[-49.5758,62.0729],[-49.6033,62.0762],[-49.6249,62.0845],[-49.6281,62.0949],[-49.6447,62.0961],[-49.6721,62.0948],[-49.6944,62.0989],[-49.6958,62.1166],[-49.6765,62.1237],[-49.6003,62.1245],[-49.3326,62.0812],[-49.3468,62.091],[-49.4282,62.1166],[-49.3265,62.1358],[-49.3144,62.1361],[-49.3033,62.1349],[-49.295,62.1369],[-49.2917,62.1467],[-49.2935,62.1531],[-49.2965,62.1594],[-49.2971,62.1671],[-49.2917,62.178],[-49.3133,62.1757],[-49.3345,62.1678],[-49.3532,62.1631],[-49.3674,62.1706],[-49.3624,62.1789],[-49.3602,62.189],[-49.3563,62.1984],[-49.3463,62.2047],[-49.3463,62.2116],[-49.3909,62.2092],[-49.4128,62.2022],[-49.422,62.1876],[-49.4303,62.1674],[-49.4503,62.1558],[-49.4747,62.1507],[-49.4966,62.1501],[-49.5615,62.1566],[-49.6105,62.156],[-49.6596,62.1499],[-49.6827,62.1501],[-49.6827,62.1575],[-49.6527,62.1622],[-49.6293,62.1684],[-49.6101,62.1792],[-49.5928,62.1978],[-49.594,62.1989],[-49.5905,62.2089],[-49.5839,62.2204],[-49.576,62.2258],[-49.5108,62.232],[-49.4691,62.2502],[-49.4562,62.2491],[-49.4299,62.2383],[-49.4015,62.232],[-49.369,62.2299],[-49.3406,62.2341],[-49.3151,62.246],[-49.2917,62.2668],[-49.303,62.2706],[-49.3123,62.2685],[-49.3215,62.2639],[-49.3326,62.26],[-49.3426,62.2586],[-49.4698,62.2668],[-49.5546,62.2497],[-49.5729,62.2525],[-49.5716,62.265],[-49.5411,62.2919],[-49.5412,62.3043],[-49.558,62.3065],[-49.5756,62.2927],[-49.5915,62.2753],[-49.6033,62.2668],[-49.6089,62.2646],[-49.6115,62.26],[-49.6126,62.2551],[-49.6138,62.2525],[-49.6201,62.2524],[-49.6317,62.2584],[-49.6378,62.26],[-49.6958,62.2668],[-49.795,62.26],[-49.8028,62.2585],[-49.8091,62.2546],[-49.8224,62.2426],[-49.8348,62.2396],[-49.8876,62.2457],[-49.8534,62.26],[-49.8595,62.2613],[-49.8733,62.2668],[-49.8597,62.2685],[-49.8332,62.2656],[-49.8187,62.2668],[-49.8102,62.2703],[-49.7845,62.2866],[-49.7884,62.2979],[-49.7953,62.3057],[-49.8053,62.3092],[-49.8187,62.3078],[-49.8219,62.2929],[-49.8458,62.2861],[-49.874,62.2858],[-49.891,62.2904],[-49.9014,62.3065],[-49.9039,62.3213],[-49.9012,62.3524],[-49.9086,62.3643],[-49.926,62.3509],[-49.9468,62.3288],[-49.9639,62.3146],[-49.9879,62.3135],[-50.0138,62.3204],[-50.0267,62.3312],[-50.0111,62.3419],[-50.0384,62.3624],[-50.0516,62.3658],[-50.08,62.3689],[-50.0933,62.3732],[-50.1228,62.3873],[-50.1308,62.3934],[-50.145,62.4018],[-50.1593,62.4028],[-50.1741,62.4018],[-50.1892,62.404],[-50.2015,62.4096],[-50.2069,62.4148],[-50.2104,62.4214],[-50.2318,62.4484],[-50.2476,62.462],[-50.3077,62.4913],[-50.3196,62.5058],[-50.3046,62.5146],[-50.2937,62.5314],[-50.2786,62.5684],[-50.2683,62.5832],[-50.2405,62.6093],[-50.2302,62.623],[-50.223,62.6453],[-50.221,62.6617],[-50.2134,62.676],[-50.1892,62.692],[-50.1656,62.6977],[-50.1363,62.7011],[-50.1147,62.7069],[-50.1141,62.7193],[-50.0858,62.7363],[-50.0758,62.7447],[-50.0657,62.7596],[-50.0536,62.7827],[-50.0467,62.7921],[-50.035,62.8046],[-50.0185,62.8128],[-49.9766,62.8183],[-49.9453,62.8338],[-49.897,62.8488],[-49.9059,62.85],[-49.9143,62.8525],[-49.9224,62.8558],[-49.9149,62.8671],[-49.9021,62.8766],[-49.8733,62.89],[-49.8733,62.8968],[-49.9169,62.8883],[-49.9589,62.8698],[-50.0384,62.8223],[-50.1033,62.799],[-50.1349,62.7785],[-50.1519,62.7777],[-50.1593,62.7878],[-50.1483,62.808],[-50.1966,62.808],[-50.1966,62.8012],[-50.1717,62.7815],[-50.1785,62.7664],[-50.2268,62.736],[-50.2456,62.7151],[-50.2558,62.7082],[-50.2718,62.7056],[-50.2831,62.7119],[-50.2887,62.725],[-50.2979,62.737],[-50.3196,62.7391],[-50.3113,62.7546],[-50.2684,62.7907],[-50.2659,62.7981],[-50.2646,62.8182],[-50.2616,62.8223],[-50.2521,62.8254],[-50.2468,62.8331],[-50.2445,62.8429],[-50.2438,62.8524],[-50.2353,62.8557],[-50.1824,62.8968],[-50.1615,62.9057],[-50.1618,62.9095],[-50.163,62.914],[-50.1619,62.9179],[-50.1426,62.9382],[-49.7987,63.0093],[-49.742,63.0319],[-49.7026,63.0613],[-49.7702,63.0665],[-49.8048,63.0643],[-49.8292,63.0513],[-49.8495,63.0373],[-50.0254,62.9768],[-50.1549,62.9679],[-50.1824,62.9588],[-50.2377,62.8934],[-50.243,62.8891],[-50.2547,62.8853],[-50.2665,62.8787],[-50.2718,62.8664],[-50.2744,62.8511],[-50.2816,62.8466],[-50.2926,62.8456],[-50.3065,62.8415],[-50.3243,62.8258],[-50.3355,62.8078],[-50.349,62.793],[-50.3739,62.7869],[-50.3897,62.7922],[-50.3804,62.8032],[-50.3627,62.8122],[-50.3531,62.8115],[-50.3561,62.8303],[-50.3642,62.8349],[-50.3755,62.8353],[-50.3884,62.8415],[-50.3922,62.8447],[-50.4015,62.8489],[-50.4015,62.8558],[-50.3672,62.8831],[-50.3667,62.89],[-50.3265,62.9323],[-50.319,62.9384],[-50.3031,62.9412],[-50.2858,62.9484],[-50.2699,62.9573],[-50.2582,62.9656],[-50.239,62.9873],[-50.2281,62.9962],[-50.2135,62.9998],[-50.175,63.0008],[-50.1584,63.0067],[-50.1483,63.0202],[-50.236,63.0456],[-50.2547,63.0441],[-50.2616,63.0333],[-50.2781,62.9931],[-50.2786,62.9793],[-50.3815,62.9496],[-50.4158,62.9452],[-50.469,62.9512],[-50.4803,62.9551],[-50.4936,62.9752],[-50.5028,62.9798],[-50.5176,62.9731],[-50.5148,62.9626],[-50.5233,62.962],[-50.5368,62.9678],[-50.5489,62.9762],[-50.563,62.9809],[-50.597,62.9746],[-50.6138,62.9793],[-50.4909,63.0141],[-50.4949,63.0224],[-50.4991,63.029],[-50.5043,63.0349],[-50.5113,63.0408],[-50.5128,63.0517],[-50.5246,63.0557],[-50.5383,63.0539],[-50.5524,63.0476],[-50.5477,63.0426],[-50.5393,63.0271],[-50.5578,63.0264],[-50.5775,63.029],[-50.5968,63.0339],[-50.6138,63.0408],[-50.6013,63.0535],[-50.5946,63.0581],[-50.5865,63.0613],[-50.5907,63.072],[-50.5951,63.08],[-50.6075,63.096],[-50.5911,63.0985],[-50.5458,63.096],[-50.5356,63.0976],[-50.5339,63.1014],[-50.5347,63.1059],[-50.5318,63.1097],[-50.5045,63.1234],[-50.472,63.1325],[-50.4394,63.1369],[-50.4267,63.1424],[-50.4233,63.1538],[-50.4306,63.1638],[-50.4499,63.1649],[-50.4499,63.1711],[-50.4002,63.1894],[-50.0594,63.2296],[-50.1055,63.2403],[-50.2991,63.2326],[-50.3522,63.2397],[-50.3605,63.236],[-50.3649,63.2249],[-50.3755,63.217],[-50.4286,63.1942],[-50.4583,63.1859],[-50.4886,63.1839],[-50.5176,63.1916],[-50.5176,63.1984],[-50.5136,63.1999],[-50.5045,63.2059],[-50.56,63.226],[-50.593,63.2303],[-50.6075,63.2158],[-50.62,63.2058],[-50.6783,63.2177],[-50.6964,63.2121],[-50.7819,63.2023],[-50.8025,63.195],[-50.8238,63.1782],[-50.8545,63.1614],[-50.8866,63.1484],[-50.9123,63.1432],[-50.9244,63.1467],[-50.931,63.1556],[-50.9323,63.1669],[-50.9291,63.1779],[-50.9196,63.186],[-50.8489,63.2167],[-50.8244,63.2241],[-50.8009,63.2341],[-50.7782,63.2531],[-50.8133,63.251],[-50.8574,63.2393],[-50.8989,63.2217],[-50.926,63.2021],[-50.9488,63.1805],[-50.9632,63.1708],[-50.9774,63.1649],[-51.0006,63.1647],[-51.0407,63.1806],[-51.0563,63.1848],[-51.0547,63.1922],[-51.0488,63.2087],[-51.0399,63.2252],[-51.029,63.2326],[-51.0194,63.2348],[-51.0038,63.2446],[-50.9943,63.2468],[-50.9866,63.2449],[-50.9791,63.241],[-50.9715,63.2382],[-50.9639,63.2394],[-50.9556,63.2507],[-50.973,63.257],[-51.015,63.2605],[-51.0308,63.2567],[-51.0428,63.2497],[-51.0556,63.2462],[-51.0737,63.2531],[-51.0622,63.2683],[-51.0453,63.2736],[-51.0253,63.2773],[-51.0048,63.2878],[-51.0229,63.2928],[-51.0707,63.2884],[-51.0908,63.2978],[-51.0983,63.3115],[-51.1011,63.3286],[-51.0978,63.3431],[-51.087,63.3493],[-50.8335,63.3567],[-50.8409,63.3567],[-50.4925,63.3719],[-50.4766,63.3759],[-50.473,63.379],[-50.4598,63.394],[-50.4521,63.3977],[-50.2786,63.4039],[-50.3354,63.4216],[-50.402,63.4255],[-50.4684,63.4178],[-50.5538,63.3923],[-50.7512,63.3869],[-50.7782,63.3759],[-50.7874,63.3929],[-50.8025,63.398],[-50.8211,63.3958],[-50.8409,63.3902],[-50.8503,63.3862],[-50.8578,63.3815],[-50.8662,63.3776],[-50.8778,63.3759],[-50.8905,63.3769],[-50.9229,63.3834],[-50.9648,63.3813],[-51.0077,63.3741],[-51.0494,63.3716],[-51.0873,63.3834],[-51.0615,63.397],[-51.0382,63.4192],[-51.0189,63.4458],[-51.0048,63.4728],[-51.0273,63.4735],[-51.0471,63.4705],[-51.0609,63.4593],[-51.0663,63.4349],[-51.0751,63.4197],[-51.0957,63.4003],[-51.1188,63.3835],[-51.1351,63.3759],[-51.1711,63.381],[-51.1662,63.3994],[-51.1466,63.4207],[-51.1383,63.4349],[-51.1638,63.4476],[-51.207,63.4286],[-51.2233,63.4449],[-51.1798,63.4631],[-51.1623,63.4743],[-51.1451,63.4895],[-51.1273,63.4956],[-51.0854,63.4859],[-51.07,63.4895],[-51.0565,63.4982],[-51.0392,63.5039],[-50.7947,63.5265],[-50.7627,63.5359],[-50.7441,63.5548],[-50.8075,63.5557],[-51.0553,63.5266],[-51.0737,63.5274],[-51.0931,63.5314],[-51.1027,63.5371],[-51.1178,63.5584],[-51.1338,63.5766],[-51.1457,63.595],[-51.1445,63.6131],[-51.1208,63.6304],[-51.1012,63.6215],[-51.0845,63.63],[-51.0698,63.6437],[-51.0563,63.6509],[-51.034,63.6478],[-50.9881,63.6336],[-50.9154,63.623],[-50.9112,63.62],[-50.9089,63.6116],[-50.9055,63.6099],[-50.8984,63.611],[-50.8861,63.6156],[-50.8813,63.6168],[-50.5734,63.6441],[-50.5622,63.6362],[-50.5651,63.6208],[-50.5652,63.6102],[-50.5455,63.6168],[-50.5335,63.6263],[-50.5221,63.64],[-50.5045,63.6714],[-50.5314,63.6784],[-50.8946,63.6304],[-50.9332,63.6343],[-51.0458,63.6645],[-51.0762,63.6643],[-51.1264,63.6424],[-51.1588,63.6367],[-51.1852,63.6289],[-51.1871,63.6102],[-51.1758,63.5875],[-51.1285,63.5268],[-51.1302,63.5129],[-51.1622,63.5075],[-51.1753,63.5106],[-51.1952,63.5243],[-51.2034,63.5274],[-51.2245,63.53],[-51.2786,63.5485],[-51.3709,63.5545],[-51.3791,63.5539],[-51.3855,63.5503],[-51.3866,63.5438],[-51.3816,63.5342],[-51.3922,63.5341],[-51.4027,63.5355],[-51.4225,63.541],[-51.4177,63.5506],[-51.41,63.5571],[-51.4,63.5609],[-51.3884,63.5622],[-51.3911,63.5688],[-51.3928,63.5716],[-51.3959,63.5752],[-51.324,63.6135],[-51.3065,63.6304],[-51.3614,63.623],[-51.3762,63.6263],[-51.4002,63.6408],[-51.5392,63.685],[-51.5392,63.6918],[-51.4964,63.706],[-51.3474,63.7198],[-51.3474,63.726],[-51.4297,63.7329],[-51.4818,63.7239],[-51.4897,63.7145],[-51.5355,63.7055],[-51.5525,63.7058],[-51.5597,63.7161],[-51.5564,63.7304],[-51.5483,63.7436],[-51.5287,63.7641],[-51.4977,63.7801],[-51.2103,63.8154],[-51.2311,63.8246],[-51.2199,63.8371],[-51.1148,63.8781],[-50.9562,63.9154],[-50.9229,63.9321],[-50.9229,63.9383],[-50.9447,63.9318],[-51.0253,63.9246],[-51.1691,63.8918],[-51.2996,63.8284],[-51.3404,63.8193],[-51.4029,63.8127],[-51.4584,63.8176],[-51.4778,63.8427],[-51.4645,63.8575],[-51.4423,63.8532],[-51.4189,63.8437],[-51.402,63.8427],[-51.3978,63.8585],[-51.4059,63.8763],[-51.4053,63.8894],[-51.3747,63.8911],[-51.3747,63.8974],[-51.3926,63.9027],[-51.4095,63.911],[-51.4065,63.9293],[-51.4248,63.9392],[-51.4422,63.9462],[-51.4365,63.956],[-51.4165,63.9594],[-51.3929,63.9582],[-51.3724,63.96],[-51.3611,63.973],[-51.4164,63.9865],[-51.4368,63.9867],[-51.4863,63.9748],[-51.5051,63.973],[-51.5425,63.9794],[-51.6194,64.0075],[-51.6565,64.0141],[-51.6204,64.0346],[-51.5801,64.0424],[-51.442,64.0398],[-51.4194,64.0355],[-51.3515,64.0138],[-51.3277,64.0129],[-51.3065,64.0208],[-51.3884,64.055],[-51.3617,64.0661],[-51.1208,64.0897],[-51.0626,64.0776],[-51.0325,64.0748],[-50.9828,64.0981],[-50.8813,64.0966],[-50.8269,64.1118],[-50.6827,64.1717],[-50.6527,64.1748],[-50.5981,64.1619],[-50.5663,64.158],[-50.4977,64.158],[-50.4839,64.155],[-50.4645,64.1413],[-50.4499,64.1369],[-50.4344,64.1375],[-50.4213,64.1425],[-50.4095,64.1507],[-50.3981,64.1614],[-50.3836,64.1671],[-50.3429,64.1641],[-50.3258,64.1649],[-50.2414,64.2008],[-50.21,64.2058],[-50.1454,64.2018],[-50.1135,64.1927],[-50.0998,64.1751],[-50.0996,64.1513],[-50.0976,64.1406],[-50.093,64.1301],[-50.0839,64.124],[-50.0716,64.1195],[-50.065,64.1135],[-50.0725,64.1034],[-50.0725,64.0966],[-50.0539,64.1071],[-50.0584,64.1212],[-50.0717,64.1357],[-50.0793,64.1478],[-50.0769,64.1664],[-50.0699,64.1799],[-50.0591,64.1902],[-50.0452,64.199],[-50.0629,64.2118],[-50.0865,64.215],[-50.1117,64.2153],[-50.134,64.2194],[-50.129,64.2226],[-50.1193,64.2308],[-50.1141,64.2338],[-50.1626,64.2449],[-50.4357,64.1916],[-50.5255,64.1877],[-50.5524,64.1785],[-50.5433,64.2005],[-50.5333,64.2132],[-50.463,64.2678],[-50.4445,64.2787],[-50.422,64.2884],[-50.4176,64.3065],[-50.3905,64.3244],[-50.3332,64.3498],[-50.3638,64.3591],[-50.3954,64.3554],[-50.4242,64.3428],[-50.4847,64.2945],[-50.5065,64.2831],[-50.5646,64.2648],[-50.5728,64.2604],[-50.5818,64.2519],[-50.5883,64.2432],[-50.5965,64.2365],[-50.6252,64.2315],[-50.654,64.2217],[-50.669,64.2194],[-50.7207,64.2211],[-50.7373,64.2194],[-50.7645,64.2089],[-50.8143,64.1781],[-51.1271,64.1302],[-51.4399,64.0823],[-51.4479,64.0842],[-51.46,64.0936],[-51.4703,64.0966],[-51.5665,64.0966],[-51.5597,64.1034],[-51.5834,64.1083],[-51.6096,64.11],[-51.6332,64.1151],[-51.649,64.1301],[-51.6306,64.1362],[-51.5802,64.1649],[-51.5618,64.1696],[-51.522,64.1718],[-51.4615,64.1674],[-51.3912,64.1486],[-51.3548,64.1444],[-51.3798,64.1603],[-51.4586,64.1893],[-51.494,64.197],[-51.529,64.2005],[-51.5498,64.1953],[-51.568,64.1835],[-51.6719,64.1519],[-51.6926,64.152],[-51.7037,64.162],[-51.6975,64.1854],[-51.7139,64.1894],[-51.7651,64.1854],[-51.7315,64.2084],[-51.6624,64.2182],[-51.4126,64.2194],[-51.4024,64.2162],[-51.3724,64.2006],[-51.3514,64.1866],[-51.3344,64.182],[-51.2658,64.1782],[-51.1347,64.2078],[-51.1208,64.2132],[-51.0834,64.2369],[-51.07,64.2399],[-51.0116,64.2399],[-50.9968,64.2368],[-50.9685,64.2226],[-50.9533,64.2194],[-50.9459,64.2226],[-50.9226,64.2368],[-50.9123,64.2399],[-50.8959,64.2414],[-50.8472,64.2542],[-50.8472,64.2604],[-50.8939,64.2684],[-51.0006,64.2597],[-51.0458,64.2815],[-51.0273,64.2853],[-51.0123,64.2924],[-50.9877,64.312],[-50.9824,64.3148],[-50.9682,64.3196],[-50.9639,64.3225],[-50.9586,64.3308],[-50.9576,64.3344],[-50.9578,64.3372],[-50.9564,64.343],[-50.9564,64.3472],[-50.9623,64.3541],[-50.9639,64.3603],[-50.9597,64.3654],[-50.9396,64.3707],[-50.9325,64.374],[-50.9122,64.396],[-50.8995,64.4067],[-50.8881,64.4113],[-50.8096,64.4274],[-50.7642,64.4285],[-50.7441,64.4081],[-50.7214,64.397],[-50.6147,64.3799],[-50.5802,64.384],[-50.5973,64.3948],[-50.6247,64.4012],[-50.6755,64.4051],[-50.6858,64.4107],[-50.6886,64.424],[-50.6901,64.4398],[-50.6964,64.4522],[-50.6556,64.4352],[-50.5176,64.4051],[-50.5071,64.4051],[-50.4986,64.4064],[-50.4896,64.4062],[-50.4641,64.3973],[-50.4189,64.3976],[-50.3662,64.3892],[-50.3412,64.3903],[-50.3401,64.4051],[-50.3269,64.409],[-50.2783,64.4051],[-50.2702,64.406],[-50.2552,64.4103],[-50.2476,64.4113],[-50.2432,64.414],[-50.2438,64.4202],[-50.2453,64.4271],[-50.2438,64.4317],[-50.234,64.434],[-50.2037,64.4373],[-50.186,64.4462],[-50.1803,64.4465],[-50.1764,64.4482],[-50.1749,64.456],[-50.1783,64.4596],[-50.1863,64.4628],[-50.1957,64.4651],[-50.2029,64.4659],[-50.2008,64.4697],[-50.1982,64.477],[-50.1966,64.4802],[-50.2252,64.4776],[-50.2489,64.4709],[-50.3068,64.4477],[-50.3531,64.4385],[-50.3824,64.4269],[-50.3946,64.4249],[-50.4266,64.4263],[-50.6245,64.4667],[-50.6547,64.4802],[-50.6547,64.487],[-50.6288,64.4918],[-50.5524,64.515],[-50.491,64.5256],[-50.4607,64.537],[-50.443,64.5559],[-50.4751,64.5441],[-50.5802,64.5347],[-50.6412,64.5224],[-50.6711,64.5268],[-50.6895,64.5484],[-50.6745,64.5538],[-50.6555,64.5651],[-50.6381,64.5784],[-50.6274,64.59],[-50.6902,64.5805],[-50.7244,64.5799],[-50.7516,64.59],[-50.7441,64.5969],[-50.7848,64.6024],[-50.878,64.5822],[-50.9154,64.603],[-50.8878,64.6155],[-50.8364,64.6456],[-50.8061,64.6514],[-50.7388,64.6496],[-50.6827,64.6378],[-50.6075,64.631],[-50.5929,64.6342],[-50.556,64.6514],[-50.5414,64.6555],[-50.525,64.6628],[-50.5086,64.6672],[-50.4844,64.6574],[-50.4717,64.6579],[-50.4592,64.6614],[-50.4499,64.6657],[-50.4773,64.675],[-50.5046,64.6779],[-50.5895,64.6694],[-50.6119,64.6723],[-50.6622,64.6856],[-50.6622,64.6924],[-50.4803,64.7129],[-50.4624,64.7102],[-50.4272,64.6971],[-50.4083,64.6924],[-50.3378,64.6844],[-50.3042,64.6745],[-50.2751,64.6549],[-50.2617,64.6385],[-50.2377,64.5826],[-50.2258,64.5637],[-50.1719,64.5041],[-50.1491,64.4867],[-50.0201,64.4516],[-49.9477,64.4216],[-49.9203,64.4161],[-49.892,64.407],[-49.8624,64.4036],[-49.848,64.4],[-49.7086,64.3487],[-49.6519,64.3356],[-49.5928,64.343],[-49.5859,64.343],[-49.5975,64.3595],[-49.6251,64.371],[-49.6573,64.3804],[-49.6827,64.3908],[-49.6827,64.3976],[-49.683,64.4223],[-49.7257,64.4344],[-49.8155,64.4385],[-49.8466,64.4597],[-49.8847,64.4777],[-49.8944,64.4802],[-49.9208,64.4838],[-50.0049,64.5075],[-50.0406,64.519],[-50.0629,64.5297],[-50.0725,64.545],[-50.0758,64.5566],[-50.0841,64.5704],[-50.1109,64.6018],[-50.117,64.6124],[-50.1206,64.6247],[-50.1204,64.6378],[-50.1133,64.6542],[-50.1012,64.6632],[-50.0849,64.6679],[-50.0083,64.6815],[-49.994,64.689],[-49.9972,64.7012],[-50.0246,64.7084],[-50.0797,64.7129],[-50.0998,64.7105],[-50.1351,64.7006],[-50.155,64.6993],[-50.1727,64.7025],[-50.1894,64.7091],[-50.2172,64.7259],[-50.2057,64.7466],[-50.1993,64.7538],[-50.1892,64.7613],[-50.1731,64.7678],[-50.1548,64.7718],[-50.1382,64.7774],[-50.1278,64.7886],[-50.1414,64.8014],[-50.1299,64.8134],[-49.9974,64.8637],[-50.0138,64.8725],[-50.0421,64.8641],[-50.0738,64.8504],[-50.1002,64.8432],[-50.1625,64.8377],[-50.1954,64.8284],[-50.2097,64.8126],[-50.221,64.7963],[-50.2469,64.7746],[-50.2757,64.7558],[-50.2956,64.7477],[-50.3111,64.748],[-50.3198,64.7501],[-50.3267,64.7551],[-50.3367,64.7644],[-50.3476,64.7707],[-50.3566,64.7687],[-50.3668,64.7641],[-50.3813,64.7613],[-50.5382,64.7692],[-50.5597,64.7748],[-50.5758,64.7855],[-50.5865,64.8023],[-50.5994,64.8402],[-50.6073,64.8551],[-50.6212,64.8706],[-50.6636,64.8922],[-50.6833,64.9075],[-50.6827,64.9252],[-50.6866,64.9294],[-50.6918,64.9392],[-50.6964,64.9456],[-50.6903,64.9533],[-50.6948,64.9599],[-50.7174,64.973],[-50.704,64.9835],[-50.696,64.9945],[-50.6951,65.0052],[-50.7032,65.0146],[-50.7267,65.0213],[-50.7523,65.0214],[-50.7759,65.0249],[-50.7926,65.0419],[-50.7898,65.0505],[-50.7911,65.064],[-50.7948,65.0785],[-50.7994,65.0903],[-50.8353,65.1234],[-50.8409,65.1313],[-50.8295,65.142],[-50.7456,65.1728],[-50.7058,65.1929],[-50.6895,65.2064],[-50.7006,65.2105],[-50.7124,65.2105],[-50.7373,65.2064],[-50.7508,65.1943],[-50.88,65.1523],[-50.8875,65.1518],[-50.8954,65.156],[-50.8998,65.163],[-50.9025,65.1694],[-50.9055,65.1722],[-50.9164,65.1768],[-50.9313,65.1871],[-50.9502,65.2033],[-50.9548,65.2141],[-50.9654,65.2197],[-50.977,65.2197],[-50.9844,65.2138],[-50.984,65.2082],[-50.9808,65.2012],[-50.9767,65.1953],[-50.9737,65.1927],[-50.9661,65.1906],[-50.9663,65.1852],[-50.9693,65.1785],[-50.97,65.1722],[-50.9581,65.1489],[-50.9413,65.1291],[-50.9181,65.1154],[-50.8875,65.1101],[-50.8959,65.0992],[-50.9103,65.0949],[-50.9427,65.0903],[-50.9427,65.0828],[-50.8995,65.0761],[-50.8817,65.0694],[-50.8744,65.0524],[-50.8755,65.044],[-50.8802,65.0269],[-50.8822,65.0085],[-50.8865,64.9924],[-50.8875,64.9835],[-50.8662,64.9788],[-50.8321,64.9868],[-50.7621,65.0032],[-50.7236,64.9941],[-50.7376,64.9749],[-50.7203,64.9452],[-50.7373,64.9326],[-50.7266,64.9277],[-50.7174,64.9214],[-50.7098,64.9137],[-50.7032,64.9047],[-50.7188,64.8934],[-50.772,64.8706],[-50.7447,64.8644],[-50.7032,64.8604],[-50.6652,64.852],[-50.6485,64.8327],[-50.6551,64.8216],[-50.6703,64.8156],[-50.6874,64.8115],[-50.6998,64.8057],[-50.7091,64.7896],[-50.6988,64.7836],[-50.6622,64.7812],[-50.6379,64.7702],[-50.6422,64.7592],[-50.664,64.751],[-50.6929,64.7477],[-50.7021,64.7519],[-50.704,64.761],[-50.7072,64.7702],[-50.7205,64.7744],[-50.7348,64.7709],[-50.881,64.6959],[-50.9097,64.685],[-51.0663,64.6657],[-51.0753,64.6521],[-51.0629,64.6484],[-51.0321,64.6514],[-51.0178,64.6483],[-51.0093,64.6413],[-51.0096,64.6342],[-51.0218,64.631],[-51.1451,64.6166],[-51.199,64.6248],[-51.2171,64.6242],[-51.1814,64.6719],[-51.1673,64.7112],[-51.1463,64.723],[-51.1212,64.7305],[-51.1072,64.7402],[-51.0948,64.7584],[-51.0742,64.7582],[-51.0496,64.7543],[-51.0253,64.7613],[-51.0331,64.7621],[-51.0526,64.7675],[-51.0489,64.7707],[-51.0426,64.778],[-51.0389,64.7812],[-51.0658,64.7877],[-51.1004,64.7922],[-51.135,64.7922],[-51.2526,64.7602],[-51.2786,64.7477],[-51.2929,64.7322],[-51.3088,64.7087],[-51.3216,64.6831],[-51.327,64.662],[-51.3335,64.652],[-51.3487,64.6508],[-51.3658,64.6516],[-51.3782,64.6477],[-51.4146,64.6199],[-51.4225,64.6105],[-51.4348,64.5449],[-51.4399,64.5347],[-51.4432,64.5305],[-51.4491,64.5211],[-51.458,64.5117],[-51.4818,64.5032],[-51.4902,64.4933],[-51.4974,64.4816],[-51.5051,64.4727],[-51.5767,64.4376],[-51.5999,64.3996],[-51.629,64.388],[-51.6901,64.3778],[-51.7096,64.3695],[-51.7115,64.3618],[-51.6991,64.3568],[-51.6758,64.3566],[-51.6758,64.3498],[-51.6879,64.3402],[-51.6869,64.3278],[-51.6771,64.3161],[-51.6627,64.3088],[-51.7049,64.3005],[-51.7225,64.2934],[-51.7384,64.2815],[-51.7621,64.2587],[-51.7757,64.2487],[-51.7931,64.2399],[-51.8351,64.225],[-51.8566,64.2209],[-51.8818,64.2194],[-51.9365,64.2228],[-51.9508,64.2194],[-51.9357,64.2141],[-51.9302,64.2132],[-51.9388,64.2099],[-51.9674,64.2056],[-52.0016,64.2058],[-52.0301,64.1982],[-52.0518,64.1943],[-52.0735,64.1913],[-52.0828,64.2036],[-52.0833,64.2179],[-52.0969,64.2302],[-52.1037,64.2378],[-52.1163,64.2214],[-52.1426,64.2222],[-52.1521,64.2421],[-52.1615,64.2563],[-52.149,64.2746],[-52.1256,64.2938],[-52.1219,64.311],[-52.1269,64.3271],[-52.1623,64.3335],[-52.1564,64.3488],[-52.1392,64.3613],[-52.1245,64.3776],[-52.1105,64.3911],[-52.1388,64.4061],[-52.1482,64.4193],[-52.1576,64.4335],[-52.1801,64.4438],[-52.1917,64.458],[-52.1946,64.4722],[-52.1749,64.4781],[-52.1458,64.4688],[-52.1099,64.4658],[-52.1018,64.4785],[-52.088,64.4861],[-52.0721,64.4913],[-52.044,64.4956],[-52.0402,64.5012],[-52.0461,64.5082],[-52.0918,64.5016],[-52.1184,64.5033],[-52.1188,64.5128],[-52.1213,64.5185],[-52.1084,64.529],[-52.1414,64.525],[-52.1552,64.5373],[-52.1403,64.5516],[-52.0926,64.5624],[-52.0593,64.5695],[-52.045,64.5758],[-52.0302,64.585],[-52.0237,64.5939],[-52.0216,64.5967],[-52.0259,64.6105],[-52.0377,64.6015],[-52.064,64.5855],[-52.093,64.5891],[-52.11,64.5718],[-52.1414,64.5783],[-52.1509,64.5934],[-52.1649,64.6076],[-52.1701,64.6256],[-52.1615,64.6324],[-52.0938,64.6109],[-52.0497,64.6136],[-52.0451,64.6253],[-52.0565,64.6321],[-52.1119,64.6407],[-52.1234,64.6452],[-52.1283,64.6549],[-52.1297,64.6662],[-52.1344,64.6737],[-52.143,64.6777],[-52.1562,64.6788],[-52.1324,64.7128],[-52.0976,64.7318],[-52.0578,64.7397],[-52.0184,64.7402],[-51.9918,64.7366],[-51.9787,64.7374],[-51.9678,64.744],[-51.9407,64.782],[-51.9346,64.7868],[-51.9231,64.7886],[-51.9118,64.7869],[-51.9027,64.7845],[-51.8954,64.7857],[-51.8893,64.7949],[-51.9092,64.7949],[-51.8964,64.8136],[-51.8748,64.8249],[-51.7384,64.8576],[-51.7264,64.8581],[-51.6979,64.8561],[-51.6832,64.8576],[-51.6529,64.8654],[-51.6422,64.8706],[-51.6344,64.8769],[-51.6288,64.8839],[-51.6212,64.8893],[-51.6081,64.8911],[-51.5959,64.8864],[-51.5831,64.8679],[-51.5699,64.8637],[-51.5476,64.8647],[-51.5316,64.8691],[-51.5177,64.8785],[-51.5017,64.8947],[-51.4831,64.907],[-51.4387,64.928],[-51.43,64.9426],[-51.4178,64.956],[-51.3902,64.9682],[-51.36,64.977],[-51.3169,64.9842],[-51.2899,64.994],[-51.2643,65.0072],[-51.245,65.0214],[-51.2718,65.0331],[-51.2956,65.0244],[-51.3206,65.009],[-51.3512,65.0009],[-51.4048,65.0104],[-51.4225,65.0077],[-51.4334,64.9997],[-51.423,64.9949],[-51.3884,64.9866],[-51.4571,64.972],[-51.474,64.9634],[-51.4886,64.9532],[-51.5833,64.9119],[-51.6627,64.8937],[-51.7037,64.8911],[-51.6928,64.8951],[-51.6831,64.9009],[-51.6751,64.9085],[-51.6695,64.9184],[-51.6861,64.9205],[-51.6855,64.9267],[-51.6662,64.9426],[-51.6605,64.9502],[-51.6522,64.9684],[-51.649,64.973],[-51.6378,64.975],[-51.5907,64.973],[-51.5782,64.9749],[-51.5692,64.9799],[-51.5528,64.9941],[-51.6249,65.0077],[-51.6623,65.0248],[-51.6758,65.0276],[-51.6927,65.0259],[-51.7056,65.0216],[-51.7138,65.0126],[-51.7168,64.9975],[-51.7218,64.9875],[-51.7315,64.9819],[-51.7373,64.9748],[-51.731,64.9599],[-51.7614,64.9549],[-51.7923,64.946],[-51.8201,64.932],[-51.8409,64.9122],[-51.8295,64.9111],[-51.8135,64.9119],[-51.7992,64.9103],[-51.7931,64.9016],[-51.7882,64.8884],[-51.7652,64.8759],[-51.7577,64.8637],[-51.7678,64.8607],[-51.7891,64.8574],[-51.7999,64.8576],[-51.7999,64.8637],[-51.7856,64.8706],[-51.8187,64.8869],[-51.8373,64.8911],[-51.8548,64.8876],[-51.8702,64.8755],[-51.8693,64.866],[-51.8643,64.8562],[-51.8675,64.8432],[-51.8793,64.8371],[-51.9402,64.8159],[-51.9484,64.8151],[-51.9712,64.8091],[-52.0122,64.8091],[-52.0664,64.7965],[-52.0876,64.7949],[-52.1053,64.7986],[-52.0986,64.8072],[-52.0668,64.8227],[-52.0091,64.8333],[-51.9917,64.8395],[-51.986,64.8435],[-51.9712,64.8576],[-51.9439,64.8774],[-51.9609,64.8844],[-52.0045,64.8964],[-52.0221,64.8985],[-52.0339,64.9052],[-52.0448,64.9175],[-52.0573,64.9237],[-52.0736,64.9122],[-52.0436,64.8808],[-52.0792,64.8492],[-52.1835,64.8023],[-52.1964,64.8088],[-52.2136,64.8139],[-52.2242,64.8217],[-52.2176,64.8358],[-52.18,64.8432],[-52.1562,64.8637],[-52.2163,64.8835],[-52.2245,64.8947],[-52.2177,64.9119],[-52.2014,64.9188],[-52.163,64.9252],[-52.1256,64.9404],[-52.1063,64.9443],[-52.0804,64.9456],[-52.0641,64.9491],[-52.0428,64.9578],[-52.0233,64.969],[-52.0122,64.9804],[-52.0318,64.9866],[-52.1016,64.9866],[-52.0847,65.0013],[-52.0763,65.0135],[-52.0821,65.021],[-52.1078,65.0214],[-52.1457,65.0075],[-52.1609,65.0044],[-52.163,65.0146],[-52.1835,65.0251],[-52.191,65.0276],[-52.1771,65.0395],[-52.163,65.0493],[-52.2423,65.0631],[-52.2786,65.0788],[-52.2729,65.1039],[-52.2544,65.1118],[-52.2311,65.1132],[-52.1872,65.1101],[-52.1771,65.1081],[-52.1664,65.1044],[-52.1558,65.1028],[-52.1459,65.107],[-52.1373,65.1123],[-52.1251,65.1173],[-52.1016,65.1238],[-52.1016,65.1313],[-52.1183,65.1308],[-52.1475,65.1236],[-52.163,65.1238],[-52.1767,65.129],[-52.1837,65.1364],[-52.191,65.1518],[-52.1979,65.1586],[-52.2042,65.1634],[-52.2071,65.169],[-52.204,65.1784],[-52.1959,65.1845],[-52.1562,65.2001],[-52.066,65.2785],[-52.0048,65.3162],[-52.0268,65.316],[-52.0569,65.3041],[-52.0858,65.2873],[-52.1227,65.2552],[-52.1752,65.2227],[-52.191,65.22],[-52.21,65.2117],[-52.2316,65.2054],[-52.2541,65.2015],[-52.276,65.2001],[-52.2964,65.2033],[-52.3092,65.2101],[-52.3096,65.2169],[-52.293,65.22],[-52.2628,65.2321],[-52.2225,65.2585],[-52.1986,65.2846],[-52.2176,65.2957],[-52.1968,65.3106],[-52.1951,65.324],[-52.2082,65.3319],[-52.2319,65.3298],[-52.2427,65.3248],[-52.2669,65.3087],[-52.2791,65.3026],[-52.3101,65.2929],[-52.3201,65.2883],[-52.3321,65.2992],[-52.3379,65.3132],[-52.3365,65.3284],[-52.3275,65.3435],[-52.35,65.3359],[-52.3612,65.3177],[-52.3686,65.2962],[-52.379,65.2786],[-52.4269,65.2267],[-52.4442,65.2138],[-52.4561,65.2082],[-52.4656,65.2062],[-52.4883,65.2064],[-52.5188,65.1946],[-52.5347,65.1923],[-52.5299,65.2033],[-52.5112,65.2187],[-52.4744,65.2411],[-52.4573,65.2541],[-52.4783,65.2541],[-52.4708,65.26],[-52.4626,65.2641],[-52.4537,65.2668],[-52.4442,65.2678],[-52.4442,65.2752],[-52.464,65.282],[-52.464,65.2883],[-52.4602,65.29],[-52.4503,65.2957],[-52.4696,65.3022],[-52.4857,65.2982],[-52.4997,65.291],[-52.5124,65.2883],[-52.5256,65.2927],[-52.567,65.3162],[-52.567,65.3225],[-52.5472,65.3392],[-52.5201,65.3524],[-52.4908,65.3609],[-52.464,65.364],[-52.4376,65.3706],[-52.3818,65.3991],[-52.3511,65.4056],[-52.2897,65.4112],[-52.2319,65.4261],[-52.1526,65.4653],[-52.036,65.4925],[-51.9817,65.4949],[-51.9687,65.4994],[-51.9538,65.5111],[-51.9466,65.5153],[-51.9206,65.5263],[-51.9126,65.5285],[-51.8994,65.5305],[-51.8661,65.5422],[-51.8546,65.549],[-51.85,65.5554],[-51.8458,65.5705],[-51.8409,65.5769],[-51.8122,65.5862],[-51.7456,65.5821],[-51.7168,65.59],[-51.7419,65.5915],[-51.7806,65.6066],[-51.8033,65.6104],[-51.8574,65.6045],[-51.8824,65.6076],[-51.9029,65.6241],[-51.8734,65.6426],[-51.7642,65.6756],[-51.7384,65.6793],[-51.7177,65.6941],[-51.6881,65.7048],[-51.4914,65.7408],[-51.1283,65.7612],[-51.0925,65.7541],[-51.0723,65.7526],[-51.0264,65.767],[-50.9833,65.7652],[-50.9399,65.7573],[-50.9093,65.7482],[-50.8009,65.7007],[-50.7405,65.6829],[-50.6759,65.6793],[-50.5318,65.693],[-50.5384,65.6976],[-50.5443,65.7028],[-50.5491,65.7082],[-50.5524,65.7134],[-50.6827,65.706],[-50.7433,65.695],[-50.7723,65.6987],[-50.7926,65.7203],[-50.7597,65.7277],[-50.6938,65.7246],[-50.6622,65.7277],[-50.6622,65.734],[-50.6698,65.7343],[-50.6895,65.7408],[-50.6869,65.7508],[-50.6855,65.753],[-50.6827,65.7551],[-50.768,65.7604],[-50.8151,65.7561],[-50.8409,65.7408],[-50.8647,65.7521],[-50.8871,65.7658],[-50.9119,65.7775],[-50.943,65.7824],[-51.043,65.7736],[-51.2522,65.7947],[-51.441,65.7725],[-51.916,65.6619],[-51.9378,65.6601],[-51.9701,65.6782],[-51.9917,65.6725],[-51.948,65.6297],[-51.9336,65.6047],[-51.9365,65.5769],[-51.9169,65.5703],[-51.9312,65.5564],[-51.9943,65.5219],[-52.0497,65.5142],[-52.0702,65.5046],[-52.0903,65.498],[-52.18,65.5012],[-52.1937,65.4947],[-52.2233,65.4661],[-52.235,65.4596],[-52.2729,65.4465],[-52.2967,65.4417],[-52.3201,65.4398],[-52.37,65.4417],[-52.3905,65.4383],[-52.4731,65.395],[-52.4913,65.3919],[-52.5037,65.3972],[-52.5465,65.4323],[-52.5339,65.4437],[-52.4913,65.467],[-52.4988,65.4739],[-52.452,65.5087],[-52.4442,65.5179],[-52.4552,65.5242],[-52.4803,65.5161],[-52.5069,65.5022],[-52.5403,65.4799],[-52.5631,65.4721],[-52.5853,65.4694],[-52.6012,65.4739],[-52.6142,65.4898],[-52.6058,65.4974],[-52.567,65.508],[-52.5997,65.5228],[-52.6087,65.5285],[-52.5716,65.5577],[-52.5218,65.5879],[-52.481,65.6243],[-52.4709,65.6725],[-52.5007,65.6541],[-52.5267,65.6315],[-52.5385,65.6113],[-52.5465,65.6011],[-52.5571,65.5967],[-52.5716,65.5937],[-52.5868,65.5862],[-52.6009,65.5762],[-52.6117,65.5661],[-52.6155,65.5604],[-52.6173,65.5529],[-52.6217,65.549],[-52.63,65.5449],[-52.6485,65.539],[-52.6558,65.5353],[-52.667,65.5251],[-52.6756,65.5147],[-52.6847,65.506],[-52.6974,65.5012],[-52.7156,65.5021],[-52.722,65.5095],[-52.7257,65.5177],[-52.735,65.5217],[-52.7672,65.5248],[-52.7917,65.5347],[-52.8009,65.5519],[-52.7868,65.5769],[-52.7667,65.5743],[-52.7306,65.5857],[-52.6633,65.6179],[-52.6968,65.6159],[-52.7664,65.5937],[-52.8004,65.5967],[-52.7751,65.612],[-52.6493,65.6536],[-52.5789,65.6666],[-52.5465,65.6793],[-52.5729,65.6865],[-52.6051,65.6804],[-52.6883,65.6513],[-52.7445,65.6387],[-52.7725,65.6384],[-52.7556,65.6723],[-52.7209,65.6914],[-52.6422,65.7134],[-52.6781,65.7202],[-52.6906,65.7203],[-52.6788,65.7537],[-52.68,65.7902],[-52.6934,65.8073],[-52.7179,65.7824],[-52.7582,65.7126],[-52.7869,65.6841],[-52.824,65.6725],[-52.8374,65.6757],[-52.863,65.6898],[-52.8756,65.693],[-52.888,65.6914],[-52.9122,65.683],[-53.0011,65.6662],[-53.1904,65.6752],[-53.2392,65.6862],[-53.1493,65.7277],[-53.0956,65.738],[-53.018,65.7437],[-52.9911,65.7512],[-52.9656,65.7612],[-52.9262,65.7834],[-52.877,65.7945],[-52.8545,65.8022],[-52.8778,65.8088],[-52.8902,65.81],[-52.9029,65.8097],[-52.9143,65.8068],[-52.9344,65.7979],[-53.0136,65.7792],[-53.0651,65.7549],[-53.1107,65.7474],[-53.2394,65.7399],[-53.2602,65.7431],[-53.2626,65.7517],[-53.2533,65.7558],[-53.2175,65.7551],[-53.2096,65.758],[-53.1939,65.7668],[-53.1791,65.7708],[-53.1633,65.7802],[-53.14,65.784],[-53.1139,65.7925],[-53.0392,65.8083],[-53.0195,65.8159],[-53.0546,65.8105],[-53.0714,65.8103],[-53.0885,65.8159],[-53.0764,65.824],[-53.0506,65.8537],[-53.0331,65.864],[-52.9916,65.8691],[-52.9313,65.8855],[-52.8892,65.8916],[-52.8692,65.8891],[-52.8505,65.8828],[-52.8323,65.8791],[-52.8141,65.8848],[-52.8214,65.892],[-52.8266,65.8958],[-52.834,65.8984],[-52.8136,65.913],[-52.7721,65.9262],[-52.694,65.9394],[-52.6514,65.932],[-52.5668,65.899],[-52.4091,65.8779],[-52.3601,65.8784],[-52.3382,65.8746],[-52.3201,65.8643],[-52.3175,65.8591],[-52.3179,65.8481],[-52.3138,65.8432],[-52.3087,65.8405],[-52.2992,65.8371],[-52.29,65.8377],[-52.2859,65.8469],[-52.2773,65.8601],[-52.2572,65.8684],[-52.2176,65.8779],[-52.2176,65.8848],[-52.2612,65.8953],[-52.2621,65.9142],[-52.2357,65.9354],[-52.1971,65.953],[-51.9774,66.0036],[-51.932,66.0036],[-51.8872,65.9955],[-51.8409,65.9809],[-51.7745,65.9433],[-51.7399,65.9306],[-51.7112,65.9394],[-51.7458,65.964],[-51.826,65.9964],[-51.8456,66.0076],[-51.8613,66.0219],[-51.8321,66.0405],[-51.7988,66.0542],[-51.731,66.0704],[-51.731,66.0759],[-51.797,66.0707],[-52.0878,66.0049],[-52.1817,65.998],[-52.2107,65.9898],[-52.2381,65.9742],[-52.2869,65.9146],[-52.3033,65.9052],[-52.5045,65.905],[-52.5343,65.9099],[-52.5571,65.9227],[-52.5925,65.948],[-52.5943,65.9584],[-52.5733,65.9742],[-52.5193,65.994],[-52.5609,66.008],[-52.5764,66.008],[-52.6903,65.9636],[-52.715,65.9604],[-52.7388,65.9681],[-52.7797,65.9909],[-52.8021,65.9948],[-52.8003,65.9805],[-52.78,65.9468],[-52.8077,65.9455],[-52.8645,65.9248],[-52.9437,65.9075],[-52.9669,65.8959],[-53.0041,65.8921],[-53.1541,65.8605],[-53.181,65.8598],[-53.2077,65.863],[-53.2318,65.8711],[-53.2188,65.8896],[-53.1946,65.8917],[-53.1431,65.8848],[-53.1426,65.8893],[-53.1439,65.8906],[-53.1465,65.8906],[-53.1493,65.8916],[-53.1593,65.8991],[-53.266,65.9121],[-53.266,65.9196],[-53.1323,65.9528],[-53.0955,65.9665],[-52.8749,66.0219],[-52.921,66.0367],[-52.978,66.0227],[-53.036,65.9998],[-53.1291,65.9816],[-53.2591,65.9394],[-53.255,65.9462],[-53.2523,65.953],[-53.2996,65.9549],[-53.3144,65.953],[-53.3265,65.9479],[-53.3456,65.9351],[-53.3588,65.9326],[-53.3902,65.9359],[-53.4252,65.9455],[-53.4554,65.9608],[-53.472,65.9809],[-53.4481,65.9827],[-53.4287,65.9901],[-53.4105,65.9995],[-53.3895,66.0076],[-53.3666,66.01],[-53.297,66.0015],[-53.1077,66.0219],[-53.1581,66.0307],[-53.3144,66.0151],[-53.3144,66.0219],[-53.3072,66.0248],[-53.3022,66.0282],[-53.2939,66.0356],[-53.4271,66.0223],[-53.4646,66.0356],[-53.3821,66.0783],[-53.1077,66.1523],[-52.9967,66.1718],[-52.7394,66.2622],[-52.7179,66.2926],[-52.713,66.312],[-52.7003,66.3243],[-52.6828,66.3319],[-52.4834,66.3893],[-52.361,66.4403],[-52.2406,66.4497],[-52.0531,66.4875],[-52.0023,66.4851],[-51.9779,66.4881],[-51.9644,66.5011],[-51.9832,66.5012],[-52.0058,66.5057],[-52.0248,66.5131],[-52.0326,66.5222],[-52.0251,66.5356],[-52.0081,66.5485],[-51.9774,66.5638],[-51.9718,66.5811],[-51.9396,66.6052],[-51.8747,66.642],[-51.8392,66.6546],[-51.7242,66.6724],[-51.615,66.7036],[-51.4591,66.7043],[-51.4454,66.7078],[-51.43,66.7209],[-51.4545,66.7217],[-51.4802,66.7255],[-51.5047,66.7321],[-51.525,66.7419],[-51.459,66.7662],[-51.4399,66.7792],[-51.4224,66.7849],[-51.3668,66.7962],[-51.3611,66.8028],[-51.2834,66.8449],[-51.258,66.8511],[-51.1823,66.8511],[-51.121,66.8373],[-51.1004,66.8376],[-51.1237,66.8525],[-51.1488,66.8642],[-51.1163,66.8806],[-51.0543,66.8732],[-50.8931,66.8301],[-50.7203,66.8397],[-50.6776,66.8491],[-50.6554,66.8511],[-50.6256,66.848],[-50.5678,66.8339],[-50.364,66.8293],[-50.3332,66.845],[-50.597,66.858],[-50.6786,66.8754],[-50.6998,66.868],[-50.7347,66.8508],[-50.7797,66.8515],[-51.0116,66.9057],[-50.964,66.9357],[-50.8511,66.9592],[-50.7838,66.9836],[-50.7373,66.9883],[-50.6966,67.0049],[-50.6827,67.0089],[-50.6475,67.0097],[-50.5796,66.9978],[-50.4935,66.997],[-50.4796,66.9968],[-50.3006,66.9951],[-50.1321,66.9674],[-50.0588,66.968],[-49.9974,66.9815],[-50.0272,66.9915],[-50.1018,66.9962],[-50.2002,66.9914],[-50.2234,66.9946],[-50.2906,67.0126],[-50.3508,67.0151],[-50.4349,67.0089],[-50.4698,67.0005],[-50.4804,67.0003],[-50.494,67.0005],[-50.5115,67.0011],[-50.5713,67.0164],[-50.6343,67.015],[-50.6343,67.0225],[-50.6153,67.0262],[-50.5792,67.0386],[-50.5597,67.043],[-50.4871,67.0425],[-50.3028,67.0639],[-50.2848,67.0703],[-50.3193,67.0786],[-50.5942,67.0421],[-50.6636,67.0197],[-50.7122,67.0129],[-50.7434,67.0035],[-50.7581,67.0014],[-50.8148,67.0021],[-50.896,66.9929],[-51.0958,66.9307],[-51.1283,66.9269],[-51.1747,66.9279],[-51.186,66.9232],[-51.214,66.907],[-51.3201,66.8859],[-51.3975,66.8493],[-51.4609,66.8413],[-51.4934,66.8315],[-51.7135,66.7237],[-51.9708,66.6621],[-52.0259,66.6252],[-52.0983,66.5468],[-52.1398,66.5176],[-52.2782,66.4819],[-52.3002,66.4813],[-52.7192,66.3487],[-52.8852,66.2488],[-53.0058,66.2],[-53.3537,66.1121],[-53.4509,66.1039],[-53.5998,66.1247],[-53.6502,66.1243],[-53.5259,66.152],[-53.4857,66.1523],[-53.4857,66.1585],[-53.6632,66.1386],[-53.6378,66.1506],[-53.6068,66.1704],[-53.5836,66.1915],[-53.5819,66.2069],[-53.5819,66.2138],[-53.5297,66.2332],[-53.4737,66.2436],[-53.327,66.2509],[-53.1219,66.2895],[-53.211,66.2826],[-53.2891,66.2907],[-53.3144,66.2895],[-53.3756,66.2709],[-53.4751,66.2625],[-53.4987,66.2547],[-53.4987,66.2622],[-53.5258,66.2528],[-53.565,66.2462],[-53.6029,66.245],[-53.626,66.2516],[-53.657,66.2752],[-53.6553,66.2863],[-53.6476,66.2926],[-53.6395,66.297],[-53.6365,66.3031],[-53.649,66.3215],[-53.6888,66.3274],[-53.6973,66.3472],[-53.6953,66.3588],[-53.6903,66.3654],[-53.6839,66.3703],[-53.6775,66.3776],[-53.6647,66.4041],[-53.657,66.4123],[-53.6364,66.4051],[-53.6171,66.4127],[-53.585,66.4433],[-53.5668,66.4558],[-53.5444,66.4639],[-53.4987,66.4744],[-53.4987,66.4813],[-53.5283,66.481],[-53.5662,66.4676],[-53.6022,66.4481],[-53.6432,66.4179],[-53.65,66.4266],[-53.651,66.442],[-53.6502,66.4502],[-53.642,66.4604],[-53.6024,66.4724],[-53.5881,66.4813],[-53.6365,66.5011],[-53.623,66.509],[-53.5194,66.5283],[-53.3964,66.5285],[-53.3856,66.5316],[-53.3771,66.5377],[-53.368,66.5419],[-53.3241,66.5289],[-53.2855,66.5239],[-53.2113,66.5222],[-53.2113,66.5154],[-53.3553,66.5222],[-53.328,66.5107],[-53.296,66.5028],[-53.201,66.4932],[-53.1704,66.4949],[-53.1562,66.4997],[-53.1292,66.5127],[-52.9514,66.5447],[-52.8309,66.5501],[-52.8153,66.5479],[-52.7867,66.5381],[-52.4573,66.5222],[-52.444,66.5254],[-52.4295,66.5394],[-52.4162,66.5427],[-52.4162,66.5501],[-52.4578,66.5587],[-52.6149,66.5501],[-52.7247,66.5638],[-52.8053,66.5629],[-52.8203,66.57],[-52.8203,66.5768],[-52.9885,66.5768],[-53.0213,66.5727],[-53.0875,66.5543],[-53.1219,66.5501],[-53.2264,66.5522],[-53.2666,66.5617],[-53.41,66.5714],[-53.4311,66.5843],[-53.4146,66.5863],[-53.3852,66.5958],[-53.369,66.598],[-53.3428,66.5977],[-53.3325,66.6035],[-53.3274,66.6184],[-53.3461,66.618],[-53.3541,66.6159],[-53.3622,66.611],[-53.3867,66.6185],[-53.4557,66.6056],[-53.4857,66.611],[-53.4722,66.6158],[-53.4311,66.6252],[-53.4311,66.6321],[-53.4383,66.6328],[-53.4578,66.6383],[-53.4269,66.6453],[-53.2865,66.6935],[-53.2593,66.6982],[-53.2347,66.6972],[-53.184,66.6867],[-53.0967,66.689],[-53.0776,66.6833],[-53.0541,66.6729],[-52.8335,66.6899],[-52.7888,66.704],[-52.766,66.7072],[-52.6675,66.693],[-52.636,66.6935],[-52.6383,66.6979],[-52.6391,66.6984],[-52.6422,66.7004],[-52.6287,66.7062],[-52.6131,66.708],[-52.5807,66.7072],[-52.5927,66.7133],[-52.597,66.7214],[-52.595,66.731],[-52.5876,66.7419],[-52.6701,66.7351],[-52.6922,66.7358],[-52.7521,66.7481],[-52.7884,66.7465],[-52.9848,66.7072],[-53.0051,66.7091],[-53.0408,66.7182],[-53.0611,66.7209],[-53.1169,66.7182],[-53.1356,66.7209],[-53.2045,66.7481],[-53.1903,66.7519],[-53.1431,66.7419],[-53.0772,66.7474],[-53.0461,66.7428],[-53.0309,66.7458],[-53.0058,66.7543],[-52.9856,66.7568],[-52.8157,66.7584],[-52.7618,66.7745],[-52.7466,66.7764],[-52.711,66.7761],[-52.6955,66.7794],[-52.649,66.801],[-52.6523,66.811],[-52.6667,66.827],[-52.6807,66.8335],[-52.6964,66.8298],[-52.7247,66.8171],[-52.793,66.8096],[-52.8116,66.8113],[-52.8455,66.8209],[-52.8616,66.8232],[-52.9331,66.8165],[-53.0923,66.7663],[-53.1077,66.7724],[-53.1011,66.784],[-53.0855,66.7932],[-53.0675,66.7997],[-53.0537,66.8028],[-53.0537,66.8096],[-53.0629,66.8106],[-53.0885,66.8171],[-53.0328,66.8453],[-53.0021,66.8551],[-52.9718,66.858],[-52.9067,66.8388],[-52.8766,66.8366],[-52.8749,66.858],[-52.4884,66.8546],[-52.3404,66.8168],[-52.2953,66.815],[-52.2542,66.8227],[-52.2319,66.845],[-52.328,66.8395],[-52.3548,66.845],[-52.3954,66.868],[-52.4117,66.8728],[-52.4469,66.8735],[-52.464,66.8785],[-52.4447,66.8841],[-52.3096,66.8944],[-52.2927,66.8996],[-52.2977,66.9009],[-52.3021,66.904],[-52.3064,66.9057],[-52.3014,66.9111],[-52.2927,66.9269],[-52.318,66.9246],[-52.3646,66.9149],[-52.4752,66.9111],[-52.4988,66.9194],[-52.4898,66.9279],[-52.4885,66.9356],[-52.494,66.942],[-52.505,66.9461],[-52.4781,66.9617],[-52.4503,66.9741],[-52.4503,66.9815],[-52.4888,66.9792],[-52.5185,66.965],[-52.567,66.9269],[-52.6032,66.912],[-52.7998,66.8922],[-52.8245,66.8947],[-52.8824,66.9126],[-53.0674,66.9126],[-53.0633,66.923],[-53.0611,66.9269],[-53.0958,66.932],[-53.3578,66.9213],[-53.3758,66.9161],[-53.3895,66.9145],[-53.4509,66.9194],[-53.647,66.9116],[-53.6843,66.9194],[-53.6789,66.9287],[-53.671,66.9336],[-53.6502,66.9399],[-53.6705,66.9467],[-53.7718,66.9568],[-53.8075,66.9709],[-53.8249,66.9741],[-53.8287,66.9772],[-53.8284,66.9843],[-53.8246,66.9914],[-53.8177,66.9946],[-53.7594,66.9946],[-53.6365,66.9815],[-53.4239,66.9946],[-53.3144,66.9815],[-53.2645,66.9844],[-53.2175,66.9946],[-53.2516,67.0054],[-53.5602,67.015],[-53.5751,67.0111],[-53.6016,66.998],[-53.6154,66.9946],[-53.6346,66.9965],[-53.6905,67.015],[-53.7753,67.0178],[-53.8149,67.027],[-53.814,67.0498],[-53.8294,67.0639],[-53.8061,67.0728],[-53.7389,67.0777],[-53.5887,67.0703],[-53.4298,67.0954],[-53.4031,67.1049],[-53.3978,67.1125],[-53.4311,67.1113],[-53.5539,67.0908],[-53.9649,67.0777],[-53.9458,67.0933],[-53.9381,67.0976],[-53.9464,67.0976],[-53.9649,67.1044],[-53.9358,67.1149],[-53.9197,67.1179],[-53.9034,67.1187],[-53.9239,67.1249],[-53.9167,67.1304],[-53.9084,67.1348],[-53.8993,67.1377],[-53.8898,67.1392],[-53.9146,67.1452],[-53.9239,67.1454],[-53.9069,67.1534],[-53.8934,67.1534],[-53.8798,67.1513],[-53.8624,67.1528],[-53.857,67.1569],[-53.8533,67.1635],[-53.8507,67.17],[-53.8488,67.1733],[-53.8407,67.1761],[-53.7117,67.1923],[-53.4119,67.1964],[-53.3827,67.2069],[-53.4062,67.2073],[-53.4531,67.2139],[-53.5345,67.2093],[-53.5634,67.2113],[-53.5881,67.2211],[-53.5598,67.2324],[-53.5215,67.2414],[-53.4822,67.2445],[-53.4202,67.2316],[-53.3832,67.2344],[-53.3144,67.2477],[-53.0742,67.2553],[-53.0572,67.2582],[-53.0238,67.272],[-53.0058,67.2757],[-52.9302,67.2695],[-52.8859,67.2807],[-52.8552,67.2847],[-52.8241,67.2941],[-52.5804,67.3242],[-52.5604,67.322],[-52.5192,67.3126],[-52.4982,67.3105],[-52.4786,67.3126],[-52.4684,67.3179],[-52.461,67.3246],[-52.4503,67.331],[-52.4176,67.3406],[-52.2679,67.3557],[-52.1907,67.3719],[-52.1493,67.372],[-52.049,67.3422],[-51.5528,67.331],[-51.4906,67.3157],[-51.4612,67.3029],[-51.4399,67.2863],[-51.4189,67.2601],[-51.4157,67.2515],[-51.4099,67.2436],[-51.3747,67.228],[-51.303,67.1628],[-51.2771,67.1474],[-51.2424,67.1362],[-51.1761,67.1249],[-51.14,67.1253],[-51.0023,67.1434],[-50.9381,67.1617],[-50.892,67.1677],[-50.8285,67.1828],[-50.6696,67.1932],[-50.4181,67.1744],[-50.3468,67.187],[-50.3464,67.1916],[-50.3478,67.1928],[-50.3503,67.1928],[-50.3531,67.1938],[-50.3468,67.1938],[-50.3648,67.199],[-50.3813,67.1987],[-50.4158,67.1938],[-50.4321,67.1956],[-50.4735,67.2069],[-50.5092,67.2246],[-50.5247,67.228],[-50.8292,67.1988],[-51.1131,67.1394],[-51.1823,67.1454],[-51.212,67.1561],[-51.2371,67.1695],[-51.3104,67.2212],[-51.3664,67.2473],[-51.3884,67.2695],[-51.4182,67.3132],[-51.4394,67.3308],[-51.4669,67.3378],[-51.4849,67.3386],[-51.5068,67.3422],[-51.5218,67.3505],[-51.5187,67.3651],[-51.5039,67.3708],[-51.2649,67.3856],[-51.1898,67.4061],[-51.1497,67.4085],[-51.1326,67.4135],[-51.1147,67.4265],[-51.5441,67.3931],[-51.9735,67.3598],[-52.0122,67.3651],[-52.114,67.4012],[-52.1493,67.4061],[-52.4308,67.3764],[-52.4838,67.362],[-52.5124,67.3577],[-52.5733,67.3577],[-52.6147,67.3469],[-52.8642,67.3135],[-53.1137,67.2801],[-53.2318,67.2962],[-53.2211,67.3109],[-53.1837,67.33],[-53.1704,67.344],[-53.1885,67.3432],[-53.251,67.3271],[-53.297,67.3078],[-53.3448,67.2796],[-53.3831,67.2732],[-53.509,67.2732],[-53.597,67.2553],[-53.6734,67.2283],[-53.7669,67.2066],[-53.8079,67.2069],[-53.8079,67.2143],[-53.7731,67.228],[-53.7939,67.2346],[-53.8513,67.2287],[-53.8767,67.2348],[-53.8689,67.2399],[-53.8602,67.2438],[-53.8509,67.2465],[-53.8414,67.2477],[-53.8414,67.2553],[-53.8624,67.2573],[-53.8829,67.2621],[-53.8747,67.276],[-53.8635,67.2841],[-53.8578,67.2924],[-53.873,67.3193],[-53.8664,67.3249],[-53.8351,67.331],[-53.8578,67.3496],[-53.8496,67.3666],[-53.8238,67.3813],[-53.7936,67.3924],[-53.8017,67.3946],[-53.8215,67.4061],[-53.8057,67.4186],[-53.7827,67.4297],[-53.7584,67.4377],[-53.7389,67.4409],[-53.7294,67.4435],[-53.7126,67.4566],[-53.7042,67.4613],[-53.6949,67.4621],[-53.6748,67.4609],[-53.6268,67.4862],[-53.5758,67.4975],[-53.4783,67.5085],[-53.4075,67.527],[-53.3861,67.5296],[-53.3788,67.5323],[-53.3491,67.5495],[-53.3118,67.5623],[-53.1258,67.5903],[-53.1015,67.5979],[-53.1367,67.606],[-53.2069,67.5837],[-53.2392,67.5904],[-53.119,67.6341],[-53.0347,67.6435],[-52.991,67.6541],[-52.9097,67.6872],[-52.9623,67.6853],[-52.9899,67.6802],[-53.0277,67.6621],[-53.0575,67.6569],[-53.0877,67.6556],[-53.1077,67.6594],[-53.0813,67.6805],[-53.0477,67.6958],[-52.9786,67.7145],[-52.9005,67.727],[-52.8203,67.7282],[-52.7997,67.7241],[-52.7643,67.7106],[-52.7452,67.7077],[-52.598,67.7189],[-52.5626,67.7262],[-52.5329,67.7419],[-52.7539,67.7311],[-52.8277,67.7419],[-52.7896,67.7501],[-52.643,67.7512],[-52.5541,67.7692],[-52.4091,67.7692],[-52.3784,67.7638],[-52.3201,67.7404],[-52.2447,67.731],[-52.1283,67.7003],[-52.1193,67.6991],[-52.0959,67.6987],[-52.0873,67.7003],[-52.0863,67.7038],[-52.0867,67.7108],[-52.0858,67.7178],[-52.0811,67.722],[-52.0621,67.7211],[-52.024,67.7045],[-51.9847,67.6972],[-51.9436,67.6835],[-51.9149,67.6794],[-51.9056,67.677],[-51.8887,67.6702],[-51.8816,67.6632],[-51.885,67.6572],[-51.8903,67.6515],[-51.8893,67.6457],[-51.8641,67.6359],[-51.7545,67.6326],[-51.5324,67.6594],[-51.4036,67.6584],[-51.3816,67.6667],[-51.4066,67.6728],[-51.4157,67.6736],[-51.4157,67.6804],[-51.348,67.6795],[-51.3155,67.6745],[-51.2543,67.6509],[-51.0492,67.6077],[-51.0184,67.5941],[-51.0013,67.5905],[-50.9619,67.5926],[-50.9464,67.5873],[-50.9335,67.5795],[-50.8875,67.5637],[-50.8031,67.522],[-50.7751,67.5159],[-50.7591,67.5145],[-50.7416,67.5104],[-50.7103,67.4986],[-50.6931,67.4941],[-50.6343,67.4948],[-50.5792,67.4825],[-50.5597,67.4811],[-50.5414,67.4835],[-50.5026,67.4927],[-50.4838,67.4948],[-50.2242,67.4777],[-50.1966,67.4675],[-50.1926,67.4739],[-50.2029,67.4811],[-50.1738,67.4931],[-50.1046,67.5053],[-50.0725,67.5159],[-50.0973,67.5158],[-50.1443,67.5051],[-50.2821,67.4948],[-50.3071,67.4977],[-50.3884,67.5159],[-50.5517,67.5102],[-50.7436,67.5457],[-50.8269,67.5888],[-50.8744,67.5979],[-50.8744,67.6047],[-50.8503,67.6073],[-50.8046,67.6218],[-50.6023,67.6485],[-50.4403,67.6958],[-50.3429,67.7101],[-50.3028,67.7316],[-50.2816,67.7385],[-50.2507,67.7373],[-50.1966,67.7282],[-50.1052,67.7232],[-50.0793,67.7145],[-50.0867,67.7101],[-50.0915,67.7051],[-50.0998,67.694],[-50.0138,67.6846],[-49.9686,67.6852],[-49.9359,67.7003],[-49.9697,67.7097],[-50.0394,67.7203],[-50.1056,67.7405],[-50.286,67.7454],[-50.3187,67.7416],[-50.4455,67.7044],[-50.5071,67.6964],[-50.5933,67.6667],[-50.6605,67.6553],[-50.7305,67.6531],[-50.8608,67.6326],[-51.0116,67.6252],[-51.0116,67.6326],[-50.9827,67.6353],[-50.9288,67.6542],[-50.9018,67.6594],[-50.9271,67.6679],[-50.9565,67.6683],[-51.0369,67.6566],[-51.1038,67.6594],[-51.1227,67.6627],[-51.2889,67.7143],[-51.3201,67.7145],[-51.3173,67.7246],[-51.3128,67.7309],[-51.3058,67.7341],[-51.2959,67.7351],[-51.2823,67.7333],[-51.2733,67.7293],[-51.2663,67.725],[-51.2587,67.722],[-51.2356,67.7205],[-51.1689,67.7282],[-51.0635,67.7182],[-51.0038,67.7208],[-50.97,67.7419],[-50.9844,67.7419],[-50.9844,67.7487],[-50.7786,67.7734],[-50.7399,67.7922],[-50.6971,67.8008],[-50.661,67.8201],[-50.6414,67.8244],[-50.4183,67.8218],[-50.3531,67.8039],[-50.332,67.8039],[-50.3069,67.8074],[-50.2878,67.8144],[-50.2848,67.8244],[-50.265,67.8449],[-50.3068,67.8389],[-50.3598,67.8402],[-50.4134,67.8472],[-50.4567,67.8585],[-50.4483,67.8808],[-50.4652,67.8951],[-50.4931,67.8996],[-50.5176,67.8927],[-50.5112,67.8898],[-50.4975,67.8816],[-50.4909,67.8791],[-50.5244,67.8725],[-50.5959,67.8828],[-50.6212,67.8791],[-50.6388,67.8878],[-50.7511,67.9108],[-50.7843,67.9113],[-50.8145,67.904],[-50.8335,67.8859],[-50.8131,67.8859],[-50.8131,67.8791],[-50.8773,67.8664],[-50.8875,67.8585],[-50.8755,67.8501],[-50.849,67.8504],[-50.8055,67.8585],[-50.7703,67.873],[-50.7538,67.8752],[-50.7311,67.8722],[-50.6694,67.8517],[-50.6485,67.8511],[-50.7015,67.8403],[-50.7174,67.8312],[-50.7099,67.8244],[-50.8429,67.8182],[-50.8677,67.8039],[-50.8267,67.8039],[-50.8578,67.7917],[-50.894,67.7941],[-50.9308,67.8013],[-50.9564,67.8039],[-50.9712,67.7976],[-50.9895,67.7768],[-51.0048,67.7692],[-51.022,67.7678],[-51.0768,67.776],[-51.0994,67.7739],[-51.1453,67.7644],[-51.1687,67.7624],[-51.1877,67.7646],[-51.2375,67.7829],[-51.2375,67.7897],[-51.1926,67.8029],[-51.1761,67.8039],[-51.2002,67.8122],[-51.2273,67.8168],[-51.2495,67.8259],[-51.2587,67.848],[-51.2746,67.8638],[-51.3475,67.873],[-51.3679,67.8859],[-51.3379,67.887],[-51.2217,67.9039],[-51.0762,67.9079],[-51.0631,67.9029],[-51.0549,67.8962],[-51.0295,67.8825],[-51.0184,67.8791],[-50.9921,67.879],[-50.9759,67.8869],[-50.9742,67.8996],[-50.9911,67.9138],[-50.9846,67.9147],[-50.97,67.92],[-51.0458,67.9405],[-51.0402,67.9531],[-51.0404,67.9633],[-51.0471,67.9709],[-51.06,67.9753],[-51.0389,67.9815],[-51.2439,67.9699],[-51.2683,67.9578],[-51.2883,67.9442],[-51.3144,67.932],[-51.3415,67.9233],[-51.3645,67.92],[-51.3912,67.922],[-51.404,67.9252],[-51.4342,67.9368],[-51.4731,67.9408],[-51.4914,67.9479],[-51.505,67.9433],[-51.5517,67.9394],[-51.5734,67.9343],[-51.5605,67.9187],[-51.5091,67.9007],[-51.4877,67.8893],[-51.4703,67.8654],[-51.453,67.8603],[-51.4147,67.8598],[-51.3967,67.8566],[-51.3369,67.838],[-51.3256,67.8244],[-51.3474,67.8039],[-51.3874,67.7834],[-51.3984,67.7693],[-51.3816,67.7555],[-51.3816,67.7487],[-51.4235,67.7497],[-51.4448,67.7471],[-51.4744,67.731],[-51.4954,67.728],[-51.5167,67.7292],[-51.5324,67.7351],[-51.505,67.7402],[-51.4784,67.7495],[-51.4702,67.7584],[-51.4983,67.7624],[-51.5132,67.7605],[-51.5528,67.7487],[-51.5692,67.7497],[-51.5841,67.7534],[-51.5978,67.7537],[-51.6112,67.7453],[-51.6297,67.7303],[-51.654,67.7171],[-51.68,67.7068],[-51.7037,67.7003],[-51.7326,67.6977],[-51.7696,67.6992],[-51.8028,67.7068],[-51.8204,67.722],[-51.7999,67.722],[-51.7999,67.7282],[-51.8253,67.7281],[-51.8371,67.73],[-51.8483,67.7351],[-51.8166,67.7535],[-51.7834,67.7613],[-51.6461,67.7604],[-51.6317,67.7658],[-51.63,67.7766],[-51.6435,67.7815],[-51.6695,67.7829],[-51.6918,67.7883],[-51.7316,67.7898],[-51.8061,67.7814],[-51.8197,67.7769],[-51.832,67.7695],[-51.8446,67.7589],[-51.8587,67.7536],[-52.2319,67.7692],[-52.2636,67.78],[-52.2988,67.8106],[-52.3309,67.817],[-52.3422,67.8217],[-52.3336,67.8322],[-52.3185,67.8429],[-52.295,67.8558],[-52.2381,67.8654],[-52.223,67.8706],[-52.1962,67.8833],[-52.159,67.8916],[-52.1493,67.8927],[-52.1388,67.8908],[-52.1388,67.8864],[-52.1459,67.8818],[-52.1562,67.8791],[-51.9228,67.8859],[-51.9065,67.8898],[-51.8721,67.9034],[-51.8281,67.9107],[-51.764,67.9299],[-51.7313,67.9343],[-51.6649,67.9331],[-51.6287,67.9368],[-51.6013,67.9479],[-51.6048,67.9546],[-51.5973,67.9594],[-51.5734,67.9684],[-51.6066,67.977],[-51.8368,67.9405],[-51.9167,67.9135],[-51.9489,67.9081],[-52.2042,67.9057],[-52.2374,67.9018],[-52.262,67.8893],[-52.2748,67.8844],[-52.3946,67.8703],[-52.4094,67.8654],[-52.42,67.8579],[-52.4402,67.8389],[-52.4503,67.8312],[-52.4669,67.8236],[-52.4831,67.8193],[-52.555,67.8127],[-52.626,67.7939],[-52.6633,67.7897],[-52.824,67.7965],[-52.8383,67.7934],[-52.8617,67.7792],[-52.8756,67.776],[-52.8852,67.775],[-52.9016,67.7703],[-52.9097,67.7692],[-52.9438,67.7692],[-53.0038,67.7577],[-53.0643,67.7357],[-53.3317,67.5959],[-53.5767,67.5189],[-53.6674,67.503],[-53.6788,67.5026],[-53.6905,67.5085],[-53.6755,67.5206],[-53.6808,67.5239],[-53.7042,67.5228],[-53.7255,67.5316],[-53.7297,67.5381],[-53.711,67.5637],[-53.7267,67.5662],[-53.7379,67.5727],[-53.741,67.5814],[-53.7327,67.5904],[-53.7526,67.603],[-53.7353,67.6133],[-53.5892,67.6506],[-53.5602,67.6531],[-53.5602,67.6594],[-53.6973,67.6457],[-53.5873,67.6722],[-53.5539,67.6872],[-53.5608,67.6902],[-53.5677,67.694],[-53.5556,67.7014],[-53.5456,67.7114],[-53.5414,67.7197],[-53.5471,67.722],[-53.5541,67.7354],[-53.5655,67.7446],[-53.5694,67.7525],[-53.5539,67.7624],[-53.5707,67.7619],[-53.5889,67.7649],[-53.6059,67.7709],[-53.6375,67.7907],[-53.6584,67.7956],[-53.7042,67.7965],[-53.6877,67.8118],[-53.5956,67.8312],[-53.5551,67.8478],[-53.5409,67.8511],[-53.5263,67.8503],[-53.5131,67.8467],[-53.4999,67.8454],[-53.4857,67.8511],[-53.4895,67.8541],[-53.4903,67.855],[-53.4925,67.8585],[-53.4803,67.8585],[-53.4691,67.8542],[-53.4609,67.846],[-53.4578,67.8347],[-53.4625,67.8211],[-53.4744,67.8161],[-53.5055,67.817],[-53.5055,67.8101],[-53.4796,67.8052],[-53.4303,67.8155],[-53.4032,67.817],[-53.4134,67.8103],[-53.4252,67.806],[-53.4379,67.8039],[-53.4509,67.8039],[-53.4509,67.7965],[-53.278,67.8058],[-53.2455,67.8244],[-53.3873,67.8275],[-53.4311,67.8381],[-53.4311,67.8449],[-53.418,67.8519],[-53.3758,67.8654],[-53.4023,67.873],[-53.4596,67.8732],[-53.4857,67.8791],[-53.4611,67.8931],[-53.434,67.899],[-53.3793,67.8996],[-53.3722,67.8977],[-53.3417,67.8859],[-53.3126,67.8861],[-53.2992,67.8831],[-53.2939,67.8722],[-53.3006,67.8681],[-53.3143,67.8632],[-53.3253,67.8568],[-53.3243,67.848],[-53.3144,67.842],[-53.2911,67.8381],[-53.2797,67.8347],[-53.2621,67.8322],[-53.184,67.8381],[-53.184,67.8449],[-53.2413,67.8427],[-53.2702,67.8463],[-53.2865,67.8585],[-53.1502,67.8912],[-53.1219,67.8927],[-53.0682,67.8823],[-53.0537,67.8859],[-53.0889,67.9022],[-53.1252,67.9114],[-53.1634,67.913],[-53.2045,67.9063],[-53.2501,67.8937],[-53.2591,67.8927],[-53.2645,67.8953],[-53.2664,67.9],[-53.269,67.9044],[-53.2765,67.9063],[-53.2966,67.9079],[-53.3055,67.9102],[-53.3144,67.9138],[-53.3002,67.9175],[-53.2677,67.9182],[-53.2557,67.9234],[-53.2416,67.9321],[-53.2252,67.9351],[-53.1908,67.9343],[-53.234,67.943],[-53.2545,67.9494],[-53.266,67.961],[-53.2501,67.9648],[-53.2004,67.9678],[-53.1591,67.96],[-53.0742,67.9753],[-52.8892,67.9815],[-52.914,67.9902],[-52.972,68.002],[-52.9984,68.0026],[-53.0074,67.9999],[-53.021,67.9909],[-53.0329,67.989],[-53.2591,67.989],[-53.2525,67.9975],[-53.2493,68.0064],[-53.251,68.0151],[-53.2591,68.023],[-53.2282,68.0273],[-53.1766,68.0461],[-53.0412,68.0631],[-52.7292,67.9668],[-52.6322,67.961],[-52.6244,67.9592],[-52.6229,67.9551],[-52.6234,67.9507],[-52.6217,67.9479],[-52.5892,67.9431],[-52.5393,67.9534],[-52.2586,67.9405],[-52.2219,67.9285],[-52.2071,67.9268],[-52.1828,67.9289],[-52.1379,67.9384],[-52.1149,67.9405],[-52.0995,67.9452],[-52.0593,67.9753],[-52.0593,67.9815],[-52.0851,67.9809],[-52.1128,67.9757],[-52.1627,67.9578],[-52.1975,67.9502],[-52.476,67.9684],[-52.7545,67.9866],[-52.8256,68.0054],[-53.0041,68.0753],[-53.1359,68.1091],[-53.163,68.126],[-53.1448,68.1383],[-53.099,68.1513],[-53.081,68.1596],[-53.0943,68.1725],[-53.1116,68.1784],[-53.1306,68.1784],[-53.1493,68.1733],[-53.1532,68.1569],[-53.1793,68.1505],[-53.2392,68.1459],[-53.2678,68.1335],[-53.284,68.1301],[-53.297,68.136],[-53.2963,68.1442],[-53.287,68.1538],[-53.2749,68.1623],[-53.266,68.1671],[-53.287,68.1698],[-53.3302,68.1566],[-53.3522,68.1528],[-53.4578,68.1528],[-53.308,68.1865],[-53.1527,68.2012],[-53.1148,68.1986],[-53.077,68.1916],[-53.0058,68.1671],[-52.9727,68.1605],[-52.8932,68.1569],[-52.8688,68.1459],[-52.8497,68.1484],[-52.8176,68.1402],[-52.7595,68.1186],[-52.7265,68.1112],[-52.5316,68.0954],[-52.4462,68.069],[-52.4152,68.0678],[-52.389,68.0776],[-52.4145,68.0797],[-52.5119,68.1027],[-52.5279,68.1093],[-52.531,68.1173],[-52.5124,68.126],[-52.5381,68.1338],[-52.6217,68.126],[-52.6379,68.1289],[-52.6404,68.1353],[-52.637,68.142],[-52.636,68.1459],[-52.6523,68.1506],[-52.6874,68.1536],[-52.7042,68.1596],[-52.6946,68.1654],[-52.6906,68.1671],[-52.6906,68.1733],[-52.7135,68.1792],[-52.7541,68.1686],[-52.78,68.1671],[-52.7725,68.1671],[-52.7945,68.1658],[-52.7991,68.1758],[-52.7914,68.1882],[-52.7762,68.1943],[-52.7247,68.2012],[-52.7095,68.1989],[-52.6786,68.1892],[-52.663,68.1869],[-52.5829,68.1911],[-52.5541,68.1869],[-52.4718,68.1613],[-52.4442,68.1596],[-52.4401,68.1539],[-52.389,68.1459],[-52.3262,68.1281],[-52.2651,68.1197],[-52.1994,68.0916],[-52.163,68.0851],[-52.0868,68.0851],[-52.0475,68.0801],[-51.9752,68.054],[-51.9315,68.0468],[-51.5743,68.0588],[-51.2171,68.0709],[-51.1677,68.0651],[-51.1433,68.0583],[-51.1075,68.0375],[-51.0593,68.0286],[-50.996,68.0095],[-50.9044,67.9926],[-50.8608,67.9783],[-50.7136,67.9578],[-50.6895,67.9514],[-50.6822,67.9442],[-50.6197,67.9138],[-50.6046,67.9095],[-50.5666,67.9063],[-50.5728,67.9138],[-50.5604,67.9188],[-50.5469,67.9205],[-50.5182,67.92],[-50.5082,67.9223],[-50.4896,67.932],[-50.4772,67.9343],[-50.2328,67.9124],[-50.1785,67.9204],[-50.1483,67.9479],[-50.2991,67.9343],[-50.314,67.9365],[-50.3428,67.9458],[-50.463,67.9548],[-50.5032,67.9667],[-50.5182,67.9684],[-50.5471,67.9679],[-50.5607,67.9698],[-50.5728,67.9753],[-50.5638,67.9799],[-50.5557,67.9858],[-50.5492,67.9933],[-50.5455,68.0026],[-50.5901,68.0087],[-50.6791,67.9954],[-50.7236,68.0026],[-50.6986,68.009],[-50.6815,68.0175],[-50.6803,68.0269],[-50.7032,68.0367],[-50.7349,68.0397],[-50.7964,68.0336],[-50.8267,68.0367],[-50.8646,68.049],[-50.9283,68.0527],[-50.9427,68.0572],[-50.9521,68.062],[-50.9673,68.0724],[-50.9774,68.0776],[-50.9944,68.0822],[-51.0293,68.0861],[-51.0458,68.0913],[-51.0218,68.1002],[-50.9359,68.1186],[-50.9359,68.126],[-50.9716,68.1225],[-51.0385,68.1074],[-51.0737,68.105],[-51.1007,68.1067],[-51.1107,68.1115],[-51.1147,68.1224],[-51.121,68.1301],[-51.136,68.1328],[-51.1689,68.1323],[-51.1839,68.1365],[-51.2142,68.1552],[-51.2307,68.1596],[-51.2456,68.156],[-51.2613,68.1494],[-51.2779,68.1472],[-51.3118,68.1652],[-51.3679,68.1733],[-51.3864,68.1811],[-51.4171,68.1982],[-51.4368,68.2012],[-51.4368,68.208],[-50.998,68.1807],[-50.9673,68.184],[-50.9559,68.1893],[-50.9632,68.1977],[-51.0117,68.2169],[-51.0359,68.2215],[-51.06,68.2217],[-51.1142,68.2148],[-51.1418,68.2177],[-51.1865,68.2461],[-51.2113,68.2502],[-51.357,68.2484],[-51.3816,68.2558],[-51.3634,68.2657],[-51.3428,68.2695],[-51.2233,68.2748],[-51.2071,68.28],[-51.1913,68.2888],[-51.1556,68.2948],[-51.1457,68.303],[-51.1483,68.3094],[-51.1493,68.3182],[-51.1488,68.324],[-51.1438,68.3312],[-51.1208,68.3514],[-51.1282,68.3551],[-51.1354,68.3598],[-51.1423,68.3657],[-51.1488,68.3725],[-51.1283,68.3725],[-51.1424,68.3762],[-51.1604,68.3787],[-51.1758,68.3842],[-51.1823,68.3964],[-51.1778,68.4081],[-51.167,68.4142],[-50.9982,68.4468],[-50.9427,68.45],[-50.9291,68.4544],[-50.8819,68.4822],[-50.8564,68.4896],[-50.8267,68.4824],[-50.8478,68.4775],[-50.8677,68.4687],[-50.8485,68.4678],[-50.8175,68.4737],[-50.7876,68.4838],[-50.772,68.4954],[-50.848,68.5071],[-51.2316,68.4158],[-51.3201,68.4202],[-51.43,68.406],[-51.4594,68.4076],[-51.5392,68.4277],[-51.5691,68.4302],[-51.5955,68.4272],[-51.649,68.4135],[-51.6199,68.4045],[-51.5609,68.3961],[-51.5109,68.3666],[-51.4834,68.3599],[-51.3133,68.3657],[-51.2788,68.3551],[-51.2322,68.329],[-51.2209,68.3137],[-51.245,68.3042],[-51.2354,68.2974],[-51.2233,68.2968],[-51.3131,68.2828],[-51.6481,68.2746],[-51.6802,68.2649],[-51.6969,68.2626],[-51.7314,68.2633],[-51.7471,68.2606],[-51.7777,68.2444],[-51.7937,68.2441],[-51.8266,68.2496],[-52.0535,68.2362],[-52.1016,68.2217],[-52.1367,68.218],[-52.2269,68.2204],[-52.2816,68.1997],[-52.4451,68.1815],[-52.4694,68.1845],[-52.4913,68.1943],[-52.505,68.1943],[-52.4591,68.2178],[-52.4442,68.2285],[-52.4635,68.237],[-52.5211,68.2458],[-52.5469,68.2527],[-52.5621,68.2644],[-52.5522,68.273],[-52.531,68.281],[-52.5124,68.2906],[-52.5428,68.2956],[-52.6422,68.2769],[-52.758,68.2827],[-52.7953,68.2773],[-52.7899,68.2761],[-52.7419,68.2653],[-52.6701,68.2609],[-52.6468,68.2549],[-52.6285,68.2421],[-52.6681,68.2234],[-52.7145,68.2155],[-52.7624,68.2158],[-52.8067,68.2217],[-52.813,68.2244],[-52.8247,68.2332],[-52.834,68.2359],[-52.8465,68.2353],[-52.8714,68.2292],[-52.8824,68.2285],[-52.8995,68.2343],[-52.8918,68.2419],[-52.8545,68.2558],[-52.8979,68.2537],[-52.9198,68.2554],[-52.9376,68.2626],[-52.9181,68.2789],[-52.8883,68.2903],[-52.7519,68.3178],[-52.7112,68.319],[-52.678,68.3075],[-52.6669,68.31],[-52.6556,68.3145],[-52.6422,68.3179],[-52.6451,68.3217],[-52.6478,68.3283],[-52.6496,68.3315],[-52.615,68.3298],[-52.6024,68.3332],[-52.6012,68.3445],[-52.5978,68.3448],[-52.5909,68.3442],[-52.5876,68.3445],[-52.5876,68.3514],[-52.6906,68.3377],[-52.7873,68.3367],[-52.8314,68.3173],[-53.0736,68.2875],[-53.1374,68.2899],[-53.1704,68.2968],[-53.2042,68.3087],[-53.2201,68.3094],[-53.2557,68.291],[-53.3059,68.2878],[-53.3395,68.2719],[-53.3541,68.2748],[-53.3666,68.2846],[-53.3758,68.2968],[-53.3518,68.2923],[-53.3424,68.2948],[-53.3349,68.3042],[-53.3778,68.3216],[-53.3895,68.3315],[-53.2956,68.3513],[-53.2479,68.3529],[-53.2045,68.3445],[-53.1463,68.3229],[-53.1149,68.3159],[-53.0885,68.3179],[-53.0257,68.3445],[-52.9624,68.3489],[-52.9476,68.3551],[-52.932,68.3646],[-52.9102,68.3715],[-52.8688,68.3793],[-52.7997,68.3789],[-52.78,68.3856],[-52.791,68.39],[-52.8122,68.3955],[-52.8203,68.3998],[-52.814,68.4085],[-52.8041,68.4131],[-52.7923,68.4144],[-52.78,68.4135],[-52.7752,68.4229],[-52.7175,68.4238],[-52.694,68.4309],[-52.6802,68.4393],[-52.6405,68.4523],[-52.5668,68.4612],[-52.5599,68.46],[-52.5462,68.4551],[-52.5398,68.4544],[-52.5364,68.4569],[-52.534,68.4618],[-52.5328,68.4666],[-52.5329,68.4687],[-52.4484,68.4621],[-52.4231,68.4687],[-52.4783,68.4954],[-52.4114,68.5084],[-52.389,68.5097],[-52.4146,68.5179],[-52.4456,68.518],[-52.5749,68.5041],[-52.6086,68.507],[-52.6422,68.5159],[-52.6164,68.5259],[-52.1932,68.5722],[-52.18,68.5677],[-52.1731,68.5615],[-52.1657,68.5567],[-52.1562,68.5507],[-52.1453,68.5463],[-52.1333,68.5437],[-52.1207,68.5429],[-52.1078,68.5438],[-52.1107,68.5476],[-52.1121,68.5507],[-52.113,68.5538],[-52.1146,68.5574],[-51.9647,68.5876],[-51.8849,68.5928],[-51.8129,68.5786],[-51.8488,68.5685],[-51.9644,68.5643],[-51.9644,68.5574],[-51.916,68.5574],[-51.916,68.5507],[-51.9274,68.55],[-51.9381,68.5474],[-51.9481,68.5432],[-51.9569,68.537],[-51.9326,68.5296],[-51.8644,68.517],[-51.8412,68.5196],[-51.8205,68.5288],[-51.8013,68.534],[-51.7577,68.537],[-51.6357,68.5236],[-51.5688,68.5239],[-51.5324,68.5438],[-51.5339,68.5547],[-51.5158,68.5627],[-51.4904,68.5666],[-51.4703,68.5643],[-51.4703,68.5574],[-51.5051,68.5438],[-51.5051,68.537],[-51.4582,68.5473],[-51.4088,68.5507],[-51.3696,68.5455],[-51.3519,68.5487],[-51.3406,68.5643],[-51.402,68.5643],[-51.402,68.5711],[-51.3779,68.5796],[-51.3453,68.5848],[-51.312,68.585],[-51.286,68.5786],[-51.2996,68.5711],[-51.1488,68.5639],[-51.1208,68.5786],[-51.1295,68.5791],[-51.1488,68.5848],[-51.0933,68.6041],[-51.0737,68.6052],[-51.0737,68.6002],[-51.0763,68.5923],[-51.0827,68.5842],[-51.0941,68.5786],[-51.0545,68.5795],[-51.0357,68.5842],[-51.0359,68.5947],[-51.0418,68.6057],[-51.0414,68.6181],[-51.0348,68.6284],[-51.0218,68.6326],[-51.0061,68.6421],[-51.0249,68.6639],[-51.0737,68.7014],[-51.0491,68.7014],[-51.0235,68.696],[-50.9665,68.6718],[-50.9427,68.653],[-50.9302,68.6364],[-50.9226,68.6289],[-50.9123,68.6257],[-50.8804,68.6196],[-50.8621,68.6198],[-50.854,68.6291],[-50.8591,68.6383],[-50.8817,68.6465],[-50.8875,68.653],[-50.8777,68.6629],[-50.8253,68.6738],[-50.8055,68.681],[-50.901,68.6697],[-50.9291,68.6741],[-50.9259,68.6778],[-50.9241,68.6811],[-50.9213,68.6841],[-50.9154,68.6872],[-50.9235,68.6994],[-50.9352,68.7009],[-50.9491,68.6991],[-50.9639,68.7014],[-50.9728,68.7079],[-50.9911,68.7356],[-50.8813,68.7703],[-50.784,68.7768],[-50.7646,68.7902],[-50.7648,68.8035],[-50.6547,68.8312],[-50.7432,68.8419],[-50.7869,68.8419],[-50.8267,68.8312],[-50.8685,68.8093],[-50.9455,68.7884],[-51.0188,68.7526],[-51.0321,68.7486],[-51.1147,68.7356],[-51.2486,68.7496],[-51.2921,68.7486],[-51.2811,68.7628],[-51.2634,68.7695],[-51.243,68.7737],[-51.2239,68.7803],[-51.2125,68.7894],[-51.2034,68.7995],[-51.1926,68.8078],[-51.1761,68.8113],[-51.1835,68.8217],[-51.2065,68.8342],[-51.2171,68.8454],[-51.1809,68.8567],[-51.1019,68.8662],[-51.07,68.8824],[-51.0448,68.8987],[-50.9874,68.9208],[-50.9639,68.9342],[-50.9938,68.932],[-51.0331,68.923],[-51.0651,68.9095],[-51.0737,68.8933],[-51.0967,68.8859],[-51.156,68.8869],[-51.1823,68.879],[-51.1845,68.8814],[-51.185,68.8825],[-51.1861,68.8836],[-51.1898,68.8858],[-51.1898,68.8933],[-51.1801,68.9038],[-51.1699,68.9108],[-51.1095,68.9336],[-51.094,68.9426],[-51.0873,68.9513],[-51.089,68.9805],[-51.0958,69.0027],[-51.1103,69.0224],[-51.1351,69.0441],[-51.1213,69.0483],[-51.0937,69.0473],[-51.0799,69.0503],[-51.097,69.0777],[-51.1067,69.0894],[-51.1208,69.0987],[-51.0759,69.1053],[-51.062,69.1144],[-51.0799,69.1328],[-50.7902,69.1285],[-50.7494,69.1209],[-50.7441,69.0987],[-50.7711,69.0876],[-50.9018,69.0782],[-50.9291,69.0503],[-50.9449,69.0472],[-50.9764,69.0447],[-50.9911,69.0373],[-50.9243,69.0295],[-50.9018,69.0298],[-50.9018,69.0373],[-50.9093,69.0373],[-50.9093,69.0441],[-50.7013,69.0815],[-50.6343,69.072],[-50.6434,69.0556],[-50.6485,69.0503],[-50.6304,69.0443],[-50.6152,69.0491],[-50.6012,69.0556],[-50.5868,69.0539],[-50.5404,69.0333],[-50.525,69.0298],[-50.5353,69.0108],[-50.5391,69.0005],[-50.536,68.9913],[-50.525,68.9752],[-50.5237,68.9676],[-50.5246,68.9586],[-50.5231,68.9511],[-50.5145,68.9479],[-50.4579,68.9416],[-50.4304,68.9343],[-50.4023,68.9301],[-50.3915,68.9243],[-50.3848,68.9149],[-50.3832,68.9103],[-50.3782,68.9084],[-50.3605,68.9069],[-50.3344,68.9078],[-50.3198,68.9141],[-50.3204,68.9244],[-50.3401,68.9373],[-50.3485,68.9445],[-50.3536,68.9541],[-50.3572,68.9631],[-50.3605,68.9683],[-50.3749,68.9734],[-50.3881,68.9728],[-50.4152,68.9683],[-50.4437,68.968],[-50.4573,68.9699],[-50.4704,68.9752],[-50.4755,68.9815],[-50.483,68.9994],[-50.4875,69.0031],[-50.493,69.0062],[-50.4889,69.013],[-50.4766,69.0236],[-50.4601,69.0296],[-50.4392,69.0321],[-50.4182,69.0311],[-50.4015,69.0267],[-50.3686,69.0014],[-50.3509,68.996],[-50.3332,69.0093],[-50.3539,69.0334],[-50.3355,69.0544],[-50.2989,69.065],[-50.265,69.0578],[-50.255,69.0395],[-50.2631,69.019],[-50.2806,69.0007],[-50.2991,68.9888],[-50.2485,68.9636],[-50.2217,68.9599],[-50.2029,68.9752],[-50.2102,68.9781],[-50.223,68.9858],[-50.2302,68.9888],[-50.2152,69.0051],[-50.2129,69.0133],[-50.2172,69.0236],[-50.193,69.0187],[-50.1832,69.0194],[-50.1749,69.0236],[-50.1749,69.0298],[-50.2102,69.0639],[-50.2234,69.072],[-50.2592,69.0795],[-50.4247,69.061],[-50.5091,69.0707],[-50.6762,69.1116],[-50.6895,69.1267],[-50.6545,69.1398],[-50.4912,69.1267],[-50.3844,69.1328],[-50.3153,69.1218],[-50.2994,69.123],[-50.2721,69.1374],[-50.2582,69.1424],[-50.2377,69.1471],[-50.1789,69.1539],[-50.1619,69.1601],[-50.1398,69.1798],[-50.1301,69.2025],[-50.1373,69.2212],[-50.165,69.2291],[-50.1823,69.2258],[-50.1962,69.218],[-50.209,69.2087],[-50.2234,69.2011],[-50.2428,69.1965],[-50.3065,69.1949],[-50.2991,69.1949],[-50.3214,69.1948],[-50.3658,69.2006],[-50.3884,69.2011],[-50.431,69.1945],[-50.4517,69.1963],[-50.4704,69.2086],[-50.4505,69.225],[-50.443,69.2291],[-50.451,69.2314],[-50.4557,69.2349],[-50.463,69.2427],[-50.4541,69.248],[-50.4532,69.2519],[-50.4591,69.2546],[-50.4704,69.2563],[-50.4589,69.2709],[-50.4628,69.2825],[-50.4705,69.293],[-50.4704,69.3041],[-50.4509,69.3157],[-50.3903,69.3256],[-50.3667,69.3389],[-50.4299,69.3472],[-50.4882,69.3286],[-50.6001,69.2768],[-50.5619,69.2669],[-50.5432,69.258],[-50.5424,69.2461],[-50.5537,69.2365],[-50.5669,69.2299],[-50.5939,69.2214],[-50.5928,69.2197],[-50.5933,69.2154],[-50.6082,69.2167],[-50.6449,69.2157],[-50.6622,69.2222],[-50.6417,69.2291],[-50.6417,69.2353],[-50.6852,69.2324],[-50.7672,69.2023],[-50.8323,69.1921],[-50.8686,69.1789],[-50.8875,69.1745],[-50.9149,69.1737],[-51.0032,69.1805],[-51.01,69.1804],[-51.0173,69.1845],[-51.0235,69.1902],[-51.0328,69.1949],[-51.0941,69.2011],[-51.1147,69.2065],[-51.1151,69.2122],[-51.0799,69.2291],[-51.0856,69.2319],[-51.0954,69.2396],[-51.1004,69.2427],[-51.0873,69.2475],[-51.0743,69.247],[-51.0458,69.2427],[-51.0344,69.247],[-51.0218,69.2658],[-51.0116,69.27],[-50.9383,69.2724],[-50.8677,69.2837],[-50.8927,69.2987],[-50.9519,69.3001],[-50.9737,69.3076],[-50.9875,69.3298],[-50.9704,69.3378],[-50.9093,69.3389],[-50.913,69.3488],[-50.9154,69.3525],[-50.8937,69.3541],[-50.8528,69.3399],[-50.8335,69.3451],[-50.8922,69.3859],[-50.8949,69.4003],[-50.8827,69.4111],[-50.8564,69.4169],[-50.8472,69.4283],[-50.8451,69.4415],[-50.8508,69.4465],[-50.8597,69.4509],[-50.8677,69.4618],[-50.7584,69.4761],[-50.7108,69.4899],[-50.6852,69.4923],[-50.6616,69.486],[-50.6236,69.47],[-50.5751,69.4564],[-50.5254,69.4481],[-50.484,69.4481],[-50.484,69.4543],[-50.4973,69.4597],[-50.504,69.4673],[-50.5091,69.4772],[-50.5176,69.4897],[-50.4698,69.503],[-50.4197,69.5089],[-50.2889,69.5006],[-50.2606,69.5042],[-50.2029,69.5233],[-50.2306,69.5318],[-50.3401,69.5233],[-50.3503,69.5261],[-50.3632,69.5327],[-50.3848,69.5478],[-50.396,69.5491],[-50.4499,69.5443],[-50.4785,69.5359],[-50.5356,69.5113],[-50.5666,69.5028],[-50.5926,69.4963],[-50.6415,69.4952],[-50.6905,69.4996],[-50.7236,69.5096],[-50.7091,69.5155],[-50.6939,69.5175],[-50.6622,69.517],[-50.7158,69.5267],[-50.7652,69.5117],[-50.811,69.4907],[-50.854,69.4822],[-50.8745,69.4914],[-50.8806,69.5079],[-50.8734,69.5236],[-50.854,69.5307],[-50.8349,69.5346],[-50.8116,69.5445],[-50.7958,69.5577],[-50.7994,69.5717],[-50.7988,69.5871],[-50.8124,69.6003],[-50.8315,69.6129],[-50.8472,69.6263],[-50.7753,69.6503],[-50.6933,69.6452],[-50.4242,69.5992],[-50.4083,69.6058],[-50.4232,69.6187],[-50.4491,69.633],[-50.4615,69.6457],[-50.4357,69.6542],[-50.5087,69.6447],[-50.5318,69.6467],[-50.5946,69.6704],[-50.6212,69.6741],[-50.7363,69.6657],[-50.7944,69.6721],[-50.8267,69.702],[-50.7961,69.7199],[-50.7069,69.7301],[-50.669,69.7396],[-50.6212,69.7634],[-50.6061,69.7833],[-50.5943,69.7907],[-50.5749,69.789],[-50.5272,69.7795],[-50.4275,69.7748],[-50.3539,69.7609],[-50.2718,69.7634],[-50.23,69.7585],[-50.2099,69.7586],[-50.1892,69.7634],[-50.2476,69.776],[-50.265,69.7839],[-50.2759,69.7914],[-50.2956,69.8149],[-50.3074,69.8226],[-50.3185,69.8267],[-50.3234,69.8317],[-50.3158,69.842],[-50.3072,69.8491],[-50.3016,69.855],[-50.3008,69.8622],[-50.3065,69.8733],[-50.3329,69.89],[-50.3734,69.898],[-50.4855,69.9024],[-50.5613,69.9162],[-50.5933,69.9279],[-50.5666,69.9484],[-50.5865,69.9553],[-50.5609,69.9749],[-50.344,69.9786],[-50.2991,69.9868],[-50.2097,70.0168],[-50.2373,70.0384],[-50.2753,70.0458],[-50.422,70.0372],[-50.4329,70.0417],[-50.4495,70.0544],[-50.4567,70.0576],[-50.4711,70.0579],[-50.4777,70.0546],[-50.4824,70.0494],[-50.4909,70.044],[-50.5015,70.0405],[-50.7188,69.9965],[-50.8048,69.9912],[-50.9391,69.9636],[-51.2597,69.963],[-51.286,69.9695],[-51.2521,69.9699],[-51.227,69.9792],[-51.1823,70.0031],[-51.1649,70.0051],[-51.1485,70.0039],[-51.1327,70.0048],[-51.1178,70.0136],[-51.0941,70.0342],[-51.087,70.0372],[-51.0509,70.0353],[-51.0347,70.0314],[-51.0184,70.0241],[-51.0094,70.0168],[-51.0006,70.0075],[-50.9915,69.9996],[-50.9809,69.9962],[-50.8608,70.0241],[-50.8984,70.0388],[-50.9818,70.0324],[-51.0184,70.044],[-51.0104,70.0451],[-50.9911,70.0515],[-50.9911,70.0576],[-51.0308,70.0658],[-51.2211,70.074],[-51.245,70.0714],[-51.2594,70.0668],[-51.268,70.061],[-51.286,70.044],[-51.3805,69.9885],[-51.4387,69.9665],[-51.4703,69.9757],[-51.5553,69.9733],[-51.5734,69.9831],[-51.569,69.9898],[-51.5419,70.0116],[-51.5324,70.0241],[-51.5409,70.0278],[-51.5498,70.0303],[-51.5643,70.0287],[-51.6081,70.0168],[-51.6254,70.015],[-51.8351,70.0217],[-51.9249,70.0111],[-51.969,70.0111],[-52.0098,70.0198],[-52.0613,70.0512],[-52.0806,70.0512],[-52.1007,70.0468],[-52.1925,70.0414],[-52.2775,70.0562],[-52.2996,70.0576],[-52.3049,70.0567],[-52.3127,70.0524],[-52.3207,70.0515],[-52.3295,70.0536],[-52.344,70.0629],[-52.3799,70.0734],[-52.464,70.134],[-52.5006,70.1521],[-52.5206,70.1587],[-52.5398,70.1613],[-52.5526,70.1657],[-52.5617,70.1758],[-52.569,70.1883],[-52.577,70.1989],[-52.61,70.2171],[-52.9209,70.2851],[-53.2318,70.3531],[-53.5359,70.3669],[-53.84,70.3807],[-54.0187,70.4132],[-54.078,70.4489],[-54.1144,70.4626],[-54.1846,70.4766],[-54.1868,70.4887],[-54.1996,70.5035],[-54.2186,70.5184],[-54.3253,70.5732],[-54.4593,70.6191],[-54.5371,70.6565],[-54.5545,70.661],[-54.574,70.6614],[-54.6111,70.6547],[-54.6302,70.6541],[-54.6302,70.661],[-54.6027,70.6736],[-54.5881,70.6826],[-54.5819,70.692],[-54.5809,70.7053],[-54.5775,70.7142],[-54.5712,70.7205],[-54.561,70.7265],[-54.5231,70.7402],[-54.4423,70.7548],[-54.3258,70.7976],[-54.2422,70.8176],[-54.1554,70.8288],[-53.9796,70.8297],[-53.9327,70.819],[-53.8894,70.8151],[-53.8221,70.7938],[-53.772,70.7918],[-53.6703,70.7988],[-53.6473,70.7952],[-53.5819,70.7708],[-53.434,70.7527],[-53.1916,70.7722],[-52.7906,70.7568],[-52.4503,70.7026],[-52.2699,70.6354],[-52.1214,70.6018],[-52.0941,70.5853],[-52.0521,70.5692],[-51.9651,70.5495],[-51.843,70.5073],[-51.6753,70.4743],[-51.5494,70.4316],[-51.4095,70.435],[-51.1929,70.4026],[-51.0663,70.3668],[-50.8295,70.3564],[-50.6594,70.3258],[-50.6116,70.3244],[-50.5666,70.3337],[-50.5318,70.3593],[-50.5418,70.3727],[-50.5534,70.3818],[-50.5679,70.3881],[-50.5865,70.3941],[-50.6112,70.3954],[-50.6377,70.3913],[-50.6627,70.3902],[-50.6827,70.4009],[-50.6593,70.4149],[-50.5952,70.4436],[-50.5933,70.463],[-50.5749,70.4745],[-50.5169,70.498],[-50.5045,70.5002],[-50.5017,70.5062],[-50.4964,70.509],[-50.4937,70.5133],[-50.4983,70.5238],[-50.5051,70.5281],[-50.53,70.5366],[-50.5386,70.5381],[-50.5597,70.5327],[-50.6035,70.5087],[-50.6422,70.497],[-50.6534,70.4692],[-50.669,70.463],[-50.6925,70.4594],[-50.7441,70.4282],[-50.7721,70.4208],[-50.9928,70.425],[-51.0586,70.439],[-51.0941,70.4698],[-50.9427,70.4698],[-50.9635,70.4848],[-51.0043,70.4972],[-51.0799,70.5107],[-51.1903,70.5025],[-51.2233,70.5107],[-51.2406,70.5344],[-51.3259,70.5554],[-51.3474,70.5716],[-51.3194,70.583],[-51.2307,70.6064],[-51.2079,70.6223],[-51.195,70.6285],[-51.1823,70.6262],[-51.1765,70.619],[-51.1754,70.6098],[-51.1778,70.6004],[-51.1823,70.5927],[-51.1612,70.5794],[-51.1302,70.571],[-51.0365,70.56],[-50.9749,70.5366],[-50.9431,70.5312],[-50.9158,70.5314],[-50.9058,70.5267],[-50.9018,70.5141],[-50.8968,70.5102],[-50.8859,70.5108],[-50.8743,70.514],[-50.8677,70.5176],[-50.8645,70.5353],[-50.8784,70.5472],[-50.8974,70.5578],[-50.9093,70.5716],[-50.8898,70.5719],[-50.7866,70.5481],[-50.7373,70.5449],[-50.7648,70.5621],[-50.7987,70.5728],[-50.8677,70.5853],[-50.8576,70.5932],[-50.8397,70.6042],[-50.8335,70.6132],[-50.854,70.613],[-50.8929,70.6023],[-50.9123,70.5995],[-50.9326,70.601],[-50.9911,70.6132],[-50.9697,70.639],[-50.9267,70.6556],[-50.8787,70.6625],[-50.7564,70.6497],[-50.7194,70.6291],[-50.6969,70.6237],[-50.6362,70.6203],[-50.625,70.6224],[-50.6235,70.6284],[-50.6343,70.6405],[-50.6527,70.6503],[-50.9154,70.6889],[-51.1004,70.661],[-51.1004,70.6678],[-51.0801,70.6778],[-51.0785,70.6894],[-51.0846,70.704],[-51.0873,70.723],[-51.0646,70.7485],[-51.0599,70.761],[-51.0799,70.764],[-51.0994,70.757],[-51.1207,70.7432],[-51.1694,70.7027],[-51.1763,70.6988],[-51.1898,70.6951],[-51.2081,70.6925],[-51.3992,70.6973],[-51.43,70.7094],[-51.4451,70.7319],[-51.4382,70.747],[-51.4169,70.7553],[-51.3887,70.7578],[-51.3393,70.7554],[-51.314,70.7569],[-51.2921,70.764],[-51.2813,70.7726],[-51.2779,70.7805],[-51.2766,70.7888],[-51.2717,70.7988],[-51.2609,70.8102],[-51.2507,70.8139],[-51.1708,70.8061],[-51.099,70.788],[-51.04,70.7882],[-51.0116,70.7845],[-50.8186,70.7209],[-50.688,70.7069],[-50.6616,70.7125],[-50.6516,70.7186],[-50.6383,70.7292],[-50.6316,70.7391],[-50.6414,70.7436],[-50.7147,70.7443],[-50.7402,70.756],[-50.7373,70.7845],[-50.8941,70.8081],[-50.9147,70.8161],[-50.9154,70.8254],[-50.92,70.8387],[-50.8978,70.852],[-50.8472,70.8732],[-50.8863,70.8811],[-50.9403,70.8759],[-50.9938,70.8633],[-51.0321,70.8493],[-51.073,70.8405],[-51.1236,70.8439],[-51.1732,70.856],[-51.2103,70.8732],[-51.1898,70.8807],[-51.1898,70.8869],[-51.4567,70.9081],[-51.5363,70.9304],[-51.5892,70.9299],[-51.6143,70.9353],[-51.6628,70.9619],[-51.9149,71.0214],[-51.9569,71.0241],[-51.9462,71.0314],[-51.9092,71.0452],[-51.8918,71.0566],[-51.8826,71.0613],[-51.8675,71.0657],[-51.8319,71.0694],[-51.5199,71.0158],[-51.2079,70.9622],[-50.9977,70.9652],[-50.9553,70.9743],[-50.9361,70.9869],[-50.931,71.0126],[-50.9154,71.0241],[-51.2021,71.0176],[-51.2512,71.0241],[-51.3129,71.0428],[-51.4192,71.0508],[-51.4766,71.0638],[-51.4848,71.0704],[-51.4706,71.0825],[-51.4311,71.0917],[-51.2921,71.0787],[-51.3175,71.0861],[-51.3505,71.0876],[-51.38,71.0932],[-51.3959,71.1135],[-51.2233,71.1408],[-51.2233,71.1476],[-51.3433,71.1466],[-51.5088,71.1153],[-51.6739,71.1109],[-51.7112,71.1197],[-51.7328,71.1326],[-51.746,71.1384],[-51.7633,71.1408],[-51.8425,71.1374],[-51.8483,71.134],[-51.8669,71.1287],[-51.9642,71.1165],[-52.0049,71.1029],[-52.0255,71.0998],[-52.1783,71.1035],[-52.2248,71.1165],[-52.2427,71.1268],[-52.2448,71.1347],[-52.2332,71.1413],[-52.2102,71.1476],[-52.1378,71.1548],[-52.1146,71.1606],[-52.0993,71.1689],[-52.06,71.1991],[-52.0273,71.2142],[-51.9032,71.2477],[-51.8102,71.2575],[-51.6212,71.2506],[-51.5724,71.2559],[-51.5471,71.2631],[-51.5287,71.2742],[-51.5246,71.2833],[-51.524,71.2962],[-51.5276,71.3078],[-51.5358,71.3127],[-51.668,71.3367],[-51.6901,71.3468],[-51.6653,71.3541],[-51.6534,71.3594],[-51.6422,71.3673],[-51.749,71.3604],[-52.0494,71.2473],[-52.1353,71.2315],[-52.233,71.195],[-52.3424,71.1761],[-52.4243,71.1517],[-52.4838,71.1477],[-52.517,71.1483],[-52.5343,71.1531],[-52.5504,71.1644],[-52.5577,71.1786],[-52.5536,71.1904],[-52.5364,71.2062],[-52.4984,71.2267],[-52.3548,71.237],[-52.2901,71.2553],[-52.2589,71.2726],[-52.2456,71.2954],[-52.2582,71.3181],[-52.2803,71.3345],[-52.2882,71.3489],[-52.2577,71.3655],[-52.1145,71.398],[-52.0448,71.4033],[-52.0285,71.4074],[-51.9985,71.4213],[-51.9808,71.4267],[-51.9471,71.4278],[-51.8843,71.4404],[-51.6122,71.4562],[-51.4214,71.4393],[-51.3816,71.4486],[-51.3959,71.4622],[-51.3701,71.4716],[-51.3474,71.484],[-51.361,71.4937],[-51.3804,71.4973],[-51.6823,71.5096],[-52.1073,71.4482],[-52.2402,71.4057],[-52.3333,71.3961],[-52.4263,71.3723],[-52.7093,71.3968],[-52.9923,71.4213],[-52.9923,71.4288],[-52.9755,71.432],[-52.9671,71.435],[-52.9477,71.4462],[-52.9051,71.4588],[-52.8279,71.4689],[-52.8067,71.4765],[-52.7378,71.5127],[-52.7009,71.5259],[-52.2586,71.5795],[-52.1388,71.5722],[-51.7816,71.6027],[-51.7611,71.6098],[-51.7419,71.6197],[-51.7276,71.631],[-51.7008,71.6579],[-51.676,71.6726],[-51.6543,71.696],[-51.6462,71.7175],[-51.6695,71.723],[-51.6627,71.7298],[-51.7579,71.7305],[-51.7856,71.723],[-51.7982,71.7205],[-51.8102,71.7112],[-51.8303,71.6854],[-51.8634,71.6641],[-51.9014,71.6527],[-52.1664,71.6131],[-52.5733,71.6379],[-52.5707,71.6518],[-52.5659,71.6651],[-52.5633,71.6776],[-52.567,71.6888],[-52.5815,71.6966],[-52.6003,71.6955],[-52.6368,71.6838],[-52.663,71.6798],[-52.9645,71.6948],[-53.266,71.7099],[-53.2591,71.7099],[-53.2626,71.7106],[-53.2652,71.7108],[-53.2665,71.7123],[-53.266,71.7167],[-53.214,71.7327],[-53.1099,71.7816],[-53.0018,71.7969],[-52.9469,71.8119],[-52.8957,71.8356],[-52.8545,71.8676],[-52.8913,71.8759],[-52.9088,71.8823],[-52.9165,71.8942],[-52.9078,71.9135],[-52.8852,71.9213],[-52.834,71.929],[-52.8178,71.9392],[-52.7966,71.9641],[-52.78,71.9763],[-52.733,71.9926],[-52.6832,72.0041],[-52.6832,72.0109],[-52.7456,72.0206],[-52.776,72.0176],[-52.8267,71.9859],[-53.0173,71.9304],[-53.0332,71.9189],[-53.0278,71.9029],[-53.0148,71.8817],[-52.9989,71.8627],[-52.9848,71.8533],[-52.9848,71.8471],[-53.2255,71.8115],[-53.266,71.7987],[-53.2987,71.7844],[-53.3164,71.779],[-53.3274,71.7782],[-53.3392,71.7742],[-53.3519,71.7743],[-53.3643,71.7778],[-53.3758,71.7844],[-53.336,71.8165],[-53.3251,71.8321],[-53.3212,71.857],[-53.3308,71.8751],[-53.3731,71.9041],[-53.3868,71.9359],[-53.4052,71.956],[-53.4093,71.9666],[-53.4105,71.9726],[-53.4156,71.982],[-53.4168,71.987],[-53.4147,71.9935],[-53.41,71.9988],[-53.4032,72.0041],[-53.3983,72.015],[-53.3926,72.0229],[-53.3913,72.031],[-53.3997,72.042],[-53.4099,72.0495],[-53.4803,72.0782],[-53.6983,72.1259],[-53.7253,72.1487],[-53.7266,72.1577],[-53.7253,72.169],[-53.7266,72.1788],[-53.7358,72.1828],[-53.7402,72.1874],[-53.7674,72.2573],[-53.7777,72.2726],[-53.7936,72.2853],[-53.7958,72.2965],[-53.8135,72.302],[-53.835,72.3059],[-53.8488,72.3126],[-53.8516,72.3306],[-53.8359,72.3388],[-53.7645,72.3489],[-53.5811,72.3495],[-53.5539,72.3542],[-53.5539,72.3604],[-53.8702,72.3566],[-53.921,72.3491],[-53.9586,72.3263],[-53.9232,72.3027],[-53.875,72.2792],[-53.8412,72.2519],[-53.8488,72.217],[-53.8403,72.2036],[-53.8387,72.1903],[-53.8387,72.1767],[-53.8351,72.1624],[-53.8131,72.1387],[-53.7797,72.1219],[-53.6012,72.0579],[-53.5677,72.0389],[-53.5487,72.022],[-53.5021,71.9666],[-53.4881,71.9453],[-53.4827,71.9254],[-53.4742,71.9066],[-53.4509,71.8881],[-53.4105,71.8664],[-53.3997,71.857],[-53.3989,71.8459],[-53.4111,71.8359],[-53.4279,71.8288],[-53.4407,71.826],[-53.452,71.8215],[-53.4925,71.7918],[-53.6398,71.7478],[-53.6789,71.7425],[-53.8282,71.7554],[-53.8855,71.7543],[-53.9177,71.7373],[-53.8737,71.7385],[-53.8199,71.7332],[-53.7689,71.7197],[-53.7327,71.6963],[-53.7229,71.6706],[-53.7371,71.6522],[-53.7659,71.6403],[-53.8004,71.6348],[-53.9106,71.6411],[-53.9307,71.6464],[-53.9667,71.6699],[-53.9822,71.6752],[-53.9866,71.6806],[-53.993,71.6925],[-54.0026,71.7045],[-54.0167,71.7099],[-54.0599,71.7165],[-54.0816,71.7174],[-54.102,71.7099],[-54.0642,71.6979],[-54.0516,71.6877],[-54.0468,71.6718],[-54.0544,71.6591],[-54.0902,71.6442],[-54.102,71.6348],[-54.0809,71.6349],[-54.0653,71.6293],[-54.0331,71.6131],[-53.9586,71.6],[-53.8957,71.5815],[-53.8653,71.5659],[-53.8488,71.5455],[-53.8498,71.5254],[-53.8589,71.5035],[-53.8714,71.4835],[-53.8829,71.4697],[-53.9126,71.4505],[-53.9518,71.4378],[-54.0774,71.4241],[-54.2051,71.394],[-54.2732,71.3908],[-54.3155,71.3776],[-54.3597,71.376],[-54.4355,71.3652],[-54.5502,71.3699],[-54.6252,71.3513],[-54.6503,71.3527],[-54.6986,71.3605],[-54.7212,71.3599],[-54.765,71.3535],[-54.7873,71.3537],[-54.7811,71.3537],[-54.816,71.3559],[-54.9259,71.3856],[-54.9439,71.3941],[-54.952,71.4043],[-54.9381,71.4151],[-54.9808,71.4362],[-55.0925,71.4343],[-55.1436,71.4424],[-55.2059,71.4816],[-55.2443,71.4963],[-55.2677,71.484],[-55.2575,71.4781],[-55.2329,71.456],[-55.2191,71.4475],[-55.178,71.4322],[-55.1317,71.404],[-55.1175,71.3876],[-55.1367,71.3803],[-55.2876,71.3814],[-55.4042,71.4077],[-55.4536,71.432],[-55.5145,71.4492],[-55.5538,71.4814],[-55.6627,71.5976],[-55.6717,71.6131],[-55.6762,71.6301],[-55.6715,71.6336],[-55.637,71.6274],[-55.6191,71.628],[-55.6023,71.6308],[-55.5693,71.6411],[-55.5844,71.6479],[-55.7623,71.6636],[-55.8065,71.673],[-55.8871,71.6766],[-55.9045,71.682],[-55.8796,71.704],[-55.8475,71.722],[-55.7878,71.7435],[-55.7318,71.7512],[-55.5619,71.7435],[-55.5653,71.7495],[-55.5721,71.7652],[-55.5756,71.7714],[-55.464,71.8027],[-55.4247,71.8061],[-55.2847,71.7686],[-55.2602,71.7782],[-55.2925,71.7855],[-55.3701,71.826],[-55.3767,71.8499],[-55.3594,71.8697],[-55.3304,71.8831],[-55.3015,71.8881],[-54.8533,71.913],[-54.5552,72.0338],[-54.5272,72.0531],[-54.5129,72.0799],[-54.5155,72.0823],[-54.5238,72.1017],[-54.5235,72.1041],[-54.525,72.1098],[-54.5199,72.1132],[-54.5061,72.1174],[-54.496,72.1262],[-54.484,72.1487],[-54.4641,72.1672],[-54.4487,72.1929],[-54.4385,72.2034],[-54.4267,72.2094],[-54.3832,72.2232],[-54.4082,72.2325],[-54.4335,72.2241],[-54.4794,72.1959],[-54.529,72.1774],[-54.5411,72.1606],[-54.5266,72.1345],[-54.5397,72.1278],[-54.5676,72.1199],[-54.5819,72.114],[-54.5907,72.1076],[-54.6009,72.0937],[-54.6091,72.0861],[-54.6213,72.0801],[-54.6337,72.0764],[-54.6442,72.0705],[-54.6501,72.0588],[-54.6483,72.046],[-54.641,72.036],[-54.6332,72.0288],[-54.6302,72.0246],[-54.6416,72.0185],[-54.7054,72.0109],[-54.7988,71.9714],[-54.866,71.952],[-54.8968,71.9393],[-54.9208,71.9329],[-55.2678,71.9273],[-55.5434,71.9849],[-55.6097,71.9905],[-55.5962,71.9983],[-55.5804,72.0046],[-55.5673,72.0133],[-55.5619,72.028],[-55.5517,72.0382],[-55.4344,72.0597],[-55.33,72.0567],[-55.2814,72.0656],[-55.3109,72.075],[-55.411,72.0861],[-55.3854,72.1064],[-55.2329,72.1413],[-55.1017,72.1886],[-55.0889,72.1898],[-55.0647,72.2103],[-54.8835,72.2512],[-54.9303,72.2661],[-54.9467,72.2779],[-54.9518,72.2995],[-54.9246,72.3098],[-54.9114,72.3188],[-54.9033,72.3331],[-54.9198,72.3338],[-54.9321,72.3391],[-54.942,72.3482],[-54.9518,72.3604],[-54.9239,72.369],[-54.8829,72.3696],[-54.7779,72.3547],[-54.6849,72.3672],[-54.7038,72.3747],[-54.7247,72.3744],[-54.7668,72.3672],[-54.9083,72.3799],[-54.944,72.3903],[-54.9729,72.4082],[-54.9522,72.4169],[-54.9047,72.4189],[-54.8835,72.4287],[-54.9555,72.4225],[-55.0037,72.4271],[-55.0216,72.4237],[-55.0201,72.4082],[-55.0453,72.4007],[-55.1299,72.3952],[-55.191,72.3719],[-55.205,72.3672],[-55.2241,72.3618],[-55.2451,72.3639],[-55.2875,72.3741],[-55.2875,72.3815],[-55.246,72.3878],[-55.246,72.3952],[-55.2676,72.3953],[-55.2838,72.4012],[-55.2969,72.4124],[-55.3087,72.4287],[-55.3012,72.4362],[-55.3087,72.4429],[-55.3044,72.4609],[-55.317,72.4703],[-55.3337,72.4702],[-55.3422,72.46],[-55.3479,72.4427],[-55.3575,72.4293],[-55.3594,72.4184],[-55.3422,72.4082],[-55.3577,72.404],[-55.3698,72.4072],[-55.3817,72.4128],[-55.3968,72.4157],[-55.4161,72.4123],[-55.46,72.3984],[-55.4831,72.3952],[-55.5291,72.3995],[-55.5709,72.4105],[-55.6513,72.4429],[-55.6513,72.4504],[-55.5121,72.5151],[-55.48,72.5249],[-55.4591,72.5259],[-55.411,72.5106],[-55.3869,72.5086],[-55.338,72.51],[-55.2667,72.4986],[-55.123,72.5044],[-54.8882,72.4697],[-54.7395,72.484],[-54.6256,72.4818],[-54.5832,72.4724],[-54.561,72.4703],[-54.4242,72.4976],[-54.3907,72.4936],[-54.3243,72.4764],[-54.2939,72.484],[-54.3135,72.4946],[-54.4392,72.5132],[-54.5402,72.4976],[-54.7013,72.4989],[-54.7838,72.5161],[-54.8009,72.5522],[-54.8246,72.5459],[-54.8683,72.5207],[-54.8971,72.5181],[-54.8903,72.5181],[-54.9683,72.517],[-55.0106,72.5217],[-55.0166,72.5355],[-55.0091,72.5465],[-55.0047,72.5589],[-54.9984,72.5706],[-54.9858,72.5795],[-54.9665,72.5845],[-54.9033,72.5938],[-54.9058,72.5976],[-54.9102,72.6075],[-54.6647,72.6138],[-54.6361,72.6223],[-54.6501,72.6347],[-54.6793,72.6374],[-54.7411,72.6265],[-54.8311,72.6359],[-54.8609,72.6428],[-54.863,72.6552],[-54.8771,72.6666],[-54.8835,72.6689],[-54.8835,72.6757],[-54.8595,72.6752],[-54.8148,72.6647],[-54.791,72.6621],[-54.7723,72.6658],[-54.7655,72.675],[-54.7623,72.6863],[-54.7538,72.6968],[-54.7142,72.7055],[-54.6273,72.6881],[-54.5887,72.6968],[-54.625,72.7136],[-54.669,72.7258],[-54.7538,72.7378],[-54.7338,72.7536],[-54.667,72.7486],[-54.6402,72.7552],[-54.6153,72.7675],[-54.5266,72.7788],[-54.5386,72.7917],[-54.5619,72.8003],[-54.5875,72.8023],[-54.6061,72.7955],[-54.6302,72.779],[-54.7328,72.7592],[-54.8661,72.7646],[-54.903,72.7703],[-54.9244,72.7856],[-54.8246,72.8033],[-54.8037,72.8131],[-54.719,72.8061],[-54.6579,72.8138],[-54.6281,72.8218],[-54.6029,72.834],[-54.6271,72.8375],[-54.6503,72.845],[-54.6703,72.8572],[-54.6849,72.875],[-54.6877,72.9003],[-54.731,72.9185],[-54.8146,72.9364],[-54.7893,72.9448],[-54.7818,72.9518],[-54.7873,72.9637],[-54.7975,72.9671],[-54.8487,72.9705],[-54.8318,72.9823],[-54.7921,72.9855],[-54.7811,72.9985],[-54.8124,73.008],[-54.843,73.0134],[-54.8733,73.0146],[-54.9814,72.999],[-55.0288,72.9982],[-55.0542,73.0115],[-55.0216,73.051],[-55.0157,73.0706],[-55.0476,73.0631],[-55.1362,73.025],[-55.1641,73.019],[-55.1667,73.0115],[-55.1767,73.0175],[-55.1981,73.036],[-55.2175,73.0414],[-55.2609,73.0427],[-55.2677,73.0463],[-55.2677,73.0525],[-55.2772,73.0523],[-55.3012,73.0463],[-55.3701,73.0463],[-55.3941,73.05],[-55.4405,73.0676],[-55.4657,73.0729],[-55.6634,73.0574],[-55.6803,73.0598],[-55.6954,73.0695],[-55.7003,73.0773],[-55.7009,73.0816],[-55.703,73.0843],[-55.7127,73.0872],[-55.703,73.0991],[-55.6832,73.113],[-55.6614,73.1237],[-55.6456,73.1264],[-55.5775,73.1119],[-55.5076,73.1071],[-55.4715,73.1098],[-55.4534,73.114],[-55.4378,73.1214],[-55.4332,73.1266],[-55.4242,73.142],[-55.4185,73.1481],[-55.3981,73.1568],[-55.3505,73.1706],[-55.3353,73.1828],[-55.3673,73.1824],[-55.398,73.1778],[-55.4284,73.1773],[-55.4595,73.1896],[-55.4301,73.1962],[-55.1626,73.1822],[-55.1416,73.1904],[-55.1436,73.2108],[-55.1562,73.2175],[-55.2193,73.2238],[-55.2174,73.2283],[-55.2145,73.2397],[-55.2125,73.2443],[-55.3978,73.2468],[-55.4595,73.2579],[-55.4595,73.2654],[-55.4411,73.2704],[-55.39,73.3026],[-55.3387,73.3063],[-55.3336,73.3083],[-55.3148,73.3206],[-55.3148,73.3262],[-55.3492,73.3256],[-55.363,73.3276],[-55.3701,73.3337],[-55.2691,73.3866],[-55.2497,73.392],[-55.2174,73.3742],[-55.1761,73.3625],[-55.0951,73.3542],[-55.0897,73.3679],[-55.1029,73.3771],[-55.1208,73.3844],[-55.1299,73.392],[-55.143,73.4062],[-55.4958,73.4651],[-55.519,73.4726],[-55.5346,73.4844],[-55.5333,73.4875],[-55.5292,73.4923],[-55.526,73.4983],[-55.5278,73.5049],[-55.5348,73.5108],[-55.5426,73.5132],[-55.5516,73.5149],[-55.5619,73.5186],[-55.6267,73.5658],[-55.6652,73.585],[-55.6848,73.5739],[-55.7122,73.5656],[-55.7441,73.5712],[-55.7739,73.5848],[-55.7947,73.6005],[-55.7645,73.6124],[-55.7537,73.6148],[-55.7726,73.6269],[-55.8086,73.6256],[-55.8779,73.6148],[-55.9562,73.6209],[-56.0311,73.6384],[-56.0677,73.653],[-56.0572,73.6577],[-55.9864,73.6557],[-55.9509,73.6586],[-55.8431,73.6831],[-55.8905,73.6962],[-55.9959,73.6799],[-56.0411,73.6906],[-56.0411,73.6967],[-56.0003,73.7075],[-55.9285,73.7177],[-55.9114,73.7241],[-55.9449,73.7337],[-55.9523,73.7377],[-55.964,73.7529],[-55.9674,73.7618],[-55.9625,73.7656],[-55.9145,73.7615],[-55.8915,73.7541],[-55.8741,73.7414],[-55.8502,73.7292],[-55.7843,73.7252],[-55.7574,73.7138],[-55.7342,73.7072],[-55.6517,73.7014],[-55.6295,73.7042],[-55.637,73.7104],[-55.6127,73.7211],[-55.6446,73.7243],[-55.7161,73.7206],[-55.7231,73.7241],[-55.7391,73.7229],[-55.7469,73.7241],[-55.7538,73.7284],[-55.7674,73.7404],[-55.7742,73.7452],[-55.7878,73.7515],[-55.8031,73.7567],[-55.8189,73.7594],[-55.8143,73.7611],[-55.8083,73.7656],[-55.8234,73.7713],[-55.8564,73.7788],[-55.871,73.7861],[-55.8996,73.8211],[-55.9455,73.8612],[-55.8419,73.8532],[-55.7804,73.855],[-55.7213,73.8432],[-55.6993,73.8414],[-55.6625,73.8439],[-55.6461,73.8481],[-55.6295,73.855],[-55.6448,73.8755],[-55.6702,73.8853],[-55.7563,73.8928],[-55.8173,73.9116],[-55.8849,73.9191],[-55.9149,73.9272],[-55.9728,73.95],[-56.0072,73.9568],[-56.0815,73.9611],[-56.11,73.9704],[-56.1058,73.9817],[-56.1059,73.9889],[-56.11,73.9984],[-56.1021,73.999],[-56.0892,74.0036],[-56.082,74.0053],[-56.0917,74.0097],[-56.1019,74.0122],[-56.1127,74.0128],[-56.1243,74.0121],[-56.0959,74.0208],[-55.9939,74.0121],[-55.9636,74.0179],[-55.9705,74.0271],[-55.9974,74.0356],[-56.3313,74.0445],[-56.3632,74.053],[-56.3617,74.0637],[-56.3748,74.0677],[-56.4116,74.0673],[-56.4048,74.0742],[-56.3588,74.0831],[-56.2994,74.0849],[-56.2428,74.0931],[-56.1987,74.1213],[-56.299,74.1116],[-56.316,74.1213],[-56.2644,74.1466],[-56.248,74.1624],[-56.2602,74.1766],[-56.2443,74.1833],[-56.2239,74.1875],[-56.1714,74.1925],[-56.1675,74.1986],[-56.1673,74.2072],[-56.1642,74.227],[-56.1653,74.2382],[-56.1636,74.2477],[-56.1547,74.2517],[-56.1439,74.2543],[-56.1348,74.2609],[-56.128,74.27],[-56.1243,74.2796],[-56.1613,74.2853],[-56.1796,74.2847],[-56.2569,74.2379],[-56.5633,74.165],[-56.9296,74.1324],[-57.2958,74.0998],[-57.3141,74.1027],[-57.3222,74.1117],[-57.3184,74.1192],[-57.3094,74.1295],[-57.2982,74.1385],[-57.2883,74.1424],[-57.2057,74.1491],[-57.1318,74.1367],[-57.1068,74.1371],[-57.0894,74.1424],[-57.1296,74.1536],[-57.1481,74.1628],[-57.1583,74.1766],[-57.0406,74.1715],[-57.0013,74.1766],[-56.9098,74.2007],[-56.703,74.2038],[-56.6868,74.2067],[-56.6582,74.2202],[-56.6444,74.225],[-56.5981,74.2265],[-56.5829,74.2311],[-56.5895,74.2354],[-56.5975,74.2424],[-56.6034,74.2448],[-56.3219,74.2877],[-56.3017,74.3063],[-56.371,74.3127],[-56.5829,74.2926],[-56.5362,74.3165],[-56.5317,74.3248],[-56.6405,74.3289],[-56.6783,74.3347],[-56.7132,74.3478],[-56.6716,74.356],[-56.5821,74.3498],[-56.5026,74.3673],[-56.1547,74.3691],[-56.1372,74.3747],[-56.1304,74.3889],[-56.1363,74.3949],[-56.1632,74.4075],[-56.1717,74.4099],[-56.5038,74.4162],[-56.5247,74.4132],[-56.543,74.4074],[-56.5619,74.4041],[-56.7587,74.4445],[-56.7952,74.444],[-56.7952,74.4509],[-56.6136,74.4509],[-56.2955,74.4844],[-56.1683,74.4775],[-56.1448,74.4919],[-56.2419,74.4977],[-56.2602,74.5124],[-56.255,74.5299],[-56.2351,74.5407],[-56.1919,74.5533],[-56.2218,74.5626],[-56.4219,74.5533],[-56.4315,74.5552],[-56.4662,74.5707],[-56.4808,74.5752],[-56.5134,74.5766],[-56.5715,74.5878],[-56.5907,74.5945],[-56.6034,74.6079],[-56.5316,74.6173],[-56.5006,74.6265],[-56.4731,74.6426],[-56.4731,74.6489],[-56.7023,74.6447],[-56.7679,74.6632],[-56.7546,74.6735],[-56.764,74.6791],[-56.8021,74.6837],[-56.8226,74.6899],[-56.8555,74.7078],[-56.8774,74.7116],[-56.9238,74.7063],[-56.9492,74.6987],[-56.97,74.6752],[-56.9916,74.6724],[-57.0145,74.6778],[-57.0279,74.6905],[-57.0143,74.6973],[-57.0291,74.7031],[-57.0608,74.706],[-57.0758,74.7116],[-57.0667,74.7195],[-57.0569,74.7258],[-57.0463,74.7299],[-57.0348,74.7314],[-57.0547,74.7453],[-57.09,74.7462],[-57.1583,74.7383],[-57.1487,74.743],[-57.1405,74.7492],[-57.1343,74.7567],[-57.1304,74.7656],[-57.1464,74.7653],[-57.193,74.773],[-57.144,74.7938],[-57.1146,74.8008],[-57.0931,74.7966],[-57.071,74.7823],[-57.0458,74.7726],[-57.0176,74.7673],[-56.9872,74.7656],[-56.973,74.7678],[-56.9646,74.7731],[-56.9573,74.7798],[-56.946,74.7861],[-56.9327,74.7893],[-56.9042,74.7926],[-56.8679,74.8059],[-56.846,74.8112],[-56.7952,74.814],[-56.8178,74.8361],[-56.855,74.8485],[-56.987,74.8546],[-57.0007,74.8681],[-56.9945,74.9034],[-57.0163,74.907],[-57.0579,74.9219],[-57.0832,74.9238],[-57.2926,74.9074],[-57.3187,74.914],[-57.3297,74.9338],[-57.3382,74.9384],[-57.3783,74.9409],[-57.391,74.9443],[-57.3968,74.9569],[-57.4236,74.9636],[-57.5528,74.98],[-57.6641,75.0142],[-57.6942,75.0197],[-57.8468,75.0197],[-57.8778,75.0268],[-57.8913,75.0434],[-57.9051,75.0506],[-57.973,75.0593],[-58.0564,75.0589],[-58.0996,75.0485],[-58.1214,75.0467],[-58.1416,75.0518],[-58.1595,75.0673],[-58.1461,75.0838],[-58.1252,75.0893],[-58.077,75.0877],[-58.0882,75.0969],[-58.1021,75.1018],[-58.1315,75.1082],[-57.9407,75.1509],[-57.9227,75.1634],[-57.9395,75.1802],[-58.0123,75.1981],[-58.1691,75.1967],[-58.2414,75.2112],[-58.2468,75.228],[-58.2715,75.2397],[-58.3301,75.2522],[-58.3279,75.256],[-58.324,75.2665],[-58.3894,75.2837],[-58.4252,75.2991],[-58.4394,75.3143],[-58.4286,75.3254],[-58.4083,75.3264],[-58.3715,75.3205],[-58.3509,75.3212],[-58.3354,75.3237],[-58.3028,75.3342],[-58.3168,75.3411],[-58.3325,75.3471],[-58.3649,75.3552],[-58.3464,75.3758],[-58.276,75.3884],[-58.2476,75.403],[-58.3024,75.4114],[-58.3688,75.4108],[-58.432,75.3987],[-58.4773,75.3723],[-58.4979,75.3547],[-58.5175,75.3472],[-58.7001,75.3485],[-58.6866,75.3667],[-58.6595,75.3773],[-58.5268,75.4066],[-58.4464,75.4099],[-58.4176,75.4142],[-58.3772,75.4334],[-58.3498,75.4377],[-58.2392,75.4367],[-58.2067,75.444],[-58.2104,75.4472],[-58.2203,75.4583],[-58.2063,75.4705],[-58.1844,75.4843],[-58.1667,75.5004],[-58.1657,75.5197],[-58.1899,75.5344],[-58.2331,75.5441],[-58.3952,75.5566],[-58.4261,75.5661],[-58.4155,75.5917],[-58.3924,75.6075],[-58.3103,75.6433],[-58.3386,75.6569],[-58.3795,75.6601],[-58.4827,75.6485],[-58.5203,75.6492],[-58.5572,75.6541],[-58.5841,75.6637],[-58.5943,75.6798],[-58.5799,75.6922],[-58.5537,75.7008],[-58.5288,75.7047],[-58.4629,75.6999],[-58.4292,75.7026],[-58.4059,75.7189],[-58.4476,75.7314],[-58.7134,75.7353],[-58.7949,75.7192],[-59.0416,75.7014],[-59.0768,75.7115],[-59.0632,75.7189],[-59.0698,75.72],[-59.0843,75.7258],[-59.057,75.7437],[-59.0675,75.7626],[-59.0989,75.7754],[-59.1339,75.7752],[-59.2079,75.76],[-59.2462,75.7592],[-59.2829,75.7661],[-59.2376,75.7757],[-59.2209,75.7836],[-59.2215,75.8009],[-59.2365,75.8132],[-59.2587,75.8168],[-59.3034,75.8145],[-59.2681,75.8278],[-59.2238,75.8362],[-59.1395,75.8419],[-59.1828,75.8736],[-59.2722,75.8801],[-59.5037,75.8668],[-59.5383,75.8603],[-59.5703,75.8481],[-59.6136,75.8231],[-59.6403,75.8124],[-59.6522,75.8179],[-59.6572,75.8283],[-59.6687,75.8288],[-59.6816,75.824],[-59.703,75.8083],[-59.7135,75.8034],[-59.7257,75.8016],[-59.7729,75.8014],[-59.8019,75.8068],[-59.8147,75.8195],[-59.7969,75.8419],[-59.7755,75.8532],[-59.7246,75.873],[-59.704,75.8859],[-59.6765,75.8975],[-59.6112,75.9032],[-59.5914,75.9169],[-59.6423,75.9272],[-59.7123,75.9631],[-59.7331,75.9695],[-59.7558,75.9722],[-59.7806,75.9693],[-59.844,75.9443],[-59.8944,75.9433],[-59.9164,75.9385],[-59.913,75.9238],[-59.9661,75.9248],[-59.9935,75.9291],[-60.0166,75.9374],[-59.9886,75.9654],[-60.0077,75.9719],[-60.0705,75.9722],[-60.1395,75.9858],[-60.1317,75.9964],[-60.1202,76.0051],[-60.118,76.0051],[-60.1099,76.0096],[-60.0911,76.0131],[-60.1242,76.0319],[-60.4616,76.0336],[-60.4556,76.0538],[-60.4735,76.0639],[-60.5008,76.0674],[-60.5233,76.0678],[-60.5321,76.065],[-60.548,76.0505],[-60.5572,76.0439],[-60.5725,76.04],[-60.6086,76.0367],[-60.6339,76.0245],[-60.6813,76.0131],[-60.7083,76.0005],[-60.7186,75.9988],[-60.7336,75.9992],[-60.7455,76.001],[-60.7557,76.0063],[-60.7663,76.0169],[-60.781,76.0259],[-60.8163,76.0279],[-60.8321,76.0336],[-60.8271,76.0388],[-60.8179,76.0541],[-60.8384,76.0541],[-60.8284,76.0756],[-60.8248,76.0815],[-60.9073,76.0815],[-60.8933,76.0956],[-60.8476,76.1035],[-60.8321,76.1156],[-60.8512,76.1177],[-60.8575,76.1275],[-60.8512,76.1383],[-60.8321,76.1435],[-60.8725,76.1581],[-60.9241,76.1657],[-60.9761,76.166],[-61.0627,76.1516],[-61.1071,76.1541],[-61.2404,76.1774],[-61.4179,76.1815],[-61.4827,76.1705],[-61.6573,76.1829],[-61.7564,76.2033],[-61.7775,76.205],[-61.8527,76.2024],[-61.8697,76.2087],[-61.9015,76.2306],[-61.9394,76.2392],[-62.0243,76.2391],[-62.1166,76.2239],[-62.1669,76.222],[-62.1952,76.2391],[-62.1825,76.2427],[-62.1474,76.2596],[-62.1798,76.2751],[-62.2226,76.2858],[-62.2668,76.2899],[-62.3035,76.2851],[-62.3395,76.2758],[-62.3584,76.2678],[-62.3758,76.2449],[-62.3976,76.2446],[-62.5807,76.268],[-62.7363,76.2573],[-62.7774,76.2391],[-62.729,76.2186],[-62.729,76.2124],[-62.7564,76.2013],[-62.7736,76.1978],[-62.7917,76.1981],[-62.7774,76.2124],[-62.8404,76.2282],[-62.8531,76.2391],[-62.8524,76.254],[-62.8253,76.2677],[-62.8196,76.28],[-62.8492,76.3035],[-63.0531,76.3419],[-63.1128,76.3437],[-63.1715,76.362],[-63.264,76.3558],[-63.2896,76.3593],[-63.3414,76.3737],[-63.3673,76.3769],[-63.4769,76.3769],[-63.4785,76.377],[-63.4828,76.3745],[-63.4974,76.3695],[-63.485,76.3395],[-63.5172,76.3103],[-63.593,76.2733],[-63.6073,76.2624],[-63.633,76.2371],[-63.6483,76.2254],[-63.6724,76.2177],[-63.7285,76.2113],[-63.7506,76.1981],[-63.7434,76.1969],[-63.7337,76.1939],[-63.7257,76.1896],[-63.7233,76.1845],[-63.7287,76.178],[-63.7367,76.1774],[-63.7467,76.1786],[-63.7575,76.1777],[-63.8107,76.1591],[-64.0311,76.1361],[-64.0967,76.1457],[-64.1492,76.1721],[-64.1908,76.2114],[-64.2242,76.2596],[-64.2113,76.2722],[-64.2044,76.2769],[-64.1963,76.28],[-64.2006,76.2885],[-64.2052,76.2932],[-64.2123,76.295],[-64.2242,76.2943],[-64.2128,76.3049],[-64.1995,76.3116],[-64.1849,76.3148],[-64.1691,76.3148],[-64.1691,76.3223],[-64.3214,76.3527],[-64.4291,76.349],[-64.4185,76.3384],[-64.3882,76.3207],[-64.3744,76.308],[-64.3799,76.3051],[-64.3895,76.2977],[-64.3949,76.2943],[-64.3738,76.2896],[-64.3705,76.2753],[-64.3812,76.2603],[-64.4018,76.2534],[-64.4256,76.2486],[-64.4444,76.2398],[-64.4642,76.2351],[-64.5069,76.2459],[-64.5369,76.2401],[-64.5511,76.2409],[-64.6158,76.2677],[-64.6444,76.2741],[-64.6718,76.2717],[-64.6898,76.2534],[-64.687,76.2344],[-64.6708,76.2166],[-64.6489,76.2034],[-64.604,76.1938],[-64.5807,76.1845],[-64.5746,76.1751],[-64.6011,76.1708],[-64.6528,76.1833],[-64.6832,76.1859],[-64.6966,76.1743],[-64.6829,76.1573],[-64.5941,76.1361],[-64.6476,76.123],[-64.6996,76.1256],[-64.7502,76.1396],[-64.7993,76.1606],[-64.8519,76.1764],[-65.025,76.1777],[-65.0162,76.1649],[-64.9871,76.1481],[-64.9778,76.1361],[-64.9784,76.1265],[-64.9766,76.1228],[-64.9703,76.1156],[-64.9745,76.1104],[-64.9879,76.1063],[-65.0003,76.1083],[-65.025,76.123],[-65.0522,76.1352],[-65.0668,76.1374],[-65.1627,76.1304],[-65.2379,76.1361],[-65.2052,76.1708],[-65.2077,76.1814],[-65.2379,76.1845],[-65.3426,76.1758],[-65.3607,76.164],[-65.3494,76.1639],[-65.3385,76.1615],[-65.3284,76.1568],[-65.3197,76.1497],[-65.3607,76.1361],[-65.3065,76.0904],[-65.2999,76.0753],[-65.3173,76.0613],[-65.3446,76.0573],[-65.3631,76.0502],[-65.3545,76.0268],[-65.6623,76.0405],[-65.6536,76.0448],[-65.6489,76.0491],[-65.6425,76.0616],[-65.7104,76.0616],[-65.7248,76.0644],[-65.7563,76.0773],[-65.7722,76.0815],[-65.8605,76.0927],[-65.8889,76.1025],[-65.8575,76.1198],[-65.779,76.1278],[-65.7523,76.1435],[-65.75,76.1542],[-65.7557,76.1758],[-65.7523,76.1845],[-65.737,76.1887],[-65.7186,76.1857],[-65.7014,76.1855],[-65.6897,76.1981],[-65.737,76.1986],[-65.7601,76.2028],[-65.7722,76.2124],[-65.5783,76.2303],[-65.5525,76.2391],[-65.6413,76.268],[-65.7401,76.2785],[-66.0237,76.2603],[-66.0681,76.264],[-66.1366,76.2837],[-66.1773,76.2861],[-66.2073,76.2778],[-66.2042,76.2534],[-66.2104,76.2534],[-66.2189,76.2251],[-66.2625,76.2093],[-66.3544,76.1907],[-66.3198,76.1664],[-66.3371,76.1621],[-66.377,76.1616],[-66.4097,76.1497],[-66.3866,76.1386],[-66.3695,76.1263],[-66.3656,76.1121],[-66.3824,76.0957],[-66.4137,76.0861],[-66.5189,76.0957],[-66.5332,76.0999],[-66.555,76.1188],[-66.567,76.123],[-66.582,76.1257],[-66.6291,76.1466],[-66.6608,76.1542],[-66.7001,76.1584],[-66.7363,76.1661],[-66.7591,76.1845],[-66.7367,76.1875],[-66.71,76.1954],[-66.6855,76.2064],[-66.6697,76.2186],[-66.7603,76.2149],[-66.806,76.2202],[-66.8144,76.2391],[-66.8668,76.2566],[-66.9272,76.2665],[-67.0471,76.267],[-67.0973,76.259],[-67.123,76.2508],[-67.1427,76.2391],[-67.156,76.2335],[-67.1588,76.2288],[-67.1498,76.222],[-67.14,76.2181],[-67.1297,76.2153],[-67.1086,76.2124],[-67.1086,76.205],[-67.154,76.2005],[-67.2503,76.2045],[-67.2936,76.1907],[-67.2873,76.1845],[-67.2955,76.1798],[-67.3002,76.175],[-67.3078,76.164],[-67.0879,76.1466],[-67.0574,76.1402],[-67.032,76.1269],[-67.0124,76.1025],[-67.0233,76.0955],[-67.0356,76.0898],[-67.0602,76.0815],[-67.0349,76.0644],[-66.7917,76.0305],[-66.7482,76.0163],[-66.6894,76.0068],[-66.6167,75.9786],[-66.5609,75.969],[-66.5196,75.9549],[-66.4981,75.9517],[-66.4871,75.9474],[-66.4664,75.9282],[-66.4513,75.9238],[-66.4884,75.9099],[-66.5648,75.9166],[-66.7465,75.9584],[-66.9391,75.9752],[-67.027,75.9722],[-67.0502,75.9754],[-67.0976,75.9895],[-67.4363,76.0119],[-67.7751,76.0344],[-68.1139,76.0568],[-68.1836,76.0753],[-68.3829,76.0815],[-68.3883,76.0765],[-68.4081,76.0762],[-68.4325,76.0794],[-68.4728,76.0917],[-68.546,76.1042],[-68.5651,76.1113],[-68.5696,76.1175],[-68.5608,76.1232],[-68.5405,76.1292],[-68.4381,76.1435],[-68.4706,76.1628],[-68.5201,76.168],[-68.7925,76.1668],[-68.746,76.1845],[-68.7685,76.1921],[-68.8192,76.1954],[-68.9315,76.2254],[-68.9167,76.2432],[-68.9237,76.2469],[-69.0994,76.2834],[-69.1542,76.2871],[-69.2065,76.2982],[-69.2946,76.3005],[-69.3844,76.3136],[-69.5478,76.3632],[-69.6178,76.371],[-69.6373,76.3831],[-69.6275,76.3903],[-69.6209,76.3986],[-69.6191,76.4077],[-69.6236,76.4172],[-69.6008,76.4317],[-69.5773,76.4376],[-69.3284,76.469],[-69.0795,76.5003],[-68.9046,76.5224],[-68.8148,76.555],[-68.8347,76.5596],[-68.8968,76.5612],[-68.8672,76.5702],[-68.7328,76.5862],[-68.3819,76.5851],[-68.0311,76.5841],[-68.0038,76.59],[-67.9865,76.6007],[-67.9845,76.602],[-67.9856,76.6227],[-68.0072,76.6376],[-68.0705,76.6447],[-68.0954,76.6574],[-68.0023,76.6737],[-67.9856,76.6841],[-68.0824,76.7053],[-68.1024,76.7063],[-68.3388,76.6735],[-68.6245,76.6692],[-68.9103,76.6649],[-69.1388,76.6861],[-69.2399,76.6766],[-69.2892,76.6825],[-69.3405,76.6955],[-69.6293,76.723],[-69.918,76.7504],[-69.9609,76.7636],[-70.0112,76.7685],[-70.0345,76.7735],[-70.0852,76.7958],[-70.1034,76.8015],[-70.0859,76.8253],[-70.0569,76.8408],[-69.9209,76.8681],[-69.8936,76.881],[-69.8979,76.9039],[-69.8581,76.9153],[-69.7434,76.9693],[-69.6871,76.982],[-69.5819,76.9887],[-69.5579,76.9947],[-69.5417,77.0063],[-69.7289,77.0164],[-69.757,77.0106],[-69.7608,76.9926],[-69.8229,76.9767],[-69.9087,76.9421],[-69.9678,76.93],[-70.0502,76.892],[-70.4075,76.7978],[-70.5211,76.7872],[-70.5414,76.7922],[-70.556,76.793],[-70.5658,76.7978],[-70.5728,76.8032],[-70.5833,76.8086],[-70.5941,76.8124],[-70.6022,76.8128],[-70.6422,76.8016],[-70.6601,76.802],[-70.8286,76.8419],[-70.8423,76.8488],[-70.8396,76.8569],[-70.8153,76.8691],[-70.8429,76.8743],[-70.9054,76.8647],[-70.9289,76.8728],[-70.9421,76.8816],[-70.9872,76.897],[-70.9555,76.9076],[-70.8296,76.9039],[-70.837,76.9113],[-70.6946,76.9316],[-70.6788,76.9386],[-70.8044,76.932],[-71.0828,76.9659],[-71.076,76.9591],[-71.1214,76.9509],[-71.0972,76.9318],[-71.3456,76.9918],[-71.3844,77.024],[-71.3725,77.0583],[-71.3424,77.0707],[-71.2614,77.069],[-71.2355,77.0725],[-71.2323,77.0819],[-71.2367,77.0951],[-71.2336,77.1099],[-71.2204,77.1147],[-71.2011,77.1168],[-71.1879,77.1224],[-71.1927,77.1373],[-71.001,77.1554],[-70.9103,77.1457],[-70.6993,77.1509],[-70.7531,77.1646],[-70.9252,77.1782],[-70.9033,77.1914],[-70.5134,77.2072],[-70.1234,77.2231],[-69.7335,77.239],[-69.7142,77.2353],[-69.6769,77.2221],[-69.6581,77.2192],[-69.5775,77.2258],[-69.1531,77.2075],[-68.7286,77.1893],[-68.6854,77.1798],[-68.6202,77.1765],[-68.6134,77.1742],[-68.6168,77.1707],[-68.2475,77.1865],[-67.8782,77.2023],[-67.4809,77.1728],[-67.0837,77.1434],[-67.0316,77.1461],[-66.9514,77.1299],[-66.5089,77.1336],[-66.4119,77.1144],[-66.3619,77.1162],[-66.3832,77.1233],[-66.4406,77.1336],[-66.4513,77.1441],[-66.4353,77.1528],[-66.2462,77.164],[-66.1976,77.1757],[-66.1701,77.1987],[-66.6368,77.154],[-67.0888,77.178],[-67.5408,77.202],[-67.9928,77.226],[-68.216,77.2058],[-68.6389,77.2315],[-69.0619,77.2573],[-69.1029,77.2744],[-68.7362,77.3256],[-68.3695,77.3769],[-67.9027,77.3802],[-67.4359,77.3836],[-67.1044,77.37],[-66.7728,77.3564],[-66.505,77.279],[-66.2606,77.2519],[-66.2261,77.2525],[-66.1968,77.2607],[-66.2427,77.2839],[-66.4438,77.2943],[-66.4972,77.3123],[-66.5462,77.3359],[-66.585,77.369],[-66.6008,77.3769],[-66.5975,77.3826],[-66.6635,77.4178],[-66.5867,77.4316],[-66.2014,77.4245],[-66.1252,77.4333],[-66.067,77.4662],[-66.0873,77.4772],[-66.095,77.4799],[-66.0848,77.4846],[-66.0534,77.4935],[-66.069,77.5004],[-66.1,77.5056],[-66.1151,77.5102],[-66.1227,77.516],[-66.1383,77.5314],[-66.1459,77.5345],[-66.1938,77.539],[-66.2151,77.5454],[-66.2316,77.5549],[-66.2162,77.562],[-66.181,77.5644],[-66.1632,77.5686],[-66.1938,77.5775],[-66.2998,77.5754],[-66.2637,77.5843],[-66.2452,77.5913],[-66.2414,77.5997],[-66.2577,77.6106],[-66.2813,77.6179],[-66.4838,77.6341],[-66.5839,77.6577],[-66.5978,77.6679],[-66.6134,77.6739],[-66.684,77.6716],[-66.7237,77.6802],[-66.7139,77.6923],[-66.684,77.7061],[-66.6635,77.7194],[-66.7226,77.713],[-66.8485,77.6849],[-67.1409,77.6723],[-67.1632,77.6642],[-67.1435,77.6561],[-67.1511,77.6396],[-67.1874,77.6065],[-67.2157,77.587],[-67.2501,77.5748],[-67.5917,77.5244],[-67.974,77.5122],[-68.3564,77.4999],[-68.3903,77.5071],[-68.371,77.5459],[-68.3703,77.5666],[-68.39,77.5754],[-68.4224,77.579],[-68.5275,77.6096],[-68.645,77.6625],[-68.6844,77.6691],[-68.7298,77.6691],[-68.8148,77.658],[-68.61,77.5649],[-68.5968,77.5518],[-68.5951,77.5345],[-68.6109,77.5177],[-68.6384,77.5097],[-68.9305,77.4813],[-69.2226,77.4529],[-69.5669,77.4877],[-69.9111,77.5225],[-70.2554,77.5574],[-70.2753,77.5635],[-70.2878,77.5754],[-70.259,77.5771],[-70.2031,77.5922],[-69.9987,77.6244],[-69.8793,77.6295],[-69.7198,77.6642],[-69.6319,77.6682],[-69.5182,77.6874],[-69.4956,77.7021],[-69.5206,77.7331],[-69.4796,77.7542],[-69.5075,77.7604],[-69.5408,77.7519],[-69.6024,77.7269],[-69.7204,77.704],[-69.9994,77.6933],[-70.0194,77.6899],[-70.0682,77.6738],[-70.3719,77.677],[-70.6756,77.6802],[-70.7061,77.6915],[-70.6805,77.7093],[-70.3698,77.7702],[-70.2626,77.8148],[-70.2125,77.8272],[-70.171,77.8268],[-70.1451,77.8225],[-69.9929,77.8283],[-69.973,77.8361],[-70.0702,77.8578],[-70.2801,77.8481],[-70.377,77.8628],[-70.4119,77.8627],[-70.4573,77.8574],[-70.5416,77.8361],[-70.6442,77.788],[-70.679,77.7815],[-70.9959,77.7757],[-71.3128,77.7698],[-71.4295,77.793],[-71.4396,77.8],[-71.4258,77.8117],[-71.407,77.8188],[-71.2403,77.8526],[-71.2132,77.8703],[-71.2509,77.8869],[-71.3122,77.8888],[-71.3758,77.8818],[-71.4715,77.8602],[-71.5249,77.8555],[-71.6309,77.8628],[-71.5958,77.8945],[-71.5906,77.905],[-71.5982,77.9224],[-71.6167,77.9252],[-71.8089,77.9079],[-71.8559,77.8958],[-71.9057,77.8887],[-71.9545,77.8961],[-72.0499,77.9249],[-72.1441,77.9374],[-72.2417,77.9385],[-72.2356,77.9508],[-72.2325,77.9555],[-72.228,77.9597],[-72.3358,78.0024],[-72.3514,78.015],[-72.3411,78.0286],[-72.3183,78.0407],[-72.2969,78.0484],[-72.2969,78.0559],[-72.5826,78.0621],[-72.6063,78.0671],[-72.6556,78.0911],[-72.673,78.0969],[-72.7567,78.1024],[-72.7843,78.1076],[-72.8509,78.1409],[-72.8952,78.154],[-73.0572,78.1583],[-73.0242,78.1784],[-72.9826,78.1811],[-72.8996,78.1719],[-72.8161,78.1767],[-72.7345,78.1924],[-72.7541,78.2039],[-72.817,78.2191],[-72.817,78.2265],[-72.7856,78.2275],[-72.755,78.2333],[-72.7662,78.2386],[-72.7783,78.2411],[-72.7907,78.2418],[-72.8034,78.2408],[-72.774,78.2476],[-72.7095,78.2457],[-72.6798,78.2539],[-72.6891,78.2551],[-72.6949,78.2577],[-72.7072,78.2675],[-72.661,78.2912],[-72.5913,78.2961],[-72.4608,78.2886],[-72.5048,78.3048],[-72.8506,78.3153],[-72.817,78.3227],[-72.8205,78.3267],[-72.8228,78.3301],[-72.8258,78.3332],[-72.8313,78.3364],[-72.8238,78.3513],[-72.8139,78.3594],[-72.8001,78.3629],[-72.7624,78.3652],[-72.6409,78.3903],[-72.6036,78.4042],[-72.5843,78.4251],[-72.6505,78.4384],[-72.673,78.4389],[-72.6545,78.4551],[-72.5885,78.4672],[-72.5706,78.4873],[-72.6056,78.4864],[-72.6229,78.4882],[-72.6321,78.4941],[-72.6389,78.5009],[-72.5902,78.5212],[-72.266,78.5397],[-71.9418,78.5583],[-71.5546,78.6435],[-71.2181,78.6425],[-71.114,78.6231],[-70.8639,78.6153],[-70.837,78.6102],[-70.8143,78.5989],[-70.802,78.5988],[-70.7886,78.6102],[-70.7942,78.6118],[-70.8035,78.6156],[-70.8092,78.6169],[-70.7882,78.6476],[-70.7911,78.6575],[-70.8023,78.6784],[-70.7458,78.6954],[-70.4879,78.7173],[-70.4369,78.7295],[-70.3725,78.7244],[-70.318,78.7369],[-69.9867,78.7535],[-69.9628,78.7633],[-69.971,78.77],[-69.9957,78.7739],[-70.0215,78.7752],[-69.9689,78.7965],[-69.9086,78.8039],[-69.4386,78.8088],[-69.3587,78.7994],[-69.339,78.8056],[-69.3242,78.8157],[-69.2503,78.8437],[-69.2014,78.8538],[-69.178,78.8633],[-69.1916,78.8708],[-69.1667,78.879],[-69.1483,78.8806],[-69.0788,78.8662],[-69.0167,78.8669],[-68.9862,78.8633],[-68.9114,78.8397],[-68.8835,78.8367],[-68.7808,78.8367],[-68.8064,78.8468],[-68.8607,78.8594],[-68.8831,78.8708],[-68.8853,78.8747],[-68.8876,78.8861],[-68.8905,78.8907],[-68.9001,78.8961],[-68.9132,78.9009],[-68.9266,78.9036],[-68.9369,78.9031],[-68.9686,78.8976],[-69.1483,78.9158],[-69.1717,78.9254],[-69.1425,78.9492],[-69.1085,78.9642],[-69.0339,78.98],[-68.5371,79.0284],[-68.0402,79.0768],[-67.7587,79.0383],[-67.6703,79.0552],[-67.7377,79.0671],[-67.746,79.0768],[-67.7342,79.0884],[-67.7122,79.0944],[-67.5269,79.1104],[-67.4926,79.1053],[-67.476,79.1065],[-67.4751,79.1142],[-67.4836,79.1199],[-67.4923,79.1228],[-67.5001,79.1274],[-67.5058,79.1383],[-67.2269,79.1152],[-67.1775,79.1179],[-67.1844,79.127],[-67.1937,79.1318],[-67.2184,79.1383],[-67.1982,79.1442],[-67.1905,79.1452],[-67.1979,79.1513],[-67.1829,79.1579],[-67.1676,79.1574],[-67.1359,79.1513],[-67.1237,79.1532],[-67.1127,79.1564],[-67.1014,79.1556],[-67.0881,79.1452],[-67.0936,79.1437],[-67.103,79.1397],[-67.1086,79.1383],[-67.0784,79.1197],[-67.0401,79.1157],[-67.0018,79.123],[-66.9713,79.1383],[-66.9809,79.1525],[-66.9617,79.1541],[-66.932,79.1459],[-66.91,79.1308],[-66.9158,79.1263],[-66.9213,79.1199],[-66.9263,79.1123],[-66.9304,79.1036],[-66.883,79.1108],[-66.7939,79.1408],[-66.7455,79.1452],[-66.7823,79.1291],[-66.8206,79.1179],[-66.7968,79.1096],[-66.7663,79.1147],[-66.7098,79.1364],[-66.6789,79.1444],[-66.588,79.1452],[-66.5728,79.1423],[-66.5469,79.1286],[-66.5332,79.1241],[-66.5152,79.1245],[-66.4855,79.1356],[-66.4711,79.1383],[-66.3631,79.1433],[-66.3277,79.1383],[-66.3307,79.1316],[-66.3352,79.1166],[-66.334,79.1179],[-66.3364,79.1096],[-66.3168,79.1053],[-66.2707,79.1036],[-66.1875,79.1159],[-66.1171,79.1028],[-65.9777,79.1036],[-65.9945,79.1199],[-66.0199,79.1247],[-66.0481,79.1256],[-66.0732,79.1308],[-65.8188,79.1291],[-65.7859,79.1383],[-65.8497,79.1372],[-65.8808,79.1406],[-65.8941,79.1485],[-65.9094,79.1513],[-65.8886,79.1668],[-65.8576,79.1784],[-65.6929,79.2091],[-65.6623,79.2203],[-65.6772,79.2198],[-65.6919,79.2223],[-65.7038,79.2288],[-65.7102,79.2407],[-65.6695,79.2532],[-65.6214,79.2612],[-65.5427,79.2604],[-65.519,79.2674],[-65.5356,79.2791],[-65.5525,79.2885],[-65.538,79.2955],[-65.4842,79.3022],[-65.4779,79.3055],[-65.4718,79.31],[-65.4644,79.3142],[-65.4538,79.3159],[-65.4425,79.3192],[-65.4281,79.3337],[-65.4159,79.337],[-65.2704,79.3515],[-65.2379,79.3642],[-65.1807,79.3704],[-65.1536,79.3764],[-65.1348,79.3916],[-65.149,79.399],[-65.1268,79.4135],[-65.0727,79.4228],[-65.0466,79.4326],[-65.0665,79.4377],[-65.087,79.44],[-65.0513,79.4638],[-64.9207,79.4855],[-64.8599,79.5078],[-64.8314,79.5272],[-64.8194,79.5524],[-64.8197,79.5799],[-64.8236,79.5981],[-64.8358,79.6124],[-64.8611,79.6281],[-64.8968,79.6408],[-64.9744,79.6498],[-65.0119,79.6585],[-64.9868,79.671],[-64.9302,79.6898],[-64.9088,79.7069],[-64.9683,79.7358],[-65.0323,79.7546],[-65.0136,79.7679],[-64.9647,79.7758],[-64.943,79.7827],[-65.0048,79.7973],[-65.0363,79.8091],[-65.0528,79.8236],[-64.9982,79.8236],[-64.9982,79.8298],[-65.0277,79.8298],[-65.1009,79.8408],[-65.1286,79.8503],[-65.1026,79.859],[-64.9982,79.8645],[-65.0074,79.8746],[-65.0466,79.8987],[-65.005,79.9117],[-65.0145,79.9284],[-64.997,79.9411],[-64.9498,79.9601],[-64.9779,79.9809],[-65.0734,80.0085],[-65.0436,80.0239],[-64.6923,80.0513],[-64.3409,80.0788],[-64.126,80.144],[-64.0841,80.1464],[-63.9088,80.1313],[-63.8147,80.1386],[-63.7786,80.1519],[-64.1409,80.1588],[-64.159,80.1628],[-64.1735,80.1723],[-64.1872,80.1837],[-64.2031,80.1929],[-64.1784,80.223],[-64.1712,80.2391],[-64.1811,80.2497],[-64.2001,80.2539],[-64.2228,80.2557],[-64.2447,80.2532],[-64.2611,80.2447],[-64.2655,80.232],[-64.2601,80.2199],[-64.2545,80.2107],[-64.258,80.2072],[-64.2914,80.1964],[-64.335,80.1491],[-64.3673,80.1383],[-64.3883,80.1361],[-64.4733,80.1057],[-64.926,80.0727],[-65.3061,80.096],[-65.4502,80.0585],[-65.8634,80.012],[-66.0611,80.0207],[-66.0998,80.0329],[-66.136,80.0563],[-66.1702,80.0729],[-66.2532,80.0817],[-66.3187,80.1012],[-66.3773,80.1038],[-66.4044,80.109],[-66.4186,80.1141],[-66.4333,80.1173],[-66.4477,80.116],[-66.5004,80.0839],[-66.5532,80.0738],[-67.0501,80.0612],[-67.0806,80.0768],[-67.0554,80.0837],[-67.0635,80.0941],[-67.1017,80.111],[-67.1236,80.1259],[-67.1208,80.1328],[-67.0806,80.1451],[-67.1097,80.1484],[-67.1645,80.1629],[-67.1911,80.1662],[-67.2743,80.1592],[-67.4624,80.1847],[-67.5058,80.2072],[-67.492,80.2127],[-67.4766,80.2143],[-67.4443,80.2134],[-67.4717,80.2277],[-67.4552,80.2341],[-67.447,80.2356],[-67.4369,80.2351],[-67.4515,80.2449],[-67.468,80.2535],[-67.4854,80.2595],[-67.5187,80.2655],[-67.5101,80.2741],[-67.4785,80.2897],[-67.4571,80.3033],[-67.4479,80.3139],[-67.4558,80.3207],[-67.486,80.3232],[-67.4554,80.3425],[-67.3273,80.3651],[-67.2868,80.3629],[-67.2677,80.3662],[-67.2091,80.3833],[-67.1905,80.3852],[-67.1979,80.3852],[-67.167,80.3881],[-67.0359,80.4145],[-66.9119,80.4545],[-66.7875,80.4637],[-66.779,80.4684],[-66.7694,80.4778],[-66.7582,80.4833],[-66.725,80.4887],[-66.7107,80.4946],[-66.7178,80.4951],[-66.7227,80.4968],[-66.7269,80.4992],[-66.7324,80.5014],[-66.7251,80.5089],[-66.7169,80.5148],[-66.7078,80.5194],[-66.6977,80.5224],[-66.7504,80.5209],[-66.7797,80.5236],[-66.7926,80.533],[-66.7823,80.5463],[-66.7584,80.5524],[-66.4508,80.5804],[-66.1432,80.6084],[-66.1086,80.6174],[-66.0907,80.6317],[-66.0834,80.6475],[-66.0749,80.6605],[-66.0534,80.6658],[-65.7893,80.6646],[-65.5252,80.6634],[-65.4979,80.6727],[-65.6899,80.6949],[-65.7079,80.7042],[-65.6916,80.7161],[-65.6244,80.7314],[-65.3746,80.7555],[-65.1247,80.7797],[-65.0752,80.7934],[-65.0528,80.8037],[-65.0519,80.8068],[-65.0514,80.8127],[-65.05,80.8193],[-65.0466,80.8241],[-65.0412,80.8256],[-65.0172,80.8292],[-65.0076,80.833],[-64.9989,80.8378],[-64.991,80.8439],[-64.984,80.8515],[-65.0392,80.8787],[-65.0174,80.8947],[-64.9792,80.9027],[-64.777,80.907],[-64.7375,80.9191],[-64.7433,80.9204],[-64.7587,80.9265],[-64.7103,80.9402],[-64.7645,80.9494],[-64.7941,80.9597],[-64.8065,80.9743],[-64.7898,80.9904],[-64.7535,80.9962],[-64.5177,81.0047],[-64.4344,81.028],[-64.2406,81.028],[-64.1192,81.048],[-63.9294,81.0569],[-63.8277,81.1133],[-63.7228,81.1387],[-63.676,81.1435],[-63.655,81.1491],[-63.5937,81.1509],[-63.5075,81.1314],[-63.4385,81.096],[-63.4285,81.05],[-63.3931,81.0272],[-63.3056,80.9538],[-63.2488,80.9273],[-63.06,80.8769],[-63.0233,80.8556],[-62.9905,80.8266],[-62.9537,80.801],[-62.8597,80.7805],[-62.8196,80.7641],[-62.7799,80.7588],[-62.7364,80.7825],[-62.7557,80.7899],[-62.8454,80.7988],[-62.8661,80.8042],[-62.8735,80.8127],[-62.8531,80.8241],[-62.8904,80.8326],[-62.9252,80.8469],[-62.9897,80.8856],[-63.0271,80.9027],[-63.1544,80.9368],[-63.1843,80.9523],[-63.3235,81.062],[-63.3398,81.0842],[-63.3325,81.1062],[-63.3447,81.1215],[-63.3628,81.137],[-63.3733,81.1592],[-63.1984,81.196],[-63.1499,81.2117],[-62.9768,81.2283],[-62.8345,81.226],[-62.764,81.2145],[-62.4802,81.2068],[-62.1964,81.1991],[-61.8506,81.1285],[-61.5455,81.0662],[-61.5031,81.0774],[-61.5304,81.0978],[-61.5015,81.1079],[-61.3711,81.1137],[-61.3134,81.123],[-61.0761,81.1205],[-61.0441,81.133],[-60.9952,81.1445],[-60.9721,81.1462],[-60.965,81.1488],[-60.9552,81.1613],[-60.9476,81.1662],[-60.9352,81.168],[-60.893,81.1662],[-60.9395,81.1846],[-61.0389,81.2044],[-61.0854,81.2208],[-61.1509,81.2559],[-61.1812,81.2782],[-61.2015,81.3033],[-61.1935,81.3072],[-61.1727,81.3146],[-61.1605,81.317],[-61.2956,81.3496],[-61.3113,81.3654],[-61.2963,81.371],[-60.8371,81.4595],[-60.8028,81.472],[-60.7732,81.4916],[-60.7869,81.5089],[-60.8415,81.5254],[-60.9424,81.5429],[-60.9945,81.5445],[-61.024,81.5495],[-61.037,81.5602],[-61.0372,81.5754],[-61.0404,81.5826],[-61.0502,81.5869],[-61.1928,81.6278],[-61.26,81.6683],[-61.3424,81.681],[-61.3796,81.7005],[-61.3864,81.7213],[-61.4543,81.745],[-61.4349,81.766],[-61.4119,81.7757],[-61.2811,81.8151],[-60.9073,81.8639],[-60.5336,81.9127],[-60.4814,81.9113],[-60.4316,81.9198],[-60.3816,81.9207],[-60.3341,81.9309],[-60.0673,81.9474],[-59.7526,81.9255],[-59.6056,81.8936],[-59.3705,81.8991],[-59.1045,81.8807],[-58.8385,81.8623],[-58.7902,81.8493],[-58.769,81.8275],[-58.7573,81.7995],[-58.7293,81.7861],[-58.6955,81.7789],[-58.6666,81.7694],[-58.7307,81.7552],[-58.7554,81.7399],[-58.7547,81.7142],[-58.727,81.6951],[-58.6814,81.684],[-58.3116,81.6393],[-57.9419,81.5947],[-57.6955,81.5964],[-57.6449,81.5913],[-57.5423,81.5627],[-57.536,81.5566],[-57.5419,81.5429],[-57.2217,81.4884],[-57.1788,81.4752],[-57.2003,81.4659],[-57.2567,81.4661],[-57.2812,81.461],[-57.2414,81.436],[-57.1908,81.425],[-56.8961,81.4066],[-56.8426,81.395],[-56.7543,81.3926],[-56.7089,81.385],[-56.5695,81.3397],[-56.5412,81.3359],[-56.4525,81.3381],[-56.4637,81.3486],[-56.5215,81.3654],[-56.5646,81.3889],[-56.5832,81.3943],[-57.029,81.4317],[-57.0655,81.4398],[-57.0968,81.4535],[-57.0953,81.4761],[-57.18,81.4993],[-57.172,81.5224],[-57.2006,81.5342],[-57.2743,81.5485],[-57.3334,81.5533],[-57.5343,81.6091],[-57.6785,81.6226],[-57.7475,81.6509],[-58.1378,81.667],[-58.1294,81.6767],[-58.1247,81.6801],[-58.1473,81.6955],[-58.2272,81.7142],[-58.3165,81.749],[-58.4158,81.8157],[-58.4361,81.8194],[-58.4742,81.8309],[-58.4584,81.8439],[-58.4575,81.8599],[-58.4679,81.8735],[-58.486,81.8793],[-58.6171,81.8933],[-58.8224,81.929],[-58.9918,81.9332],[-59.4266,81.9797],[-59.4679,82.0028],[-59.0394,82.054],[-58.6109,82.1052],[-58.3301,82.1052],[-58.3445,82.1195],[-58.3129,82.1304],[-58.0131,82.1488],[-57.7132,82.1673],[-57.3714,82.178],[-57.0296,82.1888],[-56.9526,82.2076],[-56.8599,82.2042],[-56.7364,82.2252],[-56.4665,82.2355],[-56.4293,82.2302],[-56.3551,82.2065],[-56.316,82.2014],[-56.335,82.1898],[-56.3428,82.1872],[-56.3075,82.1664],[-56.2615,82.1659],[-56.215,82.1778],[-56.1874,82.1954],[-56.1976,82.2089],[-56.1448,82.2355],[-56.1263,82.24],[-56.0984,82.2586],[-56.0792,82.2629],[-56.0091,82.2641],[-55.9864,82.2629],[-55.9589,82.2728],[-55.6153,82.2612],[-55.2716,82.2496],[-55.2561,82.2474],[-55.241,82.2426],[-55.2267,82.2355],[-55.2445,82.2297],[-55.2662,82.2274],[-55.2885,82.228],[-55.3278,82.2341],[-55.3324,82.2315],[-55.3223,82.2151],[-55.323,82.2113],[-55.3254,82.2077],[-55.3249,82.2038],[-55.3169,82.1997],[-55.3053,82.1967],[-55.1913,82.1872],[-55.1396,82.1627],[-55.1125,82.1572],[-55.092,82.1738],[-55.1056,82.1894],[-55.2267,82.2151],[-55.1788,82.2287],[-55.1641,82.2355],[-55.206,82.2578],[-55.2554,82.2753],[-55.307,82.2865],[-55.3558,82.2902],[-55.5756,82.2751],[-55.6029,82.2827],[-55.5665,82.292],[-55.3479,82.2999],[-55.2505,82.321],[-54.8456,82.3468],[-54.4407,82.3727],[-54.0919,82.3205],[-54.0779,82.3122],[-54.0656,82.3015],[-54.0468,82.2902],[-54.019,82.2823],[-53.9591,82.2741],[-53.931,82.266],[-53.8876,82.2445],[-53.8475,82.2372],[-53.8344,82.2322],[-53.8089,82.2166],[-53.7508,82.1921],[-53.7117,82.1832],[-53.6881,82.1731],[-53.6659,82.1598],[-53.6502,82.1536],[-53.6268,82.1426],[-53.577,82.1293],[-53.557,82.1161],[-53.5531,82.1048],[-53.556,82.0761],[-53.5539,82.0643],[-53.5947,82.05],[-53.6144,82.0386],[-53.6229,82.0261],[-53.6137,82.013],[-53.5926,82.0025],[-53.5539,81.9885],[-53.5171,81.9615],[-53.5035,81.9365],[-53.51,81.9102],[-53.5677,81.8309],[-53.5877,81.8128],[-53.61,81.8007],[-53.7162,81.7685],[-53.7662,81.7453],[-53.7751,81.739],[-53.7766,81.7338],[-53.7746,81.7275],[-53.7731,81.7179],[-53.7794,81.713],[-53.8215,81.7005],[-53.7826,81.6807],[-53.776,81.6711],[-53.7936,81.6601],[-53.7895,81.6549],[-53.7843,81.6448],[-53.7799,81.6397],[-53.8079,81.5882],[-53.804,81.5662],[-53.7928,81.5561],[-53.683,81.5263],[-53.6137,81.5153],[-53.472,81.5087],[-53.5599,81.5276],[-53.6502,81.5361],[-53.6502,81.5429],[-53.4857,81.5503],[-53.4646,81.5634],[-53.4953,81.5761],[-53.5177,81.5994],[-53.5539,81.6528],[-53.5408,81.6722],[-53.5205,81.6802],[-53.4648,81.6888],[-53.2711,81.7637],[-53.081,81.7961],[-53.0475,81.8104],[-53.0169,81.8262],[-52.9487,81.8527],[-52.9302,81.8651],[-52.9302,81.889],[-52.9306,81.9068],[-52.9361,81.9245],[-52.9438,81.9401],[-52.9532,81.9582],[-52.9672,81.9706],[-53.0056,81.9919],[-53.0238,82.008],[-53.0143,82.0212],[-52.9902,82.0309],[-52.9643,82.0363],[-52.9256,82.0393],[-52.7713,82.0331],[-52.7105,82.019],[-52.5193,82.0097],[-52.389,81.9817],[-52.1824,81.9782],[-52.1221,81.9612],[-52.112,81.9558],[-52.0505,81.9427],[-51.7184,81.9238],[-51.3862,81.9049],[-51.0894,81.8542],[-50.7926,81.8036],[-50.738,81.7817],[-50.287,81.7243],[-50.2381,81.7098],[-50.2234,81.7005],[-50.2202,81.6918],[-50.2196,81.669],[-50.2172,81.6601],[-50.2034,81.6486],[-50.1843,81.6432],[-49.9215,81.6118],[-49.6138,81.6459],[-49.8361,81.6555],[-49.8718,81.6625],[-49.8978,81.6767],[-49.8987,81.6816],[-49.8973,81.6895],[-49.897,81.6988],[-49.9012,81.708],[-49.9116,81.7142],[-49.9274,81.7184],[-50.2188,81.7539],[-50.5102,81.7895],[-50.6417,81.8309],[-50.6417,81.8377],[-50.6212,81.8445],[-50.6454,81.8581],[-50.6762,81.8611],[-50.7373,81.8588],[-50.8907,81.8781],[-51.0663,81.9339],[-51.0361,81.9564],[-50.6338,81.928],[-50.2314,81.8996],[-49.8291,81.8712],[-49.757,81.8834],[-49.6516,81.8854],[-49.4756,81.9272],[-49.4357,81.9277],[-49.4645,81.9472],[-49.8368,82.0161],[-50.209,82.0851],[-50.5813,82.154],[-50.7314,82.2101],[-50.7584,82.2355],[-50.7921,82.297],[-50.8055,82.3107],[-50.814,82.3417],[-50.8494,82.3656],[-51.0494,82.4378],[-51.0608,82.4456],[-51.0577,82.4563],[-51.0607,82.4765],[-51.0828,82.4799],[-51.1035,82.4863],[-51.1208,82.4963],[-51.1072,82.5099],[-50.6881,82.4988],[-50.2689,82.4878],[-49.8497,82.4767],[-49.4305,82.4656],[-49.0113,82.4545],[-48.9141,82.4318],[-48.7843,82.373],[-48.7353,82.3581],[-48.3604,82.3162],[-47.9856,82.2742],[-47.6107,82.2322],[-47.5649,82.2151],[-47.5712,82.2151],[-47.5575,82.2082],[-47.5808,82.1929],[-47.6059,82.1804],[-47.564,82.168],[-47.2313,82.1704],[-46.8236,82.1256],[-46.4159,82.0809],[-46.0082,82.0362],[-45.9673,82.0158],[-46.0089,81.9953],[-45.9967,81.9841],[-45.9816,81.9777],[-45.9648,81.9753],[-45.9481,81.9755],[-45.9706,81.9632],[-46.0245,81.96],[-46.0504,81.9544],[-46.0294,81.9467],[-45.9264,81.9464],[-45.6631,81.9069],[-45.3998,81.8674],[-45.3789,81.8588],[-45.3418,81.8341],[-45.3271,81.8309],[-45.3031,81.8293],[-45.2494,81.8193],[-45.1729,81.7925],[-45.1561,81.7899],[-44.7824,81.7768],[-44.7045,81.7589],[-44.6628,81.7544],[-44.6316,81.7626],[-44.68,81.7768],[-44.6517,81.7858],[-44.3027,81.8142],[-44.2572,81.8367],[-44.2283,81.8394],[-44.1729,81.8377],[-44.2322,81.8454],[-44.3551,81.8465],[-44.4125,81.8588],[-44.3961,81.8649],[-44.3767,81.8664],[-44.3374,81.8651],[-44.3579,81.8694],[-44.4011,81.8721],[-44.4193,81.8793],[-44.3937,81.8853],[-44.3845,81.8855],[-44.4409,81.8949],[-44.5557,81.8876],[-44.6111,81.8998],[-44.5975,81.904],[-44.5701,81.9085],[-44.5565,81.9135],[-44.5978,81.9237],[-44.6872,81.9278],[-44.7272,81.9401],[-44.6916,81.947],[-44.5198,81.937],[-44.5012,81.9401],[-44.4906,81.9463],[-44.4746,81.9621],[-44.4608,81.9681],[-44.5137,81.9827],[-44.8848,81.9794],[-44.9264,81.9953],[-44.9059,82.0028],[-44.9122,82.0154],[-44.9318,82.0334],[-44.9401,82.0438],[-44.7282,82.0472],[-44.3988,82.1052],[-44.5071,82.108],[-44.5648,82.1185],[-44.6508,82.1524],[-44.7809,82.1821],[-44.7939,82.192],[-44.7875,82.2032],[-44.7023,82.2578],[-44.5629,82.2934],[-44.2325,82.3198],[-43.9468,82.2996],[-43.661,82.2795],[-43.6103,82.2678],[-43.1789,82.2612],[-42.7475,82.2545],[-42.7136,82.2418],[-42.7136,82.2492],[-42.7076,82.2438],[-42.6789,82.2355],[-42.6863,82.2306],[-42.6903,82.2261],[-42.6937,82.2213],[-42.6994,82.2151],[-42.3021,82.2151],[-42.3295,82.2318],[-42.7025,82.2644],[-43.0756,82.297],[-43.176,82.278],[-43.2356,82.278],[-43.5355,82.31],[-43.8354,82.342],[-43.8643,82.3533],[-43.8849,82.3727],[-43.8503,82.3899],[-43.7657,82.3976],[-43.7272,82.4069],[-43.764,82.4189],[-43.9342,82.4334],[-44.0196,82.4515],[-44.1949,82.4635],[-44.2687,82.4822],[-44.3091,82.4878],[-44.3803,82.4888],[-44.3927,82.4884],[-44.4346,82.4951],[-44.4405,82.4982],[-44.4447,82.5032],[-44.4478,82.5079],[-44.4503,82.5099],[-44.496,82.515],[-44.5408,82.5252],[-44.5558,82.5329],[-44.5769,82.554],[-44.5924,82.5626],[-44.7049,82.5812],[-44.7892,82.5844],[-44.8114,82.5877],[-44.8541,82.6022],[-44.8752,82.6055],[-44.9195,82.6065],[-45.0091,82.6189],[-45.0983,82.6496],[-45.2927,82.6785],[-45.3829,82.682],[-45.6628,82.7261],[-45.7442,82.7536],[-45.7693,82.77],[-45.7464,82.777],[-45.4733,82.7803],[-45.2002,82.7836],[-45.0943,82.7979],[-45.014,82.7853],[-44.9614,82.7689],[-44.4759,82.7668],[-43.9904,82.7647],[-43.5048,82.7626],[-43.0193,82.7605],[-42.5338,82.7584],[-42.0482,82.7563],[-42.1452,82.7279],[-42.1718,82.7086],[-41.8992,82.6713],[-41.8611,82.661],[-41.8291,82.6417],[-41.8013,82.6117],[-41.8653,82.5742],[-41.873,82.555],[-41.8354,82.5373],[-41.813,82.5306],[-41.7956,82.5231],[-41.7375,82.4897],[-41.7235,82.4843],[-41.7091,82.482],[-41.6147,82.4797],[-41.589,82.4888],[-41.5555,82.5335],[-41.5847,82.5533],[-41.6402,82.5704],[-41.6739,82.5854],[-41.6374,82.5987],[-41.651,82.6055],[-41.6158,82.6367],[-41.6315,82.6533],[-41.7193,82.6744],[-41.776,82.7048],[-41.8238,82.7106],[-41.8981,82.729],[-41.8659,82.7475],[-41.8185,82.7529],[-41.5775,82.7473],[-41.5088,82.7324],[-41.2576,82.7117],[-41.2094,82.7008],[-41.1774,82.6806],[-41.1849,82.6744],[-40.7497,82.6168],[-40.6308,82.5751],[-40.5244,82.5732],[-40.2276,82.5675],[-40.2076,82.5613],[-40.2185,82.5502],[-40.2037,82.5378],[-40.1229,82.5099],[-40.0056,82.4888],[-40.0293,82.4763],[-40.0607,82.4656],[-40.0836,82.4512],[-40.0819,82.4274],[-40.0548,82.4121],[-39.9243,82.3864],[-39.9267,82.3826],[-39.9311,82.3727],[-39.8041,82.3618],[-39.7694,82.3759],[-39.756,82.3959],[-39.7626,82.4103],[-39.782,82.4202],[-39.807,82.4274],[-39.8595,82.4354],[-39.8777,82.446],[-39.8759,82.4683],[-39.8559,82.4826],[-39.7591,82.5024],[-39.7799,82.5124],[-39.8622,82.5168],[-39.9637,82.5389],[-39.9958,82.5527],[-40.0095,82.5635],[-40.0093,82.5744],[-39.9958,82.5834],[-39.9769,82.5911],[-39.9571,82.5966],[-39.9018,82.6046],[-39.8804,82.6111],[-39.869,82.6191],[-39.87,82.6314],[-39.8799,82.6425],[-39.9038,82.6601],[-39.9075,82.6658],[-39.9088,82.6716],[-39.9121,82.6772],[-39.9221,82.6826],[-39.9531,82.6931],[-40.3172,82.7307],[-40.5795,82.717],[-40.8124,82.7545],[-40.9276,82.7596],[-40.9766,82.7744],[-41.4427,82.7845],[-41.9088,82.7947],[-42.3749,82.8049],[-42.8411,82.8151],[-43.3072,82.8252],[-43.7733,82.8354],[-44.2394,82.8456],[-44.7056,82.8558],[-44.7681,82.8662],[-44.8311,82.8895],[-45.063,82.9133],[-45.063,82.9072],[-44.865,82.8724],[-44.865,82.8662],[-44.9663,82.845],[-45.3003,82.8613],[-45.6344,82.8775],[-45.6799,82.8724],[-45.6676,82.863],[-45.6617,82.8604],[-45.6527,82.8587],[-45.6527,82.852],[-45.9744,82.8428],[-46.0325,82.8503],[-46.0948,82.8488],[-46.1521,82.8601],[-46.5575,82.8929],[-46.5536,82.9001],[-46.5474,82.9062],[-46.5392,82.9106],[-46.5297,82.9133],[-46.573,82.9233],[-46.755,82.9394],[-46.847,82.9597],[-46.8927,82.9618],[-46.8452,82.976],[-46.4134,82.9484],[-45.9816,82.9208],[-46.2256,82.9814],[-46.7009,83.0028],[-46.6803,83.0187],[-46.6422,83.0243],[-46.5162,83.0215],[-46.5002,83.0292],[-46.5091,83.0512],[-46.43,83.0621],[-46.1108,83.0622],[-46.0777,83.0778],[-46.0404,83.0966],[-45.9707,83.0965],[-45.9001,83.0851],[-45.7848,83.0535],[-45.4532,83.0206],[-45.1217,82.9876],[-45.0772,82.9618],[-45.0903,82.9543],[-45.1043,82.9484],[-45.1116,82.9424],[-45.1051,82.9351],[-44.7346,82.9686],[-44.3282,82.9529],[-43.9217,82.9372],[-43.5153,82.9215],[-43.4871,82.9133],[-43.4875,82.9172],[-43.4868,82.9198],[-43.4853,82.9206],[-43.4557,82.9169],[-43.3635,82.9208],[-43.3635,82.9271],[-43.8027,82.9545],[-44.242,82.9819],[-44.6812,83.0093],[-45.1204,83.0367],[-45.1322,83.0432],[-45.1182,83.0512],[-45.1387,83.0561],[-45.1798,83.0554],[-45.2002,83.058],[-45.2012,83.0606],[-45.1999,83.0653],[-45.1998,83.0697],[-45.2038,83.0716],[-45.2117,83.0726],[-45.2272,83.0769],[-45.3285,83.0819],[-45.4857,83.1108],[-45.5184,83.1227],[-45.516,83.1365],[-45.4864,83.1469],[-45.4462,83.1553],[-45.4066,83.1586],[-45.3789,83.1536],[-45.4014,83.1491],[-45.4012,83.1403],[-45.3863,83.1313],[-45.3646,83.1262],[-45.2277,83.1361],[-45.1538,83.1623],[-45.1312,83.1671],[-45.1127,83.165],[-45.0772,83.1536],[-44.7244,83.1049],[-44.68,83.1126],[-44.6976,83.1185],[-44.7141,83.1262],[-44.693,83.1278],[-44.6725,83.133],[-44.6725,83.14],[-44.6926,83.1398],[-44.711,83.143],[-44.7477,83.1536],[-44.7059,83.1719],[-44.6469,83.1751],[-44.1973,83.1507],[-43.7477,83.1262],[-43.7545,83.1262],[-43.7331,83.1214],[-43.6985,83.1174],[-43.6662,83.1187],[-43.6521,83.1297],[-43.6378,83.136],[-43.244,83.1178],[-42.8502,83.0996],[-42.8794,83.1103],[-43.2532,83.1409],[-43.6271,83.1714],[-44.001,83.202],[-43.631,83.204],[-43.2611,83.2061],[-42.8912,83.2082],[-42.8912,83.2156],[-43.0395,83.2117],[-43.0829,83.2225],[-42.9799,83.2287],[-42.9799,83.2361],[-43.3226,83.2361],[-43.3226,83.2429],[-43.2664,83.2451],[-43.2481,83.2497],[-43.2572,83.2551],[-43.2611,83.2567],[-43.2611,83.2634],[-42.9635,83.2723],[-42.6658,83.2812],[-42.5116,83.2511],[-42.4803,83.2395],[-42.4355,83.2289],[-42.1173,83.2425],[-42.0235,83.2246],[-41.924,83.2176],[-41.8358,83.1979],[-41.7407,83.1946],[-41.7057,83.174],[-41.8833,83.123],[-41.9315,83.0921],[-41.6695,83.14],[-41.3651,83.1188],[-41.1249,83.0619],[-41.0201,83.0547],[-40.7387,83.0053],[-40.6903,82.9865],[-40.2727,82.9783],[-39.8552,82.9701],[-39.4376,82.9618],[-39.0057,82.9003],[-39.0128,82.8974],[-39.0265,82.8892],[-39.0336,82.8861],[-39.0045,82.8557],[-38.9608,82.8361],[-38.8688,82.8129],[-38.6796,82.7926],[-38.6426,82.77],[-38.6522,82.7644],[-38.651,82.7586],[-38.644,82.7534],[-38.6357,82.7495],[-38.6151,82.746],[-38.5909,82.7476],[-38.5464,82.7563],[-38.6016,82.7762],[-38.5854,82.7856],[-38.567,82.7938],[-38.4945,82.8155],[-38.4803,82.8215],[-38.4774,82.8314],[-38.6426,82.8246],[-38.7433,82.8342],[-38.7672,82.8474],[-38.7791,82.852],[-38.7801,82.8577],[-38.7865,82.8662],[-38.7833,82.8991],[-38.8249,82.9166],[-38.9163,82.9345],[-38.9095,82.9345],[-38.9372,82.9454],[-39.0093,82.9484],[-39.1246,82.9714],[-39.1496,82.9822],[-39.1278,82.9953],[-39.0997,83.0037],[-38.6428,83.0052],[-38.1859,83.0067],[-37.729,83.0081],[-37.2721,83.0096],[-37.3162,83.0175],[-37.4066,83.0186],[-37.5951,83.0414],[-37.9831,83.0431],[-38.3712,83.0449],[-38.7592,83.0466],[-38.8009,83.058],[-38.7833,83.0678],[-38.321,83.0861],[-37.8588,83.1045],[-37.3966,83.1228],[-36.9343,83.1412],[-36.881,83.1536],[-36.9021,83.1602],[-37.2652,83.1569],[-37.6283,83.1536],[-37.5482,83.1601],[-37.5253,83.1679],[-37.5884,83.1784],[-37.9089,83.1877],[-37.9974,83.1807],[-38.0262,83.1877],[-37.9626,83.1946],[-37.9437,83.202],[-38.2314,83.202],[-38.519,83.202],[-38.6834,83.2084],[-38.7102,83.2191],[-38.7322,83.2318],[-38.8617,83.2567],[-38.8317,83.2697],[-38.7955,83.2756],[-38.7245,83.2771],[-38.7315,83.287],[-38.7397,83.2947],[-38.7491,83.3005],[-38.7593,83.3044],[-38.744,83.3082],[-38.7128,83.3122],[-38.6971,83.3118],[-38.6971,83.3181],[-38.728,83.3188],[-38.7656,83.325],[-38.8016,83.3364],[-38.8275,83.3529],[-38.8212,83.3565],[-38.8009,83.3727],[-38.7861,83.3799],[-38.7381,83.3937],[-38.805,83.4068],[-38.8685,83.4273],[-38.8391,83.4363],[-38.7984,83.4398],[-38.7572,83.4385],[-38.6903,83.4255],[-38.2517,83.3925],[-37.8131,83.3595],[-37.7382,83.3727],[-37.8116,83.4035],[-37.9828,83.4134],[-38.0597,83.4348],[-38.0238,83.4431],[-37.9164,83.4552],[-37.9246,83.4675],[-37.9351,83.4761],[-37.9483,83.4809],[-37.9642,83.4819],[-37.9157,83.4989],[-37.5854,83.508],[-37.1996,83.4713],[-36.8137,83.4346],[-36.765,83.4205],[-36.7235,83.3984],[-36.7043,83.3926],[-36.4498,83.3618],[-36.4018,83.3727],[-36.5998,83.3937],[-36.6092,83.4049],[-36.6368,83.4116],[-36.6961,83.4143],[-36.6477,83.4284],[-36.4838,83.4348],[-36.5355,83.4512],[-36.8571,83.4805],[-36.9015,83.4962],[-36.7856,83.4943],[-36.7507,83.5036],[-36.7661,83.508],[-36.7816,83.5098],[-36.8134,83.5098],[-36.7873,83.528],[-36.7386,83.538],[-36.2403,83.5377],[-35.7419,83.5375],[-35.2436,83.5372],[-34.973,83.5716],[-34.7025,83.606],[-34.6772,83.6036],[-34.6285,83.5916],[-34.6062,83.5822],[-34.59,83.5716],[-34.5779,83.5609],[-34.5644,83.5515],[-34.5441,83.5446],[-34.5212,83.5422],[-34.4984,83.5437],[-34.4777,83.549],[-34.4616,83.5583],[-34.4524,83.5701],[-34.449,83.5802],[-34.442,83.5891],[-34.4221,83.5973],[-34.3963,83.6016],[-34.3629,83.6029],[-34.3307,83.5993],[-34.3083,83.5886],[-34.3026,83.577],[-34.3009,83.5646],[-34.295,83.5548],[-34.2524,83.5466],[-34.2085,83.5283],[-33.9451,83.4851],[-33.9398,83.4757],[-33.9361,83.4663],[-33.9241,83.4621],[-33.8305,83.462],[-33.7843,83.4697],[-33.7428,83.4894],[-33.7872,83.5003],[-34.0074,83.5294],[-34.0496,83.5421],[-34.0854,83.5651],[-34.0804,83.5681],[-34.0719,83.5714],[-34.0115,83.5876],[-33.6313,83.5992],[-33.2511,83.6108],[-32.8709,83.6225],[-32.4907,83.6341],[-32.4076,83.619],[-32.2079,83.6135],[-32.2079,83.606],[-32.2313,83.6061],[-32.2814,83.5986],[-32.3035,83.5918],[-32.2968,83.5911],[-32.2829,83.5855],[-32.2889,83.5826],[-32.3035,83.5713],[-32.0267,83.59],[-31.75,83.6087],[-31.6334,83.5898],[-31.1961,83.5864],[-30.7588,83.583],[-30.6471,83.6018],[-30.1868,83.5791],[-29.7265,83.5565],[-29.2662,83.5338],[-29.2615,83.5303],[-29.2492,83.531],[-29.2368,83.5303],[-29.2247,83.528],[-29.213,83.5241],[-29.2379,83.519],[-29.2615,83.5098],[-29.2139,83.4876],[-29.1483,83.4775],[-29.081,83.4785],[-29.0287,83.4894],[-29.0484,83.5054],[-29.0554,83.5098],[-28.6301,83.522],[-28.5558,83.5149],[-28.5142,83.4894],[-28.6741,83.4753],[-28.7734,83.4865],[-28.8257,83.4868],[-28.9251,83.4757],[-28.8846,83.4634],[-28.5626,83.4205],[-28.1505,83.4348],[-28.2238,83.4355],[-28.3724,83.4545],[-28.4452,83.4552],[-28.3846,83.4713],[-27.9288,83.4423],[-27.473,83.4134],[-27.0171,83.3844],[-26.5613,83.3555],[-26.1055,83.3265],[-25.6496,83.2976],[-25.6794,83.2799],[-25.7196,83.2695],[-25.8359,83.2592],[-25.9136,83.2404],[-25.9676,83.2336],[-26.0196,83.2156],[-26.0754,83.2085],[-26.5415,83.2013],[-27.0076,83.1942],[-27.4737,83.1871],[-27.9398,83.1799],[-28.4059,83.1728],[-28.872,83.1657],[-29.3381,83.1585],[-29.8042,83.1514],[-30.2703,83.1442],[-30.7364,83.1371],[-30.8917,83.1057],[-31.3151,83.0908],[-31.7384,83.0759],[-32.1617,83.061],[-32.2374,83.0771],[-32.3463,83.083],[-32.4461,83.1057],[-32.943,83.1327],[-33.4398,83.1596],[-33.4828,83.1461],[-33.3419,83.14],[-33.2383,83.1164],[-33.1344,83.1338],[-32.8196,83.0998],[-32.5048,83.0658],[-32.4891,83.058],[-32.4805,83.0443],[-32.4905,83.0382],[-32.9538,83.0223],[-33.0517,83.0025],[-33.4714,82.9888],[-33.891,82.9751],[-34.3106,82.9614],[-34.7302,82.9477],[-35.1498,82.9339],[-35.5694,82.9202],[-35.6204,82.9072],[-35.5413,82.8942],[-35.3729,82.9014],[-35.2982,82.8929],[-35.321,82.8849],[-35.4209,82.8682],[-35.4276,82.8585],[-35.4332,82.8472],[-35.4491,82.8383],[-35.4277,82.8305],[-35.4007,82.8246],[-35.4007,82.8184],[-35.4843,82.8041],[-35.531,82.7875],[-35.5515,82.7665],[-35.5268,82.7506],[-35.471,82.7462],[-35.374,82.7495],[-35.3966,82.7628],[-35.4195,82.773],[-35.4248,82.7836],[-35.3944,82.7979],[-35.2939,82.8126],[-35.2642,82.8246],[-35.3014,82.838],[-35.3126,82.845],[-35.2894,82.8546],[-34.951,82.9049],[-34.4877,82.9122],[-34.0243,82.9196],[-33.8431,82.8863],[-33.8157,82.8696],[-33.8044,82.8417],[-33.8209,82.8227],[-33.9346,82.7979],[-33.8846,82.7945],[-33.7229,82.8175],[-33.6882,82.8349],[-33.6965,82.8536],[-33.731,82.8915],[-33.736,82.9072],[-33.7098,82.9246],[-33.6027,82.9454],[-33.1278,82.9667],[-33.0489,82.982],[-32.6113,82.9858],[-32.1737,82.9897],[-32.1621,82.9959],[-31.8267,82.9946],[-31.7557,82.9842],[-31.7384,82.9786],[-31.7206,82.9697],[-31.7133,82.9591],[-31.7281,82.9481],[-31.7248,82.945],[-31.7214,82.9423],[-31.7138,82.9379],[-31.6924,82.9323],[-31.6656,82.9317],[-31.6151,82.9379],[-31.5967,82.9432],[-31.5917,82.949],[-31.5906,82.957],[-31.5841,82.9686],[-31.5488,82.9927],[-31.5072,83.0016],[-31.4625,83.0056],[-31.392,83.0207],[-31.0125,83.0462],[-30.6331,83.0717],[-30.2537,83.0972],[-30.0969,83.1262],[-29.6379,83.1158],[-29.1789,83.1054],[-28.7199,83.095],[-28.2609,83.0847],[-28.2517,83.0609],[-28.2023,83.0499],[-28.1428,83.0479],[-28.1033,83.0512],[-27.9481,83.0818],[-27.4922,83.0775],[-27.381,83.0606],[-26.9996,83.064],[-26.6182,83.0673],[-26.5478,83.0847],[-26.1057,83.1124],[-25.6636,83.1401],[-25.2214,83.1679],[-25.0268,83.156],[-24.8409,83.1126],[-24.9457,83.1035],[-24.9713,83.0921],[-24.9798,83.078],[-24.9728,83.0692],[-24.9071,83.0433],[-24.7851,83.0284],[-24.7694,83.0248],[-24.7589,83.017],[-24.7552,83.0109],[-24.7523,83.0041],[-24.7537,82.9983],[-24.7624,82.9959],[-24.7872,82.9928],[-24.8944,82.9557],[-25.0933,82.9118],[-25.1145,82.9032],[-25.1298,82.8922],[-25.1306,82.8811],[-25.1085,82.8724],[-25.1493,82.8529],[-25.5876,82.7905],[-25.9036,82.7836],[-25.8727,82.7744],[-25.7672,82.7685],[-25.6866,82.7759],[-25.5834,82.7694],[-25.5163,82.7867],[-25.1702,82.8246],[-24.8241,82.8625],[-24.478,82.9003],[-24.2522,82.8861],[-24.0618,82.9039],[-24.0393,82.9103],[-23.997,82.9172],[-23.9331,82.9164],[-23.8725,82.9081],[-23.8404,82.8929],[-23.8868,82.8908],[-23.98,82.8737],[-24.0253,82.8724],[-24.0018,82.8482],[-23.9119,82.822],[-23.8813,82.7979],[-23.913,82.7794],[-23.9897,82.7719],[-24.0253,82.7631],[-23.7997,82.7744],[-23.766,82.7827],[-23.7379,82.7979],[-23.7485,82.8135],[-23.725,82.8259],[-23.6622,82.8383],[-23.3842,82.8522],[-23.2096,82.838],[-23.1763,82.826],[-23.1763,82.8035],[-23.1022,82.7923],[-22.9353,82.7987],[-22.8708,82.7665],[-22.8423,82.7589],[-22.751,82.7719],[-22.6915,82.7695],[-22.6649,82.7744],[-22.6469,82.786],[-22.6486,82.8035],[-22.5654,82.7965],[-22.4017,82.7639],[-22.1918,82.7474],[-22.1231,82.7276],[-22.0509,82.7151],[-21.912,82.7111],[-21.8794,82.703],[-21.8166,82.7015],[-21.7867,82.6967],[-21.7847,82.6806],[-21.6233,82.6723],[-21.4778,82.6407],[-21.3395,82.6263],[-21.3231,82.6184],[-21.3185,82.6055],[-21.3259,82.5985],[-21.3572,82.584],[-21.37,82.5744],[-21.4028,82.5552],[-21.4493,82.547],[-21.5382,82.5434],[-21.8389,82.4848],[-22.141,82.4615],[-22.306,82.4274],[-22.2786,82.4187],[-22.2176,82.4064],[-22.1962,82.3926],[-22.225,82.3793],[-22.4373,82.34],[-22.9041,82.3244],[-23.3709,82.3088],[-23.8378,82.2932],[-23.8867,82.2789],[-24.3838,82.2672],[-24.881,82.2556],[-25.3781,82.244],[-25.8752,82.2324],[-26.3724,82.2207],[-26.8695,82.2091],[-27.3666,82.1975],[-27.8638,82.1859],[-28.3609,82.1742],[-28.858,82.1626],[-29.3552,82.151],[-29.8523,82.1393],[-29.8734,82.1437],[-29.9086,82.1629],[-29.9297,82.1673],[-30.2236,82.1708],[-30.3948,82.1953],[-30.7354,82.202],[-31.0759,82.2088],[-31.4165,82.2155],[-31.5821,82.2201],[-31.6256,82.2082],[-31.1796,82.1955],[-30.7335,82.1827],[-30.2874,82.1699],[-30.2054,82.1565],[-30.0897,82.1521],[-30.0335,82.1411],[-30.0168,82.1344],[-29.9899,82.1195],[-29.9734,82.1127],[-29.9051,82.0984],[-29.9432,82.0854],[-30.3172,82.0591],[-30.6912,82.0328],[-31.0653,82.0065],[-31.1018,81.9981],[-31.1268,81.9975],[-31.139,81.9953],[-31.1478,81.9912],[-31.1645,81.9793],[-31.1726,81.9755],[-31.2256,81.9679],[-31.4998,81.9646],[-31.774,81.9614],[-31.8038,81.9476],[-31.8392,81.939],[-31.9123,81.9391],[-31.9873,81.9232],[-32.076,81.9311],[-32.5629,81.8833],[-32.6792,81.8527],[-32.7794,81.8411],[-32.7897,81.8371],[-32.7985,81.8289],[-32.8069,81.8139],[-32.8133,81.7944],[-32.8148,81.7751],[-32.8085,81.7607],[-32.7856,81.7508],[-32.7308,81.7517],[-32.7081,81.7449],[-32.7008,81.7332],[-32.7029,81.7191],[-32.7177,81.6918],[-32.6671,81.677],[-32.6118,81.6737],[-32.5039,81.6842],[-32.1479,81.6813],[-32.1446,81.7056],[-32.1313,81.7235],[-32.1119,81.7362],[-31.935,81.7928],[-31.6802,81.8348],[-31.2417,81.85],[-30.8033,81.8653],[-30.699,81.8825],[-30.5917,81.8815],[-30.4862,81.903],[-30.1129,81.9197],[-30.0642,81.9311],[-29.7884,81.9482],[-29.7771,81.9469],[-29.7585,81.939],[-29.7497,81.9376],[-29.5707,81.9431],[-29.5699,81.9101],[-29.5646,81.897],[-29.5497,81.89],[-29.3416,81.9032],[-29.3186,81.9119],[-29.3091,81.9186],[-29.3017,81.9265],[-29.2964,81.9359],[-29.2926,81.9468],[-29.2909,81.9604],[-29.2887,81.9641],[-29.2822,81.9678],[-29.2735,81.9698],[-29.2424,81.9702],[-29.0386,81.9999],[-28.7852,82.0],[-28.6695,82.0139],[-28.5541,82.0084],[-28.3953,82.0318],[-28.3351,82.0323],[-28.2462,82.0229],[-28.1943,82.0286],[-27.9378,82.0251],[-27.819,82.0561],[-27.762,82.0624],[-27.3131,82.0517],[-26.8642,82.041],[-26.4153,82.0303],[-25.9665,82.0196],[-25.5176,82.0089],[-25.0687,81.9982],[-24.6199,81.9875],[-24.6348,81.9699],[-24.6818,81.9428],[-24.6983,81.925],[-24.6562,81.9099],[-24.6254,81.8793],[-24.6168,81.8415],[-24.6411,81.805],[-24.6562,81.7956],[-24.672,81.7889],[-24.7062,81.7812],[-25.1084,81.7401],[-25.5105,81.699],[-25.9127,81.6579],[-26.3148,81.6168],[-26.4624,81.574],[-26.607,81.5608],[-26.7038,81.5412],[-26.723,81.5315],[-26.6994,81.5324],[-26.493,81.5156],[-26.477,81.5119],[-26.4674,81.5033],[-26.4703,81.4909],[-26.4989,81.4709],[-26.5056,81.4581],[-26.4844,81.4519],[-26.4449,81.4344],[-26.4228,81.4292],[-26.3872,81.4277],[-26.0021,81.4943],[-25.6169,81.561],[-25.4789,81.5564],[-25.004,81.6013],[-24.529,81.6461],[-24.4957,81.6437],[-24.4652,81.6362],[-24.4346,81.6328],[-24.4015,81.6423],[-24.3587,81.6628],[-24.3132,81.6756],[-24.0398,81.7108],[-23.7663,81.746],[-23.4757,81.7147],[-23.4039,81.7188],[-23.373,81.7282],[-23.3553,81.741],[-23.3248,81.7768],[-23.3077,81.7925],[-23.3273,81.7993],[-23.3214,81.8124],[-23.337,81.8362],[-23.3297,81.852],[-23.3411,81.8553],[-23.3535,81.8637],[-23.3617,81.8737],[-23.3605,81.8824],[-23.3468,81.8887],[-23.2884,81.9018],[-23.2662,81.9189],[-23.2726,81.9344],[-23.3121,81.965],[-23.2344,81.9901],[-23.2296,81.998],[-23.2294,82.0054],[-23.2262,82.0112],[-23.1954,82.0223],[-23.1583,82.0252],[-23.0857,82.0227],[-23.094,82.0168],[-23.1141,82.0087],[-23.1243,82.0032],[-23.0877,82.0046],[-23.0547,82.0096],[-22.9552,82.0415],[-22.5635,82.052],[-22.1718,82.0625],[-21.7801,82.073],[-21.3884,82.0834],[-21.3276,82.0766],[-21.2906,82.0641],[-21.1205,81.978],[-21.0907,81.9578],[-21.0692,81.9333],[-21.057,81.913],[-21.0549,81.9014],[-21.0614,81.8909],[-21.0858,81.8615],[-21.0899,81.858],[-21.0882,81.8428],[-21.0807,81.8355],[-21.0696,81.8303],[-21.0565,81.8212],[-21.0511,81.8139],[-21.0419,81.7957],[-21.0256,81.7716],[-21.0246,81.7665],[-21.0289,81.7614],[-21.033,81.7448],[-21.0421,81.7319],[-21.0782,81.7246],[-21.0874,81.7121],[-21.092,81.6935],[-21.104,81.6716],[-21.1236,81.6527],[-21.1514,81.6436],[-21.1454,81.6363],[-21.1626,81.6223],[-21.1976,81.5736],[-21.2376,81.5393],[-21.2568,81.5175],[-21.5347,81.414],[-21.8127,81.3105],[-22.0571,81.278],[-22.0823,81.2689],[-22.0911,81.2677],[-22.0949,81.256],[-22.0976,81.2197],[-22.1107,81.2193],[-22.1515,81.2088],[-22.1822,81.2048],[-22.2425,81.2048],[-22.2558,81.2024],[-22.2672,81.1953],[-22.2733,81.1852],[-22.2762,81.173],[-22.2756,81.1607],[-22.2711,81.1504],[-22.4435,81.1243],[-22.5604,81.1202],[-22.5712,81.1171],[-22.5787,81.1075],[-22.5815,81.0942],[-22.5811,81.0859],[-22.5846,81.0803],[-22.5983,81.075],[-22.6627,81.0649],[-23.107,80.9222],[-23.1322,80.9179],[-23.1778,80.9189],[-23.2668,80.8963],[-23.275,80.8893],[-23.2696,80.8773],[-23.2573,80.8698],[-23.2267,80.8593],[-23.2164,80.8491],[-23.2161,80.8347],[-23.2264,80.8231],[-23.269,80.8013],[-23.307,80.7928],[-23.3614,80.7738],[-23.5018,80.7512],[-23.4932,80.7428],[-23.4669,80.7373],[-23.458,80.7304],[-23.459,80.7155],[-23.474,80.7073],[-23.6088,80.6836],[-23.6797,80.6828],[-23.7156,80.6777],[-23.8504,80.6363],[-23.8844,80.6187],[-23.8971,80.6007],[-23.8856,80.5866],[-23.8647,80.5836],[-23.5558,80.6478],[-23.2469,80.7121],[-23.149,80.7169],[-23.0933,80.728],[-23.0758,80.7512],[-23.112,80.7617],[-23.1241,80.7629],[-23.102,80.7836],[-23.0597,80.7953],[-22.9346,80.8149],[-22.9141,80.8244],[-22.9106,80.84],[-22.9226,80.8512],[-22.9801,80.8725],[-22.9719,80.8804],[-22.7475,80.9315],[-22.3054,80.9631],[-22.2899,80.9673],[-22.2765,80.9751],[-22.2645,80.9857],[-22.2377,81.0165],[-22.2312,81.0205],[-22.2038,81.0248],[-22.0854,81.0104],[-22.0276,81.0112],[-21.959,81.0214],[-21.9471,81.0264],[-21.9383,81.0349],[-21.9303,81.0546],[-21.9227,81.064],[-21.8961,81.0768],[-21.8005,81.0882],[-21.4608,81.1676],[-21.3874,81.1948],[-21.3628,81.2004],[-20.9513,81.2357],[-20.8596,81.2795],[-20.7547,81.29],[-20.7242,81.3039],[-20.7165,81.3147],[-20.7115,81.3408],[-20.7055,81.352],[-20.6918,81.3596],[-20.2715,81.4513],[-19.8512,81.5429],[-19.8331,81.5556],[-20.0506,81.5873],[-20.036,81.5982],[-20.0109,81.6047],[-19.8788,81.6222],[-19.9464,81.6468],[-19.9326,81.6603],[-19.9044,81.6695],[-19.7082,81.6955],[-19.6446,81.6899],[-19.6449,81.6581],[-19.6439,81.6479],[-19.6395,81.6365],[-19.6328,81.6316],[-19.623,81.6306],[-19.3862,81.6352],[-19.3158,81.6215],[-19.2922,81.6203],[-19.2904,81.612],[-19.2613,81.6105],[-19.1537,81.6243],[-19.0853,81.6254],[-19.0255,81.6188],[-18.9975,81.612],[-18.9839,81.6103],[-19.0062,81.5967],[-19.2463,81.5548],[-19.2793,81.5414],[-19.2899,81.5334],[-19.2943,81.5252],[-19.2969,81.5156],[-19.3019,81.5037],[-19.306,81.4982],[-19.316,81.4875],[-19.3203,81.4811],[-19.3288,81.463],[-19.3331,81.4569],[-19.3722,81.4296],[-19.4665,81.4044],[-19.5045,81.3788],[-19.4606,81.3747],[-19.0594,81.4385],[-18.6582,81.5024],[-18.5238,81.5057],[-18.473,81.5004],[-18.4184,81.481],[-18.3686,81.475],[-18.213,81.4822],[-17.9774,81.447],[-17.9591,81.4406],[-17.9144,81.4151],[-17.8553,81.4038],[-17.8329,81.4033],[-17.8194,81.41],[-17.8208,81.4241],[-17.8607,81.4661],[-17.8516,81.4669],[-17.6197,81.4301],[-17.6036,81.4231],[-17.56,81.3939],[-17.5462,81.3893],[-17.5059,81.3882],[-17.4654,81.392],[-17.3943,81.4088],[-17.1468,81.4134],[-17.1506,81.4251],[-17.1632,81.4343],[-17.191,81.4473],[-17.2009,81.4541],[-17.2087,81.4616],[-17.2151,81.4704],[-17.2202,81.481],[-17.1928,81.4842],[-17.0173,81.4841],[-16.9902,81.4924],[-16.9592,81.5067],[-16.9254,81.5168],[-16.8353,81.5241],[-16.8127,81.5367],[-16.8359,81.5507],[-16.8734,81.5545],[-16.9875,81.5532],[-17.0355,81.5618],[-17.0465,81.5622],[-17.0448,81.5649],[-17.0286,81.5806],[-17.0199,81.5847],[-17.0007,81.5898],[-16.9762,81.5926],[-16.9325,81.5895],[-16.9156,81.591],[-16.9002,81.5957],[-16.8532,81.6194],[-16.838,81.6245],[-16.7293,81.631],[-16.5785,81.6162],[-16.4757,81.6247],[-16.4613,81.6301],[-16.4518,81.6397],[-16.4632,81.649],[-16.54,81.6846],[-16.5181,81.6903],[-16.5006,81.706],[-16.489,81.7272],[-16.4852,81.7495],[-16.154,81.756],[-16.146,81.7731],[-16.1389,81.7834],[-16.1274,81.7872],[-15.9412,81.7728],[-15.8451,81.7818],[-15.8257,81.7899],[-15.829,81.801],[-15.825,81.8129],[-15.8166,81.8232],[-15.8066,81.8297],[-15.7927,81.832],[-15.5414,81.8354],[-15.29,81.8388],[-15.2357,81.8317],[-15.2408,81.8287],[-15.2458,81.8268],[-15.2567,81.8248],[-15.2067,81.8148],[-14.7779,81.8139],[-14.3492,81.8131],[-13.9205,81.8122],[-13.4886,81.7639],[-13.0568,81.7155],[-12.9189,81.7231],[-12.8028,81.7148],[-12.6944,81.6929],[-12.5701,81.6962],[-12.2989,81.6668],[-12.0277,81.6373],[-11.869,81.5983],[-11.7451,81.5505],[-11.7351,81.5429],[-11.7083,81.5163],[-11.6952,81.5089],[-11.6815,81.5041],[-11.4325,81.4905],[-11.3768,81.476],[-11.3959,81.4609],[-11.6386,81.3884],[-11.9021,81.3601],[-12.1657,81.3319],[-12.1861,81.3251],[-12.1969,81.3183],[-12.2159,81.3017],[-12.2264,81.2948],[-12.245,81.2881],[-12.2844,81.2816],[-12.4328,81.2406],[-12.492,81.2335],[-12.5326,81.2227],[-12.5267,81.2042],[-12.5282,81.1931],[-12.5382,81.187],[-12.84,81.1374],[-13.1418,81.0878],[-13.1568,81.0875],[-13.188,81.0922],[-13.204,81.0922],[-13.2887,81.0633],[-13.3063,81.0546],[-13.3224,81.043],[-13.3357,81.027],[-13.3421,81.0224],[-13.3546,81.0199],[-13.6846,81.0008],[-14.079,81.0203],[-14.5527,80.9906],[-14.4915,80.9688],[-14.2037,80.9144],[-14.1322,80.8862],[-14.1571,80.8415],[-14.2008,80.8196],[-14.2949,80.7843],[-14.6213,80.7464],[-14.7247,80.7521],[-15.0227,80.7334],[-15.3207,80.7148],[-15.338,80.7114],[-15.3594,80.6973],[-15.3958,80.6596],[-15.4204,80.6484],[-15.8366,80.6428],[-16.2528,80.6373],[-16.3586,80.6568],[-16.7108,80.6598],[-17.063,80.6628],[-17.0865,80.6679],[-17.1719,80.7092],[-17.2035,80.7189],[-17.2399,80.7223],[-17.4634,80.7166],[-17.445,80.6794],[-17.4398,80.6537],[-17.4591,80.6409],[-17.617,80.6479],[-17.8378,80.6286],[-18.0653,80.5766],[-18.3223,80.5581],[-18.5939,80.5734],[-18.9528,80.6321],[-19.1661,80.6346],[-19.2358,80.6483],[-19.4717,80.6654],[-19.8472,80.6159],[-20.2228,80.5663],[-20.5163,80.5643],[-20.8099,80.5622],[-20.8454,80.5574],[-20.8253,80.5457],[-20.8,80.5403],[-20.4068,80.5389],[-20.3798,80.5351],[-20.3602,80.5255],[-20.3524,80.5115],[-20.3511,80.4946],[-20.3527,80.4606],[-20.2975,80.4671],[-20.2227,80.4965],[-19.8554,80.5657],[-19.488,80.6348],[-19.0216,80.5889],[-18.962,80.5753],[-18.8433,80.5723],[-18.6774,80.5414],[-18.3977,80.5234],[-18.1181,80.5054],[-18.0551,80.4918],[-17.6825,80.5021],[-17.3099,80.5124],[-16.8962,80.5837],[-16.8605,80.5817],[-16.8232,80.5734],[-16.6976,80.528],[-16.4482,80.4792],[-16.1208,80.4582],[-15.7934,80.4372],[-15.7552,80.4194],[-15.7892,80.4047],[-16.27,80.2905],[-16.285,80.2908],[-16.2979,80.2933],[-16.3099,80.2983],[-16.3463,80.3236],[-16.3594,80.3275],[-16.3753,80.3259],[-16.3905,80.3192],[-16.4017,80.3086],[-16.4049,80.296],[-16.3955,80.2834],[-16.3801,80.2761],[-16.3441,80.2679],[-16.3275,80.2615],[-16.3724,80.2429],[-16.3804,80.2376],[-16.3842,80.2357],[-16.4473,80.2193],[-16.8463,80.2028],[-16.8907,80.1916],[-17.1221,80.1829],[-17.2579,80.2148],[-17.2884,80.218],[-17.5807,80.1896],[-17.8729,80.1611],[-18.2693,80.181],[-18.6656,80.2009],[-18.7736,80.2216],[-19.026,80.2362],[-19.1796,80.268],[-19.4744,80.2602],[-19.6381,80.2214],[-19.727,80.1626],[-19.7799,80.1463],[-20.1712,80.1043],[-20.1717,80.097],[-19.9913,80.0889],[-19.9665,80.0832],[-19.9901,80.0694],[-20.0531,80.0418],[-20.0792,80.0368],[-20.194,80.0341],[-20.2283,80.024],[-20.1505,80.0126],[-20.077,79.9897],[-20.3534,79.8861],[-20.3893,79.8632],[-20.4089,79.8546],[-20.4178,79.8485],[-20.4231,79.8396],[-20.3524,79.8201],[-20.1143,79.8232],[-20.1014,79.8209],[-20.0903,79.8151],[-20.0821,79.8041],[-20.0789,79.7933],[-20.0774,79.7834],[-20.0748,79.774],[-20.0684,79.7639],[-20.046,79.7503],[-19.9963,79.7477],[-19.9762,79.7383],[-19.9704,79.7253],[-19.9729,79.7123],[-19.9769,79.6994],[-19.9757,79.687],[-19.9669,79.6794],[-19.9547,79.679],[-19.9298,79.6846],[-19.8486,79.6828],[-19.8253,79.6906],[-19.8169,79.6989],[-19.8048,79.7197],[-19.7961,79.7279],[-19.7827,79.7325],[-19.4857,79.7737],[-19.4653,79.7733],[-19.4452,79.7696],[-19.3689,79.7448],[-19.2581,79.7251],[-19.2078,79.7085],[-19.2035,79.6943],[-19.2164,79.6927],[-19.2279,79.6854],[-19.2489,79.6672],[-19.2589,79.6611],[-19.3853,79.6241],[-19.3757,79.606],[-19.3627,79.5907],[-19.3527,79.5739],[-19.3518,79.5513],[-19.3657,79.5459],[-19.4066,79.5205],[-19.457,79.5049],[-19.4723,79.496],[-19.4851,79.4794],[-19.4989,79.4405],[-19.5113,79.4237],[-19.5659,79.3859],[-19.5725,79.3734],[-19.5624,79.3671],[-19.5063,79.3572],[-19.4931,79.3502],[-19.4792,79.3404],[-19.4687,79.3283],[-19.4661,79.3148],[-19.4702,79.3071],[-19.4928,79.2835],[-19.5117,79.2563],[-19.5203,79.2477],[-19.5654,79.2131],[-19.5896,79.2008],[-19.5992,79.1923],[-19.6036,79.1799],[-19.5911,79.1841],[-19.5577,79.2063],[-19.5019,79.2341],[-19.4322,79.2799],[-19.4051,79.2873],[-19.3493,79.2861],[-19.321,79.2907],[-19.3065,79.3072],[-19.3074,79.314],[-19.314,79.3294],[-19.3161,79.3367],[-19.3165,79.3441],[-19.3158,79.351],[-19.3141,79.3576],[-19.3113,79.3646],[-19.3032,79.3762],[-19.291,79.3859],[-19.2767,79.3917],[-19.2623,79.3907],[-19.2606,79.3826],[-19.2467,79.3762],[-19.2367,79.3669],[-19.2301,79.3547],[-19.2264,79.3393],[-19.2253,79.3145],[-19.2265,79.3074],[-19.2311,79.2989],[-19.2374,79.2912],[-19.2417,79.2831],[-19.2409,79.273],[-19.2296,79.2746],[-19.2065,79.2882],[-19.1942,79.2923],[-19.1797,79.2925],[-19.1653,79.2905],[-19.1514,79.2867],[-19.1383,79.2814],[-19.1381,79.2784],[-19.1368,79.2714],[-19.1367,79.2683],[-18.9379,79.2615],[-18.8747,79.2366],[-18.8788,79.2251],[-18.8884,79.2212],[-18.949,79.2264],[-18.9769,79.2209],[-18.9913,79.2155],[-19.0012,79.2065],[-19.0025,79.1924],[-18.9945,79.1802],[-18.9665,79.1596],[-18.9552,79.149],[-18.9929,79.1506],[-19.0679,79.1446],[-19.1046,79.1523],[-19.1375,79.1672],[-19.1546,79.1715],[-19.1729,79.1704],[-19.19,79.1623],[-19.1991,79.1498],[-19.2103,79.1175],[-19.2313,79.0973],[-19.2609,79.0964],[-19.3219,79.1143],[-19.3545,79.1173],[-19.3822,79.1113],[-19.4371,79.0869],[-19.4686,79.0848],[-19.5217,79.1129],[-19.5513,79.1136],[-19.568,79.1053],[-19.5989,79.0837],[-19.616,79.0759],[-19.6319,79.0732],[-19.6988,79.0773],[-19.7364,79.0744],[-19.7544,79.0703],[-19.7672,79.0652],[-19.8027,79.0457],[-19.8785,79.032],[-19.9106,79.0183],[-19.9055,78.9935],[-19.887,78.9789],[-19.7843,78.9308],[-19.7693,78.9162],[-19.7657,78.8976],[-19.776,78.8813],[-19.7953,78.8692],[-19.8813,78.8369],[-19.9259,78.8287],[-20.2384,78.8266],[-20.3318,78.838],[-20.4096,78.8585],[-20.4416,78.8608],[-20.6374,78.835],[-20.6505,78.8305],[-20.6027,78.8101],[-20.5802,78.7955],[-20.5679,78.7766],[-20.6859,78.7672],[-20.9488,78.783],[-20.9708,78.7789],[-20.979,78.7668],[-20.9199,78.7477],[-20.8569,78.7181],[-20.842,78.7153],[-20.8613,78.7044],[-21.0958,78.673],[-21.193,78.6445],[-21.2078,78.6329],[-20.8909,78.6271],[-20.8633,78.622],[-20.8424,78.6085],[-20.8482,78.5926],[-20.868,78.5771],[-20.8898,78.5644],[-21.0469,78.5045],[-21.0645,78.4898],[-21.0721,78.4732],[-21.0769,78.4553],[-21.0864,78.4365],[-21.11,78.4155],[-21.2261,78.3607],[-21.295,78.3],[-21.3014,78.293],[-21.3044,78.2841],[-21.2997,78.2698],[-21.288,78.2556],[-21.2629,78.2321],[-21.24,78.1844],[-21.2667,78.1606],[-21.3664,78.1443],[-21.3545,78.1323],[-21.3244,78.1131],[-21.3164,78.0979],[-21.3223,78.0768],[-21.3429,78.0666],[-21.3904,78.0601],[-21.63,77.9981],[-21.6471,77.9875],[-21.6409,77.9783],[-21.5631,77.9469],[-21.5472,77.9321],[-21.5453,77.9119],[-21.5574,77.8985],[-21.5788,77.8879],[-21.6208,77.8758],[-21.7797,77.8518],[-21.8036,77.8525],[-21.8148,77.8504],[-21.82,77.8427],[-21.8168,77.835],[-21.8004,77.8183],[-21.7949,77.8105],[-21.8028,77.8073],[-21.847,77.7813],[-21.8558,77.7713],[-21.8685,77.7491],[-21.8765,77.7392],[-21.8994,77.7259],[-21.9272,77.716],[-21.9522,77.7028],[-21.9673,77.6792],[-21.6505,77.6586],[-21.4935,77.6735],[-21.4811,77.6723],[-21.4468,77.6626],[-21.4534,77.6539],[-21.5971,77.5616],[-21.6046,77.5502],[-21.5907,77.5489],[-21.5762,77.5498],[-21.5624,77.5532],[-21.5506,77.5593],[-21.5189,77.5837],[-21.3546,77.6641],[-21.2927,77.6745],[-21.3322,77.6776],[-21.3783,77.6893],[-21.4089,77.7126],[-21.4015,77.7502],[-21.3739,77.7768],[-20.9621,77.9704],[-20.9374,77.9737],[-20.7606,77.9706],[-20.395,77.8922],[-20.0294,77.8138],[-19.961,77.791],[-19.6589,77.762],[-19.3568,77.7331],[-19.2934,77.7148],[-19.2512,77.7094],[-19.1927,77.6908],[-19.1799,77.6887],[-19.1422,77.6872],[-19.1268,77.6837],[-19.1134,77.6774],[-19.0717,77.6512],[-19.0206,77.6338],[-18.9904,77.6186],[-18.9792,77.6168],[-18.9947,77.5999],[-19.036,77.5955],[-19.1124,77.5971],[-19.1322,77.5922],[-19.2554,77.5427],[-19.358,77.5264],[-19.3836,77.53],[-19.4118,77.5429],[-19.7161,77.6177],[-20.0204,77.6925],[-20.0922,77.7014],[-20.2598,77.6892],[-20.3375,77.6614],[-20.3553,77.6592],[-20.8215,77.6535],[-20.8093,77.6313],[-20.7748,77.617],[-20.344,77.5549],[-20.2784,77.533],[-20.2773,77.5295],[-20.2769,77.526],[-20.2773,77.5225],[-20.2783,77.519],[-20.339,77.5169],[-20.4064,77.5229],[-20.4703,77.5186],[-20.4816,77.5141],[-20.4635,77.5114],[-20.4473,77.5023],[-20.441,77.4902],[-20.4525,77.4782],[-20.468,77.4744],[-20.539,77.4787],[-20.8176,77.5283],[-20.8922,77.53],[-20.9263,77.5224],[-20.9193,77.5091],[-20.8983,77.5028],[-20.856,77.4977],[-20.8193,77.4875],[-20.5113,77.4545],[-20.2033,77.4215],[-20.1798,77.4156],[-20.168,77.4041],[-20.1823,77.3973],[-20.4654,77.3828],[-20.4918,77.3753],[-20.5023,77.3621],[-20.4734,77.3591],[-20.2301,77.3725],[-19.9789,77.3568],[-19.7277,77.3411],[-19.6491,77.3082],[-19.6278,77.3035],[-19.492,77.293],[-19.4645,77.2821],[-19.4517,77.2624],[-19.4437,77.2099],[-19.3976,77.2187],[-19.3815,77.2177],[-19.2746,77.1893],[-19.2528,77.1882],[-19.1767,77.1925],[-19.1243,77.1897],[-19.0929,77.1837],[-19.0763,77.1826],[-19.0627,77.1867],[-19.0841,77.2042],[-19.0964,77.2111],[-19.1087,77.2155],[-19.1081,77.2222],[-19.105,77.2258],[-19.1009,77.2287],[-19.0974,77.2338],[-19.0956,77.2401],[-19.0917,77.2744],[-19.0843,77.3032],[-19.0825,77.3184],[-19.0363,77.3201],[-18.8338,77.2914],[-18.6232,77.2943],[-18.5646,77.2883],[-18.5361,77.281],[-18.5092,77.2694],[-18.4618,77.2407],[-18.4444,77.2337],[-18.362,77.2212],[-18.3245,77.2085],[-18.2965,77.1791],[-18.2683,77.1276],[-18.2588,77.1002],[-18.2582,77.0725],[-18.2702,77.0145],[-18.2703,76.9942],[-18.2586,76.947],[-18.2592,76.9322],[-18.2659,76.9206],[-18.3002,76.8934],[-18.3124,76.8795],[-18.3337,76.8496],[-18.3459,76.8359],[-18.3803,76.8194],[-18.459,76.8088],[-18.4892,76.785],[-18.494,76.7734],[-18.4973,76.7604],[-18.5022,76.7487],[-18.5112,76.7409],[-18.5285,76.7407],[-18.5491,76.7484],[-18.5854,76.7667],[-18.6128,76.7764],[-18.626,76.7761],[-18.6361,76.7673],[-18.6389,76.7528],[-18.6366,76.7346],[-18.6284,76.7016],[-18.6805,76.7236],[-18.7294,76.7514],[-18.7562,76.7606],[-18.8107,76.7651],[-18.837,76.7744],[-18.8581,76.7851],[-18.8787,76.7917],[-18.9707,76.8059],[-18.9855,76.8103],[-19.0324,76.8328],[-19.0627,76.8379],[-19.3913,76.8314],[-19.4453,76.8395],[-19.4629,76.8459],[-19.5099,76.8753],[-19.5216,76.8779],[-19.5829,76.8727],[-19.6479,76.8777],[-19.8951,76.9254],[-20.2236,76.9311],[-20.2414,76.9291],[-20.2773,76.9211],[-20.3176,76.9168],[-20.5134,76.9457],[-20.5912,76.941],[-20.5824,76.9293],[-20.5831,76.9208],[-20.5913,76.9149],[-20.7467,76.8877],[-20.7562,76.8845],[-20.7796,76.8733],[-20.7917,76.8701],[-20.805,76.871],[-20.88,76.887],[-21.0362,76.9024],[-21.3509,76.8872],[-21.5043,76.9035],[-21.7301,76.8908],[-21.7129,76.8776],[-21.6815,76.874],[-21.5881,76.8752],[-21.4357,76.8591],[-21.0692,76.8736],[-21.0106,76.8691],[-20.925,76.8454],[-20.894,76.8424],[-20.8052,76.8508],[-20.7773,76.8424],[-20.9443,76.827],[-21.043,76.794],[-21.0675,76.789],[-21.0932,76.7872],[-21.1086,76.7895],[-21.1395,76.7993],[-21.1769,76.8026],[-21.1843,76.8048],[-21.1814,76.8083],[-21.2504,76.8115],[-21.2857,76.808],[-21.3123,76.7939],[-21.2849,76.786],[-21.2219,76.7891],[-21.1949,76.7803],[-21.301,76.7663],[-21.3185,76.7564],[-21.3299,76.7464],[-21.4963,76.6952],[-21.668,76.6841],[-21.6348,76.6689],[-21.5997,76.6574],[-21.6236,76.6464],[-21.6611,76.6457],[-21.7301,76.6574],[-21.8194,76.695],[-21.8288,76.7015],[-21.8448,76.7178],[-21.8535,76.7251],[-21.8918,76.7418],[-21.9263,76.7642],[-21.9506,76.7744],[-22.0682,76.7966],[-22.0946,76.8048],[-22.1533,76.8444],[-22.1728,76.8517],[-22.1962,76.8567],[-22.2659,76.8594],[-22.4699,76.8356],[-22.4699,76.8288],[-22.4325,76.8273],[-22.3964,76.82],[-22.3826,76.8126],[-22.3812,76.8066],[-22.3837,76.8007],[-22.3812,76.7939],[-22.3638,76.7825],[-22.3234,76.7653],[-22.306,76.7531],[-22.358,76.7408],[-22.5322,76.7531],[-22.6456,76.7458],[-22.702,76.7297],[-22.7442,76.6984],[-22.7224,76.6823],[-22.6935,76.6717],[-22.6626,76.666],[-22.515,76.6657],[-22.4873,76.654],[-22.4774,76.6484],[-22.4664,76.644],[-22.4637,76.639],[-22.4787,76.6319],[-22.5124,76.6216],[-22.5183,76.6164],[-22.5091,76.6037],[-22.4566,76.5817],[-22.4364,76.5681],[-22.4425,76.557],[-22.4326,76.5502],[-22.3998,76.5425],[-22.333,76.5172],[-22.3229,76.515],[-22.307,76.5142],[-22.2921,76.5157],[-22.2843,76.5202],[-22.2852,76.5281],[-22.2917,76.5329],[-22.2999,76.5364],[-22.3241,76.5526],[-22.3265,76.5596],[-22.3122,76.5681],[-22.3215,76.5706],[-22.3293,76.5747],[-22.3354,76.5806],[-22.3395,76.5886],[-22.3025,76.5941],[-22.266,76.6042],[-22.2167,76.6301],[-22.186,76.6399],[-22.145,76.6458],[-22.1022,76.6455],[-22.0658,76.6369],[-22.0856,76.631],[-22.0931,76.6301],[-22.0681,76.6161],[-21.9355,76.6227],[-21.8672,76.6105],[-21.8052,76.5886],[-21.8319,76.5768],[-21.9643,76.5661],[-22.004,76.557],[-22.0863,76.555],[-22.0526,76.542],[-22.0036,76.531],[-21.9582,76.5302],[-21.9355,76.5476],[-21.8821,76.5654],[-21.8109,76.5613],[-21.6748,76.5271],[-22.0118,76.4823],[-22.0385,76.4656],[-21.8317,76.4762],[-21.7589,76.4954],[-21.7229,76.4997],[-21.6811,76.4906],[-21.6999,76.4702],[-21.7475,76.449],[-21.7921,76.4377],[-22.1453,76.4385],[-22.2283,76.4494],[-22.2645,76.4622],[-22.3041,76.4831],[-22.347,76.4997],[-22.4364,76.4997],[-22.4169,76.489],[-22.3533,76.4656],[-22.3829,76.4499],[-22.4237,76.4465],[-22.504,76.4514],[-22.4122,76.4254],[-22.3812,76.4235],[-22.2808,76.4346],[-22.1903,76.4114],[-21.9018,76.4283],[-21.6134,76.4451],[-21.5854,76.4431],[-21.5775,76.4371],[-21.5858,76.4283],[-21.6065,76.4172],[-21.5713,76.3973],[-21.5673,76.3847],[-21.6202,76.3558],[-21.6438,76.3365],[-21.6579,76.3152],[-21.6686,76.2935],[-21.6822,76.2733],[-21.6966,76.2611],[-21.7045,76.2556],[-21.6999,76.2517],[-21.6521,76.2377],[-21.5463,76.2239],[-21.4461,76.244],[-21.4079,76.2459],[-21.4079,76.2534],[-21.42,76.2532],[-21.4557,76.2596],[-21.4375,76.2813],[-21.4001,76.2928],[-21.358,76.2945],[-21.3259,76.2869],[-21.3454,76.2812],[-21.4079,76.2733],[-21.358,76.2633],[-21.1205,76.2846],[-21.0876,76.2783],[-20.9191,76.2219],[-20.7969,76.2102],[-20.7707,76.2016],[-20.6988,76.1679],[-20.6745,76.164],[-20.6139,76.1644],[-20.5839,76.1603],[-20.5582,76.1497],[-20.5849,76.1418],[-20.6749,76.1361],[-20.6551,76.1241],[-20.4858,76.1435],[-20.4374,76.1362],[-20.421,76.1361],[-20.421,76.1435],[-20.4559,76.145],[-20.5582,76.1708],[-20.6366,76.1777],[-20.6489,76.1809],[-20.6688,76.195],[-20.6782,76.1981],[-20.8717,76.2309],[-20.8871,76.2391],[-20.8932,76.2451],[-20.9,76.2552],[-20.9083,76.2645],[-20.9844,76.2561],[-21.0106,76.2596],[-21.0627,76.2885],[-21.0857,76.2943],[-21.063,76.3111],[-21.0244,76.3173],[-20.8944,76.3079],[-20.6907,76.2581],[-20.5866,76.2466],[-20.4891,76.2236],[-20.3063,76.2278],[-20.2292,76.2459],[-19.9377,76.258],[-19.8472,76.2449],[-19.7631,76.205],[-19.6981,76.1437],[-19.6706,76.1361],[-19.6724,76.1273],[-19.7214,76.0753],[-19.7193,76.0715],[-19.7152,76.0616],[-19.7545,76.0573],[-19.8275,76.0651],[-19.9965,76.0631],[-20.2694,75.9923],[-20.7014,75.9901],[-21.1333,75.9878],[-21.5653,75.9855],[-21.6134,75.9752],[-21.6549,75.9716],[-21.7027,75.9742],[-21.8055,75.9929],[-21.839,76.0046],[-21.8973,76.0421],[-21.9239,76.0482],[-21.9559,76.0405],[-21.9523,76.0336],[-21.9502,76.0284],[-21.9474,76.0243],[-21.9417,76.0207],[-21.9738,76.0013],[-21.9839,75.9927],[-21.9678,75.9882],[-21.9082,75.9858],[-21.915,75.9858],[-21.9034,75.9831],[-21.8949,75.9771],[-21.8878,75.9704],[-21.8808,75.9654],[-21.8634,75.9599],[-21.8448,75.9578],[-21.5725,75.9616],[-21.3001,75.9654],[-20.9371,75.9639],[-20.5741,75.9624],[-20.4932,75.9501],[-20.4447,75.948],[-20.3323,75.9238],[-19.935,75.934],[-19.7494,75.889],[-19.642,75.8283],[-19.63,75.8179],[-19.5701,75.779],[-19.4971,75.7573],[-19.3453,75.7326],[-19.3727,75.7246],[-19.4818,75.7388],[-19.5487,75.7358],[-19.5759,75.7259],[-19.5651,75.7047],[-19.6123,75.6842],[-19.5948,75.6684],[-19.503,75.6433],[-19.5209,75.6259],[-19.5017,75.6107],[-19.4416,75.5886],[-19.4179,75.5757],[-19.3962,75.56],[-19.3815,75.5413],[-19.3788,75.5197],[-19.3741,75.5117],[-19.3724,75.5007],[-19.3727,75.475],[-19.3691,75.4619],[-19.3518,75.4368],[-19.3453,75.4241],[-19.3419,75.4113],[-19.3419,75.4028],[-19.3463,75.3953],[-19.3559,75.3859],[-19.3638,75.374],[-19.3675,75.3474],[-19.3658,75.3342],[-19.3869,75.2785],[-19.4023,75.2525],[-19.4272,75.2255],[-19.4639,75.1984],[-19.4856,75.1877],[-19.5301,75.1769],[-19.5738,75.1487],[-19.5886,75.1423],[-19.8798,75.1498],[-19.9083,75.1566],[-19.9643,75.1785],[-20.0026,75.1858],[-20.0026,75.1918],[-20.0004,75.1989],[-20.0033,75.205],[-20.0159,75.2101],[-20.0285,75.2126],[-20.0405,75.2165],[-20.051,75.2255],[-20.0234,75.2324],[-20.0177,75.2397],[-20.0211,75.2474],[-20.02,75.2559],[-20.0064,75.2657],[-19.9868,75.2729],[-19.948,75.2795],[-19.9672,75.2924],[-19.9917,75.3012],[-20.0643,75.3108],[-20.1402,75.3361],[-20.1687,75.3411],[-20.307,75.3362],[-20.4039,75.3127],[-20.6678,75.2932],[-20.7137,75.2995],[-20.8528,75.3466],[-21.025,75.3688],[-21.1615,75.4049],[-21.1999,75.4216],[-21.2161,75.4548],[-21.2369,75.4775],[-21.2847,75.4954],[-21.6691,75.5927],[-21.9661,75.6311],[-22.2631,75.6695],[-22.2812,75.66],[-22.2771,75.6522],[-22.2591,75.6446],[-21.9257,75.5837],[-21.5924,75.5229],[-21.4079,75.4583],[-21.4433,75.4496],[-21.9213,75.4826],[-22.3993,75.5156],[-22.4613,75.5346],[-22.4699,75.5402],[-22.4693,75.5431],[-22.4675,75.5481],[-22.4685,75.5543],[-22.4767,75.5607],[-22.4924,75.5595],[-22.5046,75.5513],[-22.5065,75.5395],[-22.4978,75.5272],[-22.4614,75.5095],[-22.1173,75.4836],[-21.7733,75.4577],[-21.4292,75.4318],[-21.401,75.4241],[-21.3857,75.4155],[-21.3527,75.3825],[-21.3139,75.3637],[-20.9779,75.315],[-20.9465,75.2969],[-20.8871,75.2795],[-20.8495,75.2567],[-20.8334,75.2506],[-20.6513,75.2248],[-20.5599,75.1973],[-20.5172,75.1423],[-20.6905,75.1255],[-20.997,75.1423],[-21.0731,75.1252],[-21.182,75.1219],[-21.5791,75.0044],[-21.7607,74.9853],[-21.7699,74.9871],[-21.8052,74.999],[-21.8376,75.0056],[-21.847,75.0092],[-21.8584,75.0156],[-21.8644,75.0213],[-21.8669,75.0295],[-21.8672,75.0434],[-21.8852,75.067],[-21.9269,75.0828],[-22.3468,75.1685],[-22.4364,75.1702],[-22.4103,75.1546],[-22.3428,75.1464],[-22.28,75.1291],[-22.144,75.1081],[-21.9417,75.0542],[-21.9532,75.0369],[-21.9736,75.0283],[-22.0181,75.0189],[-21.9984,75.0124],[-21.9286,75.0058],[-21.9154,75.0021],[-21.8672,74.9785],[-21.7691,74.9602],[-21.668,74.958],[-21.5094,74.9802],[-21.116,75.0909],[-21.0311,75.0877],[-20.9359,75.0712],[-20.8387,75.0673],[-20.7314,75.0763],[-20.6766,75.0744],[-20.6264,75.0604],[-20.6307,75.0592],[-20.6407,75.0542],[-20.6418,75.0237],[-20.714,74.9802],[-20.7196,74.9614],[-20.6964,74.9398],[-20.6866,74.928],[-20.6817,74.9171],[-20.6822,74.8982],[-20.6902,74.8874],[-20.7226,74.872],[-20.7518,74.8646],[-20.7623,74.8572],[-20.7642,74.8407],[-20.7582,74.8313],[-20.746,74.8214],[-20.7233,74.8072],[-20.6527,74.7744],[-20.6167,74.7525],[-20.6097,74.7348],[-20.6243,74.7275],[-20.6626,74.7178],[-20.6903,74.7006],[-20.7919,74.666],[-21.0976,74.6732],[-21.1199,74.6669],[-21.0958,74.6543],[-21.041,74.647],[-20.7008,74.6478],[-20.6747,74.6512],[-20.6424,74.6654],[-20.5914,74.6696],[-20.5211,74.6843],[-20.3494,74.6706],[-20.2023,74.6795],[-20.1547,74.6768],[-20.0715,74.6632],[-20.0554,74.6575],[-20.0245,74.6396],[-20.0135,74.6359],[-20.0069,74.6343],[-19.9813,74.624],[-19.9706,74.6229],[-19.935,74.6291],[-19.8918,74.6271],[-19.869,74.6217],[-19.8407,74.5939],[-19.798,74.5871],[-19.7184,74.5875],[-19.707,74.591],[-19.6426,74.6221],[-19.5716,74.643],[-19.5312,74.6492],[-19.4477,74.6837],[-19.4028,74.6894],[-19.3555,74.6845],[-19.3099,74.6705],[-19.2696,74.6489],[-19.3095,74.6142],[-19.3122,74.5978],[-19.2908,74.5812],[-19.3132,74.5723],[-19.3863,74.5607],[-19.3566,74.5556],[-19.317,74.5602],[-19.2814,74.5597],[-19.2634,74.539],[-19.2687,74.5379],[-19.2788,74.534],[-19.2838,74.5328],[-19.2688,74.5226],[-19.2516,74.5196],[-19.215,74.5198],[-19.1222,74.5056],[-19.0446,74.5048],[-19.0075,74.4987],[-18.9748,74.4844],[-19.005,74.476],[-19.0453,74.4591],[-19.0777,74.4377],[-19.0846,74.4162],[-19.1031,74.4164],[-19.15,74.4114],[-19.1669,74.4062],[-19.178,74.3979],[-19.1758,74.3922],[-19.1689,74.3859],[-19.1666,74.3758],[-19.1731,74.3591],[-19.1846,74.3483],[-19.3492,74.2855],[-19.3609,74.2794],[-19.3658,74.2694],[-19.3744,74.2668],[-19.6265,74.2386],[-19.9136,74.2592],[-20.2007,74.2798],[-20.2224,74.2963],[-20.2206,74.3038],[-20.2169,74.3078],[-20.2141,74.3122],[-20.2149,74.3205],[-20.2179,74.3218],[-20.2318,74.3298],[-20.2361,74.3342],[-20.2381,74.345],[-20.2377,74.3655],[-20.2428,74.3758],[-20.2539,74.3843],[-20.2826,74.3979],[-20.3068,74.4152],[-20.3315,74.4258],[-20.3573,74.4453],[-20.3729,74.4484],[-20.3894,74.4469],[-20.4386,74.4371],[-20.4489,74.4372],[-20.4541,74.4406],[-20.4639,74.4533],[-20.4694,74.4571],[-20.4982,74.4596],[-20.5565,74.4514],[-20.5855,74.4509],[-20.656,74.4643],[-20.8292,74.4525],[-21.255,74.4742],[-21.4945,74.4598],[-21.5692,74.4465],[-21.6289,74.4468],[-21.8055,74.4789],[-21.8225,74.4881],[-21.829,74.4968],[-21.8417,74.5188],[-21.8501,74.5294],[-21.8759,74.5469],[-22.0465,74.6001],[-22.0818,74.603],[-22.1142,74.5942],[-22.0784,74.576],[-21.9389,74.5323],[-21.9327,74.5289],[-21.9253,74.5229],[-21.9141,74.5076],[-21.874,74.4748],[-21.8051,74.4476],[-21.785,74.444],[-21.7716,74.4387],[-21.7659,74.4269],[-21.7688,74.4153],[-21.7922,74.4061],[-21.8011,74.3974],[-21.8127,74.3826],[-21.8281,74.3749],[-21.9638,74.3349],[-22.0516,74.3205],[-22.2069,74.322],[-22.3021,74.3033],[-22.4364,74.3205],[-22.4604,74.3185],[-22.471,74.3137],[-22.465,74.3086],[-22.414,74.304],[-22.347,74.2864],[-22.1665,74.3001],[-22.0691,74.2943],[-22.0385,74.2517],[-22.0589,74.2319],[-22.0976,74.2143],[-22.1392,74.2018],[-22.1912,74.1938],[-22.2406,74.1798],[-22.2645,74.1766],[-22.3041,74.1756],[-22.3229,74.1717],[-22.3395,74.1629],[-22.3101,74.1567],[-22.2401,74.1693],[-22.2098,74.1697],[-22.1938,74.1628],[-22.1786,74.1516],[-22.1552,74.1287],[-22.176,74.1126],[-22.2294,74.1013],[-22.3334,74.094],[-22.4162,74.1018],[-22.4779,74.0878],[-22.4879,74.081],[-22.477,74.0707],[-22.4542,74.0645],[-22.3472,74.0574],[-22.2843,74.0394],[-22.1068,74.0257],[-22.1142,74.0257],[-22.0883,74.0251],[-22.0289,74.0133],[-21.9887,73.9987],[-21.9868,73.9942],[-21.9938,73.9866],[-22.0044,73.9704],[-21.9911,73.9678],[-21.9854,73.9614],[-21.9874,73.9528],[-21.9969,73.9432],[-21.9645,73.9299],[-21.8932,73.9167],[-21.8597,73.9022],[-21.8672,73.8954],[-21.8127,73.8476],[-21.8369,73.8226],[-21.8405,73.8172],[-21.839,73.8103],[-21.8331,73.7983],[-21.8331,73.7924],[-21.8375,73.7866],[-21.8498,73.779],[-21.8535,73.7725],[-21.8538,73.7611],[-21.8511,73.7476],[-21.8453,73.7363],[-21.8368,73.7315],[-21.8334,73.7266],[-21.8324,73.7154],[-21.8331,73.6937],[-21.8369,73.6829],[-21.8438,73.6746],[-21.8472,73.6664],[-21.8405,73.6557],[-21.8271,73.6517],[-21.8015,73.6633],[-21.7884,73.6592],[-21.7692,73.6564],[-21.7444,73.6681],[-21.7027,73.6967],[-21.711,73.7143],[-21.7241,73.7279],[-21.7573,73.7514],[-21.7527,73.7527],[-21.75,73.7544],[-21.7475,73.7564],[-21.7436,73.7589],[-21.7504,73.7635],[-21.7545,73.7703],[-21.7567,73.7789],[-21.7573,73.7893],[-21.7584,73.7936],[-21.7628,73.8017],[-21.7642,73.8066],[-21.7621,73.8108],[-21.7523,73.8189],[-21.7499,73.8237],[-21.7537,73.8319],[-21.7611,73.8399],[-21.7655,73.8485],[-21.7607,73.8581],[-21.7581,73.8664],[-21.7645,73.8742],[-21.7812,73.8854],[-21.7887,73.894],[-21.7947,73.9025],[-21.8017,73.91],[-21.8127,73.9158],[-21.8298,73.9182],[-21.8685,73.9189],[-21.8843,73.9264],[-21.8867,73.9357],[-21.8676,73.9501],[-21.8706,73.9609],[-21.8801,73.9681],[-21.891,73.9729],[-21.915,73.9779],[-21.9116,73.9821],[-21.9095,73.9857],[-21.9066,73.9889],[-21.9007,73.9922],[-21.9086,74.0158],[-21.8702,74.0342],[-21.7847,74.053],[-21.5901,74.0577],[-21.1393,73.9721],[-20.6886,73.8865],[-20.3658,73.8954],[-20.3192,73.8917],[-20.296,73.8861],[-20.2776,73.8755],[-20.272,73.8648],[-20.2704,73.8536],[-20.2655,73.8448],[-20.2497,73.8414],[-20.2585,73.832],[-20.2698,73.8279],[-20.2797,73.8227],[-20.2877,73.7979],[-20.2977,73.7906],[-20.3111,73.7871],[-20.4076,73.7834],[-20.4491,73.7753],[-20.483,73.7589],[-20.4712,73.7495],[-20.4576,73.7428],[-20.443,73.7387],[-20.4278,73.7377],[-20.4278,73.7315],[-20.4903,73.7345],[-20.5205,73.7289],[-20.5309,73.7104],[-20.5262,73.7034],[-20.4998,73.6868],[-20.4947,73.6809],[-20.483,73.6627],[-20.4757,73.6553],[-20.4696,73.6516],[-20.4652,73.6466],[-20.4626,73.6353],[-20.4667,73.6282],[-20.4761,73.6241],[-20.483,73.6195],[-20.4794,73.6112],[-20.4813,73.5977],[-20.5216,73.5714],[-20.5206,73.5565],[-20.4888,73.544],[-20.4113,73.5457],[-20.3837,73.536],[-20.3825,73.5179],[-20.4005,73.4965],[-20.4267,73.4774],[-20.4498,73.4658],[-20.5433,73.449],[-20.9121,73.4531],[-21.2809,73.4572],[-21.4537,73.4866],[-21.5432,73.4904],[-21.6202,73.4572],[-21.6096,73.4568],[-21.605,73.4558],[-21.5762,73.4401],[-21.5553,73.4244],[-21.5499,73.4086],[-21.5724,73.3951],[-21.5989,73.3915],[-21.6536,73.3922],[-21.704,73.3813],[-21.7778,73.3747],[-21.9634,73.3337],[-22.1068,73.279],[-22.2084,73.254],[-22.3141,73.2504],[-22.6354,73.29],[-22.9568,73.3295],[-23.0118,73.344],[-23.0958,73.3502],[-23.1142,73.3542],[-23.2235,73.4005],[-23.4499,73.4361],[-23.4864,73.4475],[-23.5498,73.4782],[-23.5871,73.4914],[-23.8202,73.5467],[-23.8956,73.5773],[-23.9173,73.583],[-23.9685,73.5886],[-23.9878,73.5974],[-23.9969,73.6069],[-24.0157,73.6316],[-24.0257,73.6518],[-24.0255,73.6872],[-24.0328,73.6967],[-24.0157,73.7189],[-23.983,73.7244],[-23.9161,73.7172],[-23.767,73.7231],[-23.6885,73.7103],[-23.5717,73.7165],[-23.5168,73.7107],[-23.4291,73.6884],[-23.3904,73.6719],[-23.3441,73.6582],[-23.1271,73.6323],[-22.8431,73.5608],[-22.6622,73.5487],[-22.6134,73.5626],[-22.4927,73.5724],[-22.3675,73.6074],[-22.175,73.6279],[-22.2089,73.6326],[-22.3282,73.6261],[-22.3749,73.6148],[-22.4364,73.6148],[-22.6097,73.5731],[-22.7995,73.5676],[-22.8666,73.5794],[-22.9388,73.6177],[-23.1399,73.6557],[-23.1688,73.6557],[-23.1626,73.6557],[-23.553,73.7357],[-23.8261,73.7377],[-23.8638,73.7441],[-23.8969,73.7552],[-24.0051,73.8123],[-24.0304,73.82],[-24.06,73.8203],[-24.1685,73.8026],[-24.2484,73.7804],[-24.2621,73.7787],[-24.3224,73.7836],[-24.3406,73.7787],[-24.3334,73.7529],[-24.3497,73.7425],[-24.3787,73.7375],[-24.4095,73.7278],[-24.4335,73.7116],[-24.4475,73.6957],[-24.4716,73.6557],[-24.3754,73.5596],[-24.3975,73.5464],[-24.4261,73.541],[-24.4569,73.5414],[-24.9415,73.6125],[-24.9848,73.6285],[-24.9952,73.6452],[-24.9777,73.6661],[-24.9687,73.6852],[-24.9738,73.7023],[-24.9986,73.7172],[-25.1782,73.7497],[-25.3446,73.8209],[-25.3588,73.8223],[-25.4101,73.8196],[-25.4206,73.8205],[-25.4303,73.8237],[-25.4347,73.8282],[-25.4379,73.8341],[-25.4415,73.8392],[-25.4476,73.8414],[-25.5054,73.9078],[-25.5187,73.9158],[-25.5426,73.923],[-25.6217,73.937],[-25.6725,73.9564],[-25.6907,73.9575],[-25.7039,73.9556],[-25.7209,73.9494],[-25.7349,73.9403],[-25.7391,73.9295],[-25.7263,73.9183],[-25.5901,73.8668],[-25.5634,73.8455],[-25.5746,73.8271],[-25.5509,73.8112],[-25.4585,73.7861],[-25.3867,73.7552],[-25.2935,73.7443],[-25.088,73.6967],[-25.0923,73.6901],[-25.0872,73.6729],[-25.088,73.6627],[-25.0993,73.6486],[-25.1102,73.6431],[-25.1116,73.6372],[-25.0941,73.6216],[-25.0566,73.6016],[-25.0074,73.5866],[-24.8512,73.567],[-24.8428,73.5649],[-24.8346,73.5555],[-24.692,73.5316],[-24.6796,73.5246],[-24.6867,73.5087],[-24.7017,73.4975],[-24.7191,73.4925],[-25.0057,73.483],[-25.2922,73.4735],[-25.4989,73.4025],[-25.48,73.3957],[-25.4408,73.402],[-25.4237,73.3951],[-25.4398,73.3839],[-25.4415,73.3716],[-25.4376,73.361],[-25.4368,73.3542],[-25.4526,73.3458],[-25.5709,73.327],[-25.7049,73.2722],[-25.7626,73.2598],[-25.8795,73.2553],[-25.9654,73.2419],[-26.1506,73.2409],[-26.1772,73.248],[-26.3249,73.3163],[-26.406,73.3395],[-26.4857,73.3473],[-26.5067,73.3437],[-26.5441,73.3293],[-26.5646,73.3262],[-26.6437,73.3251],[-26.8256,73.3427],[-27.1708,73.4456],[-27.2296,73.4882],[-27.2617,73.497],[-27.3324,73.4981],[-27.3472,73.4946],[-27.3975,73.4709],[-27.4338,73.4642],[-27.4501,73.4572],[-27.4591,73.4435],[-27.381,73.4474],[-27.3412,73.4431],[-27.2875,73.4107],[-27.1288,73.3542],[-26.9171,73.3262],[-26.9245,73.3262],[-26.9059,73.3244],[-26.8557,73.3063],[-26.8324,73.3039],[-26.7594,73.3063],[-26.4473,73.2803],[-26.4016,73.2635],[-26.397,73.238],[-26.4129,73.2329],[-26.5366,73.2277],[-26.5819,73.217],[-26.5975,73.2104],[-26.6078,73.2028],[-26.6136,73.193],[-26.6155,73.1794],[-26.6245,73.1749],[-26.6671,73.1596],[-26.7134,73.1347],[-26.7539,73.1353],[-26.8644,73.1515],[-26.9155,73.1664],[-26.9935,73.1743],[-27.0443,73.1862],[-27.0893,73.1904],[-27.1982,73.1822],[-27.2324,73.1896],[-27.3998,73.1625],[-27.6042,73.1666],[-27.6711,73.1592],[-27.7259,73.1344],[-27.6756,73.1226],[-27.4734,73.1333],[-27.4318,73.1269],[-27.4036,73.1107],[-27.4113,73.0798],[-27.4038,73.0729],[-27.4113,73.0661],[-27.3662,73.0128],[-27.3638,73.0035],[-27.3696,72.991],[-27.3817,72.9831],[-27.4385,72.9569],[-27.5074,72.9471],[-27.5279,72.9364],[-27.4831,72.9257],[-27.4414,72.9367],[-27.4008,72.9545],[-27.3276,72.9683],[-27.3175,72.9816],[-27.3218,73.0292],[-27.3189,73.0382],[-27.3121,73.048],[-27.2982,73.0631],[-27.2934,73.0742],[-27.2997,73.0825],[-27.3094,73.0895],[-27.3143,73.0972],[-27.2978,73.1142],[-27.2601,73.1272],[-27.1503,73.1475],[-26.7065,73.1021],[-26.6517,73.1032],[-26.6021,73.118],[-26.4925,73.1828],[-26.4445,73.1967],[-25.999,73.2026],[-25.8873,73.1909],[-25.7206,73.1381],[-25.3866,73.111],[-25.0526,73.0839],[-25.0469,73.0754],[-25.0454,73.0642],[-25.0395,73.0525],[-25.0286,73.0449],[-24.9843,73.0258],[-25.0065,72.9977],[-25.0394,72.9855],[-25.0749,72.977],[-25.1356,72.9398],[-25.1708,72.9298],[-25.2622,72.9189],[-25.2779,72.9138],[-25.2919,72.907],[-25.3039,72.8986],[-25.3207,72.893],[-25.6962,72.9027],[-25.7399,72.8963],[-25.7763,72.8781],[-25.8033,72.8603],[-25.8716,72.8309],[-25.9887,72.7968],[-26.0826,72.7824],[-26.1776,72.778],[-26.266,72.7856],[-26.6,72.8624],[-26.7828,72.8721],[-27.1027,72.826],[-27.1491,72.8258],[-27.2721,72.8591],[-27.3174,72.8632],[-27.3559,72.8607],[-27.3876,72.8464],[-27.3627,72.8332],[-27.1495,72.8042],[-27.1225,72.8123],[-27.1,72.8091],[-26.9444,72.8289],[-26.7003,72.8325],[-26.5277,72.7926],[-26.501,72.7936],[-26.4646,72.7893],[-26.397,72.7713],[-26.5404,72.7465],[-26.6695,72.7407],[-26.7098,72.7275],[-26.7614,72.7174],[-26.7806,72.7167],[-26.7197,72.7041],[-26.3495,72.7449],[-26.307,72.7304],[-26.324,72.7097],[-26.3622,72.6484],[-26.3881,72.6274],[-26.453,72.6],[-26.4796,72.5795],[-26.469,72.577],[-26.4376,72.5795],[-26.4059,72.5868],[-26.2331,72.6909],[-26.2083,72.7133],[-26.1776,72.7259],[-26.0929,72.7157],[-25.8826,72.741],[-25.8485,72.7573],[-25.7097,72.7945],[-25.6518,72.8198],[-25.6094,72.8315],[-25.5228,72.8402],[-25.4764,72.8337],[-25.3879,72.8051],[-25.3415,72.7986],[-25.2562,72.8112],[-25.2313,72.8061],[-25.2247,72.7991],[-25.2128,72.7785],[-25.204,72.7713],[-25.2019,72.7654],[-25.1866,72.7594],[-25.1494,72.752],[-25.0675,72.752],[-25.0514,72.7486],[-25.0179,72.7338],[-24.9989,72.7304],[-24.8484,72.7241],[-24.8336,72.7204],[-24.7931,72.703],[-24.7168,72.6864],[-24.6969,72.6757],[-24.7325,72.6573],[-24.7427,72.6466],[-24.7347,72.6313],[-24.724,72.6215],[-24.7153,72.6114],[-24.7139,72.6019],[-24.7242,72.5938],[-24.7242,72.587],[-24.7084,72.5877],[-24.6921,72.5849],[-24.6768,72.5797],[-24.6634,72.5733],[-24.6756,72.5604],[-24.682,72.5555],[-24.6901,72.5522],[-24.6683,72.5446],[-24.6238,72.5562],[-24.6013,72.5522],[-24.6102,72.5327],[-24.6262,72.526],[-24.647,72.524],[-24.7025,72.5075],[-24.7714,72.4979],[-24.8874,72.4685],[-25.1323,72.4362],[-25.521,72.4293],[-25.9097,72.4225],[-25.9097,72.4157],[-25.8775,72.4079],[-25.7349,72.3918],[-25.4236,72.4056],[-25.3455,72.3955],[-25.3139,72.3952],[-25.2889,72.3906],[-25.3008,72.3739],[-25.43,72.2748],[-25.4591,72.2607],[-25.4885,72.2387],[-25.4958,72.2307],[-25.4989,72.2202],[-25.4955,72.204],[-25.4869,72.1889],[-25.4648,72.1624],[-25.4781,72.1514],[-25.5104,72.1374],[-25.5262,72.1276],[-25.5073,72.1238],[-25.4834,72.1248],[-25.4585,72.1291],[-25.4157,72.1413],[-25.4028,72.1486],[-25.3968,72.1591],[-25.3958,72.1754],[-25.3996,72.1874],[-25.4057,72.194],[-25.4087,72.2018],[-25.4032,72.217],[-25.3914,72.2287],[-25.3768,72.2381],[-25.3685,72.2488],[-25.3754,72.2642],[-25.3436,72.2849],[-25.2633,72.319],[-25.2081,72.3564],[-25.181,72.3654],[-25.0447,72.3829],[-25.0197,72.3815],[-25.0105,72.3882],[-24.9235,72.402],[-24.8523,72.432],[-24.8279,72.4362],[-24.8057,72.4317],[-24.7631,72.4125],[-24.7382,72.4082],[-24.7248,72.4101],[-24.6833,72.4225],[-24.6689,72.4224],[-24.6287,72.4157],[-24.5464,72.4234],[-24.5188,72.4157],[-24.4505,72.3707],[-24.342,72.3317],[-24.2779,72.3192],[-24.2376,72.3263],[-24.2456,72.3288],[-24.2655,72.3405],[-24.2338,72.3367],[-24.0748,72.2778],[-24.0458,72.2717],[-23.9432,72.271],[-23.9305,72.2689],[-23.9005,72.2592],[-23.8689,72.2559],[-23.8391,72.258],[-23.8166,72.2536],[-23.8068,72.2307],[-23.8226,72.2272],[-23.8434,72.227],[-23.8628,72.2303],[-23.8745,72.2369],[-23.8814,72.2326],[-23.8875,72.2305],[-23.895,72.2307],[-23.8843,72.2213],[-23.8718,72.2174],[-23.7944,72.217],[-23.776,72.2226],[-23.7795,72.2369],[-23.7612,72.2445],[-23.7445,72.2368],[-23.7282,72.2243],[-23.7107,72.217],[-23.7148,72.2072],[-23.7175,72.2034],[-23.7113,72.182],[-23.8091,72.1348],[-23.8205,72.114],[-23.8075,72.1107],[-23.7897,72.1127],[-23.7584,72.1208],[-23.6917,72.1484],[-23.6566,72.155],[-23.6203,72.1564],[-23.594,72.1518],[-23.5779,72.1472],[-23.1084,72.0668],[-23.0868,72.0588],[-23.1058,72.0407],[-23.1354,72.0317],[-23.1681,72.026],[-23.1967,72.0178],[-23.1428,72.0007],[-23.1143,71.9958],[-23.0872,72.001],[-23.0597,72.0112],[-23.0336,72.0143],[-23.0057,72.0111],[-22.9327,71.9927],[-22.6814,71.9583],[-22.6185,71.936],[-22.5544,71.9249],[-22.5251,71.9154],[-22.5161,71.9092],[-22.5034,71.9008],[-22.5034,71.8895],[-22.5192,71.8808],[-22.5449,71.8745],[-22.6653,71.8611],[-22.7287,71.8452],[-22.7368,71.8198],[-22.7833,71.7914],[-22.962,71.749],[-23.06,71.7121],[-23.1078,71.6858],[-23.1353,71.6553],[-23.1278,71.6479],[-23.1232,71.6319],[-23.0867,71.6304],[-23.0117,71.6411],[-22.9909,71.6471],[-22.9492,71.6647],[-22.9122,71.6727],[-22.8817,71.692],[-22.8674,71.6963],[-22.828,71.701],[-22.5726,71.7677],[-22.5319,71.7714],[-22.4539,71.7938],[-22.4158,71.7965],[-22.4084,71.7714],[-22.4271,71.7532],[-22.4618,71.7355],[-22.4989,71.7221],[-22.5336,71.7142],[-22.5451,71.7014],[-22.5525,71.6963],[-22.5622,71.6937],[-22.5833,71.6907],[-22.6439,71.6754],[-22.6549,71.6684],[-22.6555,71.6506],[-22.6325,71.6105],[-22.6381,71.5898],[-22.6344,71.5814],[-22.617,71.5742],[-22.5955,71.5741],[-22.5797,71.5864],[-22.5775,71.5974],[-22.5815,71.6043],[-22.5898,71.6075],[-22.6002,71.6069],[-22.6002,71.6131],[-22.5762,71.6155],[-22.5509,71.6211],[-22.5043,71.6379],[-22.479,71.6411],[-22.4224,71.6265],[-22.3942,71.6274],[-22.3959,71.6312],[-22.3967,71.6342],[-22.3982,71.6372],[-22.4016,71.6411],[-22.3842,71.6581],[-22.3423,71.6704],[-22.3197,71.682],[-22.3051,71.6972],[-22.306,71.7062],[-22.3104,71.715],[-22.306,71.7298],[-22.2943,71.7351],[-22.2144,71.7565],[-22.1868,71.7602],[-22.1604,71.7573],[-22.141,71.7435],[-22.1605,71.7224],[-22.1392,71.7164],[-21.8945,71.7435],[-21.9044,71.7355],[-21.915,71.73],[-21.9417,71.723],[-21.9468,71.711],[-21.9711,71.7051],[-22.0249,71.7031],[-21.9901,71.6888],[-22.0129,71.6747],[-22.0788,71.6707],[-22.1905,71.6486],[-22.2167,71.6348],[-22.1552,71.6206],[-22.1125,71.6193],[-22.1,71.6131],[-22.1483,71.5902],[-22.2761,71.5962],[-22.3319,71.5915],[-22.3544,71.5866],[-22.4254,71.5864],[-22.4479,71.581],[-22.4899,71.5577],[-22.5074,71.5522],[-22.5084,71.5443],[-22.5313,71.497],[-22.5353,71.4848],[-22.5358,71.4747],[-22.5314,71.4645],[-22.4993,71.4259],[-22.4932,71.4123],[-22.4903,71.394],[-22.4928,71.3862],[-22.4983,71.3824],[-22.5016,71.3778],[-22.4978,71.3673],[-22.4901,71.3597],[-22.4631,71.3468],[-22.4494,71.3393],[-22.4625,71.3256],[-22.4676,71.3183],[-22.4699,71.2984],[-22.4659,71.2988],[-22.4591,71.2939],[-22.4552,71.2877],[-22.4599,71.2847],[-22.4654,71.2824],[-22.4698,71.2767],[-22.4767,71.2643],[-22.4386,71.2569],[-22.3933,71.2568],[-22.3554,71.2698],[-22.3395,71.3018],[-22.3336,71.3199],[-22.334,71.3292],[-22.3433,71.3332],[-22.358,71.3362],[-22.3599,71.3435],[-22.3533,71.3571],[-22.306,71.4151],[-22.286,71.4309],[-22.1324,71.4909],[-22.1068,71.497],[-22.056,71.4969],[-22.0044,71.4902],[-21.9831,71.4819],[-21.9619,71.4703],[-21.9413,71.4635],[-21.9218,71.4697],[-21.9282,71.4787],[-21.9357,71.4866],[-21.9447,71.4927],[-21.9559,71.497],[-21.9014,71.4901],[-21.8815,71.4932],[-21.8945,71.5175],[-21.8699,71.5142],[-21.8417,71.4909],[-21.8188,71.4902],[-21.8107,71.4962],[-21.8058,71.5056],[-21.7988,71.5141],[-21.7847,71.5175],[-21.7742,71.5146],[-21.7646,71.508],[-21.7565,71.4993],[-21.7499,71.4902],[-21.7781,71.476],[-21.8446,71.4617],[-21.874,71.4486],[-21.8366,71.441],[-21.7556,71.4492],[-21.7157,71.4424],[-21.7378,71.4348],[-21.796,71.4277],[-21.8188,71.4288],[-21.8188,71.4213],[-21.6957,71.4165],[-21.668,71.4014],[-21.6923,71.3985],[-21.7399,71.3837],[-21.8136,71.376],[-21.8386,71.3698],[-21.8535,71.3605],[-21.8562,71.3486],[-21.8457,71.3463],[-21.8287,71.3502],[-21.812,71.3571],[-21.7904,71.3627],[-21.7157,71.3605],[-21.7303,71.353],[-21.7612,71.3449],[-21.7837,71.3301],[-21.7954,71.3251],[-21.8188,71.3189],[-21.7956,71.3195],[-21.7301,71.3332],[-21.6065,71.3332],[-21.6065,71.3258],[-21.9634,71.2705],[-21.9454,71.2643],[-21.9059,71.2624],[-21.8877,71.2575],[-21.8877,71.2506],[-21.8953,71.2494],[-21.915,71.2438],[-21.8895,71.237],[-21.8624,71.2404],[-21.8367,71.2514],[-21.8157,71.2674],[-21.7965,71.2711],[-21.7668,71.2651],[-21.7385,71.2545],[-21.7232,71.2438],[-21.743,71.2381],[-21.7499,71.237],[-21.7499,71.2295],[-21.7257,71.2287],[-21.7031,71.2187],[-21.6611,71.1885],[-21.6789,71.1741],[-21.6937,71.1525],[-21.7128,71.1379],[-21.7436,71.1442],[-21.7865,71.1802],[-21.8109,71.1936],[-21.8467,71.1954],[-21.8373,71.182],[-21.8252,71.1694],[-21.8204,71.1579],[-21.8331,71.1476],[-21.8022,71.1461],[-21.7157,71.1197],[-21.751,71.1103],[-22.1208,71.0767],[-22.1615,71.0677],[-22.3334,71.0595],[-22.2961,71.0416],[-21.9699,71.0657],[-21.8863,71.0569],[-21.8672,71.0657],[-21.874,71.0725],[-21.8489,71.0747],[-21.8055,71.084],[-21.785,71.0861],[-21.7265,71.0848],[-21.6968,71.0789],[-21.6748,71.0657],[-21.6785,71.0561],[-21.681,71.0432],[-21.6771,71.0312],[-21.6611,71.0241],[-21.6778,71.0174],[-21.7436,71.0042],[-21.7724,70.998],[-21.8331,70.9953],[-21.8882,70.9791],[-21.9901,70.9763],[-21.9901,70.9688],[-21.915,70.9626],[-21.7239,70.9927],[-21.6953,70.9831],[-21.7667,70.9608],[-21.7987,70.9447],[-21.7921,70.9279],[-21.7318,70.9553],[-21.6973,70.9626],[-21.668,70.9558],[-21.7027,70.9421],[-21.6671,70.938],[-21.6002,70.9648],[-21.5724,70.9558],[-21.6122,70.9294],[-21.7148,70.8906],[-21.7573,70.8664],[-21.7471,70.8587],[-21.7176,70.8427],[-21.7062,70.8397],[-21.7004,70.8364],[-21.7069,70.8293],[-21.7232,70.818],[-21.7355,70.8044],[-21.7443,70.8003],[-21.8269,70.7989],[-21.8461,70.8017],[-21.8873,70.8133],[-21.9007,70.8124],[-21.9044,70.8133],[-21.911,70.8137],[-21.9286,70.8124],[-21.9128,70.7963],[-21.8824,70.7853],[-21.8487,70.779],[-21.8228,70.777],[-21.7833,70.7787],[-21.6658,70.8022],[-21.6516,70.8027],[-21.6392,70.8006],[-21.6338,70.7951],[-21.6359,70.7795],[-21.6422,70.7742],[-21.668,70.7708],[-21.7177,70.7527],[-21.7335,70.7504],[-21.7677,70.751],[-21.7826,70.747],[-21.7921,70.736],[-21.7686,70.7372],[-21.7455,70.7418],[-21.7234,70.7434],[-21.7027,70.736],[-21.6662,70.7473],[-21.6177,70.7436],[-21.5725,70.7294],[-21.5457,70.7094],[-21.7642,70.7094],[-21.7642,70.7026],[-21.7435,70.6968],[-21.6304,70.6914],[-21.6044,70.685],[-21.5792,70.6746],[-21.5959,70.6684],[-21.6151,70.6666],[-21.6543,70.6678],[-21.6491,70.6584],[-21.6406,70.6516],[-21.6202,70.6405],[-21.6457,70.6337],[-21.7573,70.6337],[-21.7491,70.6291],[-21.7444,70.6247],[-21.7374,70.6132],[-21.7628,70.6051],[-21.7711,70.5901],[-21.7609,70.5781],[-21.7301,70.579],[-21.6788,70.5963],[-21.6532,70.5993],[-21.6202,70.5927],[-21.6202,70.5853],[-21.6748,70.5716],[-21.651,70.5635],[-21.5655,70.5585],[-21.5504,70.5467],[-21.5399,70.5429],[-21.5163,70.5531],[-21.5018,70.5531],[-21.4874,70.5499],[-21.4768,70.5449],[-21.5382,70.4971],[-21.5573,70.4868],[-21.6005,70.4702],[-21.6375,70.4453],[-21.6637,70.4355],[-21.6915,70.43],[-21.7517,70.4269],[-21.7642,70.4282],[-21.7886,70.4355],[-21.7931,70.4404],[-21.8407,70.4324],[-21.9401,70.3903],[-21.9904,70.3974],[-21.9998,70.4114],[-21.9884,70.4261],[-21.9559,70.4487],[-21.9444,70.4628],[-21.9437,70.4704],[-21.9526,70.4757],[-22.0229,70.4995],[-22.0763,70.5019],[-22.1295,70.4932],[-22.2842,70.4463],[-22.3414,70.4389],[-22.3812,70.4487],[-22.402,70.4653],[-22.4159,70.4973],[-22.4177,70.5341],[-22.4084,70.5654],[-22.4159,70.5716],[-22.4084,70.579],[-22.4399,70.6392],[-22.4484,70.6462],[-22.4665,70.6575],[-22.4725,70.6651],[-22.473,70.6702],[-22.4712,70.676],[-22.465,70.7116],[-22.4447,70.7689],[-22.4425,70.7845],[-22.4364,70.7939],[-22.4292,70.8112],[-22.4253,70.8305],[-22.4289,70.8459],[-22.4486,70.8546],[-22.4792,70.8554],[-22.5102,70.8515],[-22.5313,70.8459],[-22.5729,70.8254],[-22.5784,70.8185],[-22.5823,70.8053],[-22.586,70.7988],[-22.6012,70.7817],[-22.6081,70.77],[-22.604,70.7589],[-22.586,70.7436],[-22.6007,70.736],[-22.6486,70.723],[-22.6412,70.7156],[-22.648,70.7071],[-22.6483,70.7017],[-22.6443,70.6973],[-22.6381,70.692],[-22.6347,70.6841],[-22.6389,70.6776],[-22.6453,70.6714],[-22.6486,70.6644],[-22.6411,70.6502],[-22.6236,70.6393],[-22.5898,70.6231],[-22.5814,70.6134],[-22.5736,70.5998],[-22.5682,70.5849],[-22.5661,70.5716],[-22.5697,70.5577],[-22.5769,70.5478],[-22.582,70.5377],[-22.5797,70.5238],[-22.5878,70.5098],[-22.6004,70.4755],[-22.6107,70.4595],[-22.6326,70.4455],[-22.6609,70.4385],[-23.0172,70.4404],[-23.0972,70.4263],[-23.3454,70.4406],[-23.6827,70.5449],[-23.7464,70.5532],[-23.8094,70.569],[-23.9298,70.6132],[-24.0209,70.6588],[-24.0663,70.6897],[-24.0806,70.7156],[-24.0858,70.7151],[-24.0926,70.7179],[-24.0985,70.7239],[-24.1011,70.733],[-24.1124,70.7518],[-24.1657,70.7875],[-24.183,70.805],[-24.2075,70.8613],[-24.215,70.8983],[-24.2227,70.9145],[-24.2279,70.9316],[-24.224,70.9558],[-24.1993,70.9958],[-24.1956,71.0123],[-24.2109,71.0278],[-24.2219,71.0358],[-24.2277,71.0435],[-24.2318,71.0513],[-24.2376,71.0595],[-24.2649,71.0814],[-24.4275,71.164],[-24.5083,71.1903],[-24.5697,71.2177],[-24.5833,71.2283],[-24.5853,71.2424],[-24.5734,71.2643],[-24.6006,71.2701],[-24.6372,71.2692],[-24.6694,71.272],[-24.6833,71.2885],[-24.6738,71.3009],[-24.615,71.3393],[-24.638,71.3618],[-24.672,71.357],[-24.7101,71.3419],[-24.745,71.3332],[-24.7999,71.3332],[-24.8087,71.3306],[-24.8204,71.3178],[-24.8279,71.3127],[-24.8477,71.3073],[-24.8698,71.3049],[-24.8915,71.3064],[-24.9098,71.3127],[-24.9119,71.3173],[-24.9277,71.319],[-24.9645,71.3189],[-24.982,71.3168],[-25.0184,71.3074],[-25.0361,71.3052],[-25.0961,71.3048],[-25.122,71.3115],[-25.1722,71.3471],[-25.2361,71.3627],[-25.2655,71.3742],[-25.2956,71.3999],[-25.3077,71.4077],[-25.3425,71.4244],[-25.3517,71.4322],[-25.3773,71.4458],[-25.4385,71.4494],[-25.4616,71.4592],[-25.4797,71.4697],[-25.5266,71.4834],[-25.5435,71.4936],[-25.5584,71.508],[-25.5756,71.5204],[-25.5963,71.5306],[-25.6217,71.5386],[-25.6416,71.5417],[-25.6977,71.5386],[-25.7436,71.5457],[-25.7595,71.5455],[-25.7658,71.5499],[-25.8278,71.5585],[-25.8397,71.5632],[-25.8489,71.5682],[-25.8597,71.5717],[-25.8762,71.5722],[-25.9551,71.565],[-25.9929,71.567],[-26.076,71.5864],[-26.1128,71.5849],[-26.1909,71.5722],[-26.2755,71.5705],[-26.3194,71.5783],[-26.3526,71.5967],[-26.3841,71.6322],[-26.4015,71.6425],[-26.4243,71.6411],[-26.4336,71.6372],[-26.4447,71.6309],[-26.4538,71.6238],[-26.4578,71.6168],[-26.4687,71.5759],[-26.5004,71.5597],[-26.5976,71.5474],[-26.7851,71.5465],[-26.8147,71.5585],[-26.8767,71.5666],[-26.9356,71.5808],[-27.1579,71.6684],[-27.1753,71.6798],[-27.212,71.723],[-27.2124,71.7275],[-27.211,71.729],[-27.2045,71.7298],[-27.2227,71.7451],[-27.3259,71.7805],[-27.3642,71.7827],[-27.3824,71.7864],[-27.4205,71.8039],[-27.4643,71.8105],[-27.6146,71.8669],[-27.6222,71.8812],[-27.6024,71.9017],[-27.8817,71.9788],[-27.9314,72.0105],[-27.9442,72.0053],[-27.9661,71.9836],[-27.9846,71.9774],[-28.0052,71.9753],[-28.0692,71.9774],[-28.1237,71.9905],[-28.1884,71.9973],[-28.2063,71.998],[-28.3292,72.0526],[-28.4601,72.0817],[-28.5583,72.1235],[-28.5869,72.1315],[-28.6203,72.1345],[-28.6328,72.131],[-28.64,72.123],[-28.6452,72.114],[-28.6514,72.1078],[-28.6653,72.1031],[-28.693,72.0982],[-28.706,72.0935],[-28.706,72.0861],[-28.6741,72.081],[-28.6073,72.0888],[-28.5756,72.083],[-28.555,72.0764],[-28.4601,72.0624],[-28.3604,72.0071],[-28.4025,71.9907],[-28.4687,71.9783],[-28.4902,71.9594],[-28.4569,71.9394],[-28.1594,71.9237],[-27.8618,71.908],[-27.8241,71.8973],[-27.8016,71.8745],[-27.8502,71.8791],[-27.9459,71.8987],[-27.9934,71.9017],[-28.008,71.8972],[-28.024,71.8878],[-28.0341,71.8786],[-28.0309,71.8745],[-27.968,71.8712],[-27.6497,71.795],[-27.3314,71.7188],[-27.3339,71.7089],[-27.3594,71.6854],[-27.3671,71.6755],[-27.3726,71.6658],[-27.3793,71.6565],[-27.3907,71.6479],[-27.408,71.6425],[-27.4562,71.6399],[-27.6327,71.6525],[-27.6849,71.6479],[-27.811,71.612],[-27.8544,71.6069],[-27.9381,71.6266],[-27.9829,71.6308],[-28.0071,71.6131],[-27.9477,71.6069],[-27.932,71.6],[-27.9623,71.5894],[-28.3912,71.5722],[-28.4743,71.5854],[-28.4936,71.5795],[-28.4913,71.5772],[-28.4881,71.5754],[-28.4878,71.5722],[-28.4936,71.5659],[-28.4199,71.5498],[-28.164,71.5601],[-27.9081,71.5704],[-27.8001,71.5959],[-27.7098,71.6019],[-27.6508,71.6131],[-27.3867,71.5926],[-27.1225,71.5722],[-27.1383,71.5558],[-27.1687,71.5443],[-27.2508,71.5283],[-27.3065,71.5263],[-27.3286,71.5175],[-27.2196,71.4814],[-27.2047,71.4821],[-27.1983,71.4936],[-27.1755,71.5093],[-27.124,71.5209],[-27.0344,71.5312],[-26.9795,71.5292],[-26.8147,71.5039],[-26.7662,71.506],[-26.7416,71.504],[-26.7057,71.4841],[-26.6871,71.4816],[-26.5223,71.4889],[-26.4469,71.5101],[-26.3213,71.497],[-26.2661,71.5091],[-26.1561,71.4902],[-26.1083,71.4895],[-26.0133,71.5032],[-25.805,71.4907],[-25.7274,71.4744],[-25.6565,71.4424],[-25.5921,71.4031],[-25.556,71.3869],[-25.5224,71.3803],[-25.4601,71.382],[-25.4442,71.3803],[-25.4359,71.3747],[-25.4297,71.3662],[-25.4222,71.3581],[-25.4101,71.3537],[-25.4157,71.3382],[-25.4169,71.2847],[-25.4271,71.2737],[-25.5045,71.2355],[-25.5125,71.2159],[-25.5441,71.216],[-25.7091,71.2612],[-25.7494,71.2647],[-25.78,71.2575],[-25.7392,71.2358],[-25.5951,71.1954],[-25.5808,71.1885],[-25.6019,71.1696],[-25.6802,71.1562],[-25.708,71.1442],[-25.7235,71.1353],[-25.7869,71.1271],[-25.8481,71.1085],[-25.9153,71.1011],[-25.9369,71.095],[-25.9581,71.0861],[-25.9869,71.069],[-26.0021,71.0622],[-26.0199,71.0595],[-26.0953,71.0595],[-26.1705,71.0452],[-26.2325,71.0452],[-26.253,71.0412],[-26.2642,71.0349],[-26.284,71.0141],[-26.3008,71.0067],[-26.3385,71.0053],[-26.3557,71.0005],[-26.3882,70.9858],[-26.4256,70.9746],[-26.8284,70.9353],[-27.1542,70.9496],[-27.2529,70.9353],[-27.5062,70.9421],[-27.5177,70.9562],[-27.5533,70.9945],[-27.5751,71.0111],[-27.7405,71.103],[-27.7532,71.1135],[-27.7615,71.1272],[-27.765,71.138],[-27.7657,71.1389],[-27.7714,71.1467],[-27.788,71.1544],[-27.8064,71.1566],[-27.8212,71.1523],[-27.8346,71.1458],[-27.8488,71.1408],[-27.9075,71.1403],[-27.9251,71.134],[-27.9123,71.1155],[-27.8699,71.0892],[-27.8488,71.0725],[-27.8119,71.036],[-27.7897,71.0225],[-27.7318,71.014],[-27.698,71.0051],[-27.6656,70.9921],[-27.6378,70.9763],[-27.6182,70.9538],[-27.6357,70.944],[-27.7054,70.9421],[-27.7424,70.947],[-27.8426,70.9763],[-27.9558,70.9763],[-27.9735,70.9794],[-28.0031,70.9936],[-28.0172,70.9968],[-28.055,70.9948],[-28.183,70.9743],[-28.2302,70.9763],[-28.2467,70.9794],[-28.2769,70.9936],[-28.2913,70.9968],[-28.3636,70.99],[-28.3976,70.9813],[-28.4111,70.9688],[-28.107,70.9393],[-28.0677,70.9224],[-28.0616,70.8944],[-28.0148,70.8933],[-28.0037,70.8978],[-27.9936,70.8991],[-27.9209,70.8813],[-27.9209,70.8681],[-27.9357,70.8525],[-27.9525,70.8397],[-27.9742,70.8167],[-27.9942,70.7654],[-28.0105,70.7398],[-28.0416,70.7124],[-28.1505,70.6479],[-28.1902,70.6332],[-28.2401,70.6268],[-28.336,70.6262],[-28.336,70.62],[-28.3153,70.6086],[-28.2926,70.6025],[-28.2398,70.5995],[-28.2398,70.5927],[-28.2659,70.5871],[-28.3103,70.5639],[-28.3641,70.5554],[-28.4167,70.5412],[-28.4452,70.5381],[-28.5182,70.5405],[-28.5415,70.5381],[-28.5554,70.5332],[-28.5808,70.5202],[-28.5964,70.5176],[-28.7162,70.5238],[-29.036,70.4797],[-29.0619,70.4661],[-29.0765,70.463],[-29.1715,70.4709],[-29.1986,70.4687],[-29.2225,70.4616],[-29.2341,70.4481],[-29.2331,70.4457],[-29.2335,70.4418],[-29.1874,70.4277],[-29.1796,70.4214],[-29.1819,70.4125],[-29.1898,70.407],[-29.1993,70.4019],[-29.2062,70.3941],[-29.1106,70.3941],[-29.0333,70.4123],[-29.0042,70.4145],[-28.9794,70.4199],[-28.9364,70.4433],[-28.9117,70.4487],[-28.8817,70.4513],[-28.7879,70.4698],[-28.5736,70.4744],[-28.5421,70.4789],[-28.4936,70.5048],[-28.4595,70.5071],[-28.3944,70.5033],[-28.2814,70.5107],[-28.2892,70.5021],[-28.2989,70.4972],[-28.31,70.4956],[-28.3217,70.4971],[-28.3149,70.4854],[-28.3104,70.4809],[-28.3013,70.4766],[-28.3048,70.4719],[-28.3279,70.4522],[-28.3419,70.4439],[-28.3488,70.434],[-28.3394,70.418],[-28.3251,70.407],[-28.2746,70.3835],[-28.2329,70.372],[-28.1033,70.3872],[-28.0413,70.3848],[-27.6125,70.4208],[-27.1836,70.4567],[-27.0638,70.4422],[-26.9056,70.4546],[-26.8001,70.4801],[-26.7433,70.4841],[-26.5292,70.4742],[-26.4838,70.4616],[-26.3213,70.3798],[-26.3402,70.3682],[-26.3634,70.3598],[-26.3877,70.3548],[-26.4459,70.3515],[-26.456,70.3454],[-26.4516,70.332],[-26.6986,70.2904],[-26.7245,70.2893],[-26.8537,70.301],[-26.935,70.3261],[-26.9718,70.3287],[-27.019,70.3074],[-27.0816,70.2978],[-27.1387,70.2719],[-27.1762,70.2637],[-27.2568,70.2574],[-27.2951,70.2501],[-27.3951,70.1987],[-27.4113,70.1849],[-27.4353,70.176],[-27.7035,70.1354],[-27.7785,70.1085],[-27.8187,70.0989],[-27.904,70.0924],[-28.1079,70.1437],[-28.2541,70.1453],[-28.2609,70.1402],[-28.3154,70.1356],[-28.4249,70.0932],[-28.4801,70.0856],[-28.5737,70.0997],[-28.5899,70.0924],[-28.5824,70.0754],[-28.5603,70.0597],[-28.5341,70.0482],[-28.5142,70.044],[-28.4452,70.0515],[-28.3634,70.0515],[-28.2268,70.0714],[-28.1027,70.0714],[-28.08,70.0639],[-28.0326,70.0315],[-27.9977,70.0223],[-27.9769,70.0135],[-27.9661,70.0105],[-27.9563,70.0104],[-27.932,70.0168],[-27.8627,70.0212],[-27.8041,70.039],[-27.5947,70.0605],[-27.5533,70.0597],[-27.5242,70.0478],[-27.5196,70.0375],[-27.5212,70.0259],[-27.5279,70.0031],[-27.5277,69.9898],[-27.5248,69.9817],[-27.5179,69.976],[-27.5062,69.9695],[-27.4736,69.9598],[-27.3399,69.9711],[-27.3097,69.9777],[-27.2837,69.992],[-27.1884,70.089],[-27.1799,70.1029],[-27.1845,70.1096],[-27.1935,70.1154],[-27.1983,70.1266],[-27.1928,70.1374],[-27.1827,70.1456],[-27.1771,70.1544],[-27.1853,70.1675],[-27.1029,70.2033],[-27.0748,70.2085],[-27.0284,70.2016],[-27.005,70.2007],[-26.9792,70.2085],[-26.9097,70.2487],[-26.8836,70.2569],[-26.8454,70.2608],[-26.6352,70.2509],[-26.6086,70.2438],[-26.5364,70.2122],[-26.3262,70.1983],[-26.2732,70.2122],[-26.2357,70.2266],[-25.9824,70.2778],[-25.9059,70.3074],[-25.4661,70.3793],[-25.4368,70.3913],[-25.3602,70.3991],[-25.3053,70.4132],[-25.2476,70.4135],[-25.2132,70.4088],[-25.2035,70.3983],[-25.2388,70.3798],[-25.2763,70.3735],[-25.3595,70.3716],[-25.3958,70.3593],[-25.2729,70.3593],[-25.2873,70.3513],[-25.3264,70.338],[-25.3344,70.3286],[-25.3391,70.3252],[-25.3483,70.3144],[-25.355,70.3032],[-25.344,70.287],[-25.3412,70.2842],[-25.3327,70.2799],[-25.3249,70.2783],[-25.235,70.2773],[-25.2193,70.2799],[-25.2118,70.2863],[-25.2067,70.2951],[-25.1978,70.3047],[-25.1838,70.3132],[-25.0587,70.3614],[-25.0327,70.3668],[-25.0009,70.3656],[-24.96,70.3579],[-24.9248,70.3451],[-24.9098,70.3286],[-24.9072,70.3156],[-24.8999,70.3054],[-24.8889,70.2991],[-24.8751,70.2978],[-24.862,70.3015],[-24.8592,70.3071],[-24.8594,70.3132],[-24.8552,70.3183],[-24.8192,70.3247],[-24.7838,70.3166],[-24.748,70.3043],[-24.6791,70.2919],[-24.6124,70.2696],[-24.5876,70.2699],[-24.5702,70.2613],[-24.4847,70.247],[-24.4775,70.2408],[-24.4747,70.233],[-24.4737,70.226],[-24.4716,70.2221],[-24.4626,70.2204],[-24.4298,70.2221],[-24.2178,70.2085],[-24.1782,70.1972],[-24.0343,70.1851],[-24.0157,70.178],[-24.0013,70.1666],[-23.9864,70.1591],[-23.9679,70.1551],[-23.9231,70.1528],[-23.9114,70.1494],[-23.8937,70.1392],[-23.8634,70.1337],[-23.7971,70.1506],[-23.7587,70.1436],[-23.7346,70.1364],[-23.6523,70.134],[-23.63,70.1309],[-23.5836,70.1168],[-23.5598,70.1129],[-23.1638,70.1136],[-22.7677,70.1143],[-22.3717,70.1151],[-22.3441,70.1245],[-22.2891,70.1308],[-22.2101,70.1496],[-22.1097,70.1552],[-22.0965,70.1505],[-22.081,70.1385],[-22.0771,70.1303],[-22.0898,70.1266],[-22.1068,70.1184],[-22.1531,70.0815],[-22.1614,70.0714],[-22.2434,70.0372],[-22.2961,70.0013],[-22.3365,69.9909],[-22.38,69.9713],[-22.4013,69.9726],[-22.4143,69.9831],[-22.4208,69.9957],[-22.4287,70.0061],[-22.446,70.0105],[-22.4661,70.0129],[-22.4737,70.0101],[-22.4767,69.9997],[-22.4782,69.9887],[-22.4829,69.9813],[-22.4914,69.977],[-22.5043,69.9757],[-22.5491,69.978],[-22.5616,69.9697],[-22.5661,69.9453],[-22.5824,69.9389],[-22.7366,69.9468],[-22.7607,69.9422],[-22.7784,69.9279],[-22.7995,69.9348],[-22.7971,69.9429],[-22.7925,69.9485],[-22.7861,69.9523],[-22.7784,69.9553],[-22.8042,69.9551],[-22.8548,69.9631],[-22.8813,69.9627],[-22.8954,69.9589],[-22.9111,69.9516],[-22.9239,69.9421],[-22.9292,69.9313],[-22.9158,69.9169],[-22.8848,69.9102],[-22.7964,69.9042],[-22.7794,69.9002],[-22.7716,69.8938],[-22.7761,69.8906],[-22.8057,69.8795],[-22.8289,69.8888],[-22.9156,69.8938],[-22.9347,69.9004],[-22.9708,69.9279],[-23.0062,69.9426],[-23.0384,69.9446],[-23.0676,69.9364],[-23.0936,69.9205],[-23.0452,69.8938],[-23.0384,69.8832],[-23.0467,69.8736],[-23.0664,69.8711],[-23.1969,69.8806],[-23.2413,69.8776],[-23.2787,69.8597],[-23.2679,69.8588],[-23.248,69.8539],[-22.9759,69.8411],[-22.9329,69.8222],[-22.9178,69.8193],[-22.9095,69.8134],[-22.9156,69.7976],[-22.9244,69.791],[-22.9989,69.7656],[-23.0326,69.7617],[-23.1073,69.7703],[-23.1776,69.7884],[-23.209,69.8027],[-23.2613,69.8405],[-23.2967,69.8544],[-23.3343,69.8615],[-23.368,69.8597],[-23.3893,69.8526],[-23.3878,69.8482],[-23.3721,69.846],[-23.3507,69.8454],[-23.3367,69.8422],[-23.318,69.8281],[-23.2915,69.8159],[-23.2716,69.7955],[-23.2562,69.7746],[-23.2513,69.7634],[-23.2438,69.7535],[-23.2518,69.7519],[-23.3478,69.7621],[-23.4075,69.7501],[-23.6316,69.7327],[-23.9298,69.756],[-23.9095,69.7458],[-23.703,69.7181],[-23.6808,69.7067],[-23.6632,69.6903],[-23.6561,69.671],[-23.6471,69.6567],[-23.626,69.6456],[-23.5797,69.6331],[-23.5797,69.6263],[-23.6186,69.618],[-23.6937,69.6143],[-23.7311,69.6058],[-23.7311,69.5996],[-23.6504,69.5989],[-23.6212,69.5921],[-23.6469,69.5643],[-23.6897,69.5465],[-23.8142,69.5123],[-23.9379,69.5354],[-23.9479,69.5472],[-23.954,69.5624],[-23.9639,69.5779],[-23.9834,69.5908],[-24.0034,69.5942],[-24.019,69.5869],[-24.0253,69.5679],[-24.0375,69.5586],[-24.0651,69.5578],[-24.2588,69.5854],[-24.308,69.6018],[-24.3338,69.606],[-24.3549,69.5996],[-24.2081,69.554],[-24.1435,69.5517],[-24.1147,69.5443],[-24.0988,69.5335],[-24.0857,69.5187],[-24.0769,69.5021],[-24.0737,69.486],[-24.0836,69.4746],[-24.107,69.4722],[-24.1557,69.4761],[-24.1478,69.4637],[-24.1429,69.4589],[-24.1352,69.4543],[-24.1495,69.4481],[-24.1495,69.4414],[-24.1354,69.4389],[-24.1084,69.4307],[-24.0942,69.4283],[-24.1087,69.4172],[-24.1332,69.4175],[-24.2582,69.4423],[-24.2655,69.4481],[-24.3428,69.4425],[-24.3679,69.4481],[-24.3419,69.435],[-24.3463,69.4181],[-24.3665,69.4007],[-24.4181,69.3699],[-24.4483,69.3621],[-24.4796,69.363],[-24.5126,69.373],[-24.5126,69.3799],[-24.4716,69.3861],[-24.4913,69.3917],[-24.5809,69.3861],[-24.6613,69.3996],[-24.6833,69.4078],[-24.6878,69.4123],[-24.6964,69.4304],[-24.7075,69.4345],[-24.735,69.4337],[-24.7421,69.4298],[-24.7385,69.4208],[-24.7445,69.4149],[-24.7467,69.4114],[-24.7499,69.4092],[-24.7589,69.4078],[-24.7515,69.4003],[-24.7157,69.383],[-24.6764,69.3725],[-24.6424,69.3556],[-24.615,69.3184],[-24.6307,69.3185],[-24.6683,69.3129],[-24.7025,69.3024],[-24.7455,69.3016],[-24.7659,69.2979],[-24.7659,69.2905],[-24.7361,69.2848],[-24.6491,69.2905],[-24.6271,69.2872],[-24.6151,69.2801],[-24.6169,69.2696],[-24.6361,69.2563],[-24.6755,69.2446],[-24.8142,69.2427],[-24.8142,69.2495],[-24.8065,69.2507],[-24.8022,69.2524],[-24.7987,69.2543],[-24.7931,69.2563],[-24.7931,69.2631],[-24.8171,69.2608],[-24.9071,69.2663],[-24.9501,69.2805],[-25.0749,69.3011],[-25.1016,69.2979],[-25.1016,69.3041],[-25.1173,69.2966],[-25.191,69.2837],[-25.2096,69.2755],[-25.2148,69.2702],[-25.2099,69.2631],[-25.1978,69.2495],[-25.2585,69.2528],[-25.2729,69.2495],[-25.2809,69.2376],[-25.2698,69.2316],[-25.0668,69.2291],[-25.0743,69.2291],[-25.0229,69.225],[-24.9994,69.2166],[-24.9843,69.2011],[-24.9927,69.194],[-24.9972,69.186],[-24.9971,69.177],[-24.9918,69.1669],[-25.0214,69.1602],[-25.088,69.1573],[-25.1159,69.1471],[-25.0992,69.1408],[-25.0795,69.1358],[-25.0588,69.1328],[-25.0395,69.1328],[-25.0775,69.1098],[-25.1444,69.1101],[-25.212,69.1233],[-25.2524,69.1396],[-25.2506,69.1458],[-25.2571,69.1455],[-25.2798,69.1396],[-25.3275,69.1328],[-25.2934,69.1164],[-25.2424,69.0787],[-25.2114,69.0646],[-25.224,69.046],[-25.2413,69.0382],[-25.2934,69.0373],[-25.2934,69.0298],[-25.286,69.0298],[-25.286,69.0236],[-25.319,69.0269],[-25.3545,69.0383],[-25.3713,69.0525],[-25.3486,69.0646],[-25.48,69.0651],[-25.5882,69.0967],[-25.6193,69.0997],[-25.6565,69.0919],[-25.5538,69.0472],[-25.5482,69.0333],[-25.5817,69.0218],[-25.6565,69.0093],[-25.6173,68.9987],[-25.4989,69.0031],[-25.4637,68.9946],[-25.4451,68.9808],[-25.4498,68.9679],[-25.4852,68.9621],[-25.6361,68.9683],[-25.7015,68.9621],[-25.7026,68.9584],[-25.7123,68.9404],[-25.7179,68.9342],[-25.6883,68.9264],[-25.5985,68.9211],[-25.5782,68.915],[-25.5883,68.9009],[-25.6255,68.8759],[-25.6677,68.8704],[-25.7892,68.8886],[-25.821,68.8727],[-25.7726,68.8585],[-25.7842,68.8553],[-25.8089,68.8525],[-25.8207,68.8489],[-25.8332,68.8472],[-25.8468,68.8479],[-25.8526,68.8465],[-25.8415,68.8386],[-25.8415,68.8312],[-25.9445,68.7902],[-26.0659,68.7812],[-26.0919,68.7871],[-26.1108,68.7936],[-26.1572,68.7854],[-26.1772,68.7871],[-26.193,68.7912],[-26.2352,68.7926],[-26.2523,68.7902],[-26.2624,68.7874],[-26.2694,68.7845],[-26.284,68.7734],[-26.2894,68.7651],[-26.2858,68.7588],[-26.2786,68.7536],[-26.2734,68.7486],[-26.2676,68.7441],[-26.259,68.7427],[-26.2524,68.7394],[-26.2523,68.7294],[-26.258,68.7242],[-26.2684,68.7217],[-26.2794,68.7213],[-26.2877,68.722],[-26.2877,68.7151],[-26.266,68.7151],[-26.2854,68.6955],[-26.3256,68.6791],[-26.4167,68.6589],[-26.4514,68.6583],[-26.4652,68.6605],[-26.477,68.666],[-26.4957,68.6784],[-26.5062,68.681],[-26.5356,68.6793],[-26.6055,68.6574],[-26.6434,68.653],[-26.6772,68.6568],[-26.7067,68.6659],[-26.7164,68.6806],[-26.6912,68.7014],[-26.7438,68.7052],[-26.8443,68.6374],[-26.9164,68.6532],[-26.9551,68.6472],[-26.9927,68.6364],[-27.0128,68.6257],[-27.0133,68.6164],[-27.0067,68.5956],[-27.0096,68.5915],[-27.0223,68.5895],[-27.0472,68.5806],[-27.0576,68.579],[-27.142,68.5919],[-27.161,68.6015],[-27.1822,68.6093],[-27.2484,68.6052],[-27.2963,68.6121],[-27.3241,68.6097],[-27.337,68.6008],[-27.3143,68.5848],[-27.2598,68.571],[-27.2338,68.561],[-27.2187,68.5438],[-27.2379,68.5396],[-27.2765,68.5439],[-27.3144,68.5351],[-27.4557,68.5391],[-27.5279,68.5507],[-27.5279,68.5574],[-27.5162,68.5612],[-27.4958,68.5716],[-27.4863,68.5786],[-27.5822,68.5786],[-27.6092,68.5689],[-27.6327,68.5497],[-27.6583,68.5353],[-27.7227,68.5443],[-27.7497,68.5351],[-27.7563,68.5223],[-27.6024,68.4954],[-27.6309,68.4806],[-27.7426,68.4775],[-27.7811,68.4687],[-27.8104,68.4794],[-27.8844,68.4951],[-27.9145,68.5128],[-27.9289,68.5353],[-27.9354,68.5551],[-27.9481,68.5683],[-27.9803,68.5711],[-28.0222,68.5629],[-28.0243,68.5494],[-28.0155,68.5305],[-28.0242,68.5063],[-28.0244,68.4963],[-28.0071,68.471],[-28.0105,68.4578],[-28.0222,68.4546],[-28.0356,68.4604],[-28.0548,68.4749],[-28.0692,68.465],[-28.08,68.4533],[-28.0919,68.4438],[-28.1095,68.4408],[-28.1246,68.4451],[-28.1691,68.4643],[-28.2206,68.4936],[-28.2653,68.501],[-28.3565,68.5029],[-28.3446,68.4958],[-28.3116,68.4883],[-28.2944,68.4824],[-28.2829,68.4746],[-28.2535,68.4476],[-28.2535,68.4408],[-28.2947,68.4262],[-28.4452,68.4476],[-28.5079,68.4476],[-28.495,68.4228],[-28.5066,68.4127],[-28.529,68.4116],[-28.5489,68.4135],[-28.5767,68.4128],[-28.5971,68.4066],[-28.6154,68.3986],[-28.6371,68.393],[-28.6371,68.3856],[-28.63,68.3842],[-28.6174,68.3802],[-28.6097,68.3793],[-28.6313,68.3627],[-28.6632,68.3616],[-28.7916,68.3806],[-28.8223,68.3812],[-28.8431,68.3725],[-28.8485,68.3534],[-28.8519,68.3286],[-28.9499,68.3598],[-28.9803,68.3625],[-28.9803,68.3445],[-29.0067,68.3476],[-29.1087,68.3804],[-29.1274,68.3908],[-29.1479,68.3988],[-29.1721,68.3998],[-29.1927,68.3925],[-29.2008,68.3803],[-29.1964,68.3658],[-29.1796,68.3514],[-29.1542,68.3422],[-29.1302,68.3381],[-29.1102,68.3305],[-29.097,68.3104],[-29.1383,68.2795],[-29.1623,68.2675],[-29.1891,68.2626],[-29.2076,68.2722],[-29.2762,68.3205],[-29.282,68.324],[-29.2936,68.3181],[-29.3297,68.3096],[-29.3365,68.3042],[-29.3432,68.292],[-29.3461,68.2616],[-29.357,68.2496],[-29.3865,68.2469],[-29.4479,68.2634],[-29.4738,68.2496],[-29.4481,68.2391],[-29.3952,68.2243],[-29.3776,68.208],[-29.3776,68.2012],[-29.4073,68.212],[-29.443,68.2182],[-29.5113,68.2217],[-29.5257,68.2244],[-29.5768,68.2421],[-29.6115,68.2484],[-29.6259,68.2537],[-29.6383,68.2626],[-29.6326,68.2724],[-29.611,68.2968],[-29.6792,68.2906],[-29.6967,68.2927],[-29.7302,68.3021],[-29.7724,68.3083],[-29.782,68.3187],[-29.7828,68.3328],[-29.7816,68.348],[-29.7847,68.3696],[-29.7931,68.3771],[-29.8061,68.3795],[-29.8226,68.3856],[-29.837,68.3984],[-29.8441,68.4095],[-29.8527,68.4156],[-29.871,68.4135],[-29.8952,68.3964],[-29.9051,68.3924],[-29.9388,68.3865],[-29.9734,68.3846],[-29.9919,68.3798],[-30.0038,68.3686],[-30.0082,68.348],[-30.0217,68.3351],[-30.049,68.3299],[-30.0694,68.321],[-30.0628,68.2968],[-30.0452,68.2853],[-29.9939,68.2634],[-29.987,68.2558],[-29.9934,68.251],[-30.0123,68.2458],[-30.0356,68.2422],[-30.0495,68.2422],[-30.0753,68.2434],[-30.1354,68.2631],[-30.1658,68.2695],[-30.1995,68.2711],[-30.2728,68.2656],[-30.303,68.2558],[-30.2873,68.2429],[-30.2598,68.2421],[-30.2037,68.2496],[-30.1758,68.2465],[-30.1478,68.2379],[-30.1227,68.2247],[-30.1037,68.208],[-30.1033,68.2038],[-30.104,68.1971],[-30.1029,68.1889],[-30.0969,68.1807],[-30.0899,68.1773],[-30.0729,68.1737],[-30.0662,68.1702],[-30.0082,68.126],[-30.0312,68.1177],[-30.056,68.1118],[-30.0902,68.1246],[-30.1037,68.126],[-30.1169,68.123],[-30.1273,68.1168],[-30.1363,68.11],[-30.1453,68.105],[-30.1623,68.1025],[-30.2136,68.1118],[-30.2301,68.1091],[-30.2598,68.0992],[-30.2738,68.0983],[-30.3376,68.0994],[-30.3663,68.1075],[-30.3924,68.126],[-30.4033,68.1389],[-30.4068,68.1478],[-30.4054,68.1702],[-30.3946,68.1982],[-30.3924,68.2144],[-30.402,68.2217],[-30.4568,68.2236],[-30.6716,68.2576],[-30.8169,68.2558],[-30.7943,68.2407],[-30.4947,68.1848],[-30.4747,68.1728],[-30.461,68.1312],[-30.4507,68.1139],[-30.4469,68.0982],[-30.4606,68.0851],[-30.4374,68.0786],[-30.4197,68.0709],[-30.45,68.0617],[-30.49,68.0599],[-30.529,68.0653],[-30.5562,68.0776],[-30.553,68.0816],[-30.5498,68.0834],[-30.5419,68.0851],[-30.5697,68.0817],[-30.6202,68.0668],[-30.645,68.0634],[-30.6863,68.0634],[-30.6977,68.0656],[-30.7178,68.0754],[-30.7244,68.0776],[-30.7613,68.0855],[-30.7753,68.0851],[-30.8099,68.0728],[-30.8231,68.0709],[-30.8715,68.0781],[-30.8971,68.079],[-30.9193,68.0709],[-30.911,68.0675],[-30.892,68.0572],[-30.9127,68.0451],[-30.9913,68.055],[-31.0087,68.0466],[-31.0172,68.0411],[-31.0365,68.0478],[-31.067,68.0634],[-31.081,68.0639],[-31.0878,68.0631],[-31.0906,68.0603],[-31.0948,68.0516],[-31.1046,68.0515],[-31.1244,68.0572],[-31.1429,68.06],[-31.1937,68.0776],[-31.4111,68.1183],[-31.4537,68.1323],[-31.4296,68.1446],[-31.3987,68.1482],[-31.337,68.1459],[-31.3658,68.1583],[-31.4037,68.1627],[-31.4425,68.1605],[-31.4742,68.1528],[-31.4847,68.1518],[-31.498,68.1455],[-31.5028,68.1342],[-31.4953,68.1186],[-31.4781,68.1095],[-31.4314,68.1025],[-31.4127,68.0913],[-31.437,68.0818],[-31.4695,68.0779],[-31.5812,68.0765],[-31.6027,68.0821],[-31.6256,68.0981],[-31.621,68.101],[-31.6205,68.102],[-31.6183,68.105],[-31.6938,68.0993],[-31.7008,68.105],[-31.7008,68.1046],[-31.7021,68.1142],[-31.7125,68.1321],[-31.7144,68.1323],[-31.7145,68.1458],[-31.7133,68.1513],[-31.7008,68.1671],[-31.6903,68.1775],[-31.6831,68.1816],[-31.6849,68.1852],[-31.7008,68.1943],[-31.715,68.1982],[-31.7286,68.1986],[-31.7402,68.2016],[-31.7485,68.2143],[-31.7321,68.2141],[-31.7142,68.2176],[-31.703,68.2248],[-31.7069,68.2359],[-31.6914,68.2404],[-31.6722,68.2372],[-31.6516,68.2315],[-31.578,68.2258],[-31.5504,68.2275],[-31.5289,68.2359],[-31.5455,68.2463],[-31.5683,68.2528],[-31.5921,68.2558],[-31.9028,68.2695],[-31.9132,68.2674],[-31.9372,68.2581],[-31.9473,68.2558],[-31.9691,68.2561],[-31.9913,68.26],[-32.0085,68.2696],[-32.0155,68.2868],[-32.0245,68.2966],[-32.0662,68.3185],[-32.0781,68.3315],[-32.0779,68.3466],[-32.0742,68.3577],[-32.0775,68.3676],[-32.098,68.3793],[-32.145,68.3891],[-32.1584,68.3976],[-32.1601,68.4202],[-32.154,68.4323],[-32.1317,68.4598],[-32.1254,68.4749],[-32.1484,68.4864],[-32.1661,68.4858],[-32.1806,68.4763],[-32.2213,68.4318],[-32.2381,68.4233],[-32.2563,68.4202],[-32.3148,68.4435],[-32.3315,68.4544],[-32.3225,68.4639],[-32.3035,68.4954],[-32.3368,68.5154],[-32.3445,68.5233],[-32.3492,68.5335],[-32.3534,68.554],[-32.3581,68.5643],[-32.3706,68.5791],[-32.4105,68.6155],[-32.427,68.6257],[-32.458,68.6306],[-32.4872,68.6239],[-32.5033,68.6064],[-32.4952,68.5786],[-32.4778,68.5635],[-32.4525,68.5518],[-32.4248,68.5448],[-32.3997,68.5438],[-32.4217,68.5382],[-32.4282,68.5095],[-32.4549,68.5029],[-32.5402,68.5041],[-32.571,68.5097],[-32.5012,68.429],[-32.4586,68.3983],[-32.4071,68.3793],[-32.2953,68.3561],[-32.2345,68.3588],[-32.2089,68.348],[-32.1937,68.3289],[-32.1819,68.3092],[-32.1662,68.2968],[-32.1608,68.2791],[-32.0707,68.1943],[-32.0906,68.1873],[-32.1133,68.1916],[-32.137,68.2008],[-32.223,68.2206],[-32.3928,68.2285],[-32.4398,68.2415],[-32.4512,68.239],[-32.4523,68.2335],[-32.451,68.2156],[-32.4543,68.208],[-32.4408,68.1996],[-32.4252,68.1955],[-32.4096,68.1967],[-32.38,68.2124],[-32.3585,68.2138],[-32.3171,68.208],[-32.1805,68.1671],[-32.1852,68.1633],[-32.1942,68.1528],[-32.1016,68.1594],[-32.0515,68.1555],[-32.0298,68.136],[-32.0255,68.1222],[-32.004,68.1034],[-31.9956,68.0913],[-31.9963,68.083],[-32.0011,68.0753],[-32.0032,68.0653],[-31.9956,68.0504],[-32.0184,68.0519],[-32.0781,68.0634],[-32.0915,68.0615],[-32.1254,68.0507],[-32.1464,68.0504],[-32.1376,68.0385],[-32.1236,68.0311],[-32.0912,68.023],[-32.0975,68.0118],[-32.1073,68.0041],[-32.1194,67.9988],[-32.1029,68.001],[-32.0707,68.0026],[-32.0805,67.9879],[-32.0954,67.9794],[-32.1068,67.9704],[-32.1055,67.9548],[-32.0911,67.9453],[-32.0487,67.9398],[-32.0365,67.9268],[-32.0554,67.927],[-32.1117,67.9343],[-32.1082,67.9281],[-32.1016,67.9124],[-32.098,67.9063],[-32.128,67.9073],[-32.1569,67.919],[-32.1787,67.9218],[-32.1874,67.8961],[-32.173,67.891],[-32.1451,67.8753],[-32.1264,67.8588],[-32.1396,67.8511],[-32.2738,67.8629],[-32.3102,67.8816],[-32.331,67.8859],[-32.4208,67.8722],[-32.5192,67.8722],[-32.5425,67.8679],[-32.5447,67.8571],[-32.535,67.8437],[-32.5226,67.8312],[-32.5577,67.8185],[-32.6424,67.8083],[-32.6808,67.7965],[-32.6695,67.7814],[-32.6776,67.7703],[-32.6958,67.762],[-32.769,67.7419],[-32.7756,67.7369],[-32.7821,67.7302],[-32.7908,67.7245],[-32.8184,67.7197],[-32.8411,67.7099],[-32.9003,67.7013],[-32.9273,67.6894],[-33.0543,67.6853],[-33.1324,67.7014],[-33.1597,67.7022],[-33.1861,67.7001],[-33.2023,67.694],[-33.2101,67.6764],[-33.2005,67.6638],[-33.1811,67.6562],[-33.16,67.6531],[-33.1024,67.6524],[-33.0742,67.6469],[-33.057,67.6326],[-33.0667,67.6291],[-33.0931,67.6151],[-33.0985,67.6085],[-33.1042,67.5986],[-33.1173,67.5941],[-33.1322,67.5915],[-33.1432,67.5873],[-33.1867,67.5577],[-33.2103,67.5473],[-33.2323,67.5433],[-33.2711,67.5421],[-33.2835,67.5433],[-33.324,67.5622],[-33.3381,67.5637],[-33.3657,67.5514],[-33.359,67.5342],[-33.3351,67.5181],[-33.3109,67.5085],[-33.3456,67.4887],[-33.2996,67.4943],[-33.2786,67.4924],[-33.2699,67.478],[-33.2797,67.4636],[-33.3024,67.4523],[-33.3456,67.4409],[-33.3456,67.434],[-33.2808,67.4184],[-33.2699,67.4129],[-33.2737,67.4008],[-33.2871,67.3955],[-33.3031,67.393],[-33.3146,67.389],[-33.3319,67.3686],[-33.3436,67.3608],[-33.3624,67.3577],[-33.3972,67.3562],[-33.412,67.3601],[-33.4207,67.372],[-33.4063,67.3797],[-33.4176,67.3895],[-33.437,67.3931],[-33.4474,67.3825],[-33.4557,67.3808],[-33.5101,67.3856],[-33.5069,67.3817],[-33.5055,67.3785],[-33.5044,67.3756],[-33.5026,67.372],[-33.5271,67.3728],[-33.5519,67.3782],[-33.5759,67.3804],[-33.5982,67.372],[-33.5647,67.3577],[-33.5676,67.3557],[-33.5687,67.3551],[-33.5694,67.3543],[-33.5715,67.3515],[-33.548,67.3456],[-33.4207,67.3378],[-33.4207,67.331],[-33.4352,67.3308],[-33.4753,67.3242],[-33.4753,67.3167],[-33.4542,67.3156],[-33.4347,67.3115],[-33.4271,67.3034],[-33.4412,67.29],[-33.4285,67.2755],[-33.3817,67.2617],[-33.3655,67.2477],[-33.4862,67.2348],[-33.5508,67.2348],[-33.5656,67.2375],[-33.5751,67.2437],[-33.5828,67.2506],[-33.592,67.2553],[-33.6007,67.2556],[-33.6096,67.2531],[-33.6681,67.2232],[-33.6705,67.2177],[-33.6539,67.2113],[-33.5914,67.2211],[-33.5724,67.2187],[-33.5163,67.2006],[-33.5309,67.1779],[-33.547,67.1668],[-33.5476,67.1589],[-33.5163,67.1454],[-33.5378,67.1309],[-33.5467,67.1223],[-33.551,67.1113],[-33.5461,67.1039],[-33.5363,67.0961],[-33.5303,67.0873],[-33.5374,67.0777],[-33.5482,67.0782],[-33.592,67.0976],[-33.607,67.0991],[-33.6534,67.0976],[-33.6472,67.0976],[-33.6612,67.0956],[-33.6744,67.0898],[-33.6843,67.0803],[-33.6882,67.0668],[-33.6949,67.0573],[-33.7108,67.0522],[-33.8168,67.0407],[-33.8556,67.0298],[-33.88,67.015],[-33.839,67.0096],[-33.7989,67.0205],[-33.7616,67.0253],[-33.7292,67.0014],[-33.7341,66.9991],[-33.7292,66.9946],[-33.7509,66.9883],[-33.9757,66.9946],[-33.9584,66.9857],[-33.8937,66.9678],[-33.886,66.9711],[-33.8655,66.9598],[-33.8589,66.9536],[-33.8876,66.9459],[-33.9164,66.9498],[-33.9456,66.9573],[-33.9757,66.9604],[-33.9991,66.9545],[-33.994,66.9443],[-33.973,66.9339],[-33.9483,66.9269],[-33.9558,66.9175],[-33.9824,66.8996],[-33.9906,66.8913],[-34.0157,66.8534],[-34.0194,66.84],[-34.0151,66.8268],[-34.0035,66.8096],[-33.9954,66.7933],[-33.9893,66.7874],[-33.9757,66.7823],[-33.9617,66.7818],[-33.9474,66.7831],[-33.937,66.7807],[-33.9346,66.7686],[-33.9481,66.7521],[-33.9714,66.7429],[-33.9884,66.7465],[-33.9824,66.7686],[-34.0255,66.7778],[-34.037,66.7823],[-34.0489,66.7919],[-34.0584,66.8019],[-34.0692,66.809],[-34.0854,66.8096],[-34.0796,66.7973],[-34.0572,66.7618],[-34.0476,66.7543],[-34.046,66.7512],[-34.0503,66.7451],[-34.0585,66.7414],[-34.0683,66.7451],[-34.0815,66.7555],[-34.0893,66.7593],[-34.0991,66.7618],[-34.0882,66.7213],[-34.1175,66.7095],[-34.1674,66.714],[-34.1537,66.7004],[-34.1586,66.6987],[-34.1626,66.6952],[-34.1674,66.6935],[-34.1484,66.68],[-34.1507,66.6716],[-34.1816,66.6588],[-34.1957,66.65],[-34.2101,66.6381],[-34.2187,66.6266],[-34.2158,66.6184],[-34.2565,66.5848],[-34.2704,66.5768],[-34.292,66.5731],[-34.3018,66.5798],[-34.3003,66.5927],[-34.2774,66.621],[-34.2674,66.6501],[-34.2601,66.6625],[-34.2596,66.6733],[-34.2713,66.6826],[-34.2887,66.6842],[-34.3052,66.6724],[-34.2988,66.6567],[-34.307,66.6436],[-34.3562,66.6044],[-34.3724,66.597],[-34.3857,66.6168],[-34.3973,66.6295],[-34.4044,66.6452],[-34.3898,66.6762],[-34.3906,66.6918],[-34.3973,66.7074],[-34.4076,66.7209],[-34.4175,66.7499],[-34.4339,66.7369],[-34.4415,66.7089],[-34.4315,66.6935],[-34.4329,66.6879],[-34.4759,66.6553],[-34.4911,66.65],[-34.517,66.6453],[-34.5305,66.6383],[-34.4923,66.6379],[-34.4757,66.6323],[-34.4616,66.6184],[-34.4759,66.6094],[-34.5074,66.6037],[-34.5237,66.598],[-34.4997,66.5782],[-34.4343,66.5633],[-34.4076,66.5427],[-34.4499,66.5237],[-34.4616,66.5154],[-34.4735,66.509],[-34.519,66.5124],[-34.538,66.5011],[-34.5436,66.4848],[-34.5477,66.4649],[-34.5571,66.4494],[-34.5789,66.4465],[-34.5828,66.4411],[-34.5999,66.4394],[-34.6404,66.4403],[-34.6591,66.4385],[-34.6735,66.4338],[-34.7025,66.4192],[-34.7025,66.4123],[-34.6893,66.4123],[-34.68,66.4169],[-34.6715,66.4226],[-34.6609,66.426],[-34.6501,66.4255],[-34.6319,66.4205],[-34.6236,66.4192],[-34.6232,66.4123],[-34.6313,66.3967],[-34.6433,66.3804],[-34.654,66.3714],[-34.6702,66.3714],[-34.6855,66.3769],[-34.7123,66.4024],[-34.7242,66.4071],[-34.7329,66.4003],[-34.7357,66.3884],[-34.7297,66.3776],[-34.7297,66.3571],[-34.7196,66.3537],[-34.7165,66.3505],[-34.7154,66.3441],[-34.7638,66.3427],[-34.7738,66.3347],[-34.7838,66.3246],[-34.7974,66.3168],[-34.8158,66.3161],[-34.834,66.3211],[-34.8443,66.3273],[-34.8393,66.3304],[-34.831,66.3328],[-34.8258,66.3388],[-34.8248,66.3463],[-34.829,66.3537],[-34.8391,66.3582],[-34.8495,66.3565],[-34.8599,66.3525],[-34.87,66.3503],[-34.9352,66.3441],[-34.9289,66.3441],[-34.9321,66.3437],[-34.942,66.3441],[-34.9346,66.3344],[-34.9153,66.3256],[-34.9072,66.3168],[-34.9264,66.3015],[-34.948,66.2919],[-34.9733,66.2895],[-35.1229,66.3358],[-35.1338,66.3441],[-35.1207,66.3567],[-35.1124,66.3732],[-35.1078,66.3914],[-35.1065,66.4089],[-35.1142,66.4215],[-35.1322,66.4166],[-35.1649,66.3993],[-35.1676,66.3959],[-35.1739,66.381],[-35.1788,66.3776],[-35.1986,66.3777],[-35.2076,66.3759],[-35.2164,66.3714],[-35.2243,66.3579],[-35.2223,66.3439],[-35.2225,66.3315],[-35.2368,66.3236],[-35.2283,66.3126],[-35.2168,66.3099],[-35.2032,66.3105],[-35.1884,66.3093],[-35.1338,66.2895],[-35.0577,66.2731],[-35.0382,66.2622],[-35.0672,66.2431],[-35.1189,66.2359],[-35.2164,66.241],[-35.3488,66.2826],[-35.387,66.2895],[-35.4193,66.2885],[-35.435,66.2901],[-35.4491,66.2956],[-35.4401,66.3035],[-35.4346,66.3152],[-35.4354,66.3258],[-35.4454,66.3304],[-35.4603,66.3276],[-35.4764,66.3205],[-35.5043,66.3031],[-35.5018,66.2994],[-35.4969,66.2895],[-35.5893,66.2895],[-35.6072,66.2969],[-35.6291,66.3298],[-35.6481,66.3372],[-35.6664,66.342],[-35.6855,66.3532],[-35.7338,66.3893],[-35.7531,66.3996],[-35.7746,66.4074],[-35.7986,66.4123],[-35.7986,66.4192],[-35.7821,66.4234],[-35.7637,66.4252],[-35.7473,66.4293],[-35.7371,66.4403],[-35.8156,66.4366],[-35.8326,66.4435],[-35.8516,66.4374],[-35.8811,66.4192],[-35.8736,66.4192],[-35.87,66.4131],[-35.8537,66.4039],[-35.8329,66.3955],[-35.8156,66.3918],[-35.8035,66.3876],[-35.7803,66.3688],[-35.762,66.3623],[-35.7365,66.3472],[-35.7265,66.345],[-35.7057,66.3459],[-35.6962,66.3441],[-35.6855,66.3382],[-35.6782,66.3312],[-35.6764,66.3238],[-35.6825,66.3168],[-35.675,66.3093],[-35.6899,66.2971],[-35.7072,66.2875],[-35.7433,66.2752],[-35.7433,66.2684],[-35.6761,66.2763],[-35.6552,66.2752],[-35.6411,66.2709],[-35.6146,66.2589],[-35.6,66.2547],[-35.5633,66.2519],[-35.5515,66.2485],[-35.5515,66.241],[-35.5886,66.2324],[-35.6699,66.2247],[-35.7023,66.2069],[-35.6372,66.2138],[-35.6246,66.2094],[-35.6162,66.1998],[-35.6097,66.1901],[-35.5947,66.1809],[-35.5847,66.1694],[-35.5763,66.1558],[-35.5726,66.1448],[-35.5753,66.1329],[-35.5868,66.1208],[-35.5863,66.1113],[-35.6094,66.1111],[-35.6322,66.1158],[-35.6457,66.1267],[-35.6409,66.1448],[-35.6486,66.1488],[-35.6552,66.1535],[-35.6682,66.166],[-35.6698,66.1697],[-35.6735,66.1824],[-35.675,66.1858],[-35.6944,66.195],[-35.7196,66.1997],[-35.745,66.1992],[-35.765,66.1933],[-35.7502,66.1833],[-35.7178,66.1796],[-35.7023,66.1728],[-35.6981,66.1666],[-35.6887,66.1386],[-35.7106,66.123],[-35.7474,66.123],[-35.819,66.1312],[-35.8481,66.1433],[-35.8858,66.1418],[-35.921,66.1281],[-35.9425,66.1039],[-35.9159,66.106],[-35.8666,66.1154],[-35.8395,66.1175],[-35.732,66.0966],[-35.7166,66.0902],[-35.758,66.0803],[-35.8054,66.0759],[-35.8826,66.0901],[-35.9084,66.0902],[-35.9084,66.0834],[-35.8987,66.0833],[-35.8922,66.0818],[-35.8811,66.0759],[-35.9173,66.0775],[-35.933,66.0741],[-35.9425,66.0629],[-35.9244,66.0627],[-35.8916,66.0565],[-35.8736,66.0561],[-35.8736,66.0493],[-35.8866,66.05],[-35.8993,66.0492],[-35.9113,66.0467],[-35.922,66.0424],[-35.922,66.0356],[-35.9145,66.0327],[-35.9015,66.0251],[-35.8942,66.0219],[-35.8942,66.0151],[-35.9886,65.9848],[-36.0456,65.9742],[-36.0456,65.9667],[-36.0412,65.9655],[-36.0319,65.9605],[-36.0738,65.9355],[-36.0897,65.9326],[-36.1027,65.9348],[-36.1312,65.9468],[-36.1529,65.9433],[-36.1755,65.9367],[-36.199,65.9334],[-36.2238,65.9394],[-36.2052,65.9619],[-36.1976,65.9748],[-36.2026,65.9809],[-36.2399,65.9594],[-36.2618,65.9517],[-36.2716,65.9636],[-36.2656,65.9751],[-36.255,65.9897],[-36.2499,66.0023],[-36.261,66.0076],[-36.2717,66.0051],[-36.2893,65.9924],[-36.2988,65.9878],[-36.31,65.9863],[-36.3466,65.9878],[-36.3466,65.9809],[-36.339,65.9802],[-36.3199,65.9742],[-36.3302,65.9616],[-36.3269,65.9406],[-36.3336,65.9257],[-36.3289,65.9191],[-36.3262,65.9121],[-36.3639,65.916],[-36.3807,65.9289],[-36.3854,65.9522],[-36.3888,66.0155],[-36.3841,66.04],[-36.3693,66.0604],[-36.3398,66.0759],[-36.3585,66.0914],[-36.389,66.0897],[-36.4496,66.0759],[-36.5195,66.0844],[-36.5536,66.0838],[-36.58,66.0704],[-36.5676,66.062],[-36.5499,66.0556],[-36.5301,66.0513],[-36.5117,66.0493],[-36.5027,66.0507],[-36.4924,66.0534],[-36.4831,66.0541],[-36.477,66.0493],[-36.4775,66.044],[-36.4822,66.04],[-36.4875,66.0364],[-36.5216,65.9909],[-36.5361,65.9853],[-36.6818,65.9605],[-36.7403,65.936],[-36.7616,65.9326],[-36.909,65.9326],[-36.8966,65.9194],[-36.8766,65.9177],[-36.8521,65.9201],[-36.8264,65.9196],[-36.8498,65.8865],[-36.8605,65.8779],[-36.8808,65.869],[-36.9901,65.8415],[-37.0138,65.8396],[-37.0318,65.8432],[-37.0429,65.8557],[-37.023,65.8725],[-37.0387,65.8848],[-37.032,65.8842],[-37.0287,65.8863],[-37.031,65.8944],[-37.0408,65.9016],[-37.0598,65.9121],[-37.0614,65.9157],[-37.0648,65.9288],[-37.0666,65.9326],[-37.0732,65.9354],[-37.09,65.939],[-37.097,65.9431],[-37.097,65.9596],[-37.0809,65.9802],[-37.0616,65.9994],[-37.0524,66.0114],[-37.0491,66.0214],[-37.0351,66.041],[-37.0318,66.0527],[-37.0377,66.0607],[-37.0514,66.0646],[-37.0673,66.0651],[-37.0797,66.0629],[-37.098,66.0502],[-37.1042,66.0326],[-37.0998,66.0129],[-37.0865,65.994],[-37.1048,65.9891],[-37.1212,65.9972],[-37.1383,66.009],[-37.1588,66.0151],[-37.168,66.009],[-37.1572,65.9947],[-37.1274,65.9667],[-37.1441,65.9555],[-37.1622,65.9468],[-37.1476,65.936],[-37.1308,65.9197],[-37.1229,65.9049],[-37.1346,65.8984],[-37.2373,65.9052],[-37.2373,65.8984],[-37.1257,65.8686],[-37.0865,65.8643],[-37.0983,65.8377],[-37.1144,65.8169],[-37.1372,65.8043],[-37.1697,65.8022],[-37.1942,65.81],[-37.2187,65.8226],[-37.2444,65.832],[-37.2721,65.8301],[-37.2721,65.8227],[-37.2106,65.8022],[-37.1876,65.7895],[-37.1758,65.7845],[-37.1622,65.7824],[-37.1846,65.7741],[-37.2101,65.7753],[-37.4639,65.8569],[-37.5526,65.9052],[-37.5745,65.9126],[-37.642,65.9257],[-37.6785,65.9457],[-37.6898,65.9468],[-37.6931,65.9426],[-37.7001,65.9251],[-37.7041,65.9196],[-37.7232,65.9128],[-37.7659,65.9107],[-37.786,65.9052],[-37.803,65.8934],[-37.8148,65.883],[-37.8293,65.8787],[-37.8542,65.8848],[-37.8542,65.8916],[-37.8381,65.8959],[-37.8256,65.9083],[-37.8155,65.9225],[-37.8065,65.9326],[-37.795,65.9385],[-37.7711,65.9466],[-37.7587,65.953],[-37.7513,65.9599],[-37.7402,65.975],[-37.7308,65.9809],[-37.7784,65.9916],[-37.793,66.0008],[-37.7786,66.0151],[-37.7894,66.017],[-37.8033,66.0218],[-37.8126,66.0291],[-37.8099,66.039],[-37.7979,66.0487],[-37.7587,66.0666],[-37.7341,66.0739],[-37.6488,66.0704],[-37.6625,66.0759],[-37.6358,66.1046],[-37.6219,66.114],[-37.6007,66.1175],[-37.5563,66.1113],[-37.5472,66.1138],[-37.547,66.1197],[-37.5526,66.1312],[-37.5539,66.136],[-37.5572,66.1426],[-37.5601,66.1505],[-37.56,66.1585],[-37.555,66.1678],[-37.5477,66.1727],[-37.5388,66.1766],[-37.4939,66.2069],[-37.4727,66.217],[-37.4397,66.2255],[-37.3113,66.2976],[-37.2914,66.2998],[-37.2516,66.2956],[-37.2308,66.2973],[-37.2099,66.3019],[-37.1697,66.3168],[-37.1697,66.3236],[-37.1933,66.3405],[-37.2154,66.3462],[-37.3918,66.3236],[-37.4193,66.3278],[-37.457,66.3461],[-37.4847,66.3503],[-37.5099,66.3455],[-37.5522,66.326],[-37.5763,66.3239],[-37.6164,66.3288],[-37.6954,66.3519],[-37.7566,66.3598],[-37.8038,66.3757],[-37.8201,66.3851],[-37.8321,66.3981],[-37.8381,66.4113],[-37.8475,66.4403],[-37.8524,66.4447],[-37.8596,66.4406],[-37.8642,66.431],[-37.8679,66.4192],[-37.8678,66.4119],[-37.8639,66.3879],[-37.8617,66.3851],[-37.8743,66.3777],[-37.8976,66.3729],[-37.9234,66.3723],[-37.9368,66.3776],[-37.9431,66.3808],[-37.9495,66.383],[-37.9565,66.3844],[-37.9568,66.3872],[-37.9573,66.3918],[-37.9997,66.3879],[-38.0985,66.3945],[-38.132,66.3813],[-38.1405,66.3692],[-38.143,66.3591],[-38.1417,66.3406],[-37.7587,66.2956],[-37.7412,66.2897],[-37.7076,66.2739],[-37.6898,66.2684],[-37.6898,66.2622],[-37.7447,66.2286],[-37.7655,66.2212],[-37.7878,66.2201],[-37.8065,66.225],[-37.8131,66.2331],[-37.799,66.241],[-37.799,66.2485],[-37.9027,66.241],[-37.9281,66.2443],[-37.9519,66.2514],[-37.975,66.2532],[-37.9983,66.241],[-37.9415,66.2261],[-37.9072,66.2069],[-37.8708,66.2076],[-37.8542,66.1994],[-37.8816,66.1858],[-37.8641,66.183],[-37.8639,66.1754],[-37.8744,66.1662],[-37.8884,66.1585],[-37.8985,66.1562],[-37.92,66.1552],[-37.93,66.1523],[-37.9376,66.1472],[-37.9536,66.1278],[-37.9679,66.118],[-37.986,66.1104],[-38.005,66.1056],[-38.0331,66.1029],[-38.053,66.0986],[-38.0635,66.0976],[-38.073,66.1007],[-38.0778,66.1074],[-38.0814,66.1141],[-38.087,66.1175],[-38.1067,66.1145],[-38.1119,66.1049],[-38.1046,66.093],[-38.087,66.0834],[-38.068,66.0805],[-38.0163,66.0821],[-37.9798,66.0919],[-37.9671,66.0875],[-37.9596,66.0759],[-37.9573,66.0595],[-37.9678,66.0513],[-37.9886,66.0458],[-38.0041,66.0397],[-37.9983,66.0294],[-37.9962,66.011],[-37.99,65.9914],[-37.9864,65.9708],[-37.9852,65.9499],[-37.9989,65.9384],[-38.0298,65.9275],[-38.062,65.9201],[-38.0802,65.9196],[-38.0742,65.9311],[-38.0692,65.9468],[-38.0705,65.9607],[-38.0836,65.9667],[-38.0919,65.9634],[-38.1148,65.9497],[-38.1287,65.9468],[-38.1287,65.953],[-38.1287,65.9605],[-38.1282,65.9645],[-38.1322,65.9663],[-38.1492,65.9647],[-38.1559,65.9605],[-38.1686,65.9711],[-38.1844,65.9722],[-38.1928,65.964],[-38.1832,65.9468],[-38.174,65.9428],[-38.1473,65.9349],[-38.1417,65.9291],[-38.1437,65.9216],[-38.1493,65.9138],[-38.1573,65.9077],[-38.1665,65.9052],[-38.2696,65.9052],[-38.3171,65.9148],[-38.3551,65.9394],[-38.3471,65.9467],[-38.3428,65.9584],[-38.3454,65.9694],[-38.3692,65.9794],[-38.3851,66.0024],[-38.3924,66.0076],[-38.4033,66.01],[-38.4288,66.0201],[-38.444,66.0219],[-38.4674,66.0212],[-38.4768,66.0194],[-38.4849,66.0151],[-38.4545,65.9809],[-38.4508,65.9667],[-38.4534,65.9506],[-38.4586,65.9376],[-38.4598,65.9255],[-38.4508,65.9121],[-38.4324,65.9022],[-38.2923,65.862],[-38.2726,65.8507],[-38.275,65.8469],[-38.2794,65.837],[-38.2372,65.8356],[-38.1214,65.8159],[-38.1061,65.8107],[-38.1009,65.7986],[-38.1035,65.7841],[-38.1112,65.7718],[-38.1248,65.7687],[-38.1901,65.7749],[-38.1842,65.7664],[-38.17,65.7552],[-38.1634,65.7482],[-38.1666,65.748],[-38.1732,65.7484],[-38.1764,65.7482],[-38.1692,65.7381],[-38.1652,65.7357],[-38.1656,65.7296],[-38.1832,65.7134],[-38.1851,65.7091],[-38.1845,65.7026],[-38.1815,65.6948],[-38.1764,65.6862],[-38.1956,65.6871],[-38.2099,65.6932],[-38.223,65.7006],[-38.2385,65.706],[-38.2589,65.7051],[-38.2466,65.6935],[-38.2232,65.6806],[-38.2106,65.6759],[-38.2206,65.6464],[-38.2458,65.6373],[-38.2795,65.6413],[-38.3142,65.6514],[-38.3165,65.6568],[-38.3286,65.6591],[-38.3614,65.6588],[-38.3708,65.6574],[-38.3861,65.6525],[-38.3955,65.6514],[-38.4007,65.6535],[-38.4133,65.6629],[-38.4194,65.665],[-38.4308,65.6579],[-38.4394,65.6208],[-38.4508,65.6042],[-38.4617,65.5986],[-38.4751,65.595],[-38.4885,65.5941],[-38.4991,65.5967],[-38.5079,65.604],[-38.5091,65.6109],[-38.507,65.6185],[-38.5054,65.6278],[-38.4979,65.6524],[-38.4792,65.6629],[-38.4548,65.6688],[-38.4303,65.6793],[-38.4538,65.6842],[-38.4945,65.6758],[-38.5122,65.6793],[-38.5166,65.6849],[-38.5209,65.7001],[-38.5259,65.706],[-38.5383,65.7104],[-38.5431,65.707],[-38.541,65.6999],[-38.5327,65.693],[-38.545,65.6798],[-38.55,65.6725],[-38.5538,65.665],[-38.5525,65.6592],[-38.548,65.6518],[-38.5445,65.6442],[-38.5464,65.6384],[-38.5603,65.635],[-38.5773,65.6389],[-38.5926,65.6457],[-38.6016,65.6514],[-38.5966,65.658],[-38.5873,65.6793],[-38.6056,65.6835],[-38.6295,65.6846],[-38.6444,65.6813],[-38.6357,65.6725],[-38.6357,65.665],[-38.6885,65.6625],[-38.704,65.665],[-38.7215,65.6752],[-38.7363,65.6872],[-38.7523,65.6933],[-38.7729,65.6862],[-38.7821,65.6642],[-38.7533,65.6472],[-38.7104,65.6359],[-38.6767,65.6315],[-38.668,65.6334],[-38.6605,65.637],[-38.6535,65.6389],[-38.6409,65.6325],[-38.6302,65.6313],[-38.6283,65.6278],[-38.629,65.6135],[-38.6283,65.6104],[-38.6073,65.5906],[-38.6003,65.5779],[-38.6084,65.5694],[-38.6189,65.5717],[-38.6542,65.5859],[-38.6693,65.59],[-38.7593,65.59],[-38.7799,65.592],[-38.8121,65.6127],[-38.8309,65.6179],[-38.8428,65.6164],[-38.8551,65.6124],[-38.8646,65.6069],[-38.8815,65.5788],[-38.9115,65.5686],[-38.9457,65.57],[-38.9709,65.5832],[-38.963,65.5842],[-38.9591,65.586],[-38.9563,65.5881],[-38.951,65.59],[-38.9841,65.5872],[-39.0155,65.5798],[-39.0745,65.5552],[-39.0702,65.5765],[-39.0671,65.5832],[-39.083,65.5959],[-39.1085,65.6365],[-39.124,65.6491],[-39.1416,65.6671],[-39.1496,65.6725],[-39.1611,65.6722],[-39.1698,65.6681],[-39.1795,65.667],[-39.2339,65.6957],[-39.2776,65.7022],[-39.3163,65.7136],[-39.3414,65.7482],[-39.3664,65.7217],[-39.3574,65.7108],[-39.33,65.7048],[-39.2999,65.693],[-39.2911,65.6851],[-39.2726,65.6588],[-39.2488,65.6418],[-39.2419,65.632],[-39.2453,65.6179],[-39.2286,65.6191],[-39.2132,65.616],[-39.2018,65.6076],[-39.1974,65.5933],[-39.2057,65.5825],[-39.2245,65.58],[-39.2595,65.5832],[-39.2726,65.5881],[-39.2934,65.6082],[-39.3074,65.6104],[-39.3182,65.6027],[-39.3198,65.5895],[-39.3152,65.5748],[-39.3074,65.5626],[-39.3141,65.5526],[-39.3235,65.5455],[-39.3349,65.5451],[-39.3483,65.5552],[-39.3542,65.5675],[-39.3518,65.5787],[-39.346,65.5903],[-39.3414,65.6042],[-39.3395,65.618],[-39.3399,65.6259],[-39.3443,65.6278],[-39.3545,65.6241],[-39.3542,65.6215],[-39.3619,65.6042],[-39.3673,65.6004],[-39.3899,65.59],[-39.3799,65.5671],[-39.3852,65.5519],[-39.4012,65.5437],[-39.4234,65.5415],[-39.4481,65.5469],[-39.4682,65.5593],[-39.5053,65.59],[-39.4986,65.5939],[-39.4916,65.5967],[-39.4916,65.6042],[-39.5091,65.6054],[-39.532,65.6103],[-39.5476,65.6198],[-39.5434,65.635],[-39.5327,65.6433],[-39.5133,65.6527],[-39.5053,65.6588],[-39.5249,65.665],[-39.5449,65.6584],[-39.5641,65.6487],[-39.581,65.6452],[-39.6,65.653],[-39.6356,65.679],[-39.6561,65.6862],[-39.6684,65.6848],[-39.6866,65.68],[-39.7037,65.673],[-39.712,65.665],[-39.7027,65.6552],[-39.6356,65.6241],[-39.6581,65.6177],[-39.6829,65.6259],[-39.7081,65.6385],[-39.7318,65.6452],[-39.7594,65.6406],[-39.7765,65.6288],[-39.7746,65.6151],[-39.7455,65.6042],[-39.7455,65.5967],[-39.7932,65.5977],[-39.8158,65.5941],[-39.8349,65.5832],[-39.7294,65.5654],[-39.7158,65.5556],[-39.7145,65.5443],[-39.7318,65.5353],[-39.7511,65.5361],[-39.7904,65.5513],[-39.8107,65.5552],[-39.8223,65.5484],[-39.8207,65.5331],[-39.8132,65.5171],[-39.807,65.508],[-39.8284,65.5017],[-39.8514,65.5013],[-39.8745,65.5059],[-39.9925,65.5552],[-40.018,65.5727],[-40.0303,65.5793],[-40.0472,65.5832],[-40.0674,65.5817],[-40.0861,65.575],[-40.1024,65.5653],[-40.1154,65.5552],[-40.1154,65.549],[-40.1048,65.5428],[-40.0829,65.5334],[-40.0745,65.5285],[-40.0653,65.5197],[-40.0591,65.5118],[-40.0522,65.5054],[-40.0409,65.5012],[-40.0409,65.4949],[-40.0815,65.5009],[-40.1268,65.5129],[-40.1719,65.5193],[-40.2117,65.508],[-40.2185,65.508],[-40.1913,65.4794],[-40.133,65.4596],[-39.9691,65.437],[-39.9256,65.4394],[-39.8846,65.4366],[-39.8417,65.4186],[-39.8233,65.4265],[-39.8044,65.423],[-39.7887,65.4122],[-39.7803,65.3981],[-39.8596,65.4103],[-39.8913,65.4062],[-39.8827,65.3776],[-39.942,65.3684],[-39.951,65.3606],[-39.9417,65.3541],[-39.8827,65.3298],[-39.8715,65.3179],[-39.8649,65.3043],[-39.8682,65.2929],[-39.8864,65.2883],[-39.8922,65.2858],[-39.8883,65.2804],[-39.8759,65.2716],[-39.8644,65.2665],[-39.8525,65.2634],[-39.8275,65.261],[-39.8414,65.2881],[-39.8212,65.2877],[-39.766,65.2678],[-39.766,65.261],[-39.7865,65.261],[-39.7865,65.2541],[-39.7775,65.2539],[-39.7714,65.2524],[-39.7591,65.2473],[-39.7759,65.2423],[-39.8275,65.2412],[-39.8576,65.2358],[-39.8682,65.2356],[-39.869,65.2412],[-39.8791,65.2449],[-39.8912,65.2513],[-39.9042,65.2558],[-39.9168,65.2541],[-39.9272,65.2448],[-39.9306,65.2327],[-39.9271,65.2214],[-39.9168,65.2138],[-39.9239,65.2061],[-39.9331,65.1983],[-39.9444,65.1929],[-39.9584,65.1927],[-40.0,65.2001],[-40.0116,65.1977],[-40.0253,65.1928],[-40.0321,65.188],[-39.9706,65.1792],[-39.9168,65.1654],[-39.9425,65.1489],[-39.9716,65.1458],[-40.0301,65.1518],[-40.0912,65.1663],[-40.1229,65.1662],[-40.1154,65.1449],[-40.1229,65.1374],[-40.0737,65.1291],[-40.0555,65.1226],[-40.0676,65.1101],[-40.0376,65.1029],[-39.9657,65.1077],[-39.9373,65.0965],[-39.9576,65.09],[-39.9803,65.0913],[-40.0038,65.0953],[-40.0267,65.0965],[-40.1351,65.0875],[-40.1531,65.082],[-40.1658,65.072],[-40.17,65.0555],[-40.1647,65.0408],[-40.1583,65.029],[-40.1632,65.0233],[-40.1918,65.0276],[-40.1891,65.0315],[-40.1843,65.0419],[-40.2291,65.0397],[-40.2469,65.0338],[-40.2595,65.0214],[-40.2608,65.0036],[-40.2814,65.0012],[-40.3013,65.0089],[-40.3004,65.0214],[-40.3271,65.0404],[-40.3521,65.0639],[-40.3787,65.0834],[-40.4103,65.0903],[-40.3743,65.0539],[-40.3693,65.0385],[-40.3793,65.032],[-40.4018,65.0327],[-40.4262,65.038],[-40.4416,65.0456],[-40.4784,65.0714],[-40.5653,65.1008],[-40.602,65.1238],[-40.5936,65.1393],[-40.6028,65.1452],[-40.6334,65.1449],[-40.649,65.142],[-40.6584,65.1344],[-40.671,65.1101],[-40.6635,65.1039],[-40.6786,65.0937],[-40.7045,65.0555],[-40.6987,65.0385],[-40.7072,65.0296],[-40.7198,65.0293],[-40.7324,65.046],[-40.7733,65.0692],[-40.7678,65.0723],[-40.765,65.0754],[-40.7628,65.0789],[-40.7597,65.0828],[-40.8463,65.0966],[-40.8758,65.0965]]]]}},{"type":"Feature","properties":{"name":"Jersey"},"geometry":{"type":"MultiPolygon","coordinates":[[[[-2.0827,49.2602],[-2.0679,49.2507],[-2.0207,49.2353],[-2.022,49.2255],[-2.0173,49.2214],[-2.0119,49.2153],[-2.0083,49.2125],[-2.017,49.2072],[-2.021,49.2008],[-2.022,49.1925],[-2.022,49.1814],[-2.0245,49.1713],[-2.0312,49.1715],[-2.04,49.1757],[-2.0492,49.1783],[-2.08,49.1787],[-2.097,49.1837],[-2.1202,49.1992],[-2.1289,49.2031],[-2.1379,49.2056],[-2.1448,49.2056],[-2.1529,49.1999],[-2.1606,49.1907],[-2.1687,49.1783],[-2.1772,49.1802],[-2.1897,49.1891],[-2.2001,49.192],[-2.203,49.1904],[-2.2234,49.1847],[-2.2336,49.1845],[-2.2265,49.206],[-2.2332,49.2285],[-2.242,49.248],[-2.2411,49.2602],[-2.2294,49.263],[-2.2152,49.2602],[-2.1963,49.2534],[-2.1827,49.2541],[-2.1724,49.2563],[-2.1627,49.2604],[-2.1517,49.267],[-2.1438,49.2619],[-2.122,49.2583],[-2.1107,49.2534],[-2.1039,49.2582],[-2.0976,49.2597],[-2.0827,49.2602]]]]}},{"type":"Feature","properties":{"name":"Guernsey"},"geometry":{"type":"MultiPolygon","coordinates":[[[[-2.5802,49.4936],[-2.5596,49.4993],[-2.5382,49.5098],[-2.5182,49.5155],[-2.5017,49.5067],[-2.5058,49.498],[-2.5221,49.48],[-2.5267,49.4585],[-2.5329,49.4429],[-2.5328,49.4389],[-2.5341,49.4362],[-2.542,49.4309],[-2.5521,49.4267],[-2.5587,49.4272],[-2.5648,49.4295],[-2.5731,49.4309],[-2.6693,49.4309],[-2.6735,49.4335],[-2.6708,49.4388],[-2.663,49.4438],[-2.6518,49.4452],[-2.6566,49.4594],[-2.6503,49.4637],[-2.6379,49.4639],[-2.6246,49.4657],[-2.5802,49.4936]]],[[[-2.3638,49.4468],[-2.3564,49.4404],[-2.3544,49.4278],[-2.3647,49.4179],[-2.3735,49.4116],[-2.3781,49.4127],[-2.3748,49.4192],[-2.3731,49.4243],[-2.3759,49.4304],[-2.3755,49.4355],[-2.3726,49.4381],[-2.3699,49.4421],[-2.3661,49.4457],[-2.3638,49.4468]]],[[[-2.1745,49.7314],[-2.1703,49.7287],[-2.1703,49.7232],[-2.1879,49.7106],[-2.2008,49.7057],[-2.2169,49.703],[-2.2262,49.7078],[-2.2185,49.7187],[-2.2047,49.7241],[-2.1948,49.7248],[-2.1786,49.7309],[-2.1745,49.7314]]],[[[-2.4537,49.4819],[-2.4478,49.484],[-2.4452,49.4746],[-2.4534,49.4621],[-2.4545,49.4661],[-2.4551,49.475],[-2.4537,49.4819]]]]}},{"type":"Feature","properties":{"name":"Isle of Man"},"geometry":{"type":"MultiPolygon","coordinates":[[[[-4.6121,54.057],[-4.6208,54.0696],[-4.6313,54.0706],[-4.6432,54.0666],[-4.6564,54.0638],[-4.671,54.067],[-4.6897,54.0815],[-4.7045,54.0849],[-4.726,54.079],[-4.7456,54.0674],[-4.7662,54.0592],[-4.7902,54.0638],[-4.7902,54.0712],[-4.7848,54.0731],[-4.7813,54.0748],[-4.7771,54.0762],[-4.7697,54.0775],[-4.7709,54.0968],[-4.7372,54.1249],[-4.7281,54.1426],[-4.7277,54.1726],[-4.7238,54.1855],[-4.7145,54.2003],[-4.7111,54.2099],[-4.7123,54.2166],[-4.7103,54.2206],[-4.6881,54.2238],[-4.664,54.2335],[-4.6431,54.2494],[-4.6125,54.2654],[-4.5984,54.2766],[-4.5546,54.3392],[-4.531,54.3661],[-4.4954,54.3859],[-4.442,54.4044],[-4.4044,54.4097],[-4.3857,54.4157],[-4.3678,54.419],[-4.3513,54.4138],[-4.3571,54.3994],[-4.3776,54.3619],[-4.3756,54.3483],[-4.3702,54.3409],[-4.3638,54.3243],[-4.3582,54.3176],[-4.3505,54.3148],[-4.3322,54.3134],[-4.3247,54.3102],[-4.3194,54.3046],[-4.3132,54.2956],[-4.3119,54.2872],[-4.321,54.2835],[-4.3267,54.2803],[-4.3408,54.263],[-4.3483,54.2595],[-4.3544,54.2515],[-4.3598,54.2423],[-4.3656,54.2351],[-4.3718,54.2313],[-4.3992,54.2221],[-4.3908,54.1947],[-4.4126,54.1801],[-4.4469,54.1691],[-4.4755,54.1531],[-4.4746,54.1408],[-4.5293,54.1191],[-4.5438,54.1085],[-4.5498,54.1007],[-4.5638,54.0968],[-4.5796,54.0944],[-4.5909,54.0911],[-4.5989,54.0839],[-4.6121,54.057]]]]}},{"type":"Feature","properties":{"name":"Faeroe Is."},"geometry":{"type":"MultiPolygon","coordinates":[[[[-6.6548,61.3959],[-6.6776,61.3941],[-6.6998,61.4042],[-6.7367,61.4307],[-6.8275,61.4719],[-6.8705,61.5015],[-6.8658,61.5269],[-6.8922,61.5424],[-6.9231,61.5661],[-6.946,61.5907],[-6.949,61.6088],[-6.9535,61.6137],[-6.9626,61.6287],[-6.9421,61.6287],[-6.9443,61.6324],[-6.9447,61.6334],[-6.949,61.6361],[-6.9122,61.6479],[-6.8946,61.6491],[-6.88,61.6423],[-6.9002,61.6316],[-6.9073,61.6287],[-6.8979,61.6243],[-6.8878,61.6222],[-6.877,61.6217],[-6.8658,61.6225],[-6.9142,61.6014],[-6.9142,61.5952],[-6.8257,61.6002],[-6.7991,61.5834],[-6.7375,61.579],[-6.7156,61.5679],[-6.7132,61.5544],[-6.7243,61.5465],[-6.7406,61.5449],[-6.7538,61.5505],[-6.7661,61.558],[-6.7826,61.5616],[-6.7977,61.5606],[-6.8056,61.5542],[-6.7862,61.5517],[-6.7745,61.5433],[-6.7664,61.5336],[-6.7572,61.5269],[-6.7472,61.5259],[-6.7253,61.5285],[-6.7156,61.5269],[-6.7057,61.5211],[-6.7016,61.5147],[-6.7047,61.5093],[-6.7156,61.5058],[-6.7156,61.499],[-6.674,61.4885],[-6.6776,61.4799],[-6.6866,61.4784],[-6.6981,61.4796],[-6.7094,61.4792],[-6.7436,61.47],[-6.7611,61.4689],[-6.7838,61.4723],[-6.7838,61.4648],[-6.7725,61.4636],[-6.7627,61.46],[-6.7552,61.4537],[-6.7504,61.4443],[-6.7388,61.4557],[-6.7212,61.4594],[-6.6814,61.458],[-6.6838,61.4543],[-6.6883,61.4443],[-6.6662,61.4398],[-6.6512,61.4252],[-6.6464,61.4081],[-6.6548,61.3959]]],[[[-6.6125,61.8211],[-6.6265,61.8105],[-6.6332,61.8037],[-6.6299,61.8006],[-6.6277,61.7953],[-6.6299,61.7665],[-6.6346,61.7633],[-6.6419,61.7563],[-6.651,61.7493],[-6.661,61.746],[-6.668,61.7488],[-6.7332,61.8139],[-6.7467,61.8211],[-6.8383,61.829],[-6.8544,61.8322],[-6.8677,61.8393],[-6.8733,61.8521],[-6.8776,61.8696],[-6.8991,61.8939],[-6.9073,61.9099],[-6.8843,61.9079],[-6.8419,61.8989],[-6.8217,61.8969],[-6.7897,61.8994],[-6.7777,61.8969],[-6.7682,61.8918],[-6.7541,61.8798],[-6.7429,61.8764],[-6.6669,61.866],[-6.6548,61.859],[-6.6482,61.8448],[-6.6192,61.8309],[-6.6125,61.8211]]],[[[-7.2226,62.1706],[-7.2321,62.1764],[-7.2352,62.1802],[-7.2363,62.1876],[-7.234,62.1984],[-7.2283,62.2011],[-7.2216,62.2014],[-7.2159,62.2047],[-7.2104,62.2185],[-7.2095,62.2287],[-7.2051,62.2357],[-7.1891,62.2394],[-7.2082,62.2542],[-7.2081,62.2752],[-7.1954,62.3146],[-7.1903,62.3098],[-7.1856,62.3088],[-7.1808,62.3091],[-7.175,62.3078],[-7.1064,62.3],[-7.0726,62.2903],[-7.0582,62.2767],[-7.0455,62.2524],[-6.9972,62.2072],[-6.9974,62.1842],[-6.9638,62.1789],[-6.9066,62.1555],[-6.8561,62.1479],[-6.8473,62.142],[-6.8463,62.1334],[-6.8527,62.1227],[-6.8622,62.1154],[-6.8755,62.109],[-6.8893,62.1043],[-6.9005,62.1023],[-6.813,62.1042],[-6.7981,62.0917],[-6.7841,62.0767],[-6.7794,62.0661],[-6.7876,62.0613],[-6.8459,62.0613],[-6.8459,62.0539],[-6.8105,62.0463],[-6.7429,62.0471],[-6.7156,62.034],[-6.7261,62.0217],[-6.734,62.0054],[-6.7319,61.9911],[-6.6988,61.9821],[-6.7008,61.9737],[-6.7059,61.9608],[-6.7019,61.944],[-6.7345,61.9382],[-6.765,61.9537],[-6.7939,61.9745],[-6.8569,61.9948],[-6.9101,62.0379],[-6.9455,62.0477],[-6.9598,62.05],[-6.9691,62.057],[-6.9741,62.0686],[-6.9757,62.0849],[-6.9822,62.0941],[-6.9977,62.1037],[-7.016,62.1119],[-7.0309,62.1166],[-7.1094,62.1227],[-7.1269,62.1271],[-7.1371,62.1367],[-7.1361,62.1461],[-7.1202,62.1501],[-7.1288,62.1621],[-7.1425,62.1608],[-7.1586,62.1541],[-7.175,62.1501],[-7.1856,62.1524],[-7.2137,62.1647],[-7.2226,62.1706]]]]}}]}