{"type":"FeatureCollection","source":"NESO GIS Boundaries for GB DNO Licence Areas (3 May 2024), EPSG:27700, NESO Open Data Licence","url":"https://api.neso.energy/dataset/0e377f16-95e9-4c15-a1fc-49e06a39cfa0/resource/1c6a7dc0-1b6c-443a-bc67-5f7125649434/download/gb-dno-license-areas-20240503-as-geojson.geojson","features":[{"type":"Feature","properties":{"name":"East England","operator":"UK Power Networks"},"geometry":{"type":"MultiPolygon","coordinates":[[[[599568,183257],[599695,183259],[599718,183245],[599691,183199],[599658,183194],[599517,183238],[599524,183271],[599568,183257]]],[[[552880,326281],[552820,326246],[552761,326222],[552880,326281]]],[[[552880,326281],[552892,326246],[552952,326281],[552988,326234],[553036,326258],[553086,326258],[553076,326856],[553413,326981],[553817,327199],[554083,327267],[554777,327350],[554951,327343],[555481,327278],[555644,327286],[555937,327329],[556166,327329],[556406,327289],[556576,327240],[556898,327125],[557173,327000],[557489,326796],[557936,326426],[558117,326306],[558244,326242],[558363,326202],[558478,326187],[558560,326193],[558727,326235],[558977,326341],[559389,326562],[559619,326714],[559754,326832],[560035,327232],[560366,327788],[560743,328322],[560952,328718],[561124,328914],[561598,329229],[561898,329456],[562247,329668],[562337,329749],[562615,330063],[562732,330149],[563050,330338],[563412,330669],[563643,330788],[564049,330908],[564114,330946],[564160,330995],[564240,331185],[564280,331501],[564266,332480],[564223,333091],[564241,333364],[564280,333572],[564409,333996],[564639,334572],[564821,335091],[564961,335372],[565406,336146],[565519,336401],[565613,336675],[565723,337121],[565863,337951],[566052,338628],[566171,339551],[566240,339910],[566673,341348],[566843,341812],[567041,342182],[567338,342583],[567621,342875],[568124,343263],[568291,343417],[568492,343658],[569223,344630],[569790,345232],[569928,345354],[570071,345448],[570310,345570],[570546,345651],[570718,345686],[571156,345739],[572259,345792],[572770,345792],[573945,345741],[574148,345714],[574879,345568],[575283,345524],[575629,345524],[575887,345557],[576081,345617],[576418,345794],[578501,347159],[578646,347218],[578831,347265],[579247,347335],[579576,347370],[580208,347380],[580908,347323],[582632,347051],[583574,346862],[586136,346495],[587028,346300],[587534,346264],[588343,346246],[588538,346274],[588911,346432],[589239,346543],[589821,346694],[590113,346749],[590686,346809],[592507,346901],[592895,346896],[593256,346864],[595877,346446],[596244,346405],[596489,346408],[596969,346497],[598401,346870],[598876,347002],[599434,347189],[599652,347248],[599987,347287],[600242,347285],[600802,347217],[601212,347125],[605365,345821],[606834,345402],[610037,344566],[610484,344462],[611463,344317],[613959,344060],[614433,344048],[615506,344089],[616151,344051],[616911,344029],[617471,343984],[618618,343814],[619569,343620],[620236,343461],[621976,342993],[622698,342743],[623054,342601],[623799,342205],[624670,341839],[625189,341585],[626196,340903],[627699,340050],[628462,339561],[629636,338885],[630079,338578],[630712,338091],[631179,337787],[631496,337555],[631812,337284],[632536,336541],[633261,335851],[634224,335057],[634978,334396],[635654,333898],[636463,333384],[636710,333211],[637894,332213],[638528,331646],[639276,331104],[640512,330155],[641568,329395],[642197,329052],[642603,328727],[643193,328172],[643482,327869],[644270,327224],[644755,326736],[645741,325852],[646262,325346],[647232,324443],[647702,323918],[648486,322935],[648805,322586],[649248,322141],[649487,321850],[650604,320140],[650752,319833],[650827,319540],[650918,318949],[651262,317879],[651620,316992],[651911,316209],[652288,315406],[652754,314311],[652860,313981],[653099,313066],[653599,311630],[653965,310525],[654036,310262],[654080,309922],[654076,309593],[654052,309388],[653941,308841],[653928,308577],[653970,307797],[653934,306995],[653933,306432],[654028,304562],[654034,304156],[654012,303864],[653957,303559],[653753,302975],[653741,302790],[653752,302660],[653964,301213],[654185,300393],[654332,299702],[654430,299392],[654707,298658],[655170,297342],[655332,296574],[655531,295805],[655927,294098],[655965,293844],[655965,293657],[655892,293108],[655836,292869],[655763,292653],[655576,292284],[655254,291750],[654810,290940],[654453,290383],[654372,290193],[654304,289923],[654260,289517],[654106,286735],[654128,286401],[654161,286162],[654222,285909],[654387,285363],[654416,285180],[654421,285028],[654392,284777],[654321,284461],[653981,283310],[653392,281891],[652763,280154],[652021,277835],[651587,276137],[651065,274678],[650964,274494],[650841,274351],[650681,274215],[650364,274001],[650182,273821],[649832,273406],[649510,272968],[649163,272398],[648761,271613],[648560,271137],[648448,270744],[648337,270124],[648275,269469],[648234,267914],[648264,265934],[648216,265183],[648108,264205],[648086,263804],[648067,262853],[648161,261077],[648174,260559],[648156,260285],[648120,260091],[648036,259826],[647741,259171],[647530,258634],[647281,257759],[647181,257331],[647138,257036],[647103,256365],[647067,256033],[646964,255523],[646838,254753],[646492,253022],[646414,252541],[646300,251602],[646194,249978],[646146,249693],[646040,249365],[645905,249090],[645672,248726],[645470,248488],[645191,248264],[644381,247824],[643299,247294],[642230,246735],[641530,246316],[639710,245277],[639031,244808],[638722,244537],[638560,244337],[638478,244188],[638301,243680],[638205,243487],[638087,243343],[637766,243051],[637507,242751],[637327,242487],[636784,241597],[636656,241335],[636526,240970],[636453,240705],[636360,240223],[636283,239966],[636018,239420],[635821,239115],[635671,238934],[635474,238733],[634395,237733],[634137,237520],[633615,237153],[633475,237022],[633400,236915],[633199,236462],[633026,236163],[632183,234925],[631887,234571],[631751,234450],[631570,234322],[630954,233985],[630798,233882],[630086,233236],[629946,233053],[629615,232524],[629167,231873],[629012,231573],[628766,230966],[628680,230833],[628577,230732],[628471,230670],[628371,230640],[628267,230633],[628145,230652],[628035,230695],[627921,230767],[627817,230862],[627740,230960],[627642,231154],[627582,231382],[627540,231749],[627534,232190],[627499,232344],[627410,232520],[627063,233062],[626974,233173],[626847,233296],[626632,233458],[626480,233548],[626321,233615],[626179,233642],[625935,233621],[625759,233569],[625590,233482],[625453,233358],[625450,233333],[625483,233328],[625969,233437],[626157,233444],[626371,233387],[626483,233321],[626572,233244],[626716,233051],[626788,232841],[626799,232674],[626777,232317],[626804,232121],[626851,232027],[627100,231731],[627167,231589],[627189,231471],[627180,231344],[627128,231205],[627056,231111],[626946,231029],[626813,230979],[626705,230961],[626193,230955],[626084,230916],[626000,230842],[625787,230477],[625402,230052],[625162,229675],[624837,229242],[624768,229119],[624718,228986],[624673,228778],[624650,228577],[624658,228278],[624707,228095],[624778,227915],[625480,226497],[625669,226155],[625777,225997],[625903,225861],[626122,225692],[626587,225378],[626767,225221],[626891,225072],[627017,224886],[627094,224738],[627151,224568],[627187,224321],[627177,223974],[627123,223579],[627042,223278],[626916,222990],[626402,222181],[626316,222027],[626253,221864],[626242,221798],[626255,221683],[626385,221391],[626426,221204],[626409,221033],[626365,220927],[626314,220850],[626197,220743],[626055,220679],[625863,220654],[625564,220666],[625448,220639],[625347,220579],[625223,220467],[625062,220276],[624869,220007],[624341,219150],[623874,218483],[623642,218119],[623473,217894],[623336,217752],[622917,217404],[622301,216829],[621995,216568],[621191,215995],[620800,215767],[619990,215342],[619381,214973],[618885,214638],[618678,214471],[618557,214343],[618326,213932],[618233,213823],[618127,213742],[617927,213653],[617568,213587],[617386,213513],[617189,213391],[616794,213093],[616557,212936],[616287,212787],[615898,212614],[615179,212351],[614852,212273],[613780,212159],[613101,212109],[611871,211880],[611262,211818],[610469,211685],[610098,211680],[609832,211739],[609533,211891],[609290,212069],[608740,212586],[608506,212753],[608256,212900],[607053,213540],[606798,213636],[606713,213652],[606572,213650],[606448,213617],[606267,213538],[605723,213231],[605367,213051],[604515,212691],[603784,212295],[603522,212174],[602446,211866],[601687,211746],[601424,211666],[601180,211520],[600945,211347],[599173,209953],[598963,209767],[598876,209651],[598841,209554],[598847,209473],[598873,209412],[598960,209297],[599074,209200],[599202,209139],[599273,209129],[599401,209161],[599882,209405],[600208,209548],[600897,209765],[601535,209935],[601777,209978],[602045,209977],[602277,209936],[602457,209881],[602679,209774],[603308,209349],[603890,208816],[604039,208632],[604136,208464],[604255,208129],[604309,207829],[604326,207303],[604324,206715],[604279,206413],[604064,205651],[603991,205318],[603954,205020],[603916,204258],[603947,203984],[604044,203623],[604237,203096],[604442,202666],[604483,202523],[604497,202340],[604412,201830],[604350,201292],[604218,200789],[604198,200266],[604175,200091],[604005,199553],[603860,199003],[603673,198485],[603648,198333],[603654,198173],[603685,198036],[603744,197890],[603831,197760],[603962,197623],[604268,197372],[605474,196469],[605776,196197],[605899,196029],[605966,195877],[605997,195713],[605988,195542],[605956,195409],[605902,195270],[605709,194951],[604751,193664],[603686,192274],[603358,191882],[602916,191423],[602311,190749],[602078,190531],[601165,189785],[600407,189261],[599898,188965],[599755,188866],[599536,188630],[599272,188201],[599096,188006],[598898,187850],[598744,187756],[598307,187575],[598202,187517],[598057,187377],[597641,186876],[597254,186515],[596916,186261],[596041,185708],[595270,185107],[594834,184703],[594110,183909],[593823,183639],[593623,183509],[593445,183435],[593205,183389],[592964,183395],[592704,183445],[592443,183527],[592049,183684],[591382,184004],[590881,184162],[590662,184206],[590394,184229],[589557,184223],[589369,184209],[589272,184170],[589241,184125],[589230,183970],[589278,183735],[589462,183138],[589476,182968],[589453,182822],[589374,182654],[589236,182520],[589057,182450],[588872,182450],[588718,182495],[588596,182563],[588488,182664],[588402,182789],[588278,183107],[588024,184063],[587909,184292],[587796,184390],[587690,184435],[587524,184476],[586834,184562],[586215,184664],[585345,184856],[585101,184867],[584928,184813],[584707,184651],[583548,183431],[583321,183216],[583039,182983],[582204,182449],[581922,182309],[581639,182207],[579647,181713],[579129,181509],[578836,181418],[578667,181383],[578343,181383],[577704,181477],[577454,181494],[577303,181478],[576993,181384],[576802,181351],[576554,181350],[576216,181391],[576089,181389],[575442,181283],[574894,181225],[574761,181182],[574393,181022],[574148,180962],[573909,180951],[573363,180973],[572765,180933],[572369,180887],[571456,180737],[570947,180729],[570852,180714],[570734,180666],[570613,180589],[570332,180342],[570189,180132],[570030,179752],[569980,179523],[569958,179326],[569928,178320],[569877,177815],[569681,176584],[569607,176317],[569509,176116],[569351,175919],[569118,175729],[568875,175600],[568151,175304],[567101,174973],[566126,174780],[566195,174762],[566392,174757],[566999,174795],[566850,174712],[566755,174681],[566543,174643],[566193,174616],[564065,174609],[563591,174637],[563282,174704],[563197,174744],[562917,174964],[562836,175009],[562380,175179],[562231,175280],[562134,175434],[561971,175897],[561870,176048],[561680,176237],[561519,176455],[561395,176585],[561183,176753],[560931,176996],[560763,177061],[560669,177076],[560475,177075],[560292,177033],[560213,176993],[559962,176746],[559685,176514],[559460,176228],[559183,175995],[558927,175742],[558844,175699],[558650,175644],[558322,175618],[557993,175643],[557798,175697],[557715,175740],[557458,175990],[557176,176213],[556930,176472],[556765,176559],[556290,176711],[556208,176754],[555949,176941],[555812,177011],[556010,177227],[555370,177770],[555170,178000],[554630,178510],[554090,178800],[553880,178950],[553780,178980],[553420,179020],[552890,178940],[552700,178840],[552500,178800],[551990,178720],[551890,178730],[551620,179090],[551560,179250],[551550,179500],[551490,179630],[551500,179830],[551430,180040],[551290,180320],[551200,180560],[551110,180730],[550940,180880],[550430,181130],[550170,181320],[550050,181340],[550000,181300],[549680,181380],[549420,181420],[548850,181590],[548370,181920],[548200,181980],[548077,182048],[548182,182599],[548257,183292],[548175,184126],[548057,184350],[548035,184586],[547956,184577],[547947,184629],[547892,184630],[547776,184954],[547681,185325],[547680,185464],[547692,185481],[547668,185497],[547710,185560],[547688,185575],[547688,185794],[547399,185752],[547373,185770],[547416,185911],[547536,186147],[547602,186342],[547564,186456],[547423,186691],[547367,186894],[547330,186950],[547332,187037],[547363,187156],[547425,187234],[547392,187278],[547440,187325],[547457,187309],[547523,187408],[547500,187427],[547553,187472],[547536,187556],[547585,187568],[547594,187622],[547674,187648],[547684,187665],[547700,187783],[547683,187831],[547696,187855],[547726,187863],[547705,187917],[547700,188087],[547748,188103],[547727,188171],[547661,188277],[547638,188531],[547805,188621],[547786,188655],[547777,188709],[547793,188717],[547764,188760],[547755,188795],[547773,188802],[547747,188876],[547924,188943],[547992,188953],[547949,189094],[547945,189326],[547900,189458],[547816,189578],[547665,189920],[547621,190063],[547028,191033],[546676,191521],[546492,191746],[546659,191987],[547034,192176],[547165,192323],[547161,192509],[547410,193109],[547511,193421],[547497,193503],[547385,193662],[547212,193823],[547193,193925],[547197,194014],[547049,194162],[546966,194218],[546752,194463],[546710,194577],[546728,194627],[546838,194687],[546856,194731],[546684,194950],[546646,195032],[546620,195046],[546578,195172],[546582,195270],[546628,195396],[546632,195449],[546612,195499],[546325,195938],[546217,196058],[545828,196362],[545812,196418],[545824,196461],[545900,196549],[545928,196601],[545930,196643],[545904,196673],[545856,196685],[545662,196651],[545598,196671],[545574,196699],[545488,197002],[545242,197599],[545090,197827],[545017,197976],[544865,198139],[544850,198216],[544302,198533],[544164,198646],[544006,198743],[543886,198859],[543730,198947],[543574,199062],[543469,199190],[543429,199215],[543358,199228],[543173,199436],[543110,199484],[543085,199600],[542952,199520],[542860,199435],[542827,199430],[542610,199290],[542432,199078],[542281,198965],[542223,198953],[542066,198869],[542010,198858],[541915,198742],[541857,198639],[541788,198581],[541743,198509],[541676,198443],[541621,198426],[541534,198342],[541431,198198],[541307,197924],[541292,197871],[541298,197782],[541244,197671],[541246,197524],[541218,197473],[541218,197322],[541042,196782],[541005,196574],[541005,196490],[540945,196287],[540937,196169],[540908,196081],[540900,195932],[540233,195090],[540216,194965],[540278,194847],[540282,194778],[540200,194575],[540161,194394],[540046,194207],[539922,193864],[539898,193849],[539905,193833],[539881,193802],[539886,193763],[539861,193733],[539872,193720],[539857,193709],[539856,193654],[539828,193635],[539861,193581],[539820,193562],[539846,193530],[539821,193481],[539767,193429],[539724,193430],[539725,193389],[539670,193367],[539675,193312],[539651,193275],[539606,193266],[539531,193179],[539489,193182],[539468,193142],[539434,193128],[539395,193126],[539384,193142],[539339,193118],[539307,193127],[539282,193109],[539284,193083],[539255,193051],[539183,193058],[539154,193015],[539184,192951],[539152,192910],[539172,192803],[538984,192749],[538729,192582],[538670,192525],[538626,192418],[538584,192367],[538249,192082],[538114,191940],[538029,191888],[537916,191851],[537478,191820],[537088,191765],[536938,191728],[536600,191727],[536529,191705],[536430,191631],[536375,191632],[536379,191597],[536334,191580],[536301,191528],[536302,191420],[536282,191374],[536180,191332],[536125,191262],[536090,191183],[536064,191202],[536002,191188],[535943,191106],[535866,191095],[535778,191010],[535758,190889],[535695,190852],[535603,190668],[535536,190670],[535509,190655],[535505,190585],[535462,190489],[535433,190359],[535422,190181],[535378,190108],[535352,189985],[535338,189966],[535244,189933],[535160,189868],[535111,189742],[534959,189690],[534946,189657],[535017,189518],[535027,189451],[534845,189228],[534811,189086],[534815,189005],[534763,189005],[534706,188955],[534640,188838],[534424,188643],[534364,188530],[534376,188464],[534447,188321],[534527,188086],[534406,188107],[534328,188193],[534172,188192],[533771,188077],[533589,188061],[533414,188013],[533427,188042],[533301,188081],[533283,188019],[533086,188052],[532886,187995],[532608,187947],[532459,187951],[532345,187898],[532127,187876],[532037,187892],[531995,187946],[531979,188001],[531958,188004],[531857,187940],[532049,187472],[531725,187055],[531461,186781],[531185,187085],[531055,187204],[530726,187434],[530761,187465],[530646,187596],[530693,187649],[530682,187667],[530383,187962],[530118,187867],[530039,187801],[529990,187780],[529847,187805],[529606,187737],[529453,187656],[529330,187543],[529098,187378],[528956,187257],[528843,187213],[528842,187231],[528705,187318],[528395,187410],[528316,187453],[527942,187458],[527686,187499],[527308,187511],[527155,187500],[526973,187424],[526821,187400],[526645,187234],[526594,187234],[526433,187358],[526382,187261],[526181,187186],[525981,187016],[525770,186929],[525750,186813],[525603,186734],[525564,186678],[525535,186427],[525502,186314],[525460,186293],[525386,186298],[525360,186246],[525268,186205],[525230,186166],[525084,186198],[525111,186106],[525066,186085],[524990,185973],[524982,185903],[524913,185774],[524927,185681],[524839,185671],[524484,185572],[524469,185696],[524268,185619],[524188,185724],[524077,185657],[523951,185547],[523589,186002],[523408,186301],[523282,186472],[523052,186759],[522860,186937],[522524,187376],[522487,187351],[522446,187354],[522405,187404],[522371,187408],[522387,187431],[522374,187438],[522356,187431],[522354,187409],[522323,187423],[522269,187413],[522232,187423],[522228,187388],[522200,187377],[522222,187355],[522213,187347],[522145,187399],[522117,187372],[522072,187377],[522064,187410],[522029,187388],[522015,187409],[522009,187386],[521991,187385],[521970,187451],[521897,187458],[521897,187423],[521808,187400],[521789,187401],[521772,187429],[521715,187356],[521689,187355],[521654,187384],[521605,187316],[521654,187254],[521622,187168],[521646,187099],[521616,187062],[521619,187029],[521566,187022],[521589,186988],[521582,186971],[521551,186966],[521509,186984],[521483,186964],[521433,187010],[521396,186947],[521358,186947],[521384,186983],[521374,186989],[521314,186923],[521245,186911],[521226,186850],[521202,186827],[521148,186842],[521156,186858],[521190,186860],[521183,186880],[521100,186878],[521044,186864],[521004,186819],[520904,186756],[520809,186755],[520785,186673],[520702,186541],[520627,186467],[520560,186366],[520593,186320],[520600,186254],[520589,186227],[520547,186191],[520465,186170],[520419,186183],[520380,186163],[520367,186125],[520409,186038],[520362,185973],[520367,185888],[520349,185865],[520318,185867],[520271,185889],[520274,185913],[520200,185850],[520167,185673],[520124,185647],[520166,185594],[520196,185634],[520209,185600],[520236,185622],[520265,185603],[520297,185467],[520256,185338],[520326,185260],[520328,185223],[520295,185158],[520112,184950],[520101,184898],[520115,184748],[519998,184572],[519928,184367],[519883,184316],[519911,184290],[519804,184245],[519735,184196],[519616,184026],[519483,183782],[519376,183658],[519015,183373],[518981,183414],[518739,183280],[518765,183255],[518712,183192],[518756,183154],[518698,183086],[518659,183041],[518568,183154],[518533,183157],[518511,183181],[518411,183178],[518336,183158],[518314,183190],[518283,183200],[518220,183177],[518096,183011],[518012,182935],[517823,182810],[517495,182934],[517525,182994],[517575,183018],[517596,183378],[517580,183627],[517402,183624],[517413,183814],[517500,183906],[517543,183841],[517533,183999],[517432,183999],[517395,184064],[517427,184199],[517407,184231],[517366,184251],[517362,184278],[517486,184286],[517489,184298],[517422,184386],[517316,184465],[517208,184515],[517095,184590],[515994,185146],[515929,185237],[515880,185272],[515764,185296],[515621,185440],[515564,185470],[515318,185561],[514988,185594],[514888,185627],[514795,185690],[514659,185727],[514672,185789],[514647,185823],[513764,185563],[513527,185351],[513463,185326],[513411,185332],[513342,185309],[513349,185291],[513334,185278],[513267,185278],[513076,185212],[513089,185201],[512968,185147],[512939,185166],[512902,185135],[512877,185164],[512696,185046],[512576,185230],[512378,185093],[512212,184942],[512058,184827],[511450,184524],[511394,184532],[511379,184510],[511396,184416],[511132,184437],[511196,184190],[511288,184225],[511364,183982],[511381,183847],[511229,183818],[510789,183836],[510689,183822],[510477,183743],[510355,184138],[510255,184352],[509858,184352],[509798,184335],[509713,184375],[509526,184408],[509420,184402],[509355,184385],[509315,184317],[509032,184276],[508568,184325],[508497,184356],[508456,184419],[508443,184476],[508463,184534],[508494,185099],[508518,185147],[508508,185171],[508542,185240],[508524,185342],[508592,185483],[508576,185718],[508623,185768],[508595,185843],[508443,185993],[508232,186096],[508027,186310],[508030,186358],[508114,186542],[508349,186825],[508174,186904],[507875,187379],[507782,187437],[507629,187645],[507653,187870],[507633,188002],[507592,188078],[507558,188517],[507462,188973],[507427,189027],[507182,189154],[507097,189223],[507024,189312],[506987,189396],[506988,189427],[507057,189578],[507096,189619],[507387,189747],[507502,189750],[507597,189777],[507358,190129],[507332,190195],[507337,190443],[507262,190691],[507256,190752],[507398,191161],[507377,191244],[507309,191333],[507221,191398],[506920,191520],[506601,191678],[506094,192000],[505530,192560],[505000,192902],[504744,193098],[504659,193236],[504632,193257],[504505,193512],[504459,193487],[504429,193490],[504319,193544],[504283,193538],[504227,193553],[504188,193612],[504163,193620],[504102,193604],[503963,193470],[503943,193348],[503904,193306],[503909,193274],[503985,193164],[504085,193074],[504089,193040],[504078,192949],[504043,192896],[504041,192837],[503936,192734],[503930,192533],[503972,192453],[504016,192413],[504072,192406],[504158,192369],[504177,192314],[504256,192228],[504264,192171],[504161,191746],[504122,191726],[504104,191665],[504104,191555],[504061,191421],[504072,191387],[504036,191315],[504048,191196],[504080,191144],[504072,191123],[504038,191112],[504024,191066],[504072,191003],[504121,190770],[504170,190629],[504156,190570],[504185,190425],[504246,190366],[504214,190244],[504160,190188],[504122,190185],[504065,190229],[503984,190232],[503931,190120],[503948,190048],[503870,190035],[503763,190069],[503699,190050],[503206,190029],[502798,190075],[502699,190116],[502623,190175],[502551,190272],[502467,190519],[502437,190539],[502376,190860],[502287,191105],[502280,191179],[502154,191496],[502141,191570],[502107,191630],[502003,191678],[501879,191926],[501722,192871],[501544,193314],[501434,193929],[501441,194027],[501514,194094],[501537,194173],[501400,194220],[501233,194237],[501186,194259],[501194,194445],[501276,194754],[501458,195092],[501904,195690],[502122,195848],[502261,195983],[502354,196115],[502245,196197],[501708,196763],[501469,196722],[501458,196768],[501353,196738],[500868,196736],[500832,196747],[500702,196979],[500568,197180],[500532,197200],[500325,197207],[500284,197187],[500243,197125],[500195,197098],[500079,197066],[499995,197073],[499940,197107],[499938,197132],[499967,197173],[499940,197218],[499879,197182],[499797,197337],[499863,197414],[499835,197507],[499430,197619],[499371,197580],[499371,197553],[499296,197523],[499262,197473],[499237,197485],[499223,197473],[499194,197394],[498925,197157],[498982,197077],[498921,197018],[498718,196954],[498729,196845],[498679,196822],[498698,196736],[498634,196713],[498638,196700],[498588,196677],[498636,196568],[498356,196351],[498274,196315],[498172,196217],[498079,196097],[498129,195955],[498202,195864],[498117,195767],[498038,195751],[497999,195780],[497999,195510],[497000,195510],[497000,193928],[496952,193933],[496811,193903],[496616,193801],[496472,193746],[496497,193589],[496477,193498],[496465,193268],[496438,193179],[496388,193116],[496185,193277],[496108,193316],[495801,193361],[495542,193364],[495521,193229],[495478,193141],[495460,193134],[495359,193202],[495312,193261],[495232,193289],[495132,193357],[494979,193580],[494929,193607],[494795,193619],[494713,193648],[494581,193751],[494518,193767],[494388,193732],[494306,193730],[494210,193751],[494194,193782],[494131,193812],[493996,193844],[493760,193839],[493441,193878],[493164,193853],[493075,193862],[493000,193837],[493002,194998],[491990,194998],[491988,195940],[490581,195938],[490390,196245],[490359,196231],[489968,196656],[489627,196999],[488928,197543],[488868,197437],[488787,197475],[488735,197458],[488672,197581],[488519,197790],[488452,198028],[488409,198077],[488423,198109],[488244,198167],[487933,198143],[487833,198188],[487770,198268],[487711,198410],[487641,198482],[487590,198699],[487637,198984],[487595,199265],[487594,199539],[487476,199694],[487323,200018],[487220,200098],[487100,200155],[487049,200193],[487015,200247],[486851,200127],[486586,199984],[486501,199977],[486424,199935],[486342,199732],[486269,199687],[486169,199791],[486085,199972],[485946,200202],[485798,200235],[485733,200296],[485632,200359],[485356,200428],[485158,200352],[485109,200316],[485001,200318],[484889,200246],[484723,200103],[484668,199999],[484653,199881],[484590,199730],[484532,199738],[484467,199629],[484413,199685],[484355,199645],[484299,199698],[484270,199701],[484239,199697],[484162,199631],[484121,199508],[484120,199418],[484096,199380],[484123,199144],[484115,199115],[483872,198898],[483715,198808],[483628,198532],[483601,198300],[483557,198228],[483767,197685],[483788,197594],[483771,197464],[483652,197258],[483584,197060],[483472,196918],[483361,196729],[483121,196436],[483054,196387],[483047,196302],[482750,196151],[482863,196008],[480807,196007],[480780,196057],[480676,196163],[480337,196412],[480258,196502],[480233,196557],[480046,196746],[479848,196996],[479797,197028],[479780,197013],[479614,197127],[479574,197281],[479511,197415],[479337,197457],[479136,197574],[478933,197597],[478900,197616],[478854,197689],[478835,197887],[478767,198001],[478751,198000],[478704,198066],[478615,198055],[478463,198223],[478332,198316],[478229,198289],[478169,198291],[478078,198345],[478044,198334],[477994,198486],[477942,198554],[477719,198641],[477472,198593],[477442,198566],[477319,198582],[477065,198658],[476964,198531],[476869,198455],[476772,198346],[476679,198307],[476663,198210],[476635,198147],[476450,197905],[476459,197772],[476491,197708],[476476,197643],[476081,197784],[475503,198069],[475478,198044],[475452,198066],[475349,198247],[475422,198359],[475568,198531],[475671,198720],[475634,198729],[475622,198772],[475679,198897],[475590,199021],[475471,199139],[475324,199443],[475174,199670],[475036,200000],[474939,200152],[474849,200281],[474753,200393],[474704,200423],[474615,200518],[474430,200748],[474058,201455],[474075,201506],[474055,201560],[473982,201642],[473896,201786],[473727,202117],[473624,202046],[473599,202082],[473519,202030],[473464,202250],[473470,202375],[473504,202481],[473562,202505],[473569,202520],[473466,202913],[473322,203166],[473254,203223],[473176,203212],[472832,203562],[472535,203902],[472432,204045],[472394,204184],[472468,204230],[472567,204384],[472418,204335],[472275,204327],[472090,204398],[471895,204513],[471984,204247],[471910,203888],[471919,203874],[471805,203564],[471568,203073],[471487,202962],[471365,203098],[471326,203057],[471166,202981],[471011,202965],[471048,202840],[471080,202802],[470990,202725],[470936,202636],[470881,202671],[470727,202859],[470667,202544],[470683,202484],[470724,202421],[470534,202283],[470399,202120],[470373,202120],[470312,202166],[470137,202250],[470046,202274],[469959,202424],[469926,202536],[469893,202538],[469850,202463],[469785,202402],[469614,202467],[469451,202554],[469321,202679],[469193,202775],[468997,202883],[468769,203038],[468725,203095],[468638,203101],[468636,203079],[468225,202864],[468297,202601],[468156,202631],[467943,202745],[467514,202786],[467416,202826],[467409,202816],[467294,202881],[467349,202972],[467327,203011],[467409,203122],[467390,203150],[467433,203226],[467409,203239],[467409,203263],[467473,203329],[467476,203355],[467430,203459],[467473,203503],[467490,203556],[467617,203689],[467685,203883],[467689,203923],[467655,203926],[467647,204077],[467621,204152],[467550,204240],[467750,204366],[466970,205416],[466858,205384],[466840,205512],[466792,205554],[466754,205550],[466659,205486],[466565,205489],[466537,205543],[466496,205479],[466456,205507],[466456,205548],[466430,205551],[466369,205534],[466344,205553],[466310,205536],[466285,205559],[466230,205518],[466213,205547],[466154,205527],[466104,205586],[466055,205585],[465994,205534],[465965,205577],[466015,205600],[466014,205617],[465982,205625],[465991,205675],[465979,205695],[465877,205741],[465812,205864],[465635,205937],[465591,205985],[465548,206000],[465478,206061],[465445,206047],[465454,206100],[465332,206368],[465239,206344],[465130,206374],[464748,206518],[464699,206561],[464623,206508],[464579,206538],[464541,206516],[464514,206561],[464416,206646],[464410,206669],[464431,206710],[464377,206782],[464087,207031],[463985,207025],[463941,207056],[463839,207028],[463748,207047],[463725,207011],[463668,206988],[463640,206915],[463567,206879],[463539,206828],[463378,207253],[463405,207262],[463394,207678],[463493,208019],[463632,208260],[463583,208344],[463656,208463],[463520,208561],[463528,208640],[463303,208750],[463278,208717],[463245,208739],[463266,208768],[463134,208865],[463047,208978],[462922,209040],[462783,209175],[462487,209301],[462306,209355],[462331,209470],[461749,209597],[461776,209630],[461463,209822],[461112,210171],[460657,210185],[460653,210328],[460592,210347],[460681,210559],[460793,210769],[460745,210853],[460541,210977],[460696,211274],[460871,211423],[460959,211538],[460835,211604],[460787,211655],[460722,212103],[460702,212106],[460430,212460],[460479,212494],[460524,212679],[460563,212761],[460599,212729],[460708,212758],[460847,212807],[460913,212870],[460933,212951],[460950,213204],[461029,213313],[461186,213376],[461447,213557],[461187,213663],[461166,213650],[461097,213697],[460929,213900],[460832,213920],[460730,214036],[460665,214168],[460527,214338],[460507,214385],[460529,214437],[460427,214567],[460283,214816],[460235,214852],[460133,214870],[460048,214920],[460022,214979],[460014,215078],[459795,215142],[459662,215242],[459636,215236],[459509,215338],[459312,215426],[459304,215469],[459373,215532],[459510,215614],[459837,215885],[460100,215976],[460229,216201],[460427,216353],[460604,216671],[460645,216665],[460727,216620],[460934,216487],[461213,216243],[461526,216236],[461611,216206],[461781,216181],[461937,216118],[461969,216060],[462083,215927],[462309,215795],[462329,215752],[462403,215708],[462639,215484],[463998,215453],[464000,216466],[464861,216464],[464867,216480],[464723,216570],[464702,216838],[464602,216986],[464737,217082],[464424,217550],[464441,217573],[464424,217589],[464620,217700],[464614,217738],[464633,217750],[464604,217786],[464614,217800],[464591,217836],[464627,217873],[464591,217924],[464618,217944],[464537,218084],[464568,218107],[464560,218122],[464591,218137],[464570,218170],[464598,218189],[464535,218277],[464545,218281],[464497,218450],[464518,218458],[464405,218897],[464468,218926],[464437,219014],[464516,219053],[464435,219258],[464506,219260],[464504,219287],[464453,219427],[464172,219974],[464263,219984],[464391,220042],[464427,220038],[464485,220104],[464514,220019],[464548,219991],[464647,220099],[464662,220100],[464698,220055],[464786,220019],[464837,220055],[464901,220058],[464924,220101],[465001,220090],[465016,220104],[465110,220126],[465082,220221],[465099,220258],[465128,220256],[465191,220178],[465236,220162],[465267,220184],[465297,220254],[465386,220263],[465438,220341],[465549,220349],[465585,220431],[465613,220449],[465656,220432],[465693,220396],[465770,220428],[465856,220376],[465954,220393],[465996,220372],[466019,220292],[466066,220328],[466085,220327],[466102,220301],[466137,220312],[466141,220287],[466268,220215],[466322,220373],[466319,220401],[466402,220587],[466585,220829],[466692,220910],[466718,220948],[466837,220882],[466871,220940],[466904,220963],[466901,221789],[467412,221789],[467501,221886],[467704,221963],[467783,221969],[467825,222000],[468212,222000],[468212,222343],[468258,222410],[468372,222445],[468529,222454],[468616,222426],[468742,222326],[468799,222316],[468900,222314],[468978,222359],[469124,222360],[469162,222387],[469202,222391],[469347,222601],[469461,222725],[469516,222590],[469587,222506],[469617,222489],[469718,222490],[469849,222460],[469893,222440],[469942,222390],[469968,222389],[469979,222405],[469983,222376],[470000,222375],[470000,222707],[470352,222707],[470393,222803],[470426,222969],[470536,223055],[470602,223041],[470656,222983],[470766,222933],[470771,222871],[470813,222799],[471943,222799],[471996,222827],[472044,222768],[472148,222815],[472190,222817],[472270,222773],[472401,222752],[472489,222650],[472702,222646],[472865,222570],[472888,222522],[472889,222461],[472908,222449],[473037,222447],[473291,222396],[473472,222287],[473781,222144],[473971,222027],[474079,221987],[474197,221879],[474179,221749],[474184,221670],[474265,221616],[474419,221621],[474731,221718],[474766,221684],[474857,221693],[474930,221633],[475201,221783],[475220,221778],[475233,221729],[475354,221696],[475417,221732],[475477,221845],[475571,221896],[475600,222001],[476027,222001],[476063,221756],[476228,221265],[476318,220854],[476371,220799],[476439,220776],[476482,220706],[476534,220689],[476594,220761],[476588,220938],[476778,220997],[476846,221000],[476918,221041],[476943,221001],[477799,221001],[477800,221181],[477747,221284],[477886,221403],[477915,221539],[477951,221534],[477999,221655],[478018,221745],[478013,221794],[478044,221865],[478047,221945],[478083,222042],[478080,222165],[478096,222197],[480429,222198],[480486,222360],[480489,222495],[480509,222596],[480531,222607],[480565,222587],[480604,222526],[480736,222604],[480879,222734],[480943,222643],[481099,222698],[481117,222667],[481198,222696],[481411,222716],[481559,222698],[481599,222712],[481746,222710],[481810,222682],[481868,222678],[481950,222693],[482047,222742],[482081,222778],[482219,222796],[482276,222845],[482479,222795],[482516,222719],[482515,222637],[482462,222484],[482466,222363],[482491,222319],[482522,222311],[482518,222283],[482542,222254],[482562,222187],[482548,222162],[482555,222134],[482536,222114],[482584,222024],[482601,222040],[482588,222067],[482601,222099],[482593,222126],[482620,222133],[482612,222166],[482650,222171],[482720,222227],[482677,222266],[482681,222298],[482736,222333],[482793,222339],[482839,222379],[482838,222408],[482870,222402],[482888,222451],[482943,222433],[482965,222469],[482937,222487],[482910,222477],[482915,222530],[482936,222533],[482918,222584],[482945,222632],[482940,222748],[482916,222773],[482933,222891],[483004,222977],[483029,222970],[483059,223046],[483041,223054],[483046,223078],[483081,223101],[483120,223186],[483159,223193],[483159,223207],[483124,223210],[483152,223245],[483119,223247],[483149,223278],[483159,223337],[483199,223326],[483261,223402],[483287,223391],[483295,223419],[483323,223409],[483317,223385],[483351,223352],[483366,223377],[483360,223407],[483388,223413],[483390,223448],[483419,223428],[483436,223464],[483505,223498],[483541,223498],[483569,223529],[483565,223550],[483638,223577],[483668,223573],[483709,223539],[483800,223525],[483828,223506],[483853,223522],[483885,223515],[483982,223594],[484094,223629],[484154,223629],[484170,223662],[484191,223660],[484207,223685],[484223,223671],[484272,223679],[484308,223735],[484330,223726],[484368,223761],[484413,223755],[484420,223737],[484476,223751],[484689,223643],[484756,223629],[484799,223527],[484934,223420],[484963,223464],[484987,223455],[485008,223475],[485024,223512],[485075,223496],[485160,223782],[485320,223731],[485487,223811],[485673,223978],[485818,224282],[485985,224484],[486071,224524],[486107,224561],[486250,224850],[486289,224902],[486342,224935],[486477,225156],[486551,225215],[486740,225270],[487001,225480],[487243,225724],[487093,225861],[487029,225960],[486981,225991],[486828,226154],[486687,226259],[486466,226501],[486308,226638],[486216,226784],[486186,226871],[486143,226924],[486123,226999],[486071,227098],[486068,227142],[485851,227301],[485901,227367],[485833,227445],[485723,227522],[485682,227585],[485724,227658],[485929,227741],[485971,227802],[486012,227794],[486079,227818],[486233,227931],[486244,228013],[486424,228118],[486474,228211],[486695,228273],[486792,228340],[486912,228336],[486961,228291],[487105,228319],[487155,228337],[487177,228363],[487231,228367],[487294,228415],[487414,228467],[487253,228728],[487029,228977],[487046,228992],[486926,229163],[486847,229139],[486725,229221],[486731,229244],[486355,229467],[486374,229544],[486155,229728],[486125,229761],[486139,229780],[486067,229857],[485895,229987],[485889,230019],[485769,230126],[485954,230282],[485962,230418],[485999,230480],[486002,230519],[486069,230523],[486116,230713],[486200,230703],[486224,230742],[486288,230734],[486311,230781],[486328,230775],[486440,230835],[486628,230904],[487156,231158],[487301,231195],[487348,231267],[487463,231321],[487744,231510],[487821,231544],[487885,231553],[487999,231615],[487999,230500],[488382,230500],[488376,230426],[488456,230359],[488452,230301],[488407,230314],[488402,230299],[488426,230221],[488480,230177],[488495,230143],[488496,229504],[489232,229504],[489217,229429],[489190,229413],[489175,229352],[489019,229229],[489027,229188],[489014,229144],[488968,229103],[488951,229007],[489913,229007],[490021,229087],[490028,229141],[490097,229271],[490186,229498],[490509,229502],[490509,229695],[491417,229695],[491417,230000],[492463,230000],[492469,230066],[492500,230103],[492532,230235],[492564,230270],[492588,230349],[492581,230543],[492609,230629],[492588,230701],[492634,230776],[492736,230829],[492617,230936],[492644,231037],[492695,231077],[492752,231087],[492796,231151],[492976,231201],[493111,231285],[493048,231400],[492951,231515],[492872,231712],[492741,231845],[492528,232152],[492451,232217],[492366,232365],[492354,232427],[492390,232555],[492356,232620],[492442,232702],[492399,232786],[492388,232862],[492419,232930],[492415,233000],[491488,233000],[491488,234000],[492063,234000],[491964,234315],[492098,234337],[492124,234355],[492164,234541],[492245,234671],[492317,234828],[492328,234885],[492308,234914],[492309,234959],[492425,235139],[492625,235324],[492702,235446],[492778,235500],[493017,235515],[493017,235536],[493151,235585],[493145,235594],[493177,235609],[493123,235777],[493102,235796],[493143,235822],[493089,235896],[492979,235981],[492932,235947],[492916,235966],[492904,235958],[492887,235985],[492923,236012],[492842,236055],[492819,236051],[492824,236073],[492781,236135],[492803,236149],[492760,236187],[492928,236311],[492897,236396],[492898,236497],[492959,236667],[493018,236780],[493064,236814],[493090,236809],[493125,236829],[493395,237011],[493397,237056],[493313,237131],[493350,237198],[493205,237258],[493231,237337],[493192,237367],[493229,237495],[493138,237518],[493174,237597],[493170,237623],[493238,237744],[493066,237837],[493071,237865],[493135,237944],[493162,238030],[493166,238230],[493122,238329],[493167,238433],[493228,238952],[493035,239103],[493027,239138],[492989,239159],[492946,239253],[492836,239313],[492746,239289],[492642,239317],[492533,239278],[492501,239298],[492503,241378],[492569,241496],[492738,241680],[493072,241794],[493208,241907],[493254,242045],[493407,242355],[493411,242518],[493489,242724],[493478,242797],[493584,243036],[493621,243085],[493816,243253],[493919,243425],[494004,243488],[494101,243525],[494148,243643],[494255,243783],[494363,243768],[494430,243716],[494551,243762],[494667,243869],[494756,243927],[494871,244192],[495013,244329],[495144,244403],[495249,244436],[495347,244542],[495416,244565],[495450,244558],[495618,244661],[495578,244813],[495518,244948],[495570,245020],[495691,245083],[495703,245199],[495687,245212],[495694,245258],[495711,245258],[495719,245433],[495819,245573],[495927,245624],[496124,245670],[496202,245742],[496128,245858],[496083,246094],[496226,246232],[496309,246419],[496415,246288],[496441,246202],[496501,246145],[496518,246183],[496543,246180],[496631,245893],[496767,245677],[496751,245643],[496807,245615],[496851,245699],[496924,245749],[497136,246086],[496940,246310],[496642,246545],[496575,246750],[496547,246755],[496451,246928],[496289,247041],[496133,247258],[496100,247384],[496157,247512],[496148,247625],[496165,247694],[496110,247972],[496015,248177],[496025,248317],[496015,248412],[495827,248676],[495792,248764],[495721,248824],[495644,248924],[495589,249063],[495432,249306],[495405,249327],[495237,249299],[495097,249315],[494939,249312],[494728,249217],[494628,249211],[494297,249370],[494140,249410],[494071,249449],[494057,249483],[493965,249567],[493944,249621],[493870,249667],[493741,249706],[493546,249736],[493523,249864],[493488,249876],[493500,250041],[493482,250084],[493529,250088],[493535,250158],[493563,250218],[493422,250369],[493370,250498],[493000,250504],[493001,251433],[493086,251384],[493099,251408],[493413,251438],[493656,251551],[493738,251603],[493769,251654],[493772,251740],[493793,251792],[493755,251806],[493782,251912],[493772,251971],[493793,252024],[493788,252067],[493816,252142],[493787,252193],[493795,252226],[493774,252239],[493745,252346],[493768,252454],[493694,252659],[493519,252885],[493490,252887],[493449,252917],[493438,252962],[493445,253117],[493550,253327],[493717,253534],[493841,253559],[493890,253595],[493883,253657],[493932,253884],[493883,253959],[493810,254130],[493766,254187],[493776,254273],[493829,254353],[493917,254577],[494000,254648],[494027,254647],[494083,254735],[494102,254795],[494207,254923],[494207,254968],[494241,254986],[494299,254984],[494324,255003],[494279,255146],[494332,255342],[494296,255391],[494323,255428],[494313,255532],[494340,255606],[494373,255839],[494463,256088],[494604,256206],[494638,256257],[494703,256267],[494799,256240],[494835,256251],[495016,256430],[495054,256561],[495163,256603],[495247,256600],[495314,256543],[495458,256544],[495518,256496],[495541,256531],[495560,256532],[495640,256466],[495682,256461],[495908,256486],[496036,256548],[496314,256798],[496395,256921],[496496,257180],[496534,257416],[496570,257436],[496558,257507],[496587,257564],[496584,257611],[496603,257662],[496639,257677],[496674,257736],[496701,257744],[496804,257840],[496860,257855],[496893,257883],[497062,257917],[497140,257913],[497161,257905],[497177,257831],[497220,257800],[497267,257802],[497355,257837],[497533,257763],[497589,257774],[498072,257756],[498175,257786],[498249,257876],[498416,257917],[498478,257901],[498510,257847],[498556,257811],[498680,257775],[498944,257832],[499079,257879],[499409,258194],[499434,258245],[499398,258280],[499402,258318],[499544,258505],[499596,258553],[499618,258548],[499661,258581],[499645,258605],[499672,258653],[499661,258765],[499616,258827],[499599,258892],[499634,258874],[499656,258906],[499804,258995],[499848,258992],[500001,259051],[500227,259054],[500301,259010],[500361,259037],[500442,259047],[500634,259021],[500765,258977],[501105,258976],[501160,258968],[501200,258942],[501402,258621],[501416,258501],[501451,258435],[501472,258292],[501585,258051],[501577,257990],[501600,257977],[501608,257930],[501652,257895],[501687,257801],[501723,257791],[501743,257756],[501727,257590],[501626,257380],[501672,257363],[501619,257014],[501848,257040],[502079,257046],[502215,257078],[502398,257153],[502581,257141],[503368,257408],[503419,257429],[503463,257473],[503376,257640],[503375,257667],[503419,257801],[503418,257861],[503484,257983],[503577,258360],[503645,258445],[503661,258515],[503734,258680],[503787,258738],[503833,258931],[503884,259051],[503887,259451],[504009,259681],[504151,259849],[504173,259924],[504209,259942],[504179,259985],[504384,260266],[504435,260310],[504525,260351],[504652,260390],[504779,260571],[504821,260574],[504861,260650],[504932,260821],[504934,260875],[504911,260953],[504936,261117],[504916,261195],[504981,261367],[504954,261518],[504971,261671],[505054,261783],[505153,261835],[505222,261894],[505278,261974],[505302,262279],[505380,262653],[505461,262764],[505738,263017],[505775,263122],[505756,263285],[505851,263425],[505767,263519],[505943,263588],[505823,263839],[505771,263903],[505778,263920],[505681,264021],[505697,264081],[505620,264141],[505792,264435],[505620,264554],[505660,264607],[505670,264740],[505607,264764],[505583,264744],[505501,264765],[505238,264856],[505202,264874],[505219,264930],[505206,264973],[505000,264984],[505000,265201],[504055,265201],[504010,265256],[503927,265296],[504162,265384],[504228,265390],[504297,265435],[504374,265544],[504389,265596],[504510,265808],[504559,265868],[504641,266172],[504763,266294],[504844,266263],[504908,266205],[505047,266179],[505059,266318],[505113,266487],[505006,266531],[504992,266551],[505000,266604],[504952,266591],[504904,266652],[504849,266501],[504833,266497],[504726,266622],[504772,266746],[504503,266922],[504477,266907],[504314,266987],[504078,267058],[504073,267102],[504106,267268],[503830,267359],[503428,267442],[503385,267425],[503228,267463],[503187,267413],[503138,267405],[502919,267572],[502887,267631],[502658,267686],[502458,267972],[502600,268088],[502765,268160],[502791,268193],[502868,268227],[502983,268314],[503016,268395],[503007,268426],[502814,268574],[502586,268894],[502288,268997],[502059,269022],[501737,269023],[501584,269154],[501438,269251],[501206,269344],[501396,269555],[500977,269769],[500994,269824],[500989,269874],[501192,269876],[501535,270002],[503979,270001],[504101,270165],[504552,270462],[504574,271186],[504724,271227],[504715,271381],[504675,271618],[504543,271902],[504572,272154],[504572,272307],[504536,272308],[504494,272254],[504168,272376],[503436,272507],[503597,272866],[503772,273163],[503798,273235],[503814,273363],[503788,273419],[503746,273460],[503608,273501],[503498,273578],[503353,273708],[503337,273779],[503132,273874],[502980,274008],[502851,274185],[502715,274336],[502684,274365],[502516,274436],[502330,274625],[502293,274847],[502283,275031],[502241,275190],[502260,275363],[502271,275389],[502336,275381],[502364,275447],[502564,275663],[502744,275924],[502851,276019],[502996,276182],[504250,276182],[504254,276862],[504351,277187],[504642,277060],[504733,277177],[504748,277218],[504813,277219],[505134,277149],[505127,277340],[505266,277396],[505257,277516],[505506,277431],[505622,277341],[505855,277259],[506023,277338],[506153,277440],[506284,277586],[506313,277599],[506426,277762],[506794,277644],[506797,277824],[506777,277968],[506722,278041],[506606,278271],[506721,278734],[506795,278745],[506915,278856],[507271,279118],[507294,279094],[507422,279169],[507489,279249],[507473,279266],[507543,279319],[507587,279332],[507875,279594],[507564,279733],[507599,279966],[507606,279983],[507641,279988],[507675,280063],[507760,280376],[507764,280462],[508053,280589],[508129,280608],[508196,280604],[508315,280650],[508609,280786],[508860,280924],[508903,280974],[509056,281251],[509447,281442],[509733,281780],[509773,281878],[509996,282055],[510271,282338],[510509,282470],[510701,282601],[510941,282690],[511065,282713],[511197,282773],[511436,282984],[511265,283060],[511153,283145],[511063,283087],[510966,283129],[510945,283221],[510882,283323],[510880,283351],[510779,283348],[510814,283476],[510899,283463],[510974,283646],[510881,283689],[510974,283830],[511077,284103],[511359,284439],[511326,284493],[511364,284560],[511435,284626],[511435,284712],[511357,284815],[511318,284894],[511540,285109],[511855,285515],[511946,285707],[511982,285889],[511985,285991],[512048,286104],[512173,286276],[512253,286198],[512283,286269],[512393,286375],[512442,286465],[512561,286607],[512698,286668],[512781,286735],[512680,286901],[512721,286984],[512580,287081],[512310,287208],[512274,287254],[512246,287342],[512206,287385],[512258,287469],[512250,287503],[512341,287958],[512275,288081],[512225,288102],[512149,288255],[512152,288330],[512168,288358],[512149,288464],[512089,288516],[512062,288563],[512018,288565],[511987,288638],[511950,288648],[511915,288706],[511835,288736],[511777,288862],[511738,288905],[511709,288911],[511704,288959],[511672,289000],[511673,289033],[511606,289116],[511603,289148],[511574,289152],[511582,289176],[511563,289210],[511527,289234],[511517,289260],[511496,289254],[511489,289276],[511492,289301],[511531,289316],[511528,289351],[511577,289401],[511567,289438],[511606,289513],[511555,289611],[511567,289708],[511537,289751],[511500,289767],[511516,289806],[511483,289848],[511483,289893],[511464,289927],[511491,289962],[511468,290012],[511469,290061],[511514,290125],[511516,290184],[511531,290194],[511554,290182],[511569,290236],[511556,290277],[511597,290381],[511619,290383],[511667,290429],[511708,290528],[511739,290523],[511746,290552],[511771,290564],[511773,290593],[511833,290641],[511871,290644],[511893,290717],[511946,290757],[511963,290801],[512020,290832],[512058,290904],[512118,291070],[512098,291120],[512105,291161],[512079,291217],[512108,291335],[512076,291351],[512017,291312],[511981,291251],[511814,291208],[511786,291154],[511786,291115],[511684,291049],[511643,291061],[511582,291019],[511520,291029],[511257,291183],[511106,291250],[511001,291277],[511001,292204],[509565,292205],[509270,292425],[509288,292464],[509272,292510],[509339,292643],[509335,292664],[509239,292710],[509081,292829],[508908,292782],[508715,292669],[508598,292751],[508355,292728],[508239,292759],[508213,292775],[508223,292791],[508105,292797],[508065,292812],[508009,292859],[508001,292892],[507939,292964],[507838,293039],[507850,293108],[507841,293142],[507815,293146],[507775,293106],[507732,293126],[507705,293213],[507705,293381],[507735,293476],[507811,293514],[507832,293629],[507877,293688],[507910,293704],[507970,293796],[508037,293816],[508146,293814],[508212,293872],[508307,293906],[508319,294059],[508444,294193],[508488,294355],[508528,294612],[508513,294718],[508442,294858],[508432,294973],[508360,295082],[508347,295254],[508355,295342],[508398,295443],[508450,295520],[508467,295653],[508438,295710],[508370,295759],[508223,295767],[508001,295840],[507822,295869],[507781,295964],[507730,295972],[507632,296036],[507555,296035],[507498,296171],[507498,296343],[507470,296485],[507400,296534],[507242,296853],[507310,296960],[507416,297047],[507406,297126],[507445,297191],[507535,297202],[507654,297142],[507761,297174],[507876,297158],[507966,297223],[508059,297428],[508056,297619],[508037,297641],[507771,297903],[507743,297955],[507676,297997],[507531,298039],[507473,298095],[507536,298318],[507523,298366],[507463,298427],[507452,298463],[507477,298525],[507473,298634],[507500,298729],[507466,299022],[507475,299068],[507516,299140],[507515,299230],[507597,299336],[507816,299464],[508077,299553],[508244,299573],[508441,299559],[508608,299587],[508747,299545],[508889,299432],[508981,299328],[509073,299172],[509094,299084],[509205,298950],[509240,298822],[509314,298740],[509354,298652],[509356,298626],[509262,298532],[509254,298453],[509280,298450],[509236,298313],[509316,298009],[509551,297810],[509634,297797],[509638,297850],[509740,297827],[509781,297871],[509811,297877],[509861,297852],[509863,297813],[509889,297804],[509924,297822],[509979,297821],[510190,297732],[510268,298093],[510312,298075],[510375,298251],[510455,298401],[510509,298397],[510540,298496],[510580,298522],[510610,298652],[510624,298842],[510759,298850],[510820,298870],[510794,298925],[510841,298948],[510837,299036],[510859,299046],[510845,299191],[510855,299254],[510887,299381],[510935,299465],[510959,299550],[511112,299542],[511134,299837],[511079,300028],[511317,300077],[511296,300232],[511376,300249],[511382,300212],[511529,300211],[511532,300228],[511554,300231],[511584,300351],[511603,300361],[511608,300441],[511511,300496],[511441,300672],[511437,300801],[511368,300895],[511365,302493],[512000,302493],[511995,303501],[511319,303501],[511285,304188],[511291,304387],[511245,305100],[511243,305410],[511192,305553],[511190,305855],[511168,305975],[511139,305981],[511118,306257],[511133,306320],[511122,306831],[511155,306855],[511221,306854],[511779,306798],[512007,306750],[512319,306716],[512867,306721],[513078,306014],[513107,305805],[514571,305807],[514592,305935],[514692,306149],[514535,306827],[514617,306840],[514818,306930],[514954,306952],[515023,307177],[515274,307163],[516621,307309],[516849,306888],[516793,306892],[516623,306950],[516431,306956],[516491,306815],[516483,306794],[516408,306757],[516028,306658],[516277,305916],[516110,305855],[516236,304981],[516252,304975],[516432,305024],[516832,305158],[517296,305421],[517319,305350],[517737,304705],[517724,304663],[517488,304456],[517522,304231],[517634,304148],[518019,303955],[518226,303825],[518317,303743],[518417,303613],[518750,303336],[518799,303321],[518969,303333],[519304,303303],[519351,303280],[519363,303214],[519405,303174],[519906,303164],[519952,303168],[520138,303287],[520266,303283],[520687,303371],[520786,303363],[520793,303379],[520999,303300],[520999,303500],[522639,303500],[522550,304811],[522997,304883],[523055,304793],[523296,304885],[523854,304865],[523981,304793],[524239,304786],[524413,305478],[524695,305478],[524695,306066],[525211,307117],[525505,307104],[525541,307222],[525653,307330],[525686,307422],[525772,307469],[525830,307526],[525899,307778],[525896,307890],[525943,307959],[525977,307986],[526044,307988],[526053,308004],[526257,308099],[526310,308157],[526372,308187],[526418,308233],[526612,308469],[526800,308549],[527176,308903],[527410,309085],[527500,309236],[527679,309446],[528082,309703],[528286,309875],[528421,309939],[528480,309909],[528614,309750],[528795,309719],[528952,309520],[529149,309383],[529239,309352],[529331,309381],[529423,309374],[529594,309531],[529631,309590],[529734,309654],[529903,309802],[530187,309913],[530300,309988],[530392,309973],[530466,309990],[530630,309919],[530677,309925],[530797,309991],[530905,309990],[530939,310060],[530993,310334],[531027,310354],[531305,310299],[532064,309830],[532445,309634],[532571,309520],[532646,309477],[533149,309330],[533179,309305],[533735,305731],[533802,305415],[534842,305839],[534776,306056],[534551,306987],[534490,307400],[534490,307666],[534470,307903],[534359,308503],[534387,308519],[534403,308484],[534439,308466],[534576,308487],[534666,308437],[534710,308433],[534839,308474],[534966,308468],[535043,308517],[535117,308533],[535376,308481],[535460,308508],[535441,308752],[535402,308803],[535346,308982],[536493,308982],[536495,309304],[536777,309347],[536861,309403],[538692,311376],[538713,311427],[538713,311463],[538675,311566],[538677,311665],[538800,311908],[538812,312037],[538572,312428],[538385,312595],[538318,312622],[538296,312689],[538290,312823],[538310,312990],[538355,313069],[538329,313194],[538242,313367],[538246,313400],[538291,313468],[538298,313609],[538278,313681],[538301,313876],[538282,313941],[538269,314332],[538235,314522],[538255,314675],[538200,314803],[538183,314930],[538313,315025],[538320,315134],[538375,315250],[538426,315420],[538584,315525],[538733,315661],[538873,315747],[539046,315922],[539180,316110],[539238,316143],[539379,316177],[539415,316233],[539438,316390],[539483,316413],[539555,316403],[539580,316610],[540118,316514],[540554,316566],[540755,316567],[540756,316590],[540933,316612],[541008,316646],[541296,316819],[541495,316996],[542804,316996],[542804,317167],[543264,317167],[543267,317060],[543310,317021],[543466,317023],[543585,317048],[543734,317096],[543852,317155],[544065,317360],[544109,317514],[544129,317860],[544285,317833],[544413,317832],[544519,317868],[544618,317930],[544702,317948],[544705,317472],[545089,317723],[545791,317844],[545791,318288],[546931,318288],[546712,317807],[547610,317569],[548056,318055],[548999,318996],[549492,318996],[549492,319296],[549747,319585],[550496,319589],[550497,320111],[550773,320386],[551486,320831],[551750,320944],[552011,321197],[552133,321197],[552186,321218],[552935,321731],[552994,321756],[553226,321790],[553378,321882],[551512,323124],[551857,323824],[551845,323842],[551944,324034],[552531,324434],[552007,324563],[552560,325254],[552634,325300],[552698,325479],[552701,325575],[552887,326254],[552880,326281]]]]}},{"type":"Feature","properties":{"name":"East Midlands","operator":"National Grid Electricity Distribution"},"geometry":{"type":"MultiPolygon","coordinates":[[[[552880,326281],[552887,326254],[552701,325575],[552698,325479],[552634,325300],[552560,325254],[552007,324563],[552531,324434],[551944,324034],[551845,323842],[551857,323824],[551512,323124],[553378,321882],[553226,321790],[552994,321756],[552935,321731],[552186,321218],[552133,321197],[552011,321197],[551750,320944],[551486,320831],[550773,320386],[550497,320111],[550496,319589],[549747,319585],[549492,319296],[549492,318996],[548999,318996],[548056,318055],[547610,317569],[546712,317807],[546931,318288],[545791,318288],[545791,317844],[545089,317723],[544705,317472],[544702,317948],[544618,317930],[544519,317868],[544413,317832],[544285,317833],[544129,317860],[544109,317514],[544065,317360],[543852,317155],[543734,317096],[543585,317048],[543466,317023],[543310,317021],[543267,317060],[543264,317167],[542804,317167],[542804,316996],[541495,316996],[541296,316819],[541008,316646],[540933,316612],[540756,316590],[540755,316567],[540554,316566],[540118,316514],[539580,316610],[539555,316403],[539483,316413],[539438,316390],[539415,316233],[539379,316177],[539238,316143],[539180,316110],[539046,315922],[538873,315747],[538733,315661],[538584,315525],[538426,315420],[538375,315250],[538320,315134],[538313,315025],[538183,314930],[538200,314803],[538255,314675],[538235,314522],[538269,314332],[538282,313941],[538301,313876],[538278,313681],[538298,313609],[538291,313468],[538246,313400],[538242,313367],[538329,313194],[538355,313069],[538310,312990],[538290,312823],[538296,312689],[538318,312622],[538385,312595],[538572,312428],[538812,312037],[538800,311908],[538677,311665],[538675,311566],[538713,311463],[538713,311427],[538692,311376],[536861,309403],[536777,309347],[536495,309304],[536493,308982],[535346,308982],[535402,308803],[535441,308752],[535460,308508],[535376,308481],[535117,308533],[535043,308517],[534966,308468],[534839,308474],[534710,308433],[534666,308437],[534576,308487],[534439,308466],[534403,308484],[534387,308519],[534359,308503],[534470,307903],[534490,307666],[534490,307400],[534551,306987],[534776,306056],[534842,305839],[533802,305415],[533735,305731],[533179,309305],[533149,309330],[532646,309477],[532571,309520],[532445,309634],[532064,309830],[531305,310299],[531027,310354],[530993,310334],[530939,310060],[530905,309990],[530797,309991],[530677,309925],[530630,309919],[530466,309990],[530392,309973],[530300,309988],[530187,309913],[529903,309802],[529734,309654],[529631,309590],[529594,309531],[529423,309374],[529331,309381],[529239,309352],[529149,309383],[528952,309520],[528795,309719],[528614,309750],[528480,309909],[528421,309939],[528286,309875],[528082,309703],[527679,309446],[527500,309236],[527410,309085],[527176,308903],[526800,308549],[526612,308469],[526418,308233],[526372,308187],[526310,308157],[526257,308099],[526053,308004],[526044,307988],[525977,307986],[525943,307959],[525896,307890],[525899,307778],[525830,307526],[525772,307469],[525686,307422],[525653,307330],[525541,307222],[525505,307104],[525211,307117],[524695,306066],[524695,305478],[524413,305478],[524239,304786],[523981,304793],[523854,304865],[523296,304885],[523055,304793],[522997,304883],[522550,304811],[522639,303500],[520999,303500],[520999,303300],[520793,303379],[520786,303363],[520687,303371],[520266,303283],[520138,303287],[519952,303168],[519906,303164],[519405,303174],[519363,303214],[519351,303280],[519304,303303],[518969,303333],[518799,303321],[518750,303336],[518417,303613],[518317,303743],[518226,303825],[518019,303955],[517634,304148],[517522,304231],[517488,304456],[517724,304663],[517737,304705],[517319,305350],[517296,305421],[516832,305158],[516432,305024],[516252,304975],[516236,304981],[516110,305855],[516277,305916],[516028,306658],[516408,306757],[516483,306794],[516491,306815],[516431,306956],[516623,306950],[516793,306892],[516849,306888],[516621,307309],[515274,307163],[515023,307177],[514954,306952],[514818,306930],[514617,306840],[514535,306827],[514692,306149],[514592,305935],[514571,305807],[513107,305805],[513078,306014],[512867,306721],[512319,306716],[512007,306750],[511779,306798],[511221,306854],[511155,306855],[511122,306831],[511133,306320],[511118,306257],[511139,305981],[511168,305975],[511190,305855],[511192,305553],[511243,305410],[511245,305100],[511291,304387],[511285,304188],[511319,303501],[511995,303501],[512000,302493],[511365,302493],[511368,300895],[511437,300801],[511441,300672],[511511,300496],[511608,300441],[511603,300361],[511584,300351],[511554,300231],[511532,300228],[511529,300211],[511382,300212],[511376,300249],[511296,300232],[511317,300077],[511079,300028],[511134,299837],[511112,299542],[510959,299550],[510935,299465],[510887,299381],[510855,299254],[510845,299191],[510859,299046],[510837,299036],[510841,298948],[510794,298925],[510820,298870],[510759,298850],[510624,298842],[510610,298652],[510580,298522],[510540,298496],[510509,298397],[510455,298401],[510375,298251],[510312,298075],[510268,298093],[510190,297732],[509979,297821],[509924,297822],[509889,297804],[509863,297813],[509861,297852],[509811,297877],[509781,297871],[509740,297827],[509638,297850],[509634,297797],[509551,297810],[509316,298009],[509236,298313],[509280,298450],[509254,298453],[509262,298532],[509356,298626],[509354,298652],[509314,298740],[509240,298822],[509205,298950],[509094,299084],[509073,299172],[508981,299328],[508889,299432],[508747,299545],[508608,299587],[508441,299559],[508244,299573],[508077,299553],[507816,299464],[507597,299336],[507515,299230],[507516,299140],[507475,299068],[507466,299022],[507500,298729],[507473,298634],[507477,298525],[507452,298463],[507463,298427],[507523,298366],[507536,298318],[507473,298095],[507531,298039],[507676,297997],[507743,297955],[507771,297903],[508037,297641],[508056,297619],[508059,297428],[507966,297223],[507876,297158],[507761,297174],[507654,297142],[507535,297202],[507445,297191],[507406,297126],[507416,297047],[507310,296960],[507242,296853],[507400,296534],[507470,296485],[507498,296343],[507498,296171],[507555,296035],[507632,296036],[507730,295972],[507781,295964],[507822,295869],[508001,295840],[508223,295767],[508370,295759],[508438,295710],[508467,295653],[508450,295520],[508398,295443],[508355,295342],[508347,295254],[508360,295082],[508432,294973],[508442,294858],[508513,294718],[508528,294612],[508488,294355],[508444,294193],[508319,294059],[508307,293906],[508212,293872],[508146,293814],[508037,293816],[507970,293796],[507910,293704],[507877,293688],[507832,293629],[507811,293514],[507735,293476],[507705,293381],[507705,293213],[507732,293126],[507775,293106],[507815,293146],[507841,293142],[507850,293108],[507838,293039],[507939,292964],[508001,292892],[508009,292859],[508065,292812],[508105,292797],[508223,292791],[508213,292775],[508239,292759],[508355,292728],[508598,292751],[508715,292669],[508908,292782],[509081,292829],[509239,292710],[509335,292664],[509339,292643],[509272,292510],[509288,292464],[509270,292425],[509565,292205],[511001,292204],[511001,291277],[511106,291250],[511257,291183],[511520,291029],[511582,291019],[511643,291061],[511684,291049],[511786,291115],[511786,291154],[511814,291208],[511981,291251],[512017,291312],[512076,291351],[512108,291335],[512079,291217],[512105,291161],[512098,291120],[512118,291070],[512058,290904],[512020,290832],[511963,290801],[511946,290757],[511893,290717],[511871,290644],[511833,290641],[511773,290593],[511771,290564],[511746,290552],[511739,290523],[511708,290528],[511667,290429],[511619,290383],[511597,290381],[511556,290277],[511569,290236],[511554,290182],[511531,290194],[511516,290184],[511514,290125],[511469,290061],[511468,290012],[511491,289962],[511464,289927],[511483,289893],[511483,289848],[511516,289806],[511500,289767],[511537,289751],[511567,289708],[511555,289611],[511606,289513],[511567,289438],[511577,289401],[511528,289351],[511531,289316],[511492,289301],[511489,289276],[511496,289254],[511517,289260],[511527,289234],[511563,289210],[511582,289176],[511574,289152],[511603,289148],[511606,289116],[511673,289033],[511672,289000],[511704,288959],[511709,288911],[511738,288905],[511777,288862],[511835,288736],[511915,288706],[511950,288648],[511987,288638],[512018,288565],[512062,288563],[512089,288516],[512149,288464],[512168,288358],[512152,288330],[512149,288255],[512225,288102],[512275,288081],[512341,287958],[512250,287503],[512258,287469],[512206,287385],[512246,287342],[512274,287254],[512310,287208],[512580,287081],[512721,286984],[512680,286901],[512781,286735],[512698,286668],[512561,286607],[512442,286465],[512393,286375],[512283,286269],[512253,286198],[512173,286276],[512048,286104],[511985,285991],[511982,285889],[511946,285707],[511855,285515],[511540,285109],[511318,284894],[511357,284815],[511435,284712],[511435,284626],[511364,284560],[511326,284493],[511359,284439],[511077,284103],[510974,283830],[510881,283689],[510974,283646],[510899,283463],[510814,283476],[510779,283348],[510880,283351],[510882,283323],[510945,283221],[510966,283129],[511063,283087],[511153,283145],[511265,283060],[511436,282984],[511197,282773],[511065,282713],[510941,282690],[510701,282601],[510509,282470],[510271,282338],[509996,282055],[509773,281878],[509733,281780],[509447,281442],[509056,281251],[508903,280974],[508860,280924],[508609,280786],[508315,280650],[508196,280604],[508129,280608],[508053,280589],[507764,280462],[507760,280376],[507675,280063],[507641,279988],[507606,279983],[507599,279966],[507564,279733],[507875,279594],[507587,279332],[507543,279319],[507473,279266],[507489,279249],[507422,279169],[507294,279094],[507271,279118],[506915,278856],[506795,278745],[506721,278734],[506606,278271],[506722,278041],[506777,277968],[506797,277824],[506794,277644],[506426,277762],[506313,277599],[506284,277586],[506153,277440],[506023,277338],[505855,277259],[505622,277341],[505506,277431],[505257,277516],[505266,277396],[505127,277340],[505134,277149],[504813,277219],[504748,277218],[504733,277177],[504642,277060],[504351,277187],[504254,276862],[504250,276182],[502996,276182],[502851,276019],[502744,275924],[502564,275663],[502364,275447],[502336,275381],[502271,275389],[502260,275363],[502241,275190],[502283,275031],[502293,274847],[502330,274625],[502516,274436],[502684,274365],[502715,274336],[502851,274185],[502980,274008],[503132,273874],[503337,273779],[503353,273708],[503498,273578],[503608,273501],[503746,273460],[503788,273419],[503814,273363],[503798,273235],[503772,273163],[503597,272866],[503436,272507],[504168,272376],[504494,272254],[504536,272308],[504572,272307],[504572,272154],[504543,271902],[504675,271618],[504715,271381],[504724,271227],[504574,271186],[504552,270462],[504101,270165],[503979,270001],[501535,270002],[501192,269876],[500989,269874],[500994,269824],[500977,269769],[501396,269555],[501206,269344],[501438,269251],[501584,269154],[501737,269023],[502059,269022],[502288,268997],[502586,268894],[502814,268574],[503007,268426],[503016,268395],[502983,268314],[502868,268227],[502791,268193],[502765,268160],[502600,268088],[502458,267972],[502658,267686],[502887,267631],[502919,267572],[503138,267405],[503187,267413],[503228,267463],[503385,267425],[503428,267442],[503830,267359],[504106,267268],[504073,267102],[504078,267058],[504314,266987],[504477,266907],[504503,266922],[504772,266746],[504726,266622],[504833,266497],[504849,266501],[504904,266652],[504952,266591],[505000,266604],[504992,266551],[505006,266531],[505113,266487],[505059,266318],[505047,266179],[504908,266205],[504844,266263],[504763,266294],[504641,266172],[504559,265868],[504510,265808],[504389,265596],[504374,265544],[504297,265435],[504228,265390],[504162,265384],[503927,265296],[504010,265256],[504055,265201],[505000,265201],[505000,264984],[505206,264973],[505219,264930],[505202,264874],[505238,264856],[505501,264765],[505583,264744],[505607,264764],[505670,264740],[505660,264607],[505620,264554],[505792,264435],[505620,264141],[505697,264081],[505681,264021],[505778,263920],[505771,263903],[505823,263839],[505943,263588],[505767,263519],[505851,263425],[505756,263285],[505775,263122],[505738,263017],[505461,262764],[505380,262653],[505302,262279],[505278,261974],[505222,261894],[505153,261835],[505054,261783],[504971,261671],[504954,261518],[504981,261367],[504916,261195],[504936,261117],[504911,260953],[504934,260875],[504932,260821],[504861,260650],[504821,260574],[504779,260571],[504652,260390],[504525,260351],[504435,260310],[504384,260266],[504179,259985],[504209,259942],[504173,259924],[504151,259849],[504009,259681],[503887,259451],[503884,259051],[503833,258931],[503787,258738],[503734,258680],[503661,258515],[503645,258445],[503577,258360],[503484,257983],[503418,257861],[503419,257801],[503375,257667],[503376,257640],[503463,257473],[503419,257429],[503368,257408],[502581,257141],[502398,257153],[502215,257078],[502079,257046],[501848,257040],[501619,257014],[501672,257363],[501626,257380],[501727,257590],[501743,257756],[501723,257791],[501687,257801],[501652,257895],[501608,257930],[501600,257977],[501577,257990],[501585,258051],[501472,258292],[501451,258435],[501416,258501],[501402,258621],[501200,258942],[501160,258968],[501105,258976],[500765,258977],[500634,259021],[500442,259047],[500361,259037],[500301,259010],[500227,259054],[500001,259051],[499848,258992],[499804,258995],[499656,258906],[499634,258874],[499599,258892],[499616,258827],[499661,258765],[499672,258653],[499645,258605],[499661,258581],[499618,258548],[499596,258553],[499544,258505],[499402,258318],[499398,258280],[499434,258245],[499409,258194],[499079,257879],[498944,257832],[498680,257775],[498556,257811],[498510,257847],[498478,257901],[498416,257917],[498249,257876],[498175,257786],[498072,257756],[497589,257774],[497533,257763],[497355,257837],[497267,257802],[497220,257800],[497177,257831],[497161,257905],[497140,257913],[497062,257917],[496893,257883],[496860,257855],[496804,257840],[496701,257744],[496674,257736],[496639,257677],[496603,257662],[496584,257611],[496587,257564],[496558,257507],[496570,257436],[496534,257416],[496496,257180],[496395,256921],[496314,256798],[496036,256548],[495908,256486],[495682,256461],[495640,256466],[495560,256532],[495541,256531],[495518,256496],[495458,256544],[495314,256543],[495247,256600],[495163,256603],[495054,256561],[495016,256430],[494835,256251],[494799,256240],[494703,256267],[494638,256257],[494604,256206],[494463,256088],[494373,255839],[494340,255606],[494313,255532],[494323,255428],[494296,255391],[494332,255342],[494279,255146],[494324,255003],[494299,254984],[494241,254986],[494207,254968],[494207,254923],[494102,254795],[494083,254735],[494027,254647],[494000,254648],[493917,254577],[493829,254353],[493776,254273],[493766,254187],[493810,254130],[493883,253959],[493932,253884],[493883,253657],[493890,253595],[493841,253559],[493717,253534],[493550,253327],[493445,253117],[493438,252962],[493449,252917],[493490,252887],[493519,252885],[493694,252659],[493768,252454],[493745,252346],[493774,252239],[493795,252226],[493787,252193],[493816,252142],[493788,252067],[493793,252024],[493772,251971],[493782,251912],[493755,251806],[493793,251792],[493772,251740],[493769,251654],[493738,251603],[493656,251551],[493413,251438],[493099,251408],[493086,251384],[493001,251433],[493000,250504],[493370,250498],[493422,250369],[493563,250218],[493535,250158],[493529,250088],[493482,250084],[493500,250041],[493488,249876],[493523,249864],[493546,249736],[493741,249706],[493870,249667],[493944,249621],[493965,249567],[494057,249483],[494071,249449],[494140,249410],[494297,249370],[494628,249211],[494728,249217],[494939,249312],[495097,249315],[495237,249299],[495405,249327],[495432,249306],[495589,249063],[495644,248924],[495721,248824],[495792,248764],[495827,248676],[496015,248412],[496025,248317],[496015,248177],[496110,247972],[496165,247694],[496148,247625],[496157,247512],[496100,247384],[496133,247258],[496289,247041],[496451,246928],[496547,246755],[496575,246750],[496642,246545],[496940,246310],[497136,246086],[496924,245749],[496851,245699],[496807,245615],[496751,245643],[496767,245677],[496631,245893],[496543,246180],[496518,246183],[496501,246145],[496441,246202],[496415,246288],[496309,246419],[496226,246232],[496083,246094],[496128,245858],[496202,245742],[496124,245670],[495927,245624],[495819,245573],[495719,245433],[495711,245258],[495694,245258],[495687,245212],[495703,245199],[495691,245083],[495570,245020],[495518,244948],[495578,244813],[495618,244661],[495450,244558],[495416,244565],[495347,244542],[495249,244436],[495144,244403],[495013,244329],[494871,244192],[494756,243927],[494667,243869],[494551,243762],[494430,243716],[494363,243768],[494255,243783],[494148,243643],[494101,243525],[494004,243488],[493919,243425],[493816,243253],[493621,243085],[493584,243036],[493478,242797],[493489,242724],[493411,242518],[493407,242355],[493254,242045],[493208,241907],[493072,241794],[492738,241680],[492569,241496],[492503,241378],[492501,239298],[492533,239278],[492642,239317],[492746,239289],[492836,239313],[492946,239253],[492989,239159],[493027,239138],[493035,239103],[493228,238952],[493167,238433],[493122,238329],[493166,238230],[493162,238030],[493135,237944],[493071,237865],[493066,237837],[493238,237744],[493170,237623],[493174,237597],[493138,237518],[493229,237495],[493192,237367],[493231,237337],[493205,237258],[493350,237198],[493313,237131],[493397,237056],[493395,237011],[493125,236829],[493090,236809],[493064,236814],[493018,236780],[492959,236667],[492898,236497],[492897,236396],[492928,236311],[492760,236187],[492803,236149],[492781,236135],[492824,236073],[492819,236051],[492842,236055],[492923,236012],[492887,235985],[492904,235958],[492916,235966],[492932,235947],[492979,235981],[493089,235896],[493143,235822],[493102,235796],[493123,235777],[493177,235609],[493145,235594],[493151,235585],[493017,235536],[493017,235515],[492778,235500],[492702,235446],[492625,235324],[492425,235139],[492309,234959],[492308,234914],[492328,234885],[492317,234828],[492245,234671],[492164,234541],[492124,234355],[492098,234337],[491964,234315],[492063,234000],[491488,234000],[491488,233000],[492415,233000],[492419,232930],[492388,232862],[492399,232786],[492442,232702],[492356,232620],[492390,232555],[492354,232427],[492366,232365],[492451,232217],[492528,232152],[492741,231845],[492872,231712],[492951,231515],[493048,231400],[493111,231285],[492976,231201],[492796,231151],[492752,231087],[492695,231077],[492644,231037],[492617,230936],[492736,230829],[492634,230776],[492588,230701],[492609,230629],[492581,230543],[492588,230349],[492564,230270],[492532,230235],[492500,230103],[492469,230066],[492463,230000],[491417,230000],[491417,229695],[490509,229695],[490509,229502],[490186,229498],[490097,229271],[490028,229141],[490021,229087],[489913,229007],[488951,229007],[488968,229103],[489014,229144],[489027,229188],[489019,229229],[489175,229352],[489190,229413],[489217,229429],[489232,229504],[488496,229504],[488495,230143],[488480,230177],[488426,230221],[488402,230299],[488407,230314],[488452,230301],[488456,230359],[488376,230426],[488382,230500],[487999,230500],[487999,231615],[487885,231553],[487821,231544],[487744,231510],[487463,231321],[487348,231267],[487301,231195],[487156,231158],[486628,230904],[486440,230835],[486328,230775],[486311,230781],[486288,230734],[486224,230742],[486200,230703],[486116,230713],[486069,230523],[486002,230519],[485999,230480],[485962,230418],[485954,230282],[485769,230126],[485889,230019],[485895,229987],[486067,229857],[486139,229780],[486125,229761],[486155,229728],[486374,229544],[486355,229467],[486731,229244],[486725,229221],[486847,229139],[486926,229163],[487046,228992],[487029,228977],[487253,228728],[487414,228467],[487294,228415],[487231,228367],[487177,228363],[487155,228337],[487105,228319],[486961,228291],[486912,228336],[486792,228340],[486695,228273],[486474,228211],[486424,228118],[486244,228013],[486233,227931],[486079,227818],[486012,227794],[485971,227802],[485929,227741],[485724,227658],[485682,227585],[485723,227522],[485833,227445],[485901,227367],[485851,227301],[486068,227142],[486071,227098],[486123,226999],[486143,226924],[486186,226871],[486216,226784],[486308,226638],[486466,226501],[486687,226259],[486828,226154],[486981,225991],[487029,225960],[487093,225861],[487243,225724],[487001,225480],[486740,225270],[486551,225215],[486477,225156],[486342,224935],[486289,224902],[486250,224850],[486107,224561],[486071,224524],[485985,224484],[485818,224282],[485673,223978],[485487,223811],[485320,223731],[485160,223782],[485075,223496],[485024,223512],[485008,223475],[484987,223455],[484963,223464],[484934,223420],[484799,223527],[484756,223629],[484689,223643],[484476,223751],[484420,223737],[484413,223755],[484368,223761],[484330,223726],[484308,223735],[484272,223679],[484223,223671],[484207,223685],[484191,223660],[484170,223662],[484154,223629],[484094,223629],[483982,223594],[483885,223515],[483853,223522],[483828,223506],[483800,223525],[483709,223539],[483668,223573],[483638,223577],[483565,223550],[483569,223529],[483541,223498],[483505,223498],[483436,223464],[483419,223428],[483390,223448],[483388,223413],[483360,223407],[483366,223377],[483351,223352],[483317,223385],[483323,223409],[483295,223419],[483287,223391],[483261,223402],[483199,223326],[483159,223337],[483149,223278],[483119,223247],[483152,223245],[483124,223210],[483159,223207],[483159,223193],[483120,223186],[483081,223101],[483046,223078],[483041,223054],[483059,223046],[483029,222970],[483004,222977],[482933,222891],[482916,222773],[482940,222748],[482945,222632],[482918,222584],[482936,222533],[482915,222530],[482910,222477],[482937,222487],[482965,222469],[482943,222433],[482888,222451],[482870,222402],[482838,222408],[482839,222379],[482793,222339],[482736,222333],[482681,222298],[482677,222266],[482720,222227],[482650,222171],[482612,222166],[482620,222133],[482593,222126],[482601,222099],[482588,222067],[482601,222040],[482584,222024],[482536,222114],[482555,222134],[482548,222162],[482562,222187],[482542,222254],[482518,222283],[482522,222311],[482491,222319],[482466,222363],[482462,222484],[482515,222637],[482516,222719],[482479,222795],[482276,222845],[482219,222796],[482081,222778],[482047,222742],[481950,222693],[481868,222678],[481810,222682],[481746,222710],[481599,222712],[481559,222698],[481411,222716],[481198,222696],[481117,222667],[481099,222698],[480943,222643],[480879,222734],[480736,222604],[480604,222526],[480565,222587],[480531,222607],[480509,222596],[480489,222495],[480486,222360],[480429,222198],[478096,222197],[478080,222165],[478083,222042],[478047,221945],[478044,221865],[478013,221794],[478018,221745],[477999,221655],[477951,221534],[477915,221539],[477886,221403],[477747,221284],[477800,221181],[477799,221001],[476943,221001],[476918,221041],[476846,221000],[476778,220997],[476588,220938],[476594,220761],[476534,220689],[476482,220706],[476439,220776],[476371,220799],[476318,220854],[476228,221265],[476063,221756],[476027,222001],[475600,222001],[475571,221896],[475477,221845],[475417,221732],[475354,221696],[475233,221729],[475220,221778],[475201,221783],[474930,221633],[474857,221693],[474766,221684],[474731,221718],[474419,221621],[474265,221616],[474184,221670],[474179,221749],[474197,221879],[474079,221987],[473971,222027],[473781,222144],[473472,222287],[473291,222396],[473037,222447],[472908,222449],[472889,222461],[472888,222522],[472865,222570],[472702,222646],[472489,222650],[472401,222752],[472270,222773],[472190,222817],[472148,222815],[472044,222768],[471996,222827],[471943,222799],[470813,222799],[470771,222871],[470766,222933],[470656,222983],[470602,223041],[470536,223055],[470426,222969],[470393,222803],[470352,222707],[470000,222707],[470000,222375],[469983,222376],[469979,222405],[469968,222389],[469942,222390],[469893,222440],[469849,222460],[469718,222490],[469617,222489],[469587,222506],[469516,222590],[469461,222725],[469347,222601],[469202,222391],[469162,222387],[469124,222360],[468978,222359],[468900,222314],[468799,222316],[468742,222326],[468616,222426],[468529,222454],[468372,222445],[468258,222410],[468212,222343],[468212,222000],[467825,222000],[467783,221969],[467704,221963],[467501,221886],[467412,221789],[466901,221789],[466904,220963],[466871,220940],[466837,220882],[466718,220948],[466692,220910],[466585,220829],[466402,220587],[466319,220401],[466322,220373],[466268,220215],[466141,220287],[466137,220312],[466102,220301],[466085,220327],[466066,220328],[466019,220292],[465996,220372],[465954,220393],[465856,220376],[465770,220428],[465693,220396],[465656,220432],[465613,220449],[465585,220431],[465549,220349],[465438,220341],[465386,220263],[465297,220254],[465267,220184],[465236,220162],[465191,220178],[465128,220256],[465099,220258],[465082,220221],[465110,220126],[465016,220104],[464950,220731],[464907,220857],[464928,220949],[464923,221194],[464118,221194],[464135,221246],[464199,221296],[464173,221326],[464174,221371],[464102,221403],[464098,221475],[464055,221547],[463975,221539],[463857,221461],[463739,221489],[463682,221438],[463630,221436],[463609,221457],[463657,221528],[463607,221623],[463508,221690],[463353,221715],[463280,221776],[463189,221760],[463003,221798],[462895,221863],[462712,221929],[462678,221990],[462533,222045],[462476,222098],[462517,222183],[462514,222287],[462579,222452],[462622,222504],[462638,222519],[462670,222505],[462772,222507],[462833,222491],[462916,222497],[462977,222541],[462987,222584],[463083,222676],[463105,222727],[463062,222818],[462984,222879],[463028,222988],[462999,223019],[462993,223087],[463049,223289],[462958,223368],[462995,223478],[463003,223595],[463144,223896],[463197,224099],[463225,224113],[463195,224543],[463256,224533],[463326,224550],[463384,224587],[463419,224699],[463285,224731],[463148,224801],[463049,224927],[463025,224988],[462992,224992],[462972,225027],[462932,225039],[462903,225213],[462918,225297],[463502,225297],[463502,225495],[463174,225495],[463196,225705],[463227,225701],[463277,225846],[463218,225861],[463257,225895],[463493,225838],[464001,225838],[464001,226195],[463697,226194],[463519,226267],[463518,226323],[463661,226420],[464000,226598],[464121,226643],[464308,226645],[464376,226661],[464392,226678],[464456,226671],[464577,226723],[464601,226815],[464679,226979],[464683,227065],[464784,227174],[464819,227288],[464901,227382],[464998,227546],[465000,227923],[465050,227938],[465073,227970],[465061,228034],[465079,228139],[465050,228177],[465046,228220],[465016,228230],[465001,228259],[464940,228277],[464745,228278],[464468,228162],[464374,228158],[464306,228099],[464250,228009],[464113,227928],[464005,227891],[463956,227926],[463803,227755],[463610,227605],[463518,227587],[463422,227612],[463396,227627],[463307,227752],[463418,227980],[463285,228309],[463220,228428],[463114,228527],[462884,228617],[462665,228787],[462708,228960],[462382,229106],[462270,229117],[462270,229128],[462380,229462],[462399,229462],[462516,229722],[462698,229970],[462773,230223],[462808,230215],[462915,230393],[462937,230379],[462957,230390],[463005,230518],[463004,230553],[463016,230574],[463034,230576],[463000,230813],[463078,230831],[463150,230869],[463142,230883],[463340,231305],[463409,231623],[463330,231646],[463377,231734],[463569,232027],[464040,232686],[464218,232976],[464493,233346],[464710,233686],[464785,233858],[464836,233903],[464899,234003],[465109,234189],[465090,234215],[464984,234275],[464955,234233],[464896,234249],[464859,234278],[464805,234276],[464695,234469],[464733,234684],[464694,234806],[464642,234851],[464568,234882],[464389,234853],[464308,234875],[464282,234858],[464123,234830],[464096,234797],[463968,234741],[463947,234714],[463923,234718],[463852,234676],[463823,234685],[463808,234655],[463669,234615],[463551,234748],[463555,234808],[463541,234835],[463408,234825],[463294,234842],[463192,234773],[463197,234727],[463129,234672],[463008,234655],[462973,234622],[462781,234549],[462679,234548],[462667,234553],[462720,234763],[462672,234790],[462574,234806],[462514,234861],[462503,234900],[462532,234931],[462495,234968],[462461,235051],[462408,235072],[462330,235073],[462376,235122],[462274,235256],[462312,235274],[462284,235280],[462296,235317],[462249,235333],[462273,235336],[462303,235367],[462245,235478],[462158,235546],[462102,235558],[462084,235535],[462029,235528],[462037,235485],[461906,235382],[461884,235339],[461898,235311],[461869,235279],[461779,235249],[461738,235269],[461682,235228],[461639,235290],[461589,235308],[461521,235374],[461453,235364],[461430,235378],[461411,235404],[461428,235424],[461426,235452],[461381,235501],[461285,235534],[461252,235568],[461193,235554],[461188,235599],[461163,235614],[461129,235620],[461099,235600],[461066,235602],[460965,235711],[460936,235717],[460917,235686],[460826,235703],[460829,235666],[460793,235603],[460738,235578],[460756,235557],[460497,235605],[460470,235456],[460396,235247],[460372,235251],[460365,235219],[460322,235227],[460243,235026],[460131,234663],[460067,234655],[460027,234545],[460013,234545],[459945,234461],[459910,234472],[459856,234439],[459730,234404],[459699,234151],[459679,234082],[459656,234081],[459563,233795],[459544,233653],[459433,233657],[459420,233617],[459315,233632],[459306,233573],[459115,233592],[458864,233512],[458562,233313],[458360,233076],[458215,233104],[458043,233107],[457999,232981],[457517,233099],[456966,232308],[456841,232077],[456801,232102],[456773,232052],[456832,232048],[456808,231987],[456689,231835],[456648,231877],[456626,231877],[456512,231845],[456413,231788],[456343,231799],[456212,231766],[456095,231785],[456042,231752],[455925,231760],[455841,231733],[455671,231760],[455533,231625],[455470,231532],[455436,231516],[455384,231533],[455365,231418],[455307,231315],[455229,231290],[455164,231293],[455008,231357],[454968,231392],[454830,231430],[454774,231428],[454668,231390],[454579,231392],[454166,231518],[454059,231569],[453860,231611],[453773,231605],[453782,231726],[453818,231863],[453803,231970],[453742,232027],[453758,232216],[453726,232422],[453731,232491],[453528,232577],[453448,232674],[453447,232707],[453406,232717],[453438,232940],[453330,233000],[453019,233000],[452924,233223],[452709,233139],[452532,233049],[452531,233000],[452001,233000],[452002,232185],[451792,232110],[451741,232168],[451680,232178],[451607,232137],[451524,232008],[451474,231998],[451473,231964],[451452,231964],[451423,231914],[451395,231915],[451297,231844],[451280,231867],[451266,231840],[451246,231853],[451211,231836],[451173,231848],[451109,231828],[451069,231759],[450952,231678],[450867,231647],[450719,231687],[450395,231828],[450207,231865],[449480,231790],[449466,231779],[449480,231716],[449448,231540],[449366,231451],[449342,231477],[449321,231475],[449315,231500],[449382,231601],[449307,231757],[449241,231813],[449251,231939],[449232,231949],[449230,231973],[449242,232010],[449270,232023],[449318,231979],[449396,232065],[449383,232083],[449348,232082],[449321,232114],[449322,232141],[449353,232176],[449344,232195],[449278,232211],[449247,232198],[449233,232223],[449171,232227],[449135,232272],[449119,232318],[449155,232354],[449164,232405],[449116,232390],[449083,232358],[449036,232381],[449036,232492],[449066,232545],[449062,232576],[449026,232585],[448960,232557],[448932,232599],[448954,232627],[449048,232670],[449065,232707],[449123,232678],[449167,232714],[449260,232718],[449275,232789],[449332,232802],[449315,232848],[449374,232980],[449317,233027],[449271,233113],[449217,233147],[449212,233170],[449246,233256],[449296,233318],[449373,233335],[449364,233380],[449280,233537],[449308,233621],[449296,233707],[449351,233809],[449414,233777],[449480,233844],[449466,233905],[449485,233935],[449498,234116],[449542,234175],[449588,234176],[449623,234256],[449684,234278],[449693,234317],[449719,234341],[449686,234534],[449652,234598],[449683,234971],[449657,235315],[449601,235400],[449587,235448],[449624,235475],[449510,235618],[449515,235637],[449395,235734],[449438,235781],[449422,235824],[449309,235885],[449316,235909],[449374,235934],[449296,235976],[449310,236038],[449301,236058],[449278,236064],[449238,236031],[449200,236077],[449194,236144],[449261,236166],[449214,236199],[449226,236273],[449188,236293],[449251,236321],[449245,236358],[449192,236396],[449213,236422],[449212,236478],[449240,236525],[449222,236554],[449102,236592],[449076,236616],[449127,236683],[449124,236707],[449029,236750],[448917,236764],[448791,236804],[448726,236812],[448668,236795],[448642,236820],[448533,236788],[448450,236925],[448461,236949],[448522,236940],[448585,237074],[448599,237079],[448619,237045],[448646,237058],[448613,237120],[448687,237185],[448660,237276],[448664,237334],[448606,237334],[448610,237416],[448575,237437],[448478,237601],[448379,237683],[448391,237775],[448417,237808],[448430,237785],[448454,237785],[448466,237802],[448459,237833],[448500,237847],[448494,237887],[448525,237916],[448486,237961],[448532,238038],[448460,238095],[448469,238118],[448509,238133],[448511,238154],[448447,238184],[448464,238236],[448451,238243],[448391,238210],[448364,238212],[448347,238364],[448301,238392],[448274,238492],[448234,238509],[448201,238565],[448156,238548],[448105,238591],[448072,238661],[448115,238680],[448076,238730],[448098,238765],[448093,238785],[448043,238790],[447944,238844],[447962,238879],[447954,238894],[447683,238942],[447637,238993],[447596,238980],[447517,239077],[447511,239132],[447446,239177],[447323,239348],[447229,239404],[447213,239451],[447414,239856],[447585,240137],[447548,240215],[447559,240251],[447465,240484],[447506,240647],[447566,240778],[447550,240881],[447837,240884],[447934,240954],[447953,241040],[447997,241085],[448001,241249],[448032,241256],[448068,241400],[448073,241438],[448048,241453],[447819,241494],[447722,241539],[447613,241551],[447609,241568],[447701,241742],[447834,241737],[447829,241860],[447810,241862],[447804,241896],[447937,241938],[447942,242096],[448145,242117],[448151,242155],[448181,242162],[448199,242297],[448234,242298],[448241,242420],[448099,242449],[448110,242645],[447887,242621],[447731,242623],[447431,242569],[447172,242608],[447098,242607],[446990,242571],[446922,242582],[446880,242622],[446817,242608],[446753,242662],[446728,242704],[446698,242714],[446705,242752],[446658,242817],[446649,242894],[446679,242976],[446709,242994],[446706,243031],[446728,243062],[446718,243082],[446670,243085],[446592,243170],[446607,243244],[446647,243265],[446641,243315],[446607,243338],[446603,243401],[446606,243413],[446629,243413],[446642,243474],[446897,243615],[446920,243645],[446909,243716],[447179,243800],[447495,243986],[447743,243970],[447785,243922],[448071,243907],[448172,243950],[448262,244025],[448292,244027],[448321,244069],[448354,244072],[448360,244103],[448382,244123],[448494,244117],[448495,244488],[449675,244504],[449778,244552],[449802,244514],[449847,244576],[449898,244589],[449944,244632],[450117,244663],[450309,244615],[450473,244602],[450767,244807],[450912,244890],[451247,245030],[451348,245055],[451337,245112],[451192,245167],[451264,245314],[451253,245332],[450991,245559],[450829,245804],[450725,245900],[450425,246088],[450046,246400],[449889,246490],[449784,246630],[449619,246775],[449619,246810],[449596,246846],[449509,246942],[449510,246974],[449469,247062],[449397,247165],[449322,247319],[449297,247332],[449285,247387],[449239,247394],[449057,247601],[448803,247963],[448663,248104],[448603,248239],[448442,248493],[448459,248540],[448410,248581],[448312,248624],[448339,248725],[448161,248790],[448146,248981],[448061,248994],[448044,249120],[447863,249226],[447850,249244],[447864,249288],[447762,249345],[447749,249374],[447636,249447],[447650,249503],[447422,249696],[447402,249783],[447552,249933],[447412,250038],[447425,250070],[447387,250096],[447348,250162],[447197,250189],[447247,250359],[447150,250401],[447165,250438],[447146,250483],[447148,250554],[447090,250557],[447077,250540],[447004,250571],[446996,250612],[446894,250662],[446830,250748],[446770,250785],[446751,250871],[446770,250915],[446750,250952],[446727,250961],[446729,251053],[446629,251183],[446650,251265],[446585,251292],[446564,251326],[446526,251335],[446547,251430],[446411,251526],[446415,251552],[446316,251615],[446294,251652],[446327,251748],[446254,251809],[446208,251889],[446098,252003],[446012,252120],[446028,252156],[445924,252213],[445927,252250],[445902,252268],[445923,252325],[445875,252358],[445879,252384],[445853,252391],[445857,252420],[445826,252444],[445790,252444],[445779,252402],[445746,252395],[445675,252219],[445650,251943],[445665,251441],[445642,251414],[445609,251437],[445579,251414],[445527,251406],[445486,251451],[445444,251398],[445388,251379],[445323,251385],[445311,251405],[445270,251415],[445225,251413],[445203,251437],[445124,251422],[445095,251443],[445059,251415],[445029,251434],[444980,251438],[444885,251489],[444853,251544],[444863,251674],[444823,251727],[444866,251806],[444851,251846],[444795,251859],[444669,251847],[444622,251870],[444602,251915],[444564,251936],[444296,251928],[444062,252035],[443969,252044],[443724,251981],[443474,251880],[443391,251747],[443322,251740],[443298,251699],[443208,251651],[443190,251657],[443125,251602],[443126,251579],[443087,251562],[443089,251541],[443028,251494],[443009,251506],[442952,251490],[442939,251432],[442821,251451],[442752,251339],[442746,251262],[442641,251161],[442569,251056],[442554,251002],[440719,251004],[440632,251059],[440651,251124],[440641,251138],[440447,251210],[440321,251020],[440238,250972],[440155,250850],[440081,250794],[440004,250761],[439948,250700],[439852,250663],[439645,250626],[439424,250529],[439385,250498],[439365,250505],[439247,250382],[439197,250289],[439335,250195],[439292,250104],[439271,250094],[439216,249959],[439357,249941],[439346,249862],[439412,249814],[439379,249689],[439163,249702],[439009,249662],[438953,249672],[438754,249523],[438596,249508],[438451,249413],[438395,249412],[438221,249476],[438165,249562],[438085,249615],[438053,249724],[438071,249930],[438137,250008],[438032,250024],[437992,250013],[437842,250051],[437738,250119],[437669,250132],[437522,250198],[437530,250222],[437476,250197],[437197,250237],[437149,250300],[437040,250337],[436995,250334],[436922,250366],[436890,250403],[436731,250418],[436696,250398],[436673,250418],[436576,250403],[436485,250423],[436399,250369],[436342,250374],[436241,250320],[436194,250339],[436111,250313],[436065,250257],[436018,250306],[435978,250314],[435896,250156],[435840,249595],[435869,249449],[435929,249444],[435935,249425],[435933,249367],[435917,249364],[435869,249277],[435861,249186],[435896,248714],[435747,248596],[435737,248602],[435667,248495],[435578,248286],[435412,248177],[435324,248096],[435175,248072],[434954,248002],[434856,248034],[434705,248027],[434696,248060],[434661,248055],[434618,248114],[434618,248168],[434576,248203],[434568,248235],[434518,248262],[434521,248328],[434478,248356],[434456,248408],[434425,248425],[434359,248427],[434342,248469],[434296,248454],[434256,248493],[434177,248507],[434131,248550],[434124,248580],[434103,248580],[434095,248622],[434050,248683],[434018,248670],[434007,248714],[433931,248714],[433890,248681],[433797,248662],[433739,248665],[433720,248682],[433647,248647],[433564,248670],[433363,248649],[433370,248697],[433310,248690],[433320,248758],[433276,248794],[433291,248877],[433259,248881],[433253,248896],[433275,248958],[433269,249011],[433310,249028],[433323,249078],[433346,249086],[433346,249111],[433317,249147],[433349,249220],[433254,249390],[433222,249414],[433189,249554],[433197,249613],[433167,249627],[433163,249677],[433139,249717],[433134,249854],[432965,250598],[432989,250622],[432905,250736],[432851,250783],[432853,250840],[432726,250834],[432717,250797],[432588,250699],[432425,250751],[432383,250781],[432354,250775],[432332,250749],[432326,250675],[432300,250599],[432272,250580],[432264,250533],[432067,250441],[432006,250456],[431986,250402],[431919,250411],[431897,250430],[431848,250408],[431762,250418],[431661,250510],[431632,250507],[431585,250535],[431530,250534],[431450,250490],[431403,250402],[431362,250384],[431312,250322],[431277,250312],[431221,250233],[431113,250318],[431098,250369],[431010,250386],[430956,250460],[430915,250576],[430882,250596],[430877,250620],[430809,250628],[430728,250601],[430682,250603],[430648,250563],[430631,250578],[430632,250616],[430581,250608],[430548,250647],[430523,250726],[430486,250762],[430375,250795],[430347,250781],[430155,250780],[430110,250903],[430075,250917],[430023,250983],[429956,251030],[429916,251089],[429887,251103],[429771,251066],[429733,251073],[429683,251006],[429242,251005],[429113,250853],[429054,250848],[428942,250781],[428890,250721],[428867,250719],[428849,250688],[428856,250649],[428805,250595],[428732,250587],[428725,250557],[428653,250556],[428548,250592],[428518,250567],[428452,250723],[428468,250774],[428501,250771],[428453,250876],[428480,250959],[428443,251001],[428487,251008],[428497,251060],[428436,251091],[428498,251166],[428512,251245],[428480,251302],[428508,251338],[428460,251368],[428436,251423],[428131,251433],[427988,251346],[427895,251345],[427847,251324],[427806,251335],[427727,251283],[427579,251270],[427425,251159],[427237,251274],[427162,251345],[427089,251385],[427162,251674],[427212,252130],[427205,252267],[427246,252293],[427692,252360],[427673,252747],[427421,252695],[427270,252676],[427249,252686],[427372,253244],[427400,253303],[427470,253387],[427470,253476],[427397,253468],[427380,253506],[427101,253495],[427080,253422],[427010,253357],[426878,253360],[426798,253344],[426644,253268],[426604,253221],[426587,253145],[426549,253124],[426310,253054],[426219,253049],[426185,253078],[425988,253438],[425943,253467],[425870,253400],[425817,253456],[425772,253539],[425614,253639],[425662,253759],[425467,253787],[425454,253834],[425395,253833],[425398,253797],[425382,253787],[425095,253732],[425087,253815],[424946,253802],[424897,253874],[424785,253987],[424745,254079],[424692,254084],[424683,254167],[424624,254192],[424579,254240],[424596,254636],[424428,254560],[424161,254987],[424118,255097],[423962,255120],[423935,255147],[423963,255237],[424043,255305],[424111,255438],[424227,255585],[424251,255647],[424303,255695],[424345,255784],[424381,255965],[424298,256070],[424229,256125],[424178,256127],[424145,256094],[424111,256085],[423905,256201],[423785,256472],[423713,256536],[423735,256565],[423721,256705],[423633,256728],[423543,256712],[423443,256819],[423462,256887],[423424,256921],[423371,257089],[423482,257155],[423554,257159],[423561,257200],[423516,257224],[423400,257190],[423384,257210],[423380,257299],[423333,257392],[423286,257401],[423001,257377],[422882,257343],[422762,257278],[422720,257182],[422623,257138],[422569,257074],[422539,257107],[422456,257079],[422401,256906],[422314,256962],[422257,256967],[422072,256812],[421931,256887],[421990,256988],[421924,257040],[421709,257142],[421598,257142],[421550,257095],[421188,256985],[421188,257481],[420483,257483],[420483,258009],[419687,258013],[419599,258091],[419445,258166],[419147,258448],[419038,258527],[418859,258623],[418629,258819],[418602,258827],[418420,258786],[418404,258948],[418380,258977],[418318,259009],[418332,259065],[418229,259078],[417993,259326],[417763,259463],[417700,259468],[417627,259502],[417586,259561],[417431,259679],[417306,259725],[417279,259705],[417085,259732],[417055,259681],[417024,259673],[416755,259720],[416743,259770],[416657,259797],[416636,259823],[416666,259857],[416654,259961],[416685,260000],[416672,260043],[416735,260068],[416745,260105],[416790,260142],[416793,260170],[416856,260166],[416884,260187],[416866,260253],[416881,260323],[416793,260464],[416545,260594],[416506,260588],[416460,260697],[416410,260732],[416416,260762],[416379,260841],[416214,260912],[415905,260913],[415885,260945],[415724,261038],[415570,261183],[415380,261282],[414743,261345],[414666,261386],[414535,261388],[414344,261628],[414308,261711],[414150,261945],[414130,262000],[413724,262351],[413687,262404],[413625,262441],[413509,262448],[413344,262618],[413213,262715],[413029,262800],[412939,262872],[412813,262889],[412691,263003],[412616,263132],[412517,263137],[412482,263230],[412363,263411],[412134,263465],[412003,263558],[411923,263569],[411847,263692],[411722,263732],[411518,263757],[411484,263820],[411472,263888],[411549,263959],[411563,264007],[411672,264092],[411639,264236],[411660,264311],[411770,264341],[411931,264540],[412073,264643],[412172,264663],[412395,264797],[412517,264675],[412566,264549],[412612,264510],[412711,264613],[412760,264629],[412800,264670],[412884,264712],[412938,264768],[413021,264812],[413108,264883],[413031,265174],[413014,265194],[413045,265246],[413037,265282],[413106,265339],[413152,265403],[413243,265436],[413301,265479],[413301,265536],[413233,265609],[413172,265609],[413049,265676],[413016,265651],[412866,265784],[412847,265849],[412824,265861],[412782,265846],[412757,265854],[412755,265905],[412734,265923],[412705,265918],[412683,266007],[412584,266035],[412429,266157],[412133,266486],[411846,266502],[411601,266496],[411603,266644],[411578,266679],[411379,266837],[411101,266949],[411116,266977],[411170,267006],[411361,267000],[411354,267095],[411310,267168],[411233,267415],[411131,267531],[411111,267585],[411072,267627],[411040,267734],[410905,267878],[410829,268006],[410824,268087],[410787,268174],[410814,268918],[410797,268946],[410698,269004],[410704,269021],[410780,269015],[410824,269050],[410846,269032],[410886,269061],[410999,269068],[411037,269101],[411136,269109],[411166,269138],[411192,269123],[411213,269144],[411243,269130],[411276,269140],[411342,269119],[411358,269154],[411475,269192],[411553,269198],[412054,269099],[412132,269104],[412173,269132],[412224,269125],[412329,269161],[412493,269146],[412558,269112],[412685,269096],[412692,268903],[412715,268888],[412834,268878],[413096,268890],[413096,269061],[413205,269090],[413208,269112],[413235,269128],[413282,269131],[413365,269129],[413484,269100],[413521,269074],[413564,269109],[413610,269089],[413594,269055],[413615,269021],[413693,269003],[415855,269011],[416009,268650],[416137,268508],[417449,268502],[418495,269838],[418723,270155],[418716,270210],[418619,270340],[418623,270398],[418654,270454],[418688,270476],[418687,270525],[418751,270643],[418765,270731],[418843,270914],[419012,271085],[419093,271042],[419322,270986],[419423,270934],[419611,270788],[420217,270511],[420303,270498],[420514,270505],[420703,270567],[420967,270402],[421094,270240],[421152,270116],[421261,270043],[421285,270046],[421315,270123],[421392,270207],[421450,270220],[421493,270269],[421556,270282],[421564,270295],[421546,270317],[421558,270332],[421631,270371],[421716,270450],[421757,270542],[421793,270835],[421725,270877],[421725,270999],[421600,271001],[421599,271438],[421687,271577],[421575,271893],[421528,271957],[421362,272015],[421250,272083],[421101,272204],[420990,272390],[420924,272555],[421122,272830],[421384,272980],[421489,273104],[421555,273147],[421525,273243],[421495,273253],[421481,273277],[421471,273352],[421554,273470],[421630,273626],[421608,273781],[421583,273804],[421563,273882],[421569,273932],[421606,273960],[421634,273954],[421746,273995],[421816,273988],[421843,274009],[421875,273994],[421925,273998],[421976,274052],[422050,274060],[422131,274035],[422219,274032],[422613,273847],[423072,273689],[423270,273446],[423591,273147],[424043,273241],[424051,273300],[424103,273430],[424222,273654],[424261,273699],[424279,273802],[424316,273810],[424331,273856],[424443,273870],[424521,273911],[424634,274001],[424736,274053],[424852,274185],[425050,274083],[425176,274251],[425199,274793],[424860,275374],[424827,275757],[424776,276080],[424611,276357],[424256,276648],[424086,276958],[424019,277128],[423807,277541],[423808,277875],[423627,277879],[423481,278144],[423496,279008],[422209,279686],[422334,280000],[424169,285465],[424962,287658],[425043,287999],[425143,288313],[426000,288315],[426001,289493],[425533,289498],[425694,289891],[425748,289968],[425729,290009],[425773,290022],[425736,290068],[425699,290079],[425698,290094],[425718,290111],[425746,290106],[425855,290050],[425973,290048],[426243,290123],[426374,290195],[426479,290447],[426546,290502],[426566,290593],[426705,290803],[426704,290862],[426753,290994],[426999,291003],[426997,291681],[426985,291693],[426807,291695],[426804,292003],[426537,292003],[426560,292104],[426483,292113],[426370,292158],[426316,292242],[426321,292270],[426383,292310],[426403,292392],[426431,292411],[426440,292453],[426464,292474],[426462,292509],[426532,292560],[426591,292556],[426604,292581],[426635,292575],[426690,292612],[426790,292642],[426771,292693],[426703,292775],[426612,292730],[426541,292859],[426507,292893],[426436,292913],[426372,292903],[426231,292959],[426223,293020],[426281,293151],[426279,293226],[426242,293251],[426136,293245],[426003,293196],[425997,293489],[425451,293493],[425428,293536],[425434,293642],[425326,293852],[425249,293926],[425217,294013],[425204,294096],[425229,294258],[425191,294312],[425144,294293],[425092,294236],[424932,294165],[424881,294149],[424864,294158],[424665,294014],[424620,294001],[424604,293975],[424513,293970],[424454,293984],[424409,294037],[424346,294173],[424249,294168],[424142,294092],[424080,294067],[424033,294060],[423995,294072],[423968,294044],[423938,294066],[423914,294057],[423906,294097],[423873,294086],[423744,294008],[423747,293989],[423684,293949],[423662,293916],[423636,293944],[423597,293946],[423529,293894],[423460,293869],[423428,293866],[423324,293922],[423201,293886],[423115,293896],[423040,293865],[422993,293864],[422957,293847],[422938,293813],[422932,293632],[422903,293639],[422893,293597],[422934,293570],[422930,293547],[422906,293461],[422852,293449],[422826,293310],[422639,293474],[422565,293367],[422496,293303],[422444,293212],[422418,293237],[422307,293179],[422311,293157],[422204,293089],[421969,293474],[421851,293371],[421869,293259],[421429,293171],[421273,293145],[420720,293232],[420797,293284],[420856,293359],[420890,293474],[420868,293484],[420846,293574],[420869,293619],[420869,293678],[420914,293721],[420926,293756],[421036,293784],[421172,293859],[421222,293914],[421254,293999],[421400,294001],[421399,294399],[420973,294396],[421123,294573],[421121,294610],[421095,294654],[421152,294674],[421161,294727],[421080,294803],[421075,294831],[421234,294951],[421225,295051],[421202,295092],[421195,295403],[420582,295408],[420496,295520],[420091,295780],[419855,295485],[419621,295633],[419478,295666],[419416,295580],[419412,295504],[419386,295427],[419290,295329],[419110,295184],[419039,295167],[418979,295218],[418522,295482],[418621,295891],[418480,295986],[418382,296008],[418253,296072],[418123,295971],[418039,296059],[418003,296067],[417995,296364],[416925,296369],[416823,296343],[416594,296328],[416002,296067],[415999,296818],[416043,296855],[416126,296973],[416117,297024],[416062,297042],[415940,297034],[415884,297062],[415809,297239],[415809,297273],[415833,297321],[415812,297401],[415746,297413],[415739,297445],[415697,297483],[415656,297480],[415632,297506],[415579,297494],[415548,297459],[415452,297478],[415393,297440],[415235,297444],[415196,297459],[415139,297514],[415136,297566],[415083,297590],[415064,297642],[415088,297675],[415040,297900],[414985,297919],[414942,298037],[414918,298044],[414912,298073],[414763,298174],[414738,298217],[414675,298240],[414631,298310],[414541,298392],[414497,298465],[414482,298528],[414447,298552],[414452,298590],[414432,298627],[414447,298746],[414433,298812],[414460,298910],[414387,299123],[414345,299321],[414181,299526],[414005,299696],[414002,299997],[413798,300000],[413804,300498],[413955,300496],[414285,300682],[414360,300825],[414373,300891],[414359,300980],[414375,301578],[414637,301598],[414621,301708],[414557,301934],[414485,302065],[414525,302171],[414649,302346],[414685,302523],[414587,302726],[414518,302939],[414506,303044],[414577,303224],[414497,303359],[414487,303420],[414536,303492],[414586,303479],[414718,303505],[414812,303556],[414748,303963],[414776,304162],[414768,304394],[414787,304503],[414925,304631],[414986,304738],[415109,304882],[415168,304909],[415325,305025],[415805,305040],[415917,305025],[416000,304983],[416007,304505],[416493,304503],[416498,305321],[416252,305502],[416432,305631],[416513,305861],[416588,305917],[416721,305975],[416816,306069],[416865,306213],[416874,306533],[416919,306461],[417221,306316],[417370,306317],[417661,306225],[417889,306260],[418142,306251],[418197,306308],[418210,306351],[418302,306486],[418531,306762],[418610,306946],[418597,307067],[418663,307191],[418718,307243],[418896,307340],[418967,307360],[418993,307385],[419001,307996],[420413,307995],[420615,308043],[420619,308285],[420681,308390],[420696,308476],[420795,310201],[420876,310690],[420878,310891],[420993,311255],[420996,311792],[420965,311816],[420880,311740],[420766,311702],[420594,311736],[420531,311727],[420494,311779],[420441,311741],[420409,311832],[420386,311839],[420407,311867],[420416,311920],[420392,312006],[420221,311995],[420025,312030],[419888,312032],[419437,312185],[419191,312231],[419010,312384],[418942,312411],[418609,312466],[418354,312549],[418354,312689],[418336,312779],[418346,312899],[418326,312970],[418331,313092],[418276,313240],[418267,313325],[418280,313402],[418323,313519],[418366,313585],[418703,313746],[418774,313848],[418797,313909],[418752,314080],[418748,314269],[418713,314424],[418694,314475],[418581,314605],[418742,314789],[418832,314848],[418879,314856],[419008,314824],[419099,314888],[419206,314903],[419197,314986],[419144,315030],[419145,315069],[419171,315119],[419102,315134],[419001,315129],[418963,315202],[419012,315251],[419007,315267],[418951,315286],[418857,315255],[418358,315527],[418001,315372],[417993,315762],[417816,315755],[417624,315669],[417435,315654],[417364,315678],[417390,315722],[417378,315781],[417215,315771],[417034,315821],[417007,315788],[416933,315751],[416698,315888],[416743,315944],[416557,316039],[416549,316128],[416502,316242],[416425,316300],[416431,316358],[416471,316425],[416462,316454],[416355,316540],[416278,316642],[416042,316774],[415876,316962],[415742,317120],[415638,317285],[415587,317453],[415540,317529],[415398,317638],[415270,317712],[415144,317759],[414990,317754],[414989,318498],[415685,318856],[415690,318896],[415686,319552],[415503,319854],[415503,320998],[415003,320998],[415001,322008],[413644,322011],[413663,321973],[413656,321883],[413385,321805],[413126,321603],[413038,321557],[412802,321572],[412791,321536],[412742,321528],[412632,321415],[412495,321639],[412397,321743],[412314,321782],[412001,321863],[411994,323007],[411278,323013],[411320,323058],[411334,323137],[411441,323236],[411441,323375],[411468,323437],[411530,323477],[411585,323487],[411606,323538],[411641,323558],[411684,323637],[411719,323641],[411733,323682],[411765,323694],[411848,323797],[411858,323833],[411917,323855],[411996,323968],[412002,325742],[411990,325838],[411927,325927],[411905,326021],[411875,326047],[411893,326110],[411887,326177],[411865,326206],[411881,326218],[411842,326243],[411802,326315],[411691,326360],[411654,326400],[411567,326422],[411545,326461],[411417,326469],[411380,326497],[411322,326512],[411268,326598],[411206,326660],[411137,326677],[411135,326712],[411093,326756],[411086,326883],[411048,326964],[410922,327093],[410857,327100],[410812,327160],[410742,327311],[410508,327527],[410461,327796],[410402,327886],[410302,327988],[410240,328354],[410075,328349],[409905,328463],[409846,328467],[409708,328517],[409690,328532],[409672,328597],[409616,328639],[409588,328721],[409510,328790],[409397,328840],[409245,329012],[409192,329158],[408905,329296],[408720,329298],[408453,329336],[408164,329397],[408048,329438],[407980,329354],[407813,329403],[407715,329499],[407579,329549],[407342,329515],[407304,329533],[407257,329507],[407155,329506],[407144,330005],[406209,329997],[406195,330504],[405318,330500],[405137,330456],[405130,330349],[405090,330205],[404745,330218],[404749,330331],[404724,330350],[404582,330378],[404516,330459],[404457,330652],[404440,331052],[404401,331161],[404250,331277],[404212,331286],[404157,331263],[404048,331329],[404014,331331],[404011,331452],[403961,331471],[403933,331727],[403887,331794],[403788,331857],[403551,331857],[403512,331831],[403385,331987],[403355,332056],[403320,332067],[403348,332146],[403459,332348],[403501,332477],[403576,332548],[403608,333070],[403636,333250],[403811,333210],[403921,333231],[404092,333230],[404191,333256],[404240,333317],[404286,333264],[404325,333452],[404348,333496],[404557,333741],[404625,333899],[404699,334000],[404935,334232],[404990,334526],[405101,334692],[405533,334700],[405528,335114],[405542,335278],[405507,335390],[405516,335436],[405576,335576],[405655,335693],[405709,335731],[405788,335759],[405836,335811],[405892,335841],[405900,336002],[406500,336009],[406509,336704],[406534,336730],[406580,336711],[406658,336772],[406661,336805],[406622,336927],[406621,337013],[406732,337185],[406744,337179],[406773,337053],[406855,336933],[406921,336942],[406953,336969],[407174,337381],[407207,337529],[407273,337517],[407331,337476],[407348,337436],[407388,337406],[407468,337383],[407546,337556],[407544,337992],[409203,337998],[409207,338991],[409059,338995],[409056,339027],[409036,339045],[409051,339090],[409001,339163],[409018,339183],[408998,339195],[408964,339264],[408913,339295],[408899,339332],[408907,339373],[408884,339408],[408863,339402],[408834,339469],[408810,339481],[408822,339514],[408777,339609],[408752,339624],[408738,339738],[408636,339811],[408622,339883],[408639,339949],[408607,339993],[408611,340046],[408577,340103],[408542,340124],[408536,340174],[408447,340229],[408421,340274],[408398,340273],[408387,340293],[408443,340463],[408538,340585],[408686,340712],[408606,340823],[408479,340890],[408312,341060],[408171,341081],[408165,341110],[408317,341515],[408348,341671],[408444,341665],[408564,341633],[408640,341608],[408662,341582],[408765,341887],[408929,341850],[408999,341853],[409000,342984],[408956,343081],[408988,343097],[409123,343024],[409326,343180],[409443,342991],[409495,342944],[409548,342992],[409637,342892],[409694,342925],[409779,343014],[409840,342936],[409988,343046],[409993,342992],[410153,342965],[410230,342990],[410245,343013],[410299,343496],[410375,343679],[410430,343883],[410561,344124],[410576,344197],[410572,344291],[410606,344306],[410714,344292],[410710,344417],[411592,344427],[411630,344440],[411716,344414],[411872,344410],[411976,344368],[412011,344371],[412051,344402],[412094,344360],[412150,344365],[412285,344322],[412290,344686],[412932,344690],[413008,344765],[413204,344876],[413241,344925],[413319,344925],[413341,344952],[413403,344959],[413584,344929],[413657,344977],[413770,345013],[413850,345088],[413856,345146],[413895,345164],[413874,345197],[413923,345216],[414016,345326],[414019,345367],[414059,345383],[414071,345452],[414141,345594],[414113,345642],[414107,345704],[414074,345755],[414058,345771],[414033,345755],[413979,345802],[413945,345894],[413890,345901],[413856,345927],[413857,346006],[413824,346054],[413820,346180],[413783,346240],[413856,346377],[413912,346409],[413948,346530],[413949,346639],[413896,346829],[413869,347045],[414010,347070],[414023,347084],[414032,347290],[414113,347340],[414165,347268],[414341,347378],[414356,347404],[414400,347406],[414520,347500],[414512,347572],[414659,347673],[414884,347698],[415000,347686],[415001,348492],[416079,348482],[416201,348577],[416241,348635],[416270,348865],[416248,348970],[416187,349095],[416144,349130],[416055,349166],[415784,349350],[415755,349435],[415719,349484],[415681,349617],[415623,349682],[415485,349699],[415361,349692],[415232,349605],[414921,349558],[414867,349612],[414906,349679],[414915,349742],[414842,350001],[412997,350002],[412996,350471],[412916,350446],[412846,350462],[412760,350534],[412737,350587],[412730,350778],[412843,351296],[412837,351477],[414493,351479],[414495,351712],[414464,351776],[414484,351812],[414488,351869],[414551,351983],[414546,352184],[414452,352371],[414430,352591],[414380,352675],[414347,352785],[414243,352906],[414222,353062],[414164,353129],[414181,353245],[414112,353288],[414102,353373],[414069,353447],[414084,353499],[414115,353531],[414172,353558],[414248,353561],[414264,353581],[414256,353762],[414030,354071],[414028,354145],[414086,354226],[414108,354321],[414102,354349],[414063,354381],[413980,354390],[413949,354411],[413893,354529],[413879,354615],[413959,354765],[413966,354899],[414014,354962],[414095,354982],[414249,354939],[414312,354966],[414342,355002],[414700,355002],[414701,355193],[414629,355193],[414455,355324],[414505,355374],[414612,355432],[414664,355502],[414529,355659],[414403,355882],[414418,355933],[414482,355988],[414523,356053],[414579,356070],[414581,356153],[414562,356242],[414522,356325],[414473,356385],[414386,356446],[414308,356475],[414269,356533],[414277,356558],[414321,356593],[414410,356635],[414423,356699],[414406,356776],[414348,356852],[414281,356906],[414047,356973],[413905,357038],[413866,357091],[413846,357167],[413780,357288],[413627,357440],[413479,357505],[413432,357542],[413362,357733],[413362,357839],[413339,357926],[413210,358152],[413118,358274],[413073,358392],[412971,358421],[412924,358503],[412833,358535],[412814,358593],[412806,358772],[412782,358807],[412846,358878],[412849,358924],[412791,359017],[412756,359141],[412752,359237],[412704,359222],[412652,359247],[412631,359309],[412589,359362],[412611,359381],[412689,359398],[412701,359429],[412628,359480],[412592,359476],[412557,359436],[412535,359439],[412560,359502],[412618,359526],[412621,359541],[412570,359571],[412555,359530],[412528,359558],[412449,359561],[412435,359577],[412452,359606],[412419,359624],[412420,359670],[412394,359690],[412358,359687],[412353,359625],[412318,359605],[412332,359641],[412300,359663],[412300,360000],[412000,360001],[411994,362962],[412081,362962],[412076,363469],[411419,363465],[411298,363626],[411261,363701],[411293,363783],[411295,363859],[411323,363965],[411236,364036],[411180,364047],[411161,364094],[411127,364094],[411066,364132],[411079,364154],[411014,364249],[410976,364251],[410970,364287],[410886,364364],[410849,364357],[410823,364370],[410814,364392],[410829,364418],[410813,364438],[410741,364425],[410591,364555],[410570,364551],[410568,364518],[410542,364509],[410496,364560],[410517,364593],[410485,364599],[410443,364574],[410415,364612],[410389,364605],[410353,364678],[410372,364707],[410366,364741],[410318,364749],[410307,364714],[410294,364716],[410293,364778],[410226,364819],[410238,364869],[410153,364968],[410149,364998],[409997,365001],[409983,365167],[409929,365227],[409826,365273],[409842,365306],[409830,365329],[409762,365338],[409717,365402],[409648,365437],[409607,365480],[409557,365476],[409548,365503],[409511,365529],[409514,365579],[409492,365638],[409441,365627],[409414,365641],[409394,365727],[409255,365738],[409212,365759],[409164,365789],[409091,365876],[409034,365867],[408958,365958],[408952,365990],[408878,365993],[408828,366067],[408811,366042],[408769,366062],[408759,366077],[408781,366100],[408778,366149],[408718,366141],[408658,366223],[408685,366239],[408665,366331],[408523,366326],[408546,366401],[408499,366436],[408511,366496],[408460,366467],[408390,366508],[408345,366454],[408286,366508],[408234,366513],[408174,366557],[408112,366556],[408088,366571],[407987,366352],[407921,366349],[407818,366294],[407766,366225],[407746,366219],[407617,366300],[407545,366358],[407538,366383],[407575,366513],[407745,366584],[407781,366627],[407797,366680],[407799,366901],[407443,366902],[407395,366939],[407353,366897],[407283,366914],[407243,366902],[407192,366959],[407163,366961],[407128,366922],[407095,366931],[407072,366981],[407015,366965],[406974,366971],[406950,367023],[406910,367034],[406858,367008],[406819,367015],[406748,366980],[406711,366982],[406661,366896],[406624,366902],[406589,366885],[406535,366896],[406504,366853],[406410,366869],[406327,366828],[406280,366876],[406235,366845],[406158,366862],[406098,366957],[406024,366994],[405953,367069],[405948,367164],[405890,367166],[405864,367230],[405825,367267],[405762,367257],[405762,367319],[405740,367338],[405667,367319],[405634,367378],[405565,367394],[405488,367342],[405417,367353],[405309,367336],[405230,367375],[405115,367603],[405004,367657],[404947,367704],[404880,367726],[404784,367810],[404776,367859],[404731,367943],[404565,368024],[404482,368144],[404409,368192],[404394,368222],[404355,368223],[404282,368287],[404183,368330],[403976,368331],[403902,368301],[403851,368321],[403613,368284],[403390,368317],[403261,368392],[403119,368439],[403012,368524],[402985,368529],[402835,368842],[402702,369158],[402603,369905],[402046,369325],[401824,369200],[401687,369083],[401605,368973],[401557,368873],[401469,368828],[401385,368809],[401358,368752],[401249,368660],[401201,368661],[401175,368612],[401031,368589],[400966,368546],[400942,368512],[400912,368608],[400802,368733],[400792,368766],[400807,369004],[400769,369148],[400826,369156],[400766,369285],[400748,369554],[400889,369672],[400916,369752],[400986,369790],[400996,369820],[401045,369826],[401045,369852],[401108,369836],[401159,369865],[401203,369854],[401320,369924],[401406,369933],[401476,369973],[401494,370013],[401541,370013],[401576,370055],[401690,370048],[401751,370107],[401778,370208],[401765,370331],[401773,370414],[401741,370476],[401557,370597],[404664,370600],[404806,370649],[405089,370786],[405388,371029],[405977,371395],[406340,371512],[406329,371547],[406916,371684],[407114,371875],[407114,372311],[407212,372316],[407079,372644],[407135,372693],[407172,372761],[407371,372716],[407546,372698],[407641,372660],[407801,372550],[408052,372486],[408264,372488],[408318,372526],[408359,372531],[408623,372486],[408690,372431],[408710,372298],[408683,372210],[408702,372176],[408736,372165],[408834,372208],[408954,372309],[408984,372310],[408992,372267],[409019,372283],[409032,372329],[409194,372357],[409242,372403],[409280,372478],[409365,372532],[409610,372532],[409874,372458],[410063,372501],[410259,372472],[410393,372542],[410464,372562],[410486,372614],[410590,372643],[410686,372601],[410738,372534],[410955,372489],[411064,372537],[411140,372592],[411145,372637],[411183,372658],[411194,372706],[411230,372735],[411421,372705],[411527,372720],[411554,372755],[411716,372800],[411883,372799],[411904,372768],[411939,372761],[412062,372785],[412350,372993],[412439,373042],[412513,373053],[412543,373083],[412539,373122],[412513,373146],[412396,373148],[412323,373184],[412313,373231],[412279,373286],[412278,373335],[412312,373421],[412369,373459],[412461,373472],[412547,373444],[412927,373448],[412977,373406],[413077,373259],[413160,373244],[413229,373212],[413354,373209],[413471,373241],[413542,373240],[413657,373207],[413746,373148],[413804,373131],[414095,373282],[414087,373339],[414064,373342],[414057,373374],[414023,373374],[413998,373448],[413783,373552],[413746,373539],[413705,373592],[413615,373636],[413554,373713],[413533,373782],[413541,373840],[413645,373962],[413647,373994],[413581,374110],[413505,374200],[413476,374314],[413489,374330],[413487,374422],[413445,374601],[413432,374738],[413454,374789],[413459,374855],[413427,374956],[413360,375019],[413313,375110],[413196,375154],[413173,375217],[413120,375258],[412781,375386],[412744,375511],[412658,375679],[412658,375808],[412590,375955],[412480,376035],[412341,376102],[412274,376164],[412259,376233],[412274,376431],[412247,376453],[412283,376477],[412324,376669],[412283,376743],[412006,376991],[411848,377208],[411849,377294],[411938,377454],[411888,377576],[411865,377778],[411789,377998],[415502,378002],[415503,379506],[412779,379506],[412947,379835],[413018,380029],[413272,380173],[413344,380199],[413522,380253],[413644,380325],[414023,380620],[414282,380848],[414484,380968],[414641,381137],[414879,381313],[415094,381515],[415510,381846],[415670,382071],[415677,382154],[415699,382185],[416035,382386],[416132,382381],[416185,382293],[416264,382272],[416297,382211],[416364,382148],[416381,382151],[416447,382252],[416521,382243],[416662,382071],[416785,382034],[416948,382119],[417014,382124],[417032,382153],[417175,382153],[417187,382178],[417325,382229],[417412,382239],[417446,382219],[417481,382240],[417515,382221],[417596,382232],[417653,382277],[417717,382278],[417917,382393],[418056,382438],[418044,382347],[418007,382337],[417972,382295],[417992,382263],[418022,382280],[418041,382269],[417995,382218],[417993,382167],[417963,382159],[417924,382193],[417946,382126],[417885,382141],[417864,382084],[417831,382084],[417816,382053],[417768,382048],[417727,382017],[417929,381924],[418503,382493],[419784,382493],[419784,382198],[420510,382197],[420652,382238],[420849,382186],[420981,382130],[421040,382124],[421029,382194],[421070,382206],[421205,382345],[421217,382392],[421292,382455],[421311,382504],[421364,382555],[421363,382576],[421392,382582],[421477,382672],[421494,382716],[421523,382739],[421520,382778],[421588,382836],[421677,383046],[421723,383073],[421713,383091],[421749,383154],[421761,383222],[421851,383378],[421922,383570],[422007,383678],[421987,383698],[421957,383838],[421880,383947],[421855,384032],[421902,384121],[421939,384250],[422013,384676],[422042,385405],[421831,385871],[422458,387155],[422503,387501],[423096,387501],[422995,387293],[422596,386646],[422568,386525],[422502,386421],[422529,386285],[422486,386092],[422496,386034],[422464,385872],[422445,385639],[422484,385584],[422724,385394],[422870,385307],[424650,384439],[424679,384437],[424841,384165],[425019,383972],[425585,383868],[427351,383301],[427315,383211],[427290,383190],[426814,383019],[426672,382940],[426454,382911],[426224,382939],[426138,382999],[425952,382999],[425916,382985],[425933,382828],[425860,382695],[425766,382468],[425690,382386],[425624,382225],[425548,382163],[425419,382096],[425267,381923],[425263,381859],[425284,381760],[425269,381708],[425171,381658],[425170,381565],[425095,381529],[424977,381428],[424923,381359],[424882,381057],[424953,381000],[424555,380492],[424605,380391],[424824,380094],[424866,380013],[424909,379995],[425034,380009],[425384,380180],[426002,380614],[426002,379486],[426825,379485],[426834,379109],[426856,378959],[427035,378855],[427230,378644],[428354,378685],[428758,378920],[428956,378905],[429127,378848],[429561,378800],[429626,378812],[429770,378889],[429826,378888],[429854,378870],[430061,378910],[430140,378984],[430181,378984],[430212,378962],[430253,378966],[430452,378840],[430474,378857],[430475,378833],[430602,378788],[430607,378762],[430639,378733],[430663,378736],[430685,378765],[430688,378738],[430709,378746],[430768,378723],[430781,378741],[430801,378726],[430819,378749],[430942,378735],[430962,378750],[430960,378779],[430994,378772],[431058,378811],[431081,378801],[431082,378850],[431118,378829],[431151,378883],[431205,378906],[431196,378935],[431218,378968],[431201,378977],[431194,379012],[431209,379040],[431199,379094],[431290,379193],[431281,379312],[431314,379326],[431308,379357],[431340,379391],[431341,379367],[431394,379393],[431405,379371],[431424,379376],[431427,379405],[431453,379425],[431466,379407],[431506,379406],[431521,379364],[431568,379384],[431583,379358],[431625,379348],[431674,379367],[431733,379321],[431782,379326],[431775,379291],[431799,379271],[431810,379235],[431785,379161],[431791,379132],[431759,379122],[431770,379101],[431755,379085],[431782,379043],[431827,378818],[431852,378810],[431867,378772],[431916,378797],[431973,378702],[432233,378389],[432306,378309],[432469,378183],[432397,378088],[432436,377986],[432745,377530],[432849,377431],[432927,377306],[433011,376964],[432988,376912],[433013,376846],[433080,376777],[433091,376716],[433195,376603],[433242,376657],[433415,376755],[433495,376780],[433652,376792],[433722,376817],[433902,376790],[433935,376797],[433962,376783],[434107,376827],[434160,376823],[434335,376740],[434356,376723],[434359,376686],[434384,376687],[434431,376739],[434439,376806],[434490,376819],[434523,376853],[434549,376840],[434597,376866],[434618,376843],[434669,376829],[434718,376845],[434809,376773],[434864,376782],[434892,376753],[434952,376742],[435002,376706],[435091,376702],[435122,376584],[435282,376556],[435302,376545],[435295,376517],[435344,376481],[435431,376458],[435484,376420],[435485,376496],[436516,376496],[436516,377097],[435660,377097],[435657,377252],[435618,377420],[435852,377471],[435895,377501],[435984,377724],[436005,377858],[436031,377855],[436044,377908],[436142,377907],[436150,377962],[436024,378027],[436033,378066],[436100,378077],[436162,378054],[436331,378053],[436440,378000],[436453,378007],[436446,378027],[436501,378002],[436478,378045],[436488,378113],[436467,378139],[436479,378176],[436467,378192],[436522,378304],[436526,378381],[436591,378460],[436598,378853],[436643,378892],[436667,378944],[436836,379094],[436882,379219],[437004,379251],[437026,379216],[437067,379202],[437243,379185],[437287,379212],[437360,379199],[437608,379266],[437783,379262],[437939,379201],[438175,379217],[438271,379299],[438105,379525],[438018,379739],[438027,379813],[438105,379901],[438143,379925],[438202,379935],[438211,379960],[438281,380024],[438303,380080],[438357,380150],[438413,380206],[438438,380250],[438446,380345],[438477,380365],[438481,380448],[438530,380468],[438537,380427],[438600,380453],[438629,380436],[438623,380420],[438645,380421],[438648,380437],[438680,380405],[438697,380416],[438784,380364],[438813,380374],[438818,380345],[438877,380372],[438915,380349],[438922,380323],[438961,380360],[438966,380321],[438994,380333],[439052,380321],[439109,380346],[439148,380335],[439150,380404],[439074,380517],[439073,380543],[439103,380569],[439084,380692],[439033,380737],[439035,380783],[439005,380881],[438963,380931],[438966,381017],[438946,381016],[438915,381083],[438895,381083],[438851,381225],[438856,381286],[438827,381403],[438836,381509],[438812,381655],[438835,381694],[438809,381746],[438781,381906],[438734,381956],[438735,382048],[438650,382137],[438659,382150],[438594,382159],[438560,382174],[438557,382193],[438519,382197],[438495,382249],[438507,382364],[438497,382399],[438607,382427],[438699,382537],[438760,382585],[438784,382566],[438798,382583],[438812,382574],[438889,382671],[438933,382654],[439051,382787],[439181,382670],[439207,382705],[439241,382848],[439287,382883],[439307,382927],[439429,382853],[439625,382652],[439808,382580],[439861,382587],[439966,382556],[440056,382525],[440168,382461],[440444,382395],[440462,382356],[440721,382285],[440766,382295],[440854,382422],[440958,382492],[440949,382522],[440992,382531],[441160,382655],[441252,382684],[441352,382659],[441506,382686],[441647,382759],[441839,382819],[441932,382825],[442077,382715],[442101,382669],[442233,382611],[442247,382541],[442214,382464],[442219,382254],[442259,382181],[442318,382149],[442530,382133],[442596,382187],[442647,382053],[442656,382003],[442625,381994],[442654,381951],[442681,381813],[442806,381856],[442983,381845],[443187,381737],[443302,381720],[443342,381687],[443534,381654],[443692,381704],[443787,381772],[443867,381789],[443927,381779],[443996,381813],[444084,381761],[444123,381718],[444204,381742],[444362,381724],[444458,381622],[444561,381566],[444735,381540],[444754,381516],[444820,381503],[444828,381548],[444872,381572],[444939,381545],[445088,381543],[445262,381661],[445381,381960],[445379,382000],[445344,382074],[445357,382084],[445418,382079],[445521,382015],[445612,382035],[445646,382063],[445775,382114],[445899,382133],[446175,382092],[446315,382093],[446565,381957],[446760,381943],[446781,381962],[446879,381846],[446911,381742],[446948,381740],[446948,381712],[446997,381703],[447018,381715],[447021,381687],[447064,381665],[447078,381616],[447174,381575],[447170,381556],[447148,381551],[447156,381542],[447229,381484],[447260,381484],[447274,381449],[447306,381456],[447331,381386],[447362,381395],[447399,381326],[447426,381324],[447427,381299],[447459,381293],[447487,381266],[447464,381141],[447442,381131],[447434,381074],[447405,381022],[447338,380960],[447176,380901],[447121,380866],[447051,380779],[447020,380651],[447018,380551],[447084,380052],[447271,379546],[447304,379494],[447324,379417],[447314,379383],[447624,379362],[447807,379431],[447901,379411],[448015,379420],[448295,379381],[448328,379392],[448403,379455],[448466,379538],[448495,379532],[448686,379365],[448783,379167],[448827,379025],[448861,378991],[448931,378964],[449156,378954],[449393,378791],[449549,378761],[449647,378696],[449737,378664],[449804,378589],[450021,378600],[450077,378620],[450114,378654],[450213,378685],[450300,378670],[450352,378644],[450420,378574],[450465,378575],[450491,378558],[450524,378565],[450573,378618],[450612,378630],[450705,378766],[450823,378879],[450934,379072],[451002,379124],[451002,379593],[451504,379593],[451504,379267],[452059,378894],[452160,378859],[452477,378960],[452562,379014],[452608,379018],[452684,379015],[452896,378951],[453012,378882],[453115,378875],[453369,378899],[453328,378962],[453340,378998],[453315,379099],[453322,379209],[453462,379287],[453547,379278],[453717,379350],[453880,379492],[454040,379599],[454098,379614],[454053,379718],[454051,379861],[454197,379879],[454260,380025],[454268,380130],[454330,380151],[454319,380176],[454378,380203],[454395,380271],[454376,380649],[454402,380800],[454466,380818],[454551,380880],[454612,380896],[454743,380897],[454819,380943],[455073,380947],[455122,381046],[455052,381154],[455029,381159],[455041,381283],[455136,381296],[455152,381360],[455214,381381],[455236,381424],[455285,381380],[455313,381459],[455346,381450],[455395,381477],[455423,381536],[455458,381558],[455455,381572],[455508,381585],[455648,381681],[455784,381701],[455960,381901],[455976,382007],[456024,382129],[456172,382286],[456467,382553],[456622,382609],[456761,382719],[456785,382702],[457107,382627],[457228,382638],[457408,382693],[457448,382870],[457583,382862],[457586,382964],[457730,382966],[457732,382889],[457827,382900],[457818,382625],[457803,382615],[457821,382526],[457878,382441],[458171,382471],[458253,382267],[458771,381994],[458976,381911],[459061,381804],[459482,381620],[459615,381588],[459769,381586],[459800,381403],[459924,381459],[460231,381480],[460568,381473],[460900,381401],[461096,381434],[461373,381607],[461491,381655],[461867,381871],[462111,381967],[462324,382116],[462781,382359],[462689,382482],[462602,382655],[462563,382745],[462523,382922],[462434,382960],[462381,383059],[462424,383125],[462510,383174],[462602,383201],[462722,383190],[462934,383215],[463093,383189],[463201,383224],[463307,383305],[463346,383447],[463390,383495],[463472,383540],[463557,383546],[463573,383574],[463625,383566],[463598,383621],[463572,383633],[463614,383671],[463559,383683],[463562,383715],[463606,383763],[463582,383816],[463694,383862],[463825,383890],[464204,383936],[464217,383923],[464295,383932],[464476,383971],[464067,384625],[463660,385102],[463445,385330],[463317,385534],[463541,385683],[463696,385871],[463812,385944],[463914,386138],[463924,386282],[463960,386380],[463940,386390],[463988,386503],[463978,386541],[464018,386679],[463661,387090],[463668,387148],[463693,387194],[463693,387285],[463793,387733],[463949,388182],[464022,388675],[464133,388975],[464277,389205],[464402,389368],[464383,389398],[464387,389428],[464476,389560],[464525,389705],[464546,389850],[464531,389914],[464410,390070],[464295,390020],[464261,390036],[464198,390152],[464234,390194],[464193,390225],[464146,390303],[464154,390347],[464132,390348],[464130,390327],[464111,390327],[464117,390429],[464077,390424],[464074,390399],[464042,390406],[463996,390476],[464006,390554],[463963,390552],[463990,390596],[463929,390596],[463967,390648],[464004,390631],[464007,390681],[463963,390719],[463940,390682],[463913,390740],[463940,390776],[464008,390758],[463973,390826],[463979,390841],[464072,390828],[464061,390922],[464081,390947],[464116,390951],[464156,390997],[464157,391060],[464266,391054],[464298,391102],[464492,391102],[464492,391303],[464476,391381],[464572,391407],[464606,391538],[464630,391560],[464665,391561],[464799,391514],[464799,391803],[465002,391803],[465000,392000],[465194,392000],[465194,392626],[465364,392674],[465600,392620],[465592,392726],[465527,392834],[465418,392874],[465372,392940],[465422,393007],[465464,393018],[465568,393109],[465703,393108],[465712,393146],[465690,393277],[465709,393331],[465741,393350],[465878,393344],[465963,393476],[466064,393457],[466184,393463],[466220,393475],[466339,393571],[466503,393597],[466808,393809],[466800,393934],[466683,394012],[466639,394025],[466664,394085],[466718,394445],[466690,394505],[466697,394627],[466768,394738],[466851,394920],[466865,394964],[466858,395039],[466891,395149],[467093,395449],[466926,395603],[467450,396539],[467598,397282],[467412,397690],[467199,397795],[467118,397862],[467052,397971],[466873,398000],[466002,398000],[466002,398272],[465655,398317],[465583,398355],[465440,398378],[465304,398575],[465222,398659],[465129,398718],[465179,398921],[465181,399003],[465252,399126],[465493,399081],[465625,399075],[465630,399183],[465674,399172],[465677,399186],[465665,399741],[465928,399742],[465973,399718],[465973,399536],[466037,399537],[466036,399561],[466117,399567],[466117,399637],[466209,399592],[466591,399540],[466973,399390],[467020,399390],[467054,399479],[467127,399429],[467221,399595],[467279,399567],[467428,399819],[467431,399930],[467361,400111],[467972,400502],[471214,400502],[472107,399389],[472107,397378],[471805,397106],[471754,397002],[471789,396919],[471901,396760],[471933,396677],[472018,396590],[472055,396493],[472096,396541],[472151,396563],[472309,396519],[472470,396583],[472756,396574],[473095,396595],[473347,396691],[473552,396682],[473810,396694],[474046,396731],[474455,396682],[474612,396682],[474692,396664],[474862,396680],[474968,397213],[478574,396506],[478862,396401],[479044,396358],[479050,396381],[479359,396288],[479506,396224],[479506,395279],[479420,395131],[479222,394829],[479125,394721],[479015,394669],[478560,394531],[478457,394468],[478423,394396],[478423,394337],[478521,393981],[478739,393492],[478734,393383],[478621,392998],[478615,392900],[478653,392802],[478703,392735],[478990,392441],[479248,392121],[479471,391908],[479579,391833],[480156,391544],[480273,391537],[480540,391635],[480589,391631],[480628,391588],[480635,391518],[480616,391443],[480478,391290],[480457,391227],[480449,391049],[480489,390901],[480675,390418],[480792,390199],[480923,390056],[481230,389836],[481309,389759],[481362,389677],[481416,389511],[481415,389228],[481441,389094],[481407,389082],[481391,389174],[481349,389174],[481340,389144],[481274,389143],[481370,389060],[481447,389071],[481465,388984],[481452,388870],[481432,388826],[481295,388669],[481157,388562],[481024,388478],[480925,388437],[480604,388413],[480564,388382],[480552,388333],[480621,388262],[480719,388211],[480980,388117],[481105,388031],[481446,387635],[481553,387532],[481576,387478],[481569,387441],[481540,387408],[481288,387354],[481033,387234],[480925,387155],[480865,387087],[480715,386685],[480577,386442],[480564,386344],[480616,386122],[480600,386032],[480550,385916],[480554,385858],[480603,385810],[480880,385772],[481131,385646],[481248,385629],[481324,385664],[481366,385706],[481425,385867],[481514,385958],[481567,385983],[481674,385969],[481732,385921],[481798,385819],[482253,385057],[482325,384982],[482383,384952],[482609,384911],[482703,384839],[482729,384751],[482705,384625],[482661,384564],[482500,384472],[482441,384401],[482388,384288],[482336,384117],[482320,383933],[482341,383870],[482411,383763],[482689,383581],[482780,383492],[482865,383355],[482874,383236],[482805,383087],[482663,382906],[482640,382806],[482631,382631],[482589,382510],[482512,382440],[482335,382351],[482267,382284],[482247,382188],[482254,382146],[482314,382049],[482516,381850],[482600,381668],[482673,381580],[482769,381549],[482847,381552],[483062,381631],[483161,381640],[483229,381625],[483326,381565],[483361,381524],[483375,381471],[483355,381383],[483160,381181],[483109,381045],[483108,380435],[483143,380069],[483190,379936],[483241,379834],[483522,379484],[483576,379381],[483591,379314],[483588,379277],[483534,379196],[483504,379085],[483512,378925],[483474,378744],[483433,378377],[483392,378195],[483328,378101],[483221,378045],[483013,378009],[482946,378017],[482878,378048],[482825,378126],[482838,378480],[482786,378664],[482732,378734],[482671,378777],[482601,378790],[482524,378773],[482445,378680],[482417,378589],[482450,378308],[482435,378207],[482379,378056],[482257,377847],[481883,377460],[481618,377147],[481557,377015],[481565,376878],[481595,376804],[481775,376627],[481914,376349],[482216,376086],[482450,375948],[482513,375850],[482520,375753],[482490,375626],[482283,375246],[482121,374873],[481980,374594],[481945,374486],[481943,374282],[481984,373908],[482047,373797],[482139,373692],[482162,373635],[482156,373605],[482117,373571],[482042,373549],[481680,373558],[481634,373531],[481599,373469],[481622,373344],[481726,373090],[481725,372985],[481704,372909],[481777,372895],[481987,372902],[482064,372885],[482106,372897],[482109,372835],[482350,372836],[482612,372812],[482797,372784],[482836,372746],[483425,372671],[483686,372666],[484146,372593],[484319,372594],[484505,372624],[484519,373046],[484562,373198],[484541,373325],[484496,373450],[484496,375000],[485499,375000],[485499,375294],[486000,375294],[486000,374243],[487111,374295],[487173,374290],[487255,374237],[487270,374257],[487375,374236],[487359,374317],[487371,374359],[487503,374470],[487577,374598],[487827,374700],[488071,374832],[487932,375059],[487925,375119],[488258,375275],[488224,375337],[488276,375367],[488247,375462],[488216,375816],[488227,375884],[488295,376028],[488280,376253],[488244,376327],[488227,376433],[488129,376515],[487935,376524],[487803,376558],[487731,376584],[487744,376641],[487560,376741],[487390,376747],[487277,377166],[487077,377495],[487041,377621],[487020,377965],[487032,377980],[487003,378128],[487035,378355],[487015,378436],[486962,378529],[486930,378695],[486932,378828],[487208,378884],[487481,378977],[487729,379092],[487802,379110],[488449,379152],[488573,379139],[488691,379156],[488931,379153],[489132,379111],[489375,379009],[489697,378979],[489820,378893],[489878,378787],[490462,378753],[490480,378779],[490463,378809],[490466,378889],[490382,378973],[490380,379018],[490411,379076],[490424,379159],[490541,379216],[490600,379281],[490613,379364],[490654,379442],[490688,379572],[490695,379684],[490765,379701],[490791,379768],[490807,379884],[490792,379987],[490822,380114],[490678,380198],[490621,380333],[490524,380409],[490489,380459],[490498,380664],[490471,380767],[490476,380856],[490434,380947],[490433,380982],[490517,381053],[490555,381143],[490643,381112],[490680,381132],[490677,381251],[490700,381382],[490762,381491],[491209,381491],[491209,382483],[491700,382514],[492249,382584],[492253,382604],[493097,382703],[493396,382698],[494085,382753],[494594,382772],[494980,382810],[495332,382815],[495688,382845],[496135,382905],[497067,382985],[497083,382715],[497208,382738],[497470,382793],[497655,382881],[497835,382930],[498251,383083],[498391,383102],[498524,383049],[498618,383056],[499089,383275],[500017,383408],[500336,383469],[500369,383479],[500369,383496],[500958,383579],[501390,383667],[501540,383684],[501606,383671],[502000,383757],[502000,384495],[503005,384495],[503005,384305],[503066,384271],[503172,384176],[503726,383919],[503773,383717],[503823,383659],[503855,383703],[504128,383746],[504293,383818],[504414,383812],[504634,383743],[504855,383778],[504880,383741],[504986,383727],[505274,383744],[505696,383813],[505765,383793],[505857,383804],[505991,383783],[506207,383831],[506210,383854],[506237,383867],[506477,383947],[506539,383932],[506553,383836],[506571,383835],[506715,383854],[506889,383945],[506998,383950],[507078,383927],[507122,383935],[507122,383952],[507305,383998],[507422,383819],[507460,383852],[507672,383520],[507899,383705],[507935,383760],[508067,383835],[508389,383910],[508569,383868],[508819,384013],[508939,383751],[509065,383840],[509301,383936],[509325,383902],[509395,383863],[509412,383785],[509399,383707],[509436,383661],[509428,383635],[509854,382851],[509905,382790],[509976,382650],[509969,382626],[510033,382535],[510084,382398],[510276,382070],[510301,381933],[510862,382136],[511115,382298],[511301,382384],[511450,382431],[511705,382552],[511797,382612],[512096,382731],[512321,382862],[512473,383016],[512768,382759],[512902,382621],[513073,382515],[513318,382293],[513363,382287],[513412,382316],[513337,382437],[513493,382764],[513404,382920],[513468,382974],[513749,383309],[513824,383221],[513905,383266],[514352,383603],[514364,383648],[514397,383648],[514469,383708],[514566,383760],[514568,383798],[514590,383785],[514604,383800],[514644,383797],[514639,383820],[514669,383838],[514686,383812],[514810,383954],[514797,383970],[514810,384000],[516951,384000],[519078,382158],[518454,381823],[518667,381312],[518647,381303],[518737,381059],[518746,380919],[518847,380821],[518893,380868],[519037,380766],[519157,380652],[519097,380636],[519212,380473],[519175,380436],[519024,380360],[519215,380095],[519283,380026],[519321,379961],[519385,379905],[519327,379873],[519313,379790],[519272,379692],[519191,379628],[519162,379570],[519203,379495],[519258,379492],[519289,379440],[519341,379417],[519375,379418],[519390,379447],[519472,379479],[519524,379459],[519645,379503],[519669,379494],[519701,379546],[519744,379569],[519905,379582],[519931,379628],[520020,379645],[520230,379802],[520352,379820],[520454,379805],[520545,379885],[520690,379919],[520885,380052],[520900,380034],[520991,380026],[521103,379940],[521264,379766],[521289,379734],[521286,379701],[521456,379577],[521692,379451],[521779,379370],[521856,379253],[522023,379330],[523000,379330],[523000,379163],[523105,379171],[523460,379101],[523551,379092],[523618,379102],[523640,379127],[523668,379214],[523853,379421],[523946,379566],[524115,379656],[524247,379780],[524247,379845],[524224,379839],[524215,379901],[524171,379942],[524170,379977],[524200,379988],[524212,380042],[524231,380033],[524241,380055],[524340,380125],[524329,380153],[524347,380178],[524309,380232],[524310,380266],[524281,380291],[524301,380319],[524276,380331],[524273,380350],[524406,380456],[524394,380470],[524458,380575],[524473,380570],[524521,380597],[524829,380232],[524988,380365],[525249,380470],[525440,380443],[525541,380370],[525593,380409],[525609,380388],[525641,380411],[525741,380256],[525849,380249],[526078,380432],[525952,380537],[525885,380491],[525868,380510],[526012,380599],[526065,380649],[526152,380614],[526189,380682],[526260,381019],[527015,380827],[527158,381119],[527247,381117],[527288,381131],[527224,381242],[527376,381344],[527503,381455],[528016,381020],[528098,380935],[528502,380356],[528702,380122],[528939,379952],[529279,379617],[529499,379475],[529636,379323],[529654,379281],[529659,379127],[529698,378948],[529709,378788],[529674,378261],[529682,378183],[529644,377908],[529682,377721],[529830,377426],[529864,377385],[529939,377325],[530188,377238],[530350,377112],[530558,376809],[530923,376402],[530934,376412],[530996,376379],[531147,376361],[531320,376278],[531519,376230],[531860,376101],[532015,376084],[532761,376199],[533192,376318],[533375,376296],[533440,376305],[533991,376541],[534250,376566],[534477,376615],[534676,376683],[534923,376699],[534849,376767],[534824,376816],[534787,377111],[534703,377525],[534786,377567],[534850,377582],[534863,377564],[534931,377597],[535180,377790],[535253,377803],[535286,377782],[535335,377804],[535398,377771],[535385,377742],[535493,377673],[535609,377665],[535616,377591],[535652,377589],[535652,377573],[535797,377559],[535797,377538],[535868,377454],[535989,377449],[536011,377386],[536086,377295],[536210,377205],[536209,377279],[536296,377279],[536345,377249],[536361,377260],[536398,377205],[536522,377130],[536577,377051],[536654,376995],[536665,376942],[536782,376878],[536806,376876],[536907,377071],[537100,376942],[537357,377465],[537637,377311],[537711,377276],[537775,377266],[537849,377217],[537859,377190],[537862,377169],[537763,377164],[537736,377056],[537659,376928],[537609,376801],[537693,376743],[537604,376636],[537645,376542],[537658,376405],[537676,376366],[537856,376377],[537861,376361],[537892,376354],[537940,376362],[537998,376343],[538069,376358],[538081,376344],[538177,376392],[538275,376358],[538445,376345],[538598,376284],[538731,376204],[538726,376172],[538753,376137],[538784,376143],[538924,376043],[538956,376051],[538973,376033],[538997,376056],[538985,376081],[539000,376114],[539074,376184],[539086,376224],[539149,376244],[539259,376123],[539320,376083],[539330,376094],[539610,376007],[539770,376020],[539908,376006],[540179,375903],[540413,375892],[540698,375822],[540651,375673],[540653,375548],[540714,375370],[540766,375280],[540694,375220],[540773,375053],[540875,374991],[540983,374889],[540954,374822],[541302,374783],[541866,374802],[541973,374774],[542047,374975],[542196,375254],[542205,375325],[542129,375487],[542189,375623],[542100,375882],[541997,376111],[542273,376434],[542295,376468],[542279,376477],[542298,376506],[542479,376714],[542476,376780],[542493,376814],[542677,376967],[542814,376963],[542977,377148],[543140,377245],[543196,377315],[543205,377362],[543169,377433],[543218,377487],[543352,377481],[543372,377506],[543483,377537],[543566,377722],[543548,378014],[543555,378141],[543618,378210],[543613,378243],[543667,378475],[543585,378470],[543564,378513],[543422,378545],[543403,378778],[543378,378838],[543343,379051],[543231,379228],[543136,379336],[543124,379413],[543073,379419],[543019,379476],[542462,379634],[542435,379598],[542413,379596],[542096,379673],[542193,379752],[542233,379846],[542353,379980],[542703,379994],[543022,380085],[543294,380200],[543294,380505],[543781,380505],[543889,380722],[543906,380898],[543935,380944],[543933,380992],[543985,381100],[544134,381524],[544261,381804],[544316,381912],[544439,382077],[544518,382215],[544608,382406],[544613,382453],[544632,382455],[544738,382592],[544960,382979],[544992,383067],[545640,383607],[546411,383607],[546411,384302],[546615,384461],[546975,384519],[547531,384873],[548121,385514],[548549,386057],[548792,386416],[548904,386416],[548904,386584],[549058,386808],[549214,386811],[549214,386998],[549118,387007],[549050,387057],[549026,387122],[549089,387155],[549103,387240],[549073,387270],[549010,387276],[548993,387329],[548894,387373],[548916,387431],[548862,387524],[548799,387573],[548795,387674],[548736,387723],[548692,387821],[548587,387899],[548653,388051],[548661,388141],[548687,388154],[548792,388155],[548867,388191],[549375,388499],[549402,388403],[549495,388302],[549659,388512],[549860,388668],[550507,387250],[551039,386227],[551409,385576],[552073,384321],[553012,381902],[553159,381565],[553548,380850],[554174,379906],[554474,379389],[555092,378123],[555433,377366],[555792,376376],[556249,375230],[556772,373670],[556844,373336],[556880,372736],[556912,372469],[557041,371812],[557185,371342],[557768,369742],[558001,368940],[558041,368699],[558061,368206],[558038,367149],[558012,366778],[557735,364404],[557729,363914],[557752,362985],[557687,361640],[557650,361304],[557609,361111],[557492,360668],[557316,360139],[557279,359935],[557273,359651],[557351,359139],[557373,358794],[557334,358334],[557265,357948],[557140,357525],[557024,357296],[556895,357147],[556668,356994],[556313,356853],[556035,356795],[555832,356799],[555388,356871],[555182,356867],[555001,356845],[554855,356806],[554677,356735],[554510,356639],[554413,356564],[554210,356355],[553258,355135],[552678,354444],[551444,353194],[551062,352842],[550345,352265],[549593,351546],[548950,351018],[548285,350519],[547844,350225],[547031,349623],[546688,349284],[546296,348822],[546074,348523],[545935,348367],[545609,348095],[545227,347842],[545094,347717],[544880,347449],[544680,347086],[544551,346891],[543823,346031],[543549,345535],[543320,345207],[542906,344534],[542779,344365],[542505,344056],[542089,343370],[541727,342951],[541633,342784],[541475,342409],[541344,342196],[541153,341986],[541023,341888],[540731,341709],[540628,341619],[540546,341510],[540459,341313],[540416,341116],[540395,340455],[540297,339778],[540292,339320],[540225,339043],[540144,338873],[539985,338681],[539552,338345],[539109,337881],[538392,337276],[538271,337156],[538167,337020],[538105,336903],[538035,336710],[538015,336577],[538056,336427],[538097,336368],[538170,336311],[538349,336250],[539084,336110],[539556,335926],[539905,335818],[540110,335697],[540437,335404],[540574,335333],[540812,335251],[540952,335221],[541130,335206],[541835,335191],[542439,335207],[542769,335198],[543098,335154],[543435,335057],[544476,334613],[545113,334213],[545489,333916],[545696,333784],[545917,333700],[546421,333568],[546624,333469],[546826,333304],[546947,333169],[547032,333042],[547111,332884],[547193,332620],[547274,332104],[547359,331839],[547435,331666],[547728,331208],[548169,330713],[548277,330567],[548354,330433],[548447,330171],[548552,329638],[548684,329318],[549064,328719],[549515,328116],[549765,327613],[549834,327515],[549961,327421],[550143,327357],[550721,327263],[551014,327200],[551840,326966],[552217,326896],[552766,326826],[552913,326827],[553076,326856],[553086,326258],[553036,326258],[552988,326234],[552952,326281],[552892,326246],[552880,326281]],[[552880,326281],[552761,326222],[552820,326246],[552880,326281]]]]}},{"type":"Feature","properties":{"name":"London","operator":"UK Power Networks"},"geometry":{"type":"MultiPolygon","coordinates":[[[[522001,178071],[521936,178161],[521897,178267],[521948,178998],[521941,179064],[521926,179069],[521903,179166],[521891,179144],[521623,179022],[521491,179280],[521486,179314],[521536,179367],[521371,179396],[521331,179631],[521236,179778],[521334,179838],[521423,179863],[521479,179867],[521581,179840],[521687,179865],[521709,179803],[521858,179860],[521794,180103],[521889,180107],[521804,180516],[521694,180721],[521639,180726],[521506,181324],[521478,181513],[521502,181585],[521548,181642],[521615,181653],[521613,181689],[521629,181709],[521676,181721],[521715,181761],[521737,181823],[521734,181862],[521781,181937],[521835,181973],[521911,182101],[521948,182135],[521963,182194],[521950,182339],[521869,182417],[521856,182468],[521671,182510],[521558,182554],[521532,182583],[521711,182952],[521720,183004],[521701,183043],[521656,183080],[521423,183143],[521414,183112],[521312,183134],[521089,183117],[521032,183078],[520904,183030],[520662,182968],[520463,182837],[520350,182716],[520255,182654],[520088,182618],[519893,182539],[519627,182484],[519479,182486],[519384,182449],[519122,182521],[519114,182506],[519011,182533],[518752,182805],[518697,182892],[518728,182916],[518659,182988],[518674,183029],[518659,183041],[518686,183072],[518698,183086],[518725,183118],[518756,183154],[518712,183192],[518765,183255],[518739,183280],[518981,183414],[519015,183373],[519376,183658],[519483,183782],[519616,184026],[519735,184196],[519804,184245],[519911,184290],[519883,184316],[519928,184367],[519998,184572],[520115,184748],[520101,184898],[520112,184950],[520295,185158],[520328,185223],[520326,185260],[520256,185338],[520297,185467],[520265,185603],[520236,185622],[520209,185600],[520196,185634],[520166,185594],[520124,185647],[520167,185673],[520200,185850],[520274,185913],[520271,185889],[520318,185867],[520349,185865],[520367,185888],[520362,185973],[520409,186038],[520367,186125],[520380,186163],[520419,186183],[520465,186170],[520547,186191],[520589,186227],[520600,186254],[520593,186320],[520560,186366],[520627,186467],[520702,186541],[520785,186673],[520809,186755],[520904,186756],[521004,186819],[521044,186864],[521100,186878],[521183,186880],[521190,186860],[521156,186858],[521148,186842],[521202,186827],[521226,186850],[521245,186911],[521314,186923],[521374,186989],[521384,186983],[521358,186947],[521396,186947],[521433,187010],[521483,186964],[521509,186984],[521551,186966],[521582,186971],[521589,186988],[521566,187022],[521619,187029],[521616,187062],[521646,187099],[521622,187168],[521654,187254],[521605,187316],[521654,187384],[521689,187355],[521715,187356],[521772,187429],[521789,187401],[521808,187400],[521897,187423],[521897,187458],[521970,187451],[521991,187385],[522009,187386],[522015,187409],[522029,187388],[522064,187410],[522072,187377],[522117,187372],[522145,187399],[522213,187347],[522222,187355],[522200,187377],[522228,187388],[522232,187423],[522269,187413],[522323,187423],[522354,187409],[522356,187431],[522374,187438],[522387,187431],[522371,187408],[522405,187404],[522446,187354],[522487,187351],[522524,187376],[522860,186937],[523052,186759],[523282,186472],[523408,186301],[523589,186002],[523951,185547],[524077,185657],[524188,185724],[524268,185619],[524469,185696],[524484,185572],[524839,185671],[524927,185681],[524913,185774],[524982,185903],[524990,185973],[525066,186085],[525111,186106],[525084,186198],[525230,186166],[525268,186205],[525360,186246],[525386,186298],[525460,186293],[525502,186314],[525535,186427],[525564,186678],[525603,186734],[525750,186813],[525770,186929],[525981,187016],[526181,187186],[526382,187261],[526433,187358],[526594,187234],[526645,187234],[526821,187400],[526973,187424],[527155,187500],[527308,187511],[527686,187499],[527942,187458],[528316,187453],[528395,187410],[528705,187318],[528842,187231],[528843,187213],[528956,187257],[529098,187378],[529330,187543],[529453,187656],[529606,187737],[529847,187805],[529990,187780],[530039,187801],[530118,187867],[530383,187962],[530682,187667],[530693,187649],[530646,187596],[530761,187465],[530726,187434],[531055,187204],[531185,187085],[531461,186781],[531725,187055],[532049,187472],[531857,187940],[531958,188004],[531979,188001],[531995,187946],[532037,187892],[532127,187876],[532345,187898],[532459,187951],[532608,187947],[532886,187995],[533086,188052],[533283,188019],[533301,188081],[533427,188042],[533414,188013],[533589,188061],[533771,188077],[534172,188192],[534328,188193],[534406,188107],[534527,188086],[534447,188321],[534376,188464],[534364,188530],[534424,188643],[534640,188838],[534706,188955],[534763,189005],[534815,189005],[534811,189086],[534845,189228],[535027,189451],[535017,189518],[534946,189657],[534959,189690],[535111,189742],[535160,189868],[535244,189933],[535338,189966],[535352,189985],[535378,190108],[535422,190181],[535433,190359],[535462,190489],[535505,190585],[535509,190655],[535536,190670],[535603,190668],[535695,190852],[535758,190889],[535778,191010],[535866,191095],[535943,191106],[536002,191188],[536064,191202],[536090,191183],[536125,191262],[536180,191332],[536282,191374],[536302,191420],[536301,191528],[536334,191580],[536379,191597],[536375,191632],[536430,191631],[536529,191705],[536600,191727],[536938,191728],[537088,191765],[537478,191820],[537916,191851],[538029,191888],[538114,191940],[538249,192082],[538584,192367],[538626,192418],[538670,192525],[538729,192582],[538984,192749],[539172,192803],[539152,192910],[539184,192951],[539154,193015],[539183,193058],[539255,193051],[539284,193083],[539282,193109],[539307,193127],[539339,193118],[539384,193142],[539395,193126],[539434,193128],[539468,193142],[539489,193182],[539531,193179],[539606,193266],[539651,193275],[539675,193312],[539670,193367],[539725,193389],[539724,193430],[539767,193429],[539821,193481],[539846,193530],[539820,193562],[539861,193581],[539828,193635],[539856,193654],[539857,193709],[539872,193720],[539861,193733],[539886,193763],[539881,193802],[539905,193833],[539898,193849],[539922,193864],[540046,194207],[540161,194394],[540200,194575],[540282,194778],[540278,194847],[540216,194965],[540233,195090],[540900,195932],[540908,196081],[540937,196169],[540945,196287],[541005,196490],[541005,196574],[541042,196782],[541218,197322],[541218,197473],[541246,197524],[541244,197671],[541298,197782],[541292,197871],[541307,197924],[541431,198198],[541534,198342],[541621,198426],[541676,198443],[541743,198509],[541788,198581],[541857,198639],[541915,198742],[542010,198858],[542066,198869],[542223,198953],[542281,198965],[542432,199078],[542610,199290],[542827,199430],[542860,199435],[542952,199520],[543085,199600],[543110,199484],[543173,199436],[543358,199228],[543429,199215],[543469,199190],[543574,199062],[543730,198947],[543886,198859],[544006,198743],[544164,198646],[544302,198533],[544850,198216],[544865,198139],[545017,197976],[545090,197827],[545242,197599],[545488,197002],[545574,196699],[545598,196671],[545662,196651],[545856,196685],[545904,196673],[545930,196643],[545928,196601],[545900,196549],[545824,196461],[545812,196418],[545828,196362],[546217,196058],[546325,195938],[546612,195499],[546632,195449],[546628,195396],[546582,195270],[546578,195172],[546620,195046],[546646,195032],[546684,194950],[546856,194731],[546838,194687],[546728,194627],[546710,194577],[546752,194463],[546966,194218],[547049,194162],[547197,194014],[547193,193925],[547212,193823],[547385,193662],[547497,193503],[547511,193421],[547410,193109],[547161,192509],[547165,192323],[547034,192176],[546659,191987],[546492,191746],[546676,191521],[547028,191033],[547621,190063],[547665,189920],[547816,189578],[547900,189458],[547945,189326],[547949,189094],[547992,188953],[547924,188943],[547747,188876],[547773,188802],[547755,188795],[547764,188760],[547793,188717],[547777,188709],[547786,188655],[547805,188621],[547638,188531],[547661,188277],[547727,188171],[547748,188103],[547700,188087],[547705,187917],[547726,187863],[547696,187855],[547683,187831],[547700,187783],[547684,187665],[547674,187648],[547594,187622],[547585,187568],[547536,187556],[547553,187472],[547500,187427],[547523,187408],[547457,187309],[547440,187325],[547392,187278],[547425,187234],[547363,187156],[547332,187037],[547330,186950],[547367,186894],[547423,186691],[547564,186456],[547602,186342],[547536,186147],[547416,185911],[547373,185770],[547399,185752],[547688,185794],[547688,185575],[547710,185560],[547668,185497],[547692,185481],[547680,185464],[547681,185325],[547776,184954],[547892,184630],[547947,184629],[547956,184577],[548035,184586],[548057,184350],[548175,184126],[548257,183292],[548182,182599],[548077,182048],[548200,181980],[548370,181920],[548850,181590],[549420,181420],[549680,181380],[550000,181300],[550050,181340],[550170,181320],[550430,181130],[550940,180880],[551110,180730],[551200,180560],[551290,180320],[551430,180040],[551500,179830],[551490,179630],[551550,179500],[551560,179250],[551620,179090],[551890,178730],[551990,178720],[552500,178800],[552700,178840],[552890,178940],[553420,179020],[553780,178980],[553880,178950],[554090,178800],[554630,178510],[555170,178000],[555370,177770],[556010,177227],[555812,177011],[555697,176869],[555660,176774],[555586,176675],[555566,176609],[555523,176578],[555477,176488],[555452,176410],[555459,176301],[555402,175899],[555357,175746],[555335,175423],[555610,175364],[555764,175237],[555853,175140],[555782,175134],[555734,175100],[555678,174880],[555688,174764],[555677,174711],[555605,174612],[555517,174533],[555594,174401],[555676,174052],[555779,173875],[555874,173654],[556855,173422],[556682,173240],[556200,173069],[555905,172990],[555295,172861],[555092,172733],[554861,172560],[554807,172593],[554834,172694],[554797,172870],[554803,172904],[554733,173004],[554727,173046],[554668,173094],[554659,173200],[554527,173142],[554364,173129],[554265,173055],[554223,173049],[554112,172973],[554077,172903],[553903,172748],[553582,172730],[553295,172594],[552905,172501],[552733,172500],[552590,172545],[552437,172521],[552149,172703],[552014,172540],[551798,172417],[551696,172145],[551454,172253],[551371,172177],[551039,171935],[550920,171817],[550789,171624],[550708,171598],[550611,171543],[550404,171346],[550343,171247],[550334,171115],[550317,171056],[550279,171003],[550276,170955],[550170,170796],[550339,170597],[550355,170509],[550356,170337],[550465,170148],[550390,170090],[550313,169903],[550045,169955],[549834,169945],[549847,170118],[549873,170223],[549607,170260],[549547,170330],[549596,170407],[549606,170501],[549650,170525],[549679,170629],[549621,171195],[549782,171399],[549818,171575],[549799,171760],[549828,172039],[549941,172210],[549962,172412],[550062,172543],[549949,172703],[549827,172828],[549795,172900],[549645,172900],[549607,172857],[549507,172848],[549340,172986],[549234,172866],[549072,172920],[548977,172752],[548910,172737],[548853,172753],[548789,172662],[548712,172610],[548425,172781],[548322,172697],[548242,172528],[548086,172539],[548006,172562],[547964,172553],[547961,172570],[547908,172561],[547914,172527],[547792,172448],[547765,172481],[547723,172444],[547660,172502],[547646,172465],[547667,172443],[547636,172414],[547666,172382],[547637,172356],[547653,172336],[547656,172289],[547515,172045],[547864,171846],[547902,171781],[547792,171616],[547670,171212],[547579,171046],[547570,170949],[547513,170869],[547515,170797],[547556,170734],[547535,170685],[547546,170553],[547519,170484],[547525,170421],[546976,170360],[546750,170447],[546458,170597],[546422,170538],[546393,170400],[546296,170410],[546182,170511],[546012,170526],[545561,170677],[545409,170466],[545366,170432],[545347,170451],[545302,170447],[545157,170404],[544877,170273],[544856,170247],[544982,170096],[545023,170014],[545087,169838],[545062,169827],[545083,169722],[545014,169700],[544992,169746],[544811,169583],[544802,169478],[544751,169338],[544710,169282],[544682,169294],[544653,169253],[544531,169296],[544170,168966],[543908,168780],[543836,168675],[543805,168594],[543733,168162],[543750,167997],[543839,167697],[543798,167509],[543745,167419],[543709,167317],[543597,167142],[543600,166997],[543585,166922],[543539,166849],[543378,166770],[543349,166719],[543247,166418],[543241,166300],[543259,166241],[543083,166010],[543024,165864],[542944,165722],[542717,165446],[542702,165215],[542627,165190],[542575,165194],[542562,165214],[542506,165190],[542405,165201],[542103,165123],[542039,165120],[542021,165099],[541670,165124],[541491,165082],[541441,165282],[541467,165380],[541453,165412],[541459,165488],[541293,165942],[541291,166209],[541272,166341],[541235,166407],[541079,166506],[541040,166558],[540991,166740],[540928,166869],[540929,167059],[540951,167176],[540878,167387],[540859,167428],[540775,167439],[540685,167577],[540616,167634],[540564,167894],[540497,167989],[540455,167988],[540404,168201],[540128,168154],[540051,168109],[539967,168090],[539870,168020],[539845,168027],[539798,168000],[539791,168011],[539681,167939],[539669,167925],[539683,167903],[539632,167859],[539451,167760],[539463,167741],[539377,167684],[539369,167700],[539324,167672],[539296,167727],[539130,167622],[538890,167368],[538910,167350],[538887,167325],[538862,167314],[538839,167335],[538786,167314],[538773,167306],[538786,167281],[538204,167001],[538003,166822],[537482,166587],[537407,166592],[537184,166722],[537148,166764],[537090,166885],[537018,166952],[537011,167093],[536932,167121],[536806,167205],[536724,167312],[536351,167412],[536305,167372],[536208,167361],[536164,167376],[536020,167645],[535896,167819],[535737,167832],[535592,167896],[535497,167955],[535422,168088],[535304,168187],[535228,168229],[535107,168262],[535087,168338],[534991,168494],[534874,168595],[534785,168725],[534492,169047],[534359,169169],[534162,169432],[534083,169640],[534086,169881],[534057,169978],[533816,170164],[533621,170239],[533578,170276],[533541,170462],[533703,170728],[533572,170710],[533444,170721],[533247,170665],[533151,170661],[533022,170731],[532920,170844],[532798,170919],[532720,171002],[532664,171024],[532573,171033],[532312,171001],[531783,170988],[531559,171047],[531320,171048],[531249,170967],[531185,170840],[531119,170753],[531016,170690],[530840,170539],[530712,170227],[530657,170138],[530631,170131],[530545,169982],[530542,169940],[530496,169921],[530438,169844],[530407,169874],[530326,169819],[530275,169652],[530256,169661],[530122,169492],[530065,169487],[530066,169458],[530009,169453],[530022,169368],[529986,169365],[529998,169190],[530066,169010],[530086,168889],[530140,168795],[530235,168718],[530322,168621],[530448,168426],[530503,168327],[530488,168255],[530558,168231],[530589,168182],[530372,167890],[530220,167728],[530284,167710],[530209,167644],[529942,167457],[529903,167414],[529876,167427],[529747,167351],[529471,167274],[529384,167229],[529393,167208],[529333,167229],[529312,167170],[529399,167192],[529460,167040],[529009,166932],[528753,166895],[528471,166833],[528249,167160],[528112,167101],[528109,167118],[527920,167062],[527933,167049],[527916,167038],[527828,167051],[527760,167036],[527706,167133],[527686,167221],[527621,167317],[527437,167402],[527426,167440],[527318,167537],[527221,167547],[527080,167630],[526773,167215],[526736,167182],[526727,167189],[526540,167008],[526415,166948],[526156,166710],[526061,166784],[526011,166795],[526022,166815],[525929,166893],[525913,166870],[525820,166970],[525798,166949],[525769,166975],[525666,166878],[525611,166854],[525322,166637],[525117,166878],[524992,166762],[524663,166992],[524386,166505],[524306,166409],[524102,166077],[524030,166128],[523925,166164],[523400,166498],[523007,166866],[522985,166890],[523014,166907],[522998,166942],[522771,166828],[522637,166779],[522652,166691],[522567,166628],[522450,166504],[522320,166256],[522331,166249],[522313,166201],[522335,166177],[522279,166099],[522249,166126],[522236,166121],[522230,166015],[522204,166020],[522200,166003],[522149,166030],[522083,166009],[522057,166020],[521987,166009],[521755,165883],[521624,165858],[521319,165870],[521123,165940],[521096,166054],[521003,166169],[520828,166264],[520732,166404],[520532,166570],[520501,166808],[520488,166856],[520464,166864],[520482,166917],[520502,166932],[520501,166955],[520482,166964],[520495,166990],[520473,167008],[520400,167211],[520208,167495],[520138,167540],[520135,167626],[520093,167670],[520099,167701],[520081,167705],[520045,167759],[520036,167818],[520063,167826],[520060,167866],[520021,167880],[520034,167929],[520005,168002],[519999,168094],[519956,168127],[519748,168067],[519587,168166],[519401,168200],[519171,168313],[519073,168317],[519125,168562],[519176,168579],[519174,168657],[519245,168658],[519275,168696],[519292,168677],[519323,168728],[519390,168758],[519410,168759],[519447,168728],[519443,168813],[519487,168778],[519608,168924],[519604,168948],[519661,169014],[519694,169028],[519735,169202],[519722,169359],[519785,169378],[519771,169488],[519782,169564],[519770,169621],[519746,169646],[519759,169865],[519703,169840],[519694,169913],[519718,170034],[519826,170301],[519760,170312],[519799,170410],[519728,170440],[519593,170426],[519548,170447],[519569,170484],[519503,170537],[519231,170414],[519021,171090],[519286,171245],[519369,171356],[519672,171105],[519785,171039],[519902,170938],[520358,171541],[520749,171873],[521283,172248],[521256,172260],[521421,172370],[521423,172436],[521445,172481],[521389,172550],[521426,172634],[521362,172810],[521500,173145],[521165,173211],[520980,173271],[520914,173272],[520849,173250],[520794,173207],[520699,173009],[520480,172750],[520062,173007],[519967,173108],[519586,173401],[519530,173521],[518883,173393],[518902,173505],[519053,173874],[519064,174072],[519096,174125],[519095,174221],[519074,174280],[519052,174293],[519211,174437],[519407,174452],[519249,175112],[519405,175208],[519358,175431],[519329,175724],[519615,175838],[519789,175872],[519797,175901],[519794,176121],[519818,176329],[519794,176361],[519591,176499],[519540,176516],[519467,176580],[519417,176710],[519437,176844],[519451,176868],[519506,176876],[519585,176940],[519883,176980],[519950,176840],[520050,176560],[520100,176470],[520440,176190],[520690,176110],[520930,176130],[521130,176200],[521270,176320],[521328,176451],[521461,176981],[521470,177330],[521490,177490],[521540,177650],[521630,177740],[521700,177850],[521870,177990],[522001,178071]]]]}},{"type":"Feature","properties":{"name":"North Wales, Merseyside and Cheshire","operator":"SP Energy Networks"},"geometry":{"type":"MultiPolygon","coordinates":[[[[250130,390270],[250090,390250],[250070,390280],[250060,390380],[250090,390410],[250140,390400],[250130,390270]]],[[[336291,423321],[336611,423319],[336688,423230],[336967,423006],[337116,422824],[336976,422733],[337572,421700],[337380,421580],[337170,421050],[337210,420890],[337312,420768],[337610,420610],[337750,420490],[337840,420325],[337820,420090],[337652,419707],[337572,419434],[337600,419330],[337700,419270],[337770,419090],[337950,418780],[338010,418570],[338000,418320],[337890,418150],[337730,417990],[337560,417880],[337369,417698],[337250,417410],[337060,417080],[336898,416865],[336820,416680],[336800,416610],[336810,416520],[336880,416430],[336720,416310],[336640,416230],[336596,416160],[336500,415990],[336390,415670],[336270,415430],[336030,415140],[335650,414740],[335294,414415],[334395,415093],[334129,414923],[334040,414710],[334200,414640],[333140,412960],[332870,412740],[332600,412370],[332351,412216],[332130,411940],[331737,411303],[331744,410923],[332022,410820],[331961,410645],[331839,410585],[331830,410420],[332505,410257],[332891,410079],[333555,410010],[334234,409836],[335282,409776],[335532,409582],[336706,408842],[336836,408650],[336978,408181],[337553,407352],[337722,407260],[337891,407322],[338254,409103],[338400,409300],[339010,409350],[339120,409280],[339230,409180],[339450,409120],[340248,409308],[340691,409110],[340908,408923],[341001,408736],[341297,407434],[341268,407275],[341281,407091],[341673,406414],[342066,405930],[342151,405749],[342181,405569],[342151,405449],[342068,405330],[341348,404748],[341164,404441],[341101,404200],[341090,403928],[341100,403641],[341181,403355],[341563,403106],[341922,402708],[342117,402311],[342220,402198],[342398,402100],[343101,402052],[343304,401955],[343459,401828],[343582,401701],[343816,401562],[344110,401450],[344250,401430],[344420,401380],[344650,401300],[344860,401200],[345070,401009],[345241,400795],[345649,400000],[345705,400292],[345670,400570],[345536,401275],[345590,401280],[345710,401340],[345770,401440],[345840,401670],[346134,402081],[346362,402121],[346331,402279],[346380,402470],[346860,402790],[347070,402880],[347300,402950],[347560,403120],[347680,403430],[347880,403700],[348255,404114],[348411,403829],[348740,403350],[348830,402990],[348900,402830],[349120,402470],[349170,402290],[349135,402142],[349710,402029],[349829,402062],[350243,401995],[350540,401881],[350875,401653],[351133,401584],[351421,401609],[352146,401817],[352321,401788],[352435,401607],[352602,400994],[352664,400671],[352624,400508],[352492,400381],[351710,400000],[352380,398840],[352460,398760],[352810,397840],[352990,397770],[353121,397666],[353220,397260],[353350,397190],[353550,397030],[353600,396930],[353620,396700],[353600,396550],[353710,396410],[353770,396190],[353990,396190],[354150,396160],[354358,395885],[354790,395720],[355230,395350],[355400,395300],[355480,395250],[355580,395100],[355710,395030],[355880,395040],[356070,395000],[356510,394800],[356900,394750],[357010,394720],[357130,394640],[357360,394430],[357440,394380],[357550,394340],[357640,394330],[357730,394340],[358160,394130],[358230,394040],[358240,393800],[358305,393630],[358384,393547],[358470,393330],[358540,393320],[358637,393456],[358740,393570],[358800,393610],[358930,393620],[359040,393700],[359160,393800],[359290,393970],[359520,394070],[359572,394166],[359740,394220],[360140,394230],[360252,394253],[360352,394209],[361173,393993],[361372,394010],[361564,394114],[362072,394495],[363113,395015],[363597,395154],[364080,395218],[364294,395167],[364397,395013],[364470,394510],[364550,394180],[364640,394060],[364620,393950],[364540,393780],[364560,393580],[364430,393410],[364400,393280],[364330,393190],[364180,393110],[364100,393020],[364050,392830],[364020,392560],[364090,392400],[364070,392270],[363925,392205],[363910,391794],[364034,391462],[364503,390987],[364904,390690],[365304,390808],[366430,391186],[366704,391145],[366676,390892],[366427,390409],[366396,389927],[367327,388791],[367598,388575],[367905,388564],[368856,389214],[369186,389519],[369445,389806],[369623,390041],[369912,390360],[369972,390580],[370128,390798],[370313,390777],[371043,390359],[371651,390157],[372029,389989],[372129,389862],[372213,389705],[372207,389578],[371980,389229],[371916,389014],[371901,388794],[372009,388423],[372070,387940],[372120,387890],[372190,387850],[372290,387870],[372490,387710],[372720,387620],[372990,387450],[373180,387170],[373270,387080],[373550,387040],[373600,386890],[373580,386660],[373630,386620],[373750,386590],[373820,386600],[373920,386540],[374160,386350],[374270,386060],[374450,385980],[374900,385950],[374970,385880],[375050,385620],[375140,385540],[375240,385500],[375330,385510],[375490,385450],[375520,385400],[375590,385370],[375750,385380],[375820,385350],[375850,385300],[375900,385290],[376040,385360],[376130,385340],[376210,385300],[376290,385340],[376340,385390],[376360,385480],[376280,385560],[376290,385620],[376390,385620],[376460,385650],[376520,385820],[376760,385770],[376800,385740],[376870,385620],[376950,385560],[377030,385580],[377050,385680],[377080,385720],[377140,385720],[377270,385620],[377420,385650],[377510,385700],[377590,385700],[377710,385580],[377760,385580],[377810,385610],[377860,385600],[377910,385570],[377920,385510],[377970,385510],[378060,385460],[378120,385360],[378260,385300],[378280,385260],[378260,385180],[378210,385090],[378210,385030],[378250,384980],[378420,384920],[378500,384990],[378703,385006],[379446,385537],[379503,385775],[379437,386095],[379275,386402],[379362,387214],[379333,387549],[379545,387799],[379846,387911],[380425,387848],[380698,387698],[380841,387458],[380884,387058],[380936,386891],[381342,386326],[381547,385965],[381617,385751],[381587,385629],[381461,385555],[381200,385505],[380994,385435],[380859,385182],[381369,384286],[381299,384037],[381154,383625],[381202,382568],[381632,381874],[381986,381616],[382273,381477],[382402,381198],[382387,380139],[382253,379682],[382039,379490],[381766,379328],[381011,378520],[380902,378452],[380810,378440],[380750,378570],[380630,378630],[380540,378740],[380180,378920],[380023,378950],[379920,378877],[379470,378274],[379424,378182],[379410,378100],[379440,378000],[379540,377880],[379680,377780],[379860,377740],[380160,377560],[380290,377380],[380490,377210],[381124,377116],[381379,377017],[381599,376821],[382041,376039],[382035,375950],[381954,375825],[381017,375494],[380531,375458],[380327,375422],[380268,375348],[380244,375274],[380235,375052],[380181,374707],[380031,374413],[379975,373971],[380011,373655],[380160,373403],[380246,373202],[380184,372977],[380008,372582],[379723,372099],[379644,371850],[379620,371438],[379700,370390],[379730,370260],[379990,369920],[380270,369650],[380580,369470],[380845,369364],[381429,368642],[381962,368190],[382512,367816],[382929,367561],[383168,367480],[383519,367400],[383873,367259],[384197,367093],[384811,367085],[385096,366981],[385431,366544],[385631,366253],[385767,365978],[385806,365719],[385783,365517],[385701,365292],[385966,364767],[385956,364755],[385976,364705],[385825,364481],[385599,364495],[385579,363623],[385567,363584],[385528,363617],[385545,363649],[385521,363675],[385539,363699],[385533,363717],[385462,363774],[385348,363821],[385244,363767],[385188,363644],[385124,363603],[385122,363524],[385061,363538],[384998,363636],[384812,363789],[384724,363947],[384697,363944],[384648,363872],[384457,364078],[384375,364004],[384253,363952],[384221,363963],[384205,364003],[383720,364004],[383425,363387],[383337,363247],[383338,363204],[383440,363053],[383488,363051],[383544,363012],[383584,362960],[383570,362908],[383590,362885],[383556,362849],[383561,362798],[383540,362790],[383548,362761],[383522,362745],[383540,362705],[383568,362694],[383561,362654],[383586,362570],[383653,362540],[383693,362466],[383723,362457],[383780,362402],[383851,362413],[384089,362340],[384167,362249],[384240,362206],[384298,362147],[384303,361906],[384541,361905],[384594,362016],[384634,362046],[384698,362062],[384759,362051],[384815,362005],[384983,361962],[385169,361881],[385217,361945],[385295,361989],[385471,362026],[385522,362054],[385646,362054],[385670,362036],[385689,361967],[385710,361963],[385777,361838],[385784,361780],[385807,361743],[385792,361684],[385836,361613],[385880,361600],[385916,361639],[385992,361624],[386107,361550],[386169,361577],[386308,361591],[386314,360919],[386746,360919],[386784,360902],[386815,360815],[386770,360689],[386813,360572],[386800,360487],[386836,360461],[386858,360414],[386908,360389],[386952,360398],[386995,360378],[387296,360371],[387297,360116],[387327,360054],[387392,360000],[387482,359982],[387594,359913],[387619,359887],[387583,359823],[387427,359595],[386997,359595],[386997,358977],[386749,358587],[386673,358488],[386201,358488],[386197,357922],[386097,357805],[386016,357744],[385946,357643],[385855,357568],[385858,357518],[385842,357470],[385607,357177],[385564,356998],[385481,356917],[385046,356598],[385006,356533],[384897,356451],[384892,356435],[384928,356368],[384918,356351],[384839,356323],[384717,356314],[384570,356229],[384436,356211],[384344,356114],[384170,355990],[384172,355952],[384127,355920],[384105,355877],[384091,355689],[384000,355549],[383988,355501],[383922,355444],[383791,355249],[383792,355210],[383712,355126],[383632,355001],[383497,355001],[383500,354804],[382998,354801],[382994,354593],[382864,354751],[382808,354770],[382737,354761],[382632,354676],[382279,354583],[382253,354594],[382210,354577],[382119,354619],[382088,354602],[382055,354518],[381933,354421],[381537,354330],[381543,354302],[381608,354219],[381645,354208],[381703,354125],[381705,354083],[381664,353951],[381636,353912],[381384,353749],[381299,353720],[381289,353475],[380999,353468],[380996,353643],[380949,353659],[380775,353649],[380626,353554],[380544,353553],[380429,353483],[380355,353486],[380311,353583],[380312,353636],[380289,353697],[380218,353788],[380059,353808],[379951,353839],[379896,353829],[379873,353927],[379780,354018],[379604,353974],[379352,353963],[379108,353847],[379007,353815],[378782,353843],[378497,353582],[378459,353477],[378407,353432],[378282,353377],[378055,353320],[378022,353138],[378060,353014],[377990,352927],[377978,352786],[377936,352637],[377864,352537],[377816,352520],[377746,352427],[377601,352309],[377553,352153],[377387,351967],[377376,351835],[377348,351806],[377292,351627],[377220,351495],[377133,351439],[377038,351406],[376985,351362],[376903,351261],[376878,351175],[376804,351066],[376733,351023],[376718,351028],[376696,351085],[376627,351128],[376641,351166],[376593,351174],[376583,351195],[376562,351188],[376545,351202],[376534,351189],[376529,351230],[376500,351235],[376481,351263],[376461,351258],[376439,351328],[376400,351358],[376343,351358],[376333,351321],[376286,351319],[376257,351301],[376154,351293],[376144,351335],[376065,351459],[375909,351533],[375813,351533],[375759,351516],[375732,351490],[375662,351503],[375636,351473],[375554,351456],[375508,351426],[375441,351458],[375401,351454],[375418,351330],[375351,351258],[375287,351090],[375104,351114],[375105,351015],[374921,351011],[374851,350935],[374734,350671],[374734,350601],[374679,350441],[374690,350423],[374632,350320],[374622,350252],[374537,350249],[374514,350291],[374487,350295],[374379,350204],[374211,350172],[374173,350109],[374096,350101],[374039,350069],[373954,350050],[373757,350089],[373429,350095],[373442,349982],[373551,349799],[373619,349852],[373657,349838],[373713,349774],[373831,349746],[373894,349704],[373902,349506],[374293,349501],[374349,349400],[374360,349319],[374327,349248],[374313,349128],[374356,348887],[374338,348782],[374343,348708],[374325,348669],[374328,348582],[374314,348564],[374236,348575],[374204,348542],[374335,348348],[374474,348332],[374497,348311],[374535,348347],[374588,348309],[374640,348312],[374649,348272],[374675,348263],[374704,348215],[374711,348163],[374695,348107],[374725,348058],[374737,347985],[374738,347805],[374772,347789],[374787,347762],[374761,347709],[374766,347645],[374816,347547],[374802,347009],[375142,346542],[375243,346427],[375076,346300],[375051,346109],[375016,346093],[375007,346055],[374958,345994],[374840,345938],[374712,345958],[374697,345919],[374584,345855],[374577,345830],[374552,345832],[374554,345798],[374527,345783],[374518,345748],[374490,345744],[374486,345704],[374439,345709],[374394,345668],[374408,345608],[374472,345560],[374479,345507],[374530,345430],[374543,345381],[374536,345261],[374560,345238],[374572,345185],[374554,345116],[374583,345051],[374567,345023],[374570,344941],[374597,344866],[374553,344802],[374555,344722],[374576,344691],[374558,344638],[374525,344603],[374396,344566],[374324,344580],[374266,344534],[374250,344466],[374222,344433],[374122,344424],[374048,344375],[373986,344378],[373976,344312],[373945,344295],[373877,344394],[373839,344419],[373540,344306],[373493,344274],[373401,344253],[373281,344295],[373185,344308],[373146,344307],[373081,344266],[373042,344265],[372976,344362],[372948,344362],[372919,344339],[372856,344362],[372768,344355],[372744,344333],[372763,344286],[372900,344182],[372888,344122],[372901,344053],[372872,343971],[372941,343883],[372878,343777],[372691,343681],[372685,343614],[372620,343603],[372556,343506],[372520,343477],[372471,343476],[372434,343509],[372237,343497],[372144,343507],[372035,343479],[371994,343494],[371971,343532],[371859,343470],[371853,343420],[371833,343397],[371664,343316],[371471,343293],[371310,343240],[371261,343244],[371232,343280],[371176,343265],[371117,343280],[371096,343301],[371095,343354],[371073,343387],[370996,343347],[370871,343346],[370787,343304],[370675,343205],[370658,343113],[370842,342928],[370826,342877],[370782,342820],[370805,342750],[370891,342679],[370946,342553],[370939,342467],[370819,342354],[370838,342317],[370917,342276],[370937,342190],[370899,342091],[370835,342045],[370829,341920],[370804,341869],[370858,341817],[370917,341683],[370890,341536],[370902,341426],[370781,341405],[370613,341405],[370525,341466],[370429,341482],[370377,341554],[370354,341563],[370096,341278],[370018,341214],[369922,341176],[369843,341055],[369793,341076],[369643,340986],[369216,340903],[369195,340883],[369185,340840],[369135,340819],[369059,340808],[368995,340846],[368949,340848],[368893,340792],[368826,340793],[368640,340632],[368531,340587],[368491,340553],[368425,340557],[368363,340631],[368309,340629],[368263,340660],[368170,340669],[368144,340655],[368130,340610],[368005,340585],[367991,340560],[368008,340481],[367958,340423],[367885,340410],[367837,340377],[367763,340265],[367685,340310],[367644,340372],[367589,340406],[367526,340550],[367392,340726],[367366,340800],[367353,340919],[367332,340959],[367245,340982],[367133,340971],[367139,341103],[367093,341226],[367060,341258],[366918,341324],[366668,341363],[366579,341339],[366445,341207],[366278,341166],[366071,341059],[366057,340974],[366044,340966],[365982,341045],[365921,341079],[365885,341078],[365845,341133],[365778,341168],[365763,341286],[365787,341322],[365716,341498],[364967,341499],[364996,341462],[365004,341431],[364985,341398],[365013,341326],[364954,341288],[364984,341223],[364943,341188],[364898,341072],[364922,340979],[364876,340934],[364942,340877],[364914,340823],[364961,340762],[364961,340593],[364986,340556],[364984,340544],[364942,340536],[364941,340489],[364964,340444],[364925,340425],[364914,340398],[364949,340391],[364932,340340],[364977,340295],[364961,340238],[364968,340195],[364944,340174],[364942,340130],[364900,340096],[364924,340044],[364923,339993],[364875,339961],[364941,339812],[364926,339781],[364863,339743],[364857,339703],[364799,339714],[364784,339682],[364747,339657],[364727,339602],[364665,339558],[364654,339515],[364691,339435],[364642,339396],[364627,339351],[364531,339252],[364519,338999],[364303,339021],[364212,339052],[364140,339110],[363872,339535],[363749,339627],[363587,339856],[363512,339900],[363484,339966],[363400,340074],[363303,340101],[363208,340063],[363136,340061],[362909,340145],[362888,340195],[362763,340316],[362643,340618],[362641,340668],[362622,340685],[362565,340671],[362545,340683],[362533,340730],[362440,340845],[362425,340949],[362402,340980],[362369,340908],[362329,340904],[362200,340833],[362146,340830],[362049,340876],[362024,340830],[361934,340783],[361940,340709],[361895,340660],[361723,340681],[361681,340723],[361671,340758],[361646,340722],[361609,340757],[361556,340719],[361600,340601],[361648,340557],[361702,340535],[361731,340476],[361785,340416],[361759,340386],[361684,340351],[361607,340356],[361577,340284],[361542,340260],[361479,340256],[361464,340200],[361479,340150],[361458,340137],[361510,340056],[361518,339975],[361568,339896],[361585,339750],[361631,339695],[361643,339645],[361549,339517],[361412,339435],[361382,339221],[361405,339164],[361487,339076],[361538,338987],[361871,338836],[361901,338649],[361960,338562],[361919,338518],[361951,338453],[361950,338377],[362024,338355],[361994,338275],[362023,338227],[362020,338197],[361901,338088],[361871,337975],[361904,337920],[361922,337721],[361829,337598],[361883,337537],[362012,337264],[362024,337133],[362008,337033],[361978,337011],[361977,336982],[361960,336968],[361935,336843],[361836,336730],[361789,336597],[361762,336562],[361635,336465],[361521,336407],[361200,336410],[361276,336280],[361264,336227],[361371,336119],[361397,336113],[361448,336173],[361472,336181],[361648,336140],[361750,336153],[361951,336036],[361935,335993],[361848,335964],[361836,335924],[361815,335606],[361843,335534],[361836,335513],[361721,335372],[361530,335226],[361576,334951],[361494,334950],[361492,334824],[361417,334824],[361590,334549],[361671,334452],[361655,334403],[361591,334337],[361530,334221],[361549,334110],[361537,334049],[361601,333950],[361680,333905],[361586,333817],[361887,333464],[361884,333410],[361924,333236],[361924,333018],[361977,332925],[361959,332876],[361822,332773],[361735,332636],[361672,332592],[361658,332559],[361668,332539],[361773,332480],[361773,332417],[361719,332355],[361721,332278],[361842,332035],[361844,331997],[361623,331970],[361422,332014],[361344,332014],[361263,331989],[361118,332069],[360932,332072],[360855,332046],[360676,332053],[360537,331965],[360481,331902],[360413,331905],[360046,331852],[359557,331856],[359525,331805],[359426,331806],[359337,331765],[359106,331787],[359055,331808],[358996,331793],[358891,331809],[358865,331855],[358778,331878],[358711,331865],[358684,331879],[358586,331854],[358454,331773],[358303,331808],[358181,331807],[358153,331730],[357941,331675],[357861,331672],[357679,331543],[357422,331491],[357532,331418],[357447,331316],[357410,331243],[357243,331101],[357182,331021],[357179,331003],[357229,330919],[357144,330876],[357237,330783],[357317,330668],[357480,330779],[357501,330763],[357548,330497],[357389,330341],[357358,330342],[357311,330372],[357251,330322],[357384,330158],[357338,330099],[357337,329955],[357470,329742],[357577,329632],[357746,329350],[357999,329280],[358033,329256],[358130,329077],[358245,328703],[358246,328688],[358209,328660],[358225,328585],[358221,328317],[358290,327977],[358303,327473],[358397,327419],[358420,327384],[358351,327273],[358376,327002],[358462,326728],[358457,326676],[358410,326581],[358616,326602],[358557,326004],[358393,326004],[358393,325602],[358883,325602],[358883,325814],[358973,325822],[359182,326052],[359422,326097],[359517,326066],[359575,326000],[359791,326000],[359791,325749],[359901,325674],[359999,325632],[360004,325402],[360996,325402],[360997,326003],[361607,326003],[361660,325801],[361683,325592],[361752,325471],[361768,325242],[361804,325153],[361886,325069],[361992,325011],[362155,325029],[362264,324995],[362250,324785],[362292,324578],[362716,323977],[362758,323887],[362834,323849],[363086,323586],[363096,323536],[363075,323390],[363100,323181],[363131,323098],[363149,322950],[363140,322876],[363166,322827],[363122,322686],[363090,322746],[363068,322755],[363075,322785],[362943,322808],[362945,322848],[362906,322866],[362913,322911],[362879,322938],[362791,322964],[362688,322902],[362705,322866],[362684,322837],[362681,322746],[362597,322712],[362546,322731],[362501,322685],[362468,322676],[362425,322609],[362369,322562],[362275,322562],[362242,322547],[362154,322598],[362041,322596],[361949,322626],[361903,322679],[361821,322854],[361766,322882],[361710,322943],[361621,323000],[361595,323079],[361594,323157],[361700,323226],[361405,323368],[361364,323371],[361365,323696],[360996,323698],[360993,323332],[360917,323338],[360864,323291],[360805,323289],[360707,323199],[359383,323189],[359381,322199],[360020,322193],[360076,322149],[360133,321959],[360086,321763],[360017,321672],[360054,321582],[360078,321349],[360030,321124],[360049,321033],[360022,320898],[360051,320817],[360084,320772],[360115,320631],[360261,320462],[360306,320367],[360270,320224],[360215,320220],[360148,320118],[360144,320073],[359786,320242],[359697,320256],[359413,320108],[359238,320185],[359170,320192],[358879,320061],[358615,319913],[358430,319919],[358357,319961],[358311,320030],[358207,320056],[358167,319983],[358152,319854],[358096,319715],[357906,319568],[357862,319380],[356504,319407],[356417,319593],[356401,319599],[356374,319564],[356324,319611],[356328,319653],[356265,319712],[356270,319765],[356253,319785],[355999,319796],[356002,319017],[354603,319006],[354585,319387],[354091,319394],[353874,319688],[353754,319799],[353719,319803],[353575,319748],[353478,319754],[353471,319921],[353442,319969],[353259,319900],[353273,319854],[353232,319780],[353234,319722],[353061,319738],[352927,319723],[352720,319672],[352655,319677],[352417,319537],[352249,319512],[352097,319518],[352091,319220],[351846,319199],[351763,319113],[351589,318823],[351419,318809],[351313,318777],[351205,318797],[351152,318859],[350933,318907],[350548,319175],[350279,319405],[350187,319578],[350084,319712],[350029,319875],[349995,320159],[349907,320488],[349830,320662],[349744,320765],[349748,320843],[349784,320870],[349921,321168],[349924,321224],[349897,321324],[349723,321200],[349664,321177],[349638,321185],[349426,321414],[349262,321341],[349118,321318],[349033,321673],[349028,321826],[349011,321840],[348814,321774],[348711,321805],[348548,321597],[348404,321444],[348276,321457],[348263,321659],[348223,321730],[348250,321802],[348164,322101],[348128,322131],[347939,322203],[347612,322166],[347486,322132],[347475,322080],[347441,322031],[347337,322002],[346004,321998],[346001,321311],[345096,321309],[345099,320904],[345471,320902],[345431,320670],[345505,320485],[345499,320448],[345449,320399],[345351,320369],[345331,320305],[345153,320303],[345155,320004],[345400,320004],[345400,320098],[345665,320139],[345849,320215],[345994,320213],[346029,320148],[346023,320000],[345943,319932],[345856,319803],[345923,319568],[345858,319517],[345858,319428],[345888,319267],[345881,319213],[345825,319188],[345699,319197],[345671,319186],[345614,319029],[345483,318916],[345328,318736],[345304,318731],[345225,318877],[345111,319004],[344967,319022],[344838,319010],[344790,318962],[344550,318602],[344361,318383],[344338,318375],[344245,318446],[344179,318465],[344119,318521],[343997,318530],[343894,318506],[343815,318638],[343774,318623],[343752,318637],[343729,318676],[343737,318749],[343714,318774],[343731,318846],[343713,319058],[343676,319120],[343466,319234],[343258,319221],[343166,319198],[342891,319276],[342800,319274],[342747,319352],[342706,319334],[342597,319428],[342523,319437],[342509,319410],[342532,319234],[342407,318996],[342352,318987],[342141,318836],[342056,318727],[341872,318607],[341841,318678],[341792,318689],[341793,318775],[341387,318785],[341385,318616],[341315,318545],[341144,318607],[341048,318586],[340904,318521],[340726,318488],[340695,318526],[340666,318654],[340481,318589],[340481,318000],[340299,318000],[340303,317699],[340497,317703],[340506,317615],[340475,317412],[340535,317171],[340542,317109],[340529,317082],[340321,317118],[340066,317100],[340024,317071],[340001,317017],[339929,317110],[339896,317089],[339857,317015],[339633,316896],[339550,316917],[339402,316913],[339151,316820],[339044,317013],[338888,317214],[338802,317401],[338727,317311],[338571,317225],[338357,317195],[338162,317148],[337921,317130],[337684,317205],[337623,317233],[337599,317261],[337596,317023],[336101,317019],[336033,316988],[335983,316917],[335756,316976],[335539,317012],[335265,317020],[335218,317065],[335251,317188],[335226,317264],[335149,317322],[335017,317340],[334923,317320],[334727,317241],[334572,317152],[334493,317062],[334458,316988],[334391,316940],[334441,316875],[334356,316862],[334342,316838],[334348,316801],[334319,316792],[334316,316760],[334298,316766],[334280,316820],[334264,316822],[334240,316762],[334200,316735],[334195,316682],[334171,316679],[334168,316732],[334154,316744],[334128,316730],[334102,316737],[334099,316796],[334055,316798],[334061,317046],[334046,317091],[334006,317132],[334052,317212],[334120,317245],[334126,317406],[334185,317433],[334188,317453],[334169,317487],[334104,317490],[334104,317534],[334058,317571],[334021,317637],[334008,317735],[333944,317778],[333939,317870],[333984,317920],[334010,317997],[333882,318082],[333851,318176],[333804,318225],[333757,318237],[333748,318264],[333657,318344],[333630,318392],[333583,318411],[333625,318562],[333608,318676],[333480,318808],[333439,318998],[333391,319050],[333393,319120],[333346,319160],[333271,319335],[333204,319428],[333186,319426],[332982,319090],[332902,319030],[332287,319018],[332281,318621],[332166,318568],[332132,318440],[332060,318310],[332061,318248],[332121,318052],[332093,317952],[332025,317895],[331970,317869],[331941,317872],[331871,317826],[331634,317831],[331642,317768],[331604,317742],[331561,317747],[331469,317809],[331274,317779],[331148,317730],[331117,317696],[331127,317652],[331245,317561],[331381,317510],[331455,317297],[331514,317217],[331556,317210],[331605,317244],[331666,317360],[331696,317384],[331803,317400],[331891,317452],[331933,317454],[331983,317419],[332031,317333],[332043,317275],[332026,317207],[332043,317165],[332224,317135],[332255,317069],[332307,317018],[332445,316985],[332586,316824],[332689,316752],[332788,316715],[332885,316767],[332947,316773],[333120,316706],[333206,316590],[333213,316515],[333187,316469],[333087,316405],[333056,316348],[333053,316281],[333096,316193],[333084,316125],[333056,316094],[333030,316092],[332920,316165],[332823,316175],[332776,316137],[332766,316046],[332813,315842],[332979,315781],[333147,315587],[333247,315546],[333392,315528],[333751,315529],[333959,315569],[334102,315622],[334360,315772],[334472,315711],[334488,315718],[334483,315743],[334529,315742],[334521,315712],[334550,315703],[334637,315513],[334633,315479],[334615,315474],[334659,315371],[334748,315371],[334865,315405],[334923,315392],[334903,315258],[334858,315192],[334823,315042],[334885,315019],[334895,315002],[334885,314950],[334822,314866],[334815,314702],[334890,314702],[334889,314641],[334964,314640],[335145,314664],[335211,314688],[335397,314695],[335393,314497],[335140,314495],[335123,314473],[335124,314452],[335149,314436],[335133,314396],[335150,314356],[335178,314117],[335158,314065],[335101,314018],[335097,313989],[335109,313917],[335153,313874],[335165,313616],[335134,313540],[334967,313502],[334867,313425],[334796,313411],[334420,313470],[334173,313532],[334027,313544],[334084,313748],[334078,313866],[334104,313946],[334080,314013],[334105,314045],[334121,314128],[334211,314216],[334186,314254],[334216,314296],[334147,314594],[334094,314659],[334092,314744],[334076,314763],[334023,314759],[333907,314703],[333838,314700],[333766,314675],[333653,314521],[333570,314371],[333513,314325],[333405,314303],[333267,314349],[333167,314337],[333022,314293],[332790,314264],[332756,314240],[332701,314147],[332576,314131],[332516,314097],[332335,314171],[332256,314134],[332188,314125],[332092,314222],[331993,314294],[331843,314181],[331772,314149],[331318,314229],[331328,314339],[331271,314582],[331246,314616],[331267,314675],[331184,314651],[331108,314556],[331185,314240],[331058,314076],[331021,314082],[330958,314054],[330943,313917],[330896,313824],[330844,313768],[330826,313549],[330832,313498],[330891,313379],[330954,313197],[330984,313192],[331060,313078],[331056,312930],[331026,312833],[331183,312818],[331186,312619],[330998,312611],[330956,312587],[330885,312497],[330814,312454],[330796,312385],[330807,312361],[330760,312236],[330690,312195],[330615,312189],[330594,312161],[330553,312174],[330487,312095],[330465,312007],[330441,311979],[330446,311937],[330345,311852],[330323,311745],[330358,311682],[330335,311579],[330344,311495],[330289,311433],[330252,311243],[330191,311135],[330070,311040],[330000,311041],[329948,311074],[329921,311041],[329879,311025],[329789,311024],[329743,311062],[329708,311064],[329623,311038],[329587,311011],[329474,310985],[329336,310902],[329352,310781],[329429,310670],[329514,310581],[329694,310601],[329694,310497],[329568,310491],[329574,310452],[329610,310421],[329612,310324],[329567,310117],[329590,309968],[329636,309895],[329651,309817],[329603,309764],[329609,309599],[329592,309541],[329495,309388],[329397,309159],[329679,309169],[329834,309150],[329871,309128],[329657,308896],[329568,308760],[329589,308626],[329574,308553],[329576,308364],[329547,308328],[329559,308257],[329531,308230],[329517,308173],[329448,308058],[329349,307995],[329313,307910],[329262,307881],[329245,307845],[329183,307790],[329143,307700],[329149,307637],[329122,307553],[329163,307462],[329158,307356],[329176,307233],[329165,307163],[329238,307103],[329371,307068],[329405,307025],[329409,306985],[329357,306910],[329274,306871],[329244,306817],[329082,306822],[329012,306705],[329003,306623],[328922,306494],[328906,306411],[328965,306249],[328957,306105],[328974,306029],[328922,306040],[328866,306015],[328720,306014],[328633,306042],[328525,306047],[328403,305974],[328335,305864],[328206,305824],[327873,305839],[327732,305876],[327667,305850],[327594,305781],[327440,305689],[327203,305599],[327136,305535],[326992,305457],[326897,305370],[326788,305384],[326933,305183],[327049,305210],[327282,305172],[327442,305066],[327534,304943],[327716,304951],[327807,304804],[327973,304706],[328126,304543],[328243,304356],[328348,304236],[328363,304190],[328212,304137],[328120,304143],[328047,304119],[327816,304173],[327671,304032],[327530,303983],[327473,304006],[327452,303996],[327438,303878],[327340,303798],[327398,303744],[327526,303683],[327490,303649],[327334,303585],[327246,303515],[327187,303491],[327157,303449],[327007,303364],[326919,303275],[326759,302847],[326794,302809],[326766,302768],[326761,302673],[326808,302644],[326823,302594],[326787,302508],[326533,302330],[326465,302243],[326420,302211],[326406,302134],[326046,301847],[326150,301637],[326207,301477],[326208,301423],[326322,301173],[326287,300961],[326304,300759],[326259,300749],[326223,300709],[326179,300713],[326127,300670],[326097,300675],[326061,300649],[326062,300619],[326021,300612],[325988,300586],[325952,300644],[325894,300647],[325879,300699],[325841,300676],[325797,300677],[325786,300651],[325727,300626],[325712,300586],[325643,300582],[325622,300545],[325559,300542],[325552,300526],[325573,300490],[325534,300480],[325518,300450],[325477,300441],[325479,300421],[325522,300407],[325496,300337],[325452,300336],[325469,300302],[325447,300241],[325215,300245],[324916,299752],[324899,299754],[324899,299819],[324826,299772],[324793,299841],[324740,299801],[324692,299805],[324656,299784],[324676,299716],[324660,299697],[324641,299579],[324598,299558],[324569,299518],[324539,299529],[324502,299436],[324442,299417],[324435,299378],[324412,299358],[324420,299288],[324398,299257],[324268,299251],[324241,299291],[324213,299293],[324218,299319],[324188,299363],[324142,299349],[324147,299382],[324107,299388],[324104,299418],[324072,299455],[324015,299414],[323936,299457],[323918,299450],[323922,299421],[323901,299414],[323870,299453],[323858,299443],[323869,299417],[323841,299370],[323808,299387],[323760,299309],[323735,299293],[323719,299290],[323682,299336],[323622,299322],[323596,299343],[323572,299304],[323499,299268],[323458,299293],[323418,299268],[323330,299265],[323318,299233],[323286,299240],[323271,299194],[323235,299181],[323190,299199],[323140,299250],[323136,299289],[323109,299308],[322953,299284],[322910,299293],[322895,299279],[322910,299239],[322901,299205],[322958,299158],[323015,299075],[323039,299063],[323097,299095],[323193,299039],[323181,298986],[323098,298935],[323028,298951],[322947,298945],[322971,298716],[322973,298530],[322955,298432],[322981,298372],[322985,298309],[322965,298182],[322993,297937],[323048,297866],[323208,297725],[323388,297321],[323476,297232],[323574,297201],[323605,297164],[323607,297095],[323686,297046],[323777,296768],[323909,296490],[324151,295870],[324343,295433],[324360,295317],[324416,295210],[324482,295024],[324604,294569],[324685,294352],[324716,294310],[324618,294216],[324581,294201],[324560,294220],[324439,294132],[324401,294129],[324355,294017],[324323,293985],[324208,293990],[324048,293891],[323746,293837],[323708,293789],[323586,293742],[323450,293803],[323281,293710],[323229,293650],[323078,293612],[323041,293560],[322979,293524],[322964,293472],[322973,293355],[323002,293307],[323016,293218],[323081,293136],[323105,293025],[323087,292971],[323106,292896],[323215,292785],[323310,292766],[323327,292728],[323372,292722],[323325,292636],[323345,292604],[323298,292590],[323236,292540],[323269,292506],[323266,292488],[323173,292371],[323145,292378],[323095,292339],[323027,292350],[322980,292308],[322923,292287],[322867,292233],[322767,292200],[322734,292205],[322633,292149],[322618,292130],[322620,291997],[322559,291947],[322481,291811],[322504,291745],[322374,291615],[322181,291357],[322148,291284],[322065,291238],[322041,291164],[322009,291159],[321817,291018],[321758,291059],[321702,291047],[321582,291137],[321536,291119],[321571,291033],[321566,290959],[321532,290844],[321532,290783],[321492,290740],[321446,290524],[321465,290431],[321568,290248],[321497,290077],[321499,290036],[321632,289866],[321722,289807],[321910,289806],[321951,289795],[321989,289761],[322003,289310],[322225,289308],[322274,289175],[322356,289076],[322426,288879],[322345,288620],[322358,288532],[322341,288484],[322088,288337],[321475,288104],[321111,287809],[320567,287414],[320175,287053],[320031,286935],[319922,286874],[319831,286868],[318959,287163],[318780,287110],[318800,286963],[318424,286733],[318295,286591],[318140,286492],[318032,286463],[317984,286415],[317835,286320],[317810,286287],[317760,286266],[317726,286194],[317587,286024],[317482,285964],[317444,285848],[317419,285673],[317395,285617],[317401,285509],[317328,285496],[317233,285376],[317221,285322],[317153,285280],[317117,285208],[317021,285133],[316971,285047],[316793,284933],[316751,284880],[316665,284820],[316659,284788],[316543,284695],[316488,284681],[316462,284623],[316434,284645],[316440,284748],[316377,284905],[316375,284943],[316355,284956],[316353,284992],[316317,285022],[316206,285042],[316200,285189],[315999,285191],[315998,285033],[315927,285040],[315819,285159],[315687,285268],[315582,285319],[315495,285388],[315460,285385],[315299,285519],[315186,285536],[315160,285562],[315135,285553],[315052,285593],[314955,285685],[314956,285750],[314922,285808],[314882,285832],[314733,285814],[314601,285775],[314389,285784],[314176,285741],[314022,285735],[313743,285663],[313647,285505],[313538,285385],[313401,285344],[312629,285226],[312377,285019],[312162,284809],[312068,284749],[312016,284484],[311968,284393],[311914,284358],[311752,284334],[311671,284298],[311531,284300],[311382,284229],[311207,284038],[311042,283922],[311030,283850],[310997,283790],[310812,283629],[310720,283611],[310599,283691],[310503,283701],[310432,283659],[310147,283587],[310026,283647],[309962,283707],[309897,283720],[309790,283774],[309680,283858],[309609,283811],[309522,283706],[309497,283641],[309517,283576],[309472,283540],[309426,283444],[309356,283406],[309358,283356],[308577,282846],[307396,283812],[304710,283114],[305140,282470],[304119,282309],[302347,279354],[299608,278065],[298748,278227],[298594,279380],[297835,279838],[297101,280385],[295633,279516],[294290,278280],[292948,276024],[291605,276024],[292088,274521],[291014,274628],[288758,275917],[287254,274359],[286610,274359],[285858,275810],[283495,275111],[282689,275648],[281830,275004],[279842,274306],[278701,274363],[278124,274145],[276620,273124],[274901,272963],[273880,272748],[273719,272104],[272753,271942],[272269,272318],[269476,271728],[269100,270922],[268456,270922],[267543,269687],[267381,268451],[266307,268881],[266468,270116],[265394,270439],[265233,271083],[264698,271653],[262494,271029],[261420,267753],[258425,264746],[255887,266088],[254759,267860],[254083,267649],[253122,268606],[252295,268918],[252222,268755],[251961,269009],[251807,269127],[252106,269747],[252267,270019],[252420,270209],[252758,270550],[253159,271121],[253574,271558],[253751,271790],[253870,272022],[254032,272559],[254204,272967],[254368,273239],[254700,273678],[254875,274025],[255169,274975],[255309,275649],[255432,276099],[255585,276496],[255782,276921],[255966,277437],[256145,277832],[256425,278251],[256610,278571],[256921,279251],[257266,279900],[257337,280069],[257368,280267],[257329,280806],[257373,281187],[257402,281649],[257460,281846],[257648,282249],[257793,282948],[258015,283622],[258040,283816],[258014,284301],[258037,284547],[258098,284817],[258294,285472],[258504,286024],[258803,286941],[259162,287861],[259668,288787],[259776,288924],[260109,289269],[260182,289367],[260258,289561],[260284,289746],[260284,290195],[260246,290763],[260054,291938],[259982,292889],[259901,293536],[259887,293761],[259895,294066],[259934,294349],[260025,294702],[260195,295120],[260206,295222],[260154,295275],[259742,295447],[259465,295614],[259237,295824],[259029,296121],[258833,296513],[258458,297462],[258056,298646],[257860,299132],[257649,299529],[257304,300077],[256462,301749],[256253,302062],[255807,302643],[255561,303050],[255450,303282],[255387,303534],[255381,303805],[255447,304125],[255875,305251],[256095,305951],[256415,307058],[256521,307372],[256657,307688],[257137,308666],[257442,309176],[257898,310027],[258023,310197],[258178,310342],[258735,310715],[258926,310868],[259570,311518],[260243,312046],[260380,312186],[260477,312328],[260546,312551],[260564,312803],[260507,313702],[260508,314118],[260538,314357],[260652,314812],[260626,314945],[260392,315565],[260030,316268],[259321,317860],[258984,318544],[258784,318869],[258128,319842],[257220,321368],[256270,322667],[255820,323256],[255615,323554],[254898,324788],[254702,325211],[254592,325549],[254523,325902],[254507,326163],[254539,326393],[254625,326627],[254794,326881],[255018,327128],[255290,327362],[255934,327846],[256077,327981],[256165,328101],[256260,328318],[256515,329179],[256797,329887],[256844,330109],[256847,330257],[256817,330490],[256752,330741],[256661,330996],[255277,333947],[255134,334290],[255072,334499],[255019,334859],[255019,335043],[255045,335254],[255116,335478],[255350,335902],[255385,335989],[255381,336018],[255311,336045],[255232,336047],[254720,336020],[254451,336023],[254228,336046],[253976,336102],[253603,336252],[252904,336681],[252517,336866],[251202,337339],[250967,337397],[250749,337413],[250542,337390],[250179,337266],[250015,337228],[249364,337202],[249006,337147],[248744,337079],[248390,336944],[248166,336876],[247610,336774],[247231,336762],[246533,336812],[245929,336796],[245250,336804],[244851,336769],[244496,336689],[244348,336625],[244221,336529],[244130,336419],[244071,336286],[244004,335948],[243993,335328],[243934,335117],[243867,335014],[243778,334930],[243673,334870],[243553,334834],[243425,334824],[243280,334836],[242200,335102],[240374,335366],[240061,335384],[239802,335372],[239558,335336],[239426,335296],[239314,335226],[239277,335163],[239303,334705],[239272,334511],[239226,334374],[239103,334168],[239000,334066],[238891,333993],[238700,333913],[238517,333869],[237303,333722],[236927,333651],[236663,333579],[236179,333408],[235130,332954],[234909,332844],[234790,332760],[234684,332643],[234547,332397],[234450,332261],[234335,332142],[234003,331861],[233913,331761],[233858,331656],[233848,331602],[233865,331507],[234054,331132],[234121,330900],[234124,330773],[234106,330665],[234066,330554],[233999,330437],[233866,330295],[233668,330163],[233010,329904],[232790,329792],[232662,329708],[232523,329590],[232411,329466],[232224,329191],[232124,328969],[232095,328847],[232095,328729],[232146,328414],[232147,328244],[232099,327984],[231941,327490],[231942,327333],[231988,327234],[232036,327196],[232115,327166],[233326,326865],[233794,326732],[234065,326636],[234275,326528],[234437,326396],[234579,326220],[234663,326036],[234689,325873],[234667,325688],[234611,325537],[234516,325380],[234274,325088],[234006,324816],[233801,324642],[233613,324523],[233267,324362],[232642,324115],[232374,324026],[232139,323978],[231971,323981],[231811,324023],[231677,324090],[231418,324262],[231279,324328],[231142,324349],[231058,324344],[230900,324297],[230801,324228],[230691,324067],[230615,323867],[230555,323534],[230513,323390],[230434,323241],[230324,323114],[229927,322811],[229601,322632],[229456,322578],[229330,322554],[229205,322557],[229102,322582],[228933,322680],[228775,322861],[228412,323403],[228178,323840],[228106,324018],[228061,324263],[228078,324632],[228111,324882],[228218,325291],[228228,325407],[228193,325552],[228066,325743],[227740,326075],[227242,326511],[226603,327018],[226147,327330],[225619,327618],[225133,327817],[224791,327910],[224623,327932],[224468,327928],[224331,327877],[224201,327747],[224101,327587],[223733,326893],[223612,326713],[223452,326518],[223253,326333],[222827,325982],[222279,325579],[222083,325460],[221870,325362],[221649,325292],[221510,325265],[221355,325256],[221180,325269],[220549,325367],[220378,325357],[220212,325301],[220053,325214],[219819,325054],[219215,324579],[218947,324312],[218592,323831],[218446,323706],[218297,323628],[218079,323574],[217697,323546],[216131,323532],[215648,323552],[215379,323605],[214762,323811],[214603,323882],[214269,324077],[214205,324088],[214135,324070],[213965,323926],[213797,323715],[213185,322845],[212988,322521],[212914,322351],[212878,322220],[212798,321683],[212723,321389],[212601,321131],[212470,320941],[212373,320831],[212166,320664],[211755,320441],[211255,319943],[211104,319832],[210985,319775],[210881,319747],[210775,319741],[210629,319769],[210536,319815],[210456,319879],[210391,319961],[210345,320057],[210317,320162],[210306,320321],[210338,320566],[210426,320874],[210676,321590],[210794,322426],[210837,322592],[210897,322735],[211019,322909],[211178,323032],[211346,323104],[211697,323197],[211835,323255],[211969,323364],[212136,323586],[212669,324530],[212796,324792],[212861,324967],[212894,325184],[212848,325558],[212843,325758],[212869,325918],[212942,326098],[213073,326270],[213647,326793],[213789,326962],[213853,327101],[213924,327334],[214048,327985],[214126,328179],[214186,328278],[214314,328434],[214685,328796],[214822,328960],[215138,329545],[215269,329736],[215431,329904],[215798,330216],[215940,330401],[215971,330487],[215989,330643],[215902,331243],[215886,331646],[215896,331896],[215917,332047],[215962,332190],[216024,332304],[216110,332411],[216276,332546],[216478,332646],[217022,332781],[217558,332997],[218000,333122],[218107,333178],[218165,333250],[218204,333352],[218319,333872],[218420,334189],[218528,334402],[218679,334580],[218892,334726],[219079,334797],[219280,334833],[219662,334844],[219787,334865],[219922,334933],[220003,335025],[220046,335108],[220081,335248],[220069,335568],[220083,335734],[220125,335893],[220170,335997],[220266,336148],[220586,336545],[220814,336864],[221151,337378],[221367,337789],[221485,337940],[221629,338048],[221780,338105],[221981,338127],[222308,338098],[222449,338104],[222622,338149],[222781,338240],[222876,338325],[223003,338486],[223104,338669],[223235,338986],[223353,339210],[223558,339534],[223725,339728],[223983,339922],[224366,340099],[224678,340205],[225182,340294],[225340,340362],[225474,340451],[226062,341066],[226719,341651],[226805,341802],[227026,342305],[227114,342422],[227224,342513],[227370,342575],[227550,342591],[227746,342544],[227904,342443],[228036,342277],[228112,342080],[228137,341916],[228141,341615],[228157,341529],[228230,341445],[228344,341401],[228498,341387],[228742,341421],[228901,341471],[229251,341615],[229453,341654],[229682,341628],[230012,341497],[230132,341497],[230271,341545],[230414,341623],[230782,341886],[231059,342129],[231442,342518],[231605,342633],[231954,342831],[232165,343017],[232450,343368],[232586,343576],[232820,343993],[232911,344119],[233010,344222],[233230,344368],[233385,344435],[233669,344527],[233832,344635],[233965,344810],[234083,345029],[234186,345267],[234342,345709],[234484,345953],[234648,346125],[235132,346496],[235495,346823],[235666,347024],[236010,347533],[236221,347752],[236336,347832],[236507,347917],[236866,348012],[237192,348040],[237434,348035],[237619,348000],[237899,347911],[238017,347900],[238155,347944],[238353,348102],[238920,348721],[239398,349290],[240406,350173],[240774,350545],[241278,351111],[241428,351246],[241709,351455],[241805,351553],[241898,351689],[241969,351840],[242020,352010],[242088,352355],[242152,352539],[242263,352729],[242543,353090],[242618,353245],[242694,353504],[242823,354601],[242907,355533],[242987,356146],[242999,356530],[242971,356794],[242890,357174],[242612,358225],[242527,358763],[242408,359691],[242333,360018],[242141,360475],[241526,361735],[241334,362086],[241165,362321],[240911,362581],[240574,362825],[240101,363055],[239928,363112],[239768,363135],[239674,363118],[239606,363072],[239281,362547],[239064,362284],[238899,362138],[238712,362037],[238535,362003],[238388,362018],[238186,362107],[238051,362219],[237886,362419],[236827,364058],[236253,364832],[236182,364984],[236095,365280],[236046,365399],[235735,365881],[235649,366049],[235422,366641],[235247,367211],[235157,367393],[235055,367462],[234906,367464],[234430,367338],[233995,367190],[233829,367175],[233665,367201],[233418,367315],[233186,367475],[232506,368013],[232227,368267],[232112,368411],[232043,368543],[232003,368687],[231992,368847],[232015,369074],[232075,369353],[232324,370189],[232367,370383],[232368,370516],[232296,370960],[232296,371396],[232278,371529],[232192,371712],[232066,371866],[231804,372128],[231415,372434],[231302,372562],[231205,372708],[231104,372961],[231080,373129],[231064,373530],[231027,373636],[230986,373684],[230796,373786],[230349,373904],[228606,374156],[228124,374212],[227835,374217],[227648,374195],[226900,374028],[226622,373988],[226402,374002],[226210,374075],[226051,374202],[225897,374412],[225673,374834],[225431,375358],[225337,375624],[225305,375775],[225284,376334],[225253,376515],[225138,376749],[224813,377196],[224589,377654],[224532,377816],[224496,377988],[224479,378417],[224450,378494],[224396,378562],[223994,378823],[223635,379129],[223422,379226],[223229,379269],[223051,379284],[222895,379263],[222432,379149],[222264,379126],[221766,379157],[221428,379144],[221282,379154],[221069,379214],[220859,379342],[220687,379520],[220573,379723],[220529,379870],[220499,380061],[220495,380362],[220553,380602],[220716,380960],[220728,381018],[220721,381087],[220655,381182],[220378,381446],[220125,381750],[219865,381962],[219750,382080],[219649,382266],[219628,382368],[219629,382479],[219653,382580],[219707,382691],[219866,382865],[220282,383174],[220716,383391],[220870,383511],[220921,383599],[220953,383703],[220995,384085],[221037,384275],[221110,384418],[221219,384532],[221307,384586],[221405,384624],[221520,384644],[221629,384643],[221774,384615],[222109,384500],[222528,384393],[222684,384371],[222818,384386],[223335,384589],[223824,384811],[224080,384870],[224563,384936],[224728,384984],[224888,385071],[225258,385322],[225505,385423],[225783,385476],[226070,385506],[227997,385639],[228160,385675],[228273,385728],[228319,385778],[228360,385864],[228449,386203],[228586,386890],[228642,387378],[228688,387587],[228765,387806],[228840,387958],[228938,388095],[229145,388330],[229253,388531],[229345,388800],[229404,389060],[229422,389229],[229401,389411],[229352,389518],[229136,389872],[228968,390291],[228901,390525],[228835,390932],[228793,391051],[228651,391306],[228594,391440],[228555,391598],[228523,391921],[228444,392124],[228332,392286],[228119,392510],[226434,393942],[226158,394228],[226031,394441],[225982,394656],[226004,394860],[226040,394972],[226121,395142],[226258,395346],[226380,395495],[226545,395662],[226668,395764],[226839,395870],[226980,395926],[227138,395959],[227249,395960],[227358,395942],[227472,395902],[227668,395775],[227762,395681],[228117,395229],[228537,394795],[229039,394318],[229180,394212],[229316,394148],[229382,394144],[229494,394193],[229860,394568],[230043,394705],[230251,394791],[230502,394825],[230880,394808],[232121,394677],[232988,394614],[233313,394544],[233739,394354],[233867,394336],[234000,394340],[234126,394371],[234225,394432],[234600,394826],[234755,394938],[235002,395078],[235185,395156],[235612,395288],[235880,395396],[237811,396320],[238112,396410],[238395,396425],[238634,396380],[238930,396269],[240326,395599],[240654,395468],[240830,395445],[241788,395414],[242056,395391],[244307,395040],[244561,394978],[244777,394900],[245842,394379],[246179,394256],[247216,394013],[247423,394002],[247710,394053],[247855,394062],[248016,394039],[248155,393984],[248305,393875],[248457,393695],[248578,393476],[248808,392972],[248907,392833],[249202,392496],[249279,392368],[249333,392233],[249406,391874],[249536,391536],[249587,391305],[249614,390890],[249608,390155],[249621,389859],[249853,388202],[249898,388047],[249948,387997],[250021,387973],[250515,387932],[250858,387885],[251527,387760],[251895,387665],[252055,387599],[252192,387504],[252293,387389],[252369,387239],[252424,387005],[252445,386715],[252454,385141],[252472,384655],[252511,384371],[252605,383988],[252732,383334],[252815,383120],[252938,382967],[253062,382868],[253401,382658],[253535,382532],[253621,382393],[253669,382216],[253666,381915],[253612,381641],[253496,381299],[253280,380831],[253267,380784],[253283,380750],[253348,380747],[253995,380834],[254173,380872],[254429,380962],[255023,381241],[255256,381315],[255451,381345],[256230,381395],[256416,381428],[256590,381479],[256708,381537],[256796,381609],[257365,382311],[257592,382510],[257806,382629],[258310,382848],[258588,382951],[258872,383022],[259117,383041],[259483,383024],[260131,382914],[260437,382815],[260941,382594],[261393,382445],[261868,382329],[262114,382302],[262651,382390],[263047,382481],[265038,383055],[265247,383082],[265429,383079],[265586,383046],[265717,382985],[265801,382919],[265869,382838],[265925,382725],[265948,382631],[265953,382525],[265936,382415],[265899,382314],[265834,382200],[265686,382026],[265542,381895],[265006,381490],[264660,381190],[264044,380543],[263574,380227],[263507,380150],[263471,380081],[263357,379770],[263236,379572],[263051,379392],[262684,379148],[262571,379034],[262443,378823],[262220,378261],[262121,378059],[261998,377877],[261704,377512],[261561,377280],[261504,377108],[261353,376373],[261294,376189],[261217,376025],[261128,375906],[261018,375809],[260899,375737],[260574,375588],[260522,375548],[260475,375479],[260453,375336],[260493,375080],[260979,373481],[261046,373307],[261126,373157],[261229,373050],[261310,373015],[261386,373006],[261531,373022],[261995,373175],[262200,373219],[262923,373239],[263219,373275],[263567,373362],[263901,373480],[264212,373655],[264543,373942],[264737,374069],[264967,374162],[265470,374305],[265636,374392],[265886,374623],[266140,374983],[266330,375181],[267225,375859],[267576,376083],[268123,376327],[268904,376706],[269308,376859],[269758,376969],[270480,377040],[270751,377083],[271021,377156],[271379,377294],[271882,377544],[272342,377824],[272732,378115],[273296,378591],[273641,378833],[274031,379140],[274223,379263],[274467,379360],[274706,379393],[274956,379369],[275406,379263],[275540,379257],[275684,379285],[275911,379400],[276404,379788],[276755,380019],[276832,380099],[276881,380211],[276905,380371],[276905,380487],[276772,381458],[276737,381627],[276674,381790],[276534,381960],[276072,382321],[275624,382713],[275041,383063],[274811,383239],[274702,383358],[274620,383481],[274509,383742],[274466,383974],[274460,384191],[274503,384402],[274583,384569],[274706,384713],[274869,384834],[275092,384948],[275340,385031],[275590,385076],[275825,385084],[276658,385020],[276908,384944],[277368,384703],[277530,384638],[277674,384607],[278051,384573],[278277,384496],[278447,384384],[278722,384132],[279096,383932],[279188,383850],[279264,383747],[279326,383596],[279339,383424],[279313,383289],[279216,383053],[279207,382978],[279247,382930],[279340,382894],[279490,382878],[279736,382889],[280004,382923],[280333,382988],[280748,383112],[281272,383349],[281560,383438],[281687,383451],[281823,383445],[281952,383416],[282078,383368],[282202,383289],[282307,383185],[282695,382536],[282836,382373],[282957,382280],[283125,382188],[283332,382108],[283974,381958],[284181,381895],[284360,381812],[284512,381700],[284656,381522],[284760,381299],[284821,381058],[284893,380600],[284941,380457],[285003,380351],[285163,380183],[285368,380035],[285616,379902],[285873,379802],[286408,379656],[286847,379586],[287250,379567],[287805,379595],[287994,379583],[288178,379537],[288625,379368],[288871,379310],[289113,379278],[289475,379282],[290546,379439],[290745,379450],[290924,379440],[291223,379375],[291774,379178],[292004,379111],[292265,379069],[292481,379063],[292839,379095],[293160,379161],[293938,379425],[295012,379874],[296771,380576],[297650,380898],[297983,381063],[298621,381422],[298935,381567],[299156,381645],[299685,381791],[299848,381894],[300320,382311],[300709,382611],[301078,382849],[301371,382982],[301847,383113],[302646,383220],[302913,383278],[303179,383356],[303782,383587],[304625,383989],[304993,384142],[306372,384645],[307579,385027],[307999,385117],[308561,385180],[308830,385228],[310224,385586],[311120,385784],[311877,385906],[312294,385942],[312621,385907],[312886,385826],[313084,385702],[313230,385528],[313349,385274],[313495,384804],[313542,384469],[313547,383988],[313605,383708],[313734,383447],[313871,383274],[313995,383152],[314184,383001],[314599,382741],[315126,382356],[315272,382264],[315415,382197],[315574,382183],[315907,382322],[316078,382356],[316264,382330],[316432,382232],[316535,382114],[316606,381968],[316699,381464],[316750,381285],[316825,381130],[316928,381017],[317888,380374],[318608,379821],[320124,378914],[320386,378735],[320523,378600],[320776,378273],[320955,378085],[321559,377542],[321998,377110],[322413,376801],[322659,376574],[322985,376222],[323543,375526],[323852,375205],[324076,375016],[324250,374900],[324781,374669],[324924,374589],[325039,374503],[325168,374377],[325532,373935],[325980,373447],[326215,373236],[326310,373180],[326365,373175],[326378,373215],[326355,373699],[326327,373802],[326254,373864],[325935,373995],[325769,374097],[325636,374230],[325535,374399],[325469,374591],[325423,374827],[325403,375066],[325416,375292],[325456,375448],[325516,375577],[325603,375697],[325711,375801],[326150,376119],[326638,376327],[326731,376397],[326799,376488],[326858,376612],[326887,376715],[326888,376806],[326827,376951],[326533,377356],[326371,377617],[326131,378061],[325829,378686],[325649,379149],[325443,379593],[325342,379852],[325137,380577],[325027,381086],[324961,381250],[324823,381455],[324544,381791],[323768,382613],[323305,383214],[323072,383447],[322560,383895],[322295,384179],[321977,384599],[321528,385292],[321369,385491],[321237,385600],[321022,385742],[319551,386610],[319052,386942],[318718,387196],[318314,387604],[318057,387929],[317977,388076],[317937,388200],[317922,388327],[317934,388451],[317981,388588],[318073,388720],[318185,388815],[318341,388900],[318707,389028],[320407,389502],[320680,389597],[320863,389682],[320986,389755],[321146,389880],[321483,390252],[321671,390420],[321933,390601],[322433,390893],[324154,391765],[325424,392198],[326569,392713],[326893,392902],[327389,393245],[328711,394239],[329188,394555],[329492,394709],[329786,394822],[330159,394927],[330810,395071],[331073,395161],[331315,395293],[331532,395444],[331649,395547],[331723,395647],[331731,395706],[331697,395776],[331025,396491],[330847,396721],[330742,396913],[330691,397109],[330680,397481],[330640,397662],[330543,397902],[330122,398807],[329756,399707],[329629,400077],[329450,400674],[329314,401190],[329237,401546],[329149,402144],[329077,402342],[328996,402436],[328661,402627],[328470,402798],[328326,403030],[328026,403671],[327849,403959],[327685,404170],[327576,404281],[327219,404564],[327059,404717],[326901,404926],[326782,405154],[326690,405418],[326567,405866],[326450,406370],[326419,406568],[326390,407117],[326442,407685],[326549,408224],[326731,408837],[326985,409462],[327283,410057],[327660,410665],[328626,412077],[329528,413311],[329731,413643],[330015,414163],[330166,414512],[330315,414934],[330532,415765],[330653,416140],[330837,416602],[331112,417199],[331217,417352],[331336,417479],[331710,417759],[331816,417862],[331934,418033],[332091,418427],[332169,418559],[332305,418703],[332584,418898],[332638,418953],[332721,419082],[332760,419226],[332752,419349],[332568,419944],[332530,420210],[332536,420423],[332571,420624],[332619,420770],[332689,420905],[332830,421069],[333021,421181],[333251,421238],[333697,421275],[333834,421317],[333937,421370],[334069,421480],[334294,421827],[334463,422032],[334883,422373],[335212,422861],[335398,423077],[335575,423201],[335757,423271],[336037,423317],[336291,423321]]]]}},{"type":"Feature","properties":{"name":"West Midlands","operator":"National Grid Electricity Distribution"},"geometry":{"type":"MultiPolygon","coordinates":[[[[402835,368842],[402985,368529],[403012,368524],[403119,368439],[403261,368392],[403390,368317],[403613,368284],[403851,368321],[403902,368301],[403976,368331],[404183,368330],[404282,368287],[404355,368223],[404394,368222],[404409,368192],[404482,368144],[404565,368024],[404731,367943],[404776,367859],[404784,367810],[404880,367726],[404947,367704],[405004,367657],[405115,367603],[405230,367375],[405309,367336],[405417,367353],[405488,367342],[405565,367394],[405634,367378],[405667,367319],[405740,367338],[405762,367319],[405762,367257],[405825,367267],[405864,367230],[405890,367166],[405948,367164],[405953,367069],[406024,366994],[406098,366957],[406158,366862],[406235,366845],[406280,366876],[406327,366828],[406410,366869],[406504,366853],[406535,366896],[406589,366885],[406624,366902],[406661,366896],[406711,366982],[406748,366980],[406819,367015],[406858,367008],[406910,367034],[406950,367023],[406974,366971],[407015,366965],[407072,366981],[407095,366931],[407128,366922],[407163,366961],[407192,366959],[407243,366902],[407283,366914],[407353,366897],[407395,366939],[407443,366902],[407799,366901],[407797,366680],[407781,366627],[407745,366584],[407575,366513],[407538,366383],[407545,366358],[407617,366300],[407746,366219],[407766,366225],[407818,366294],[407921,366349],[407987,366352],[408088,366571],[408112,366556],[408174,366557],[408234,366513],[408286,366508],[408345,366454],[408390,366508],[408460,366467],[408511,366496],[408499,366436],[408546,366401],[408523,366326],[408665,366331],[408685,366239],[408658,366223],[408718,366141],[408778,366149],[408781,366100],[408759,366077],[408769,366062],[408811,366042],[408828,366067],[408878,365993],[408952,365990],[408958,365958],[409034,365867],[409091,365876],[409164,365789],[409212,365759],[409255,365738],[409394,365727],[409414,365641],[409441,365627],[409492,365638],[409514,365579],[409511,365529],[409548,365503],[409557,365476],[409607,365480],[409648,365437],[409717,365402],[409762,365338],[409830,365329],[409842,365306],[409826,365273],[409929,365227],[409983,365167],[409997,365001],[410149,364998],[410153,364968],[410238,364869],[410226,364819],[410293,364778],[410294,364716],[410307,364714],[410318,364749],[410366,364741],[410372,364707],[410353,364678],[410389,364605],[410415,364612],[410443,364574],[410485,364599],[410517,364593],[410496,364560],[410542,364509],[410568,364518],[410570,364551],[410591,364555],[410741,364425],[410813,364438],[410829,364418],[410814,364392],[410823,364370],[410849,364357],[410886,364364],[410970,364287],[410976,364251],[411014,364249],[411079,364154],[411066,364132],[411127,364094],[411161,364094],[411180,364047],[411236,364036],[411323,363965],[411295,363859],[411293,363783],[411261,363701],[411298,363626],[411419,363465],[412076,363469],[412081,362962],[411994,362962],[412000,360001],[412300,360000],[412300,359663],[412332,359641],[412318,359605],[412353,359625],[412358,359687],[412394,359690],[412420,359670],[412419,359624],[412452,359606],[412435,359577],[412449,359561],[412528,359558],[412555,359530],[412570,359571],[412621,359541],[412618,359526],[412560,359502],[412535,359439],[412557,359436],[412592,359476],[412628,359480],[412701,359429],[412689,359398],[412611,359381],[412589,359362],[412631,359309],[412652,359247],[412704,359222],[412752,359237],[412756,359141],[412791,359017],[412849,358924],[412846,358878],[412782,358807],[412806,358772],[412814,358593],[412833,358535],[412924,358503],[412971,358421],[413073,358392],[413118,358274],[413210,358152],[413339,357926],[413362,357839],[413362,357733],[413432,357542],[413479,357505],[413627,357440],[413780,357288],[413846,357167],[413866,357091],[413905,357038],[414047,356973],[414281,356906],[414348,356852],[414406,356776],[414423,356699],[414410,356635],[414321,356593],[414277,356558],[414269,356533],[414308,356475],[414386,356446],[414473,356385],[414522,356325],[414562,356242],[414581,356153],[414579,356070],[414523,356053],[414482,355988],[414418,355933],[414403,355882],[414529,355659],[414664,355502],[414612,355432],[414505,355374],[414455,355324],[414629,355193],[414701,355193],[414700,355002],[414342,355002],[414312,354966],[414249,354939],[414095,354982],[414014,354962],[413966,354899],[413959,354765],[413879,354615],[413893,354529],[413949,354411],[413980,354390],[414063,354381],[414102,354349],[414108,354321],[414086,354226],[414028,354145],[414030,354071],[414256,353762],[414264,353581],[414248,353561],[414172,353558],[414115,353531],[414084,353499],[414069,353447],[414102,353373],[414112,353288],[414181,353245],[414164,353129],[414222,353062],[414243,352906],[414347,352785],[414380,352675],[414430,352591],[414452,352371],[414546,352184],[414551,351983],[414488,351869],[414484,351812],[414464,351776],[414495,351712],[414493,351479],[412837,351477],[412843,351296],[412730,350778],[412737,350587],[412760,350534],[412846,350462],[412916,350446],[412996,350471],[412997,350002],[414842,350001],[414915,349742],[414906,349679],[414867,349612],[414921,349558],[415232,349605],[415361,349692],[415485,349699],[415623,349682],[415681,349617],[415719,349484],[415755,349435],[415784,349350],[416055,349166],[416144,349130],[416187,349095],[416248,348970],[416270,348865],[416241,348635],[416201,348577],[416079,348482],[415001,348492],[415000,347686],[414884,347698],[414659,347673],[414512,347572],[414520,347500],[414400,347406],[414356,347404],[414341,347378],[414165,347268],[414113,347340],[414032,347290],[414023,347084],[414010,347070],[413869,347045],[413896,346829],[413949,346639],[413948,346530],[413912,346409],[413856,346377],[413783,346240],[413820,346180],[413824,346054],[413857,346006],[413856,345927],[413890,345901],[413945,345894],[413979,345802],[414033,345755],[414058,345771],[414074,345755],[414107,345704],[414113,345642],[414141,345594],[414071,345452],[414059,345383],[414019,345367],[414016,345326],[413923,345216],[413874,345197],[413895,345164],[413856,345146],[413850,345088],[413770,345013],[413657,344977],[413584,344929],[413403,344959],[413341,344952],[413319,344925],[413241,344925],[413204,344876],[413008,344765],[412932,344690],[412290,344686],[412285,344322],[412150,344365],[412094,344360],[412051,344402],[412011,344371],[411976,344368],[411872,344410],[411716,344414],[411630,344440],[411592,344427],[410710,344417],[410714,344292],[410606,344306],[410572,344291],[410576,344197],[410561,344124],[410430,343883],[410375,343679],[410299,343496],[410245,343013],[410230,342990],[410153,342965],[409993,342992],[409988,343046],[409840,342936],[409779,343014],[409694,342925],[409637,342892],[409548,342992],[409495,342944],[409443,342991],[409326,343180],[409123,343024],[408988,343097],[408956,343081],[409000,342984],[408999,341853],[408929,341850],[408765,341887],[408662,341582],[408640,341608],[408564,341633],[408444,341665],[408348,341671],[408317,341515],[408165,341110],[408171,341081],[408312,341060],[408479,340890],[408606,340823],[408686,340712],[408538,340585],[408443,340463],[408387,340293],[408398,340273],[408421,340274],[408447,340229],[408536,340174],[408542,340124],[408577,340103],[408611,340046],[408607,339993],[408639,339949],[408622,339883],[408636,339811],[408738,339738],[408752,339624],[408777,339609],[408822,339514],[408810,339481],[408834,339469],[408863,339402],[408884,339408],[408907,339373],[408899,339332],[408913,339295],[408964,339264],[408998,339195],[409018,339183],[409001,339163],[409051,339090],[409036,339045],[409056,339027],[409059,338995],[409207,338991],[409203,337998],[407544,337992],[407546,337556],[407468,337383],[407388,337406],[407348,337436],[407331,337476],[407273,337517],[407207,337529],[407174,337381],[406953,336969],[406921,336942],[406855,336933],[406773,337053],[406744,337179],[406732,337185],[406621,337013],[406622,336927],[406661,336805],[406658,336772],[406580,336711],[406534,336730],[406509,336704],[406500,336009],[405900,336002],[405892,335841],[405836,335811],[405788,335759],[405709,335731],[405655,335693],[405576,335576],[405516,335436],[405507,335390],[405542,335278],[405528,335114],[405533,334700],[405101,334692],[404990,334526],[404935,334232],[404699,334000],[404625,333899],[404557,333741],[404348,333496],[404325,333452],[404286,333264],[404240,333317],[404191,333256],[404092,333230],[403921,333231],[403811,333210],[403636,333250],[403608,333070],[403576,332548],[403501,332477],[403459,332348],[403348,332146],[403320,332067],[403355,332056],[403385,331987],[403512,331831],[403551,331857],[403788,331857],[403887,331794],[403933,331727],[403961,331471],[404011,331452],[404014,331331],[404048,331329],[404157,331263],[404212,331286],[404250,331277],[404401,331161],[404440,331052],[404457,330652],[404516,330459],[404582,330378],[404724,330350],[404749,330331],[404745,330218],[405090,330205],[405130,330349],[405137,330456],[405318,330500],[406195,330504],[406209,329997],[407144,330005],[407155,329506],[407257,329507],[407304,329533],[407342,329515],[407579,329549],[407715,329499],[407813,329403],[407980,329354],[408048,329438],[408164,329397],[408453,329336],[408720,329298],[408905,329296],[409192,329158],[409245,329012],[409397,328840],[409510,328790],[409588,328721],[409616,328639],[409672,328597],[409690,328532],[409708,328517],[409846,328467],[409905,328463],[410075,328349],[410240,328354],[410302,327988],[410402,327886],[410461,327796],[410508,327527],[410742,327311],[410812,327160],[410857,327100],[410922,327093],[411048,326964],[411086,326883],[411093,326756],[411135,326712],[411137,326677],[411206,326660],[411268,326598],[411322,326512],[411380,326497],[411417,326469],[411545,326461],[411567,326422],[411654,326400],[411691,326360],[411802,326315],[411842,326243],[411881,326218],[411865,326206],[411887,326177],[411893,326110],[411875,326047],[411905,326021],[411927,325927],[411990,325838],[412002,325742],[411996,323968],[411917,323855],[411858,323833],[411848,323797],[411765,323694],[411733,323682],[411719,323641],[411684,323637],[411641,323558],[411606,323538],[411585,323487],[411530,323477],[411468,323437],[411441,323375],[411441,323236],[411334,323137],[411320,323058],[411278,323013],[411994,323007],[412001,321863],[412314,321782],[412397,321743],[412495,321639],[412632,321415],[412742,321528],[412791,321536],[412802,321572],[413038,321557],[413126,321603],[413385,321805],[413656,321883],[413663,321973],[413644,322011],[415001,322008],[415003,320998],[415503,320998],[415503,319854],[415686,319552],[415690,318896],[415685,318856],[414989,318498],[414990,317754],[415144,317759],[415270,317712],[415398,317638],[415540,317529],[415587,317453],[415638,317285],[415742,317120],[415876,316962],[416042,316774],[416278,316642],[416355,316540],[416462,316454],[416471,316425],[416431,316358],[416425,316300],[416502,316242],[416549,316128],[416557,316039],[416743,315944],[416698,315888],[416933,315751],[417007,315788],[417034,315821],[417215,315771],[417378,315781],[417390,315722],[417364,315678],[417435,315654],[417624,315669],[417816,315755],[417993,315762],[418001,315372],[418358,315527],[418857,315255],[418951,315286],[419007,315267],[419012,315251],[418963,315202],[419001,315129],[419102,315134],[419171,315119],[419145,315069],[419144,315030],[419197,314986],[419206,314903],[419099,314888],[419008,314824],[418879,314856],[418832,314848],[418742,314789],[418581,314605],[418694,314475],[418713,314424],[418748,314269],[418752,314080],[418797,313909],[418774,313848],[418703,313746],[418366,313585],[418323,313519],[418280,313402],[418267,313325],[418276,313240],[418331,313092],[418326,312970],[418346,312899],[418336,312779],[418354,312689],[418354,312549],[418609,312466],[418942,312411],[419010,312384],[419191,312231],[419437,312185],[419888,312032],[420025,312030],[420221,311995],[420392,312006],[420416,311920],[420407,311867],[420386,311839],[420409,311832],[420441,311741],[420494,311779],[420531,311727],[420594,311736],[420766,311702],[420880,311740],[420965,311816],[420996,311792],[420993,311255],[420878,310891],[420876,310690],[420795,310201],[420696,308476],[420681,308390],[420619,308285],[420615,308043],[420413,307995],[419001,307996],[418993,307385],[418967,307360],[418896,307340],[418718,307243],[418663,307191],[418597,307067],[418610,306946],[418531,306762],[418302,306486],[418210,306351],[418197,306308],[418142,306251],[417889,306260],[417661,306225],[417370,306317],[417221,306316],[416919,306461],[416874,306533],[416865,306213],[416816,306069],[416721,305975],[416588,305917],[416513,305861],[416432,305631],[416252,305502],[416498,305321],[416493,304503],[416007,304505],[416000,304983],[415917,305025],[415805,305040],[415325,305025],[415168,304909],[415109,304882],[414986,304738],[414925,304631],[414787,304503],[414768,304394],[414776,304162],[414748,303963],[414812,303556],[414718,303505],[414586,303479],[414536,303492],[414487,303420],[414497,303359],[414577,303224],[414506,303044],[414518,302939],[414587,302726],[414685,302523],[414649,302346],[414525,302171],[414485,302065],[414557,301934],[414621,301708],[414637,301598],[414375,301578],[414359,300980],[414373,300891],[414360,300825],[414285,300682],[413955,300496],[413804,300498],[413798,300000],[414002,299997],[414005,299696],[414181,299526],[414345,299321],[414387,299123],[414460,298910],[414433,298812],[414447,298746],[414432,298627],[414452,298590],[414447,298552],[414482,298528],[414497,298465],[414541,298392],[414631,298310],[414675,298240],[414738,298217],[414763,298174],[414912,298073],[414918,298044],[414942,298037],[414985,297919],[415040,297900],[415088,297675],[415064,297642],[415083,297590],[415136,297566],[415139,297514],[415196,297459],[415235,297444],[415393,297440],[415452,297478],[415548,297459],[415579,297494],[415632,297506],[415656,297480],[415697,297483],[415739,297445],[415746,297413],[415812,297401],[415833,297321],[415809,297273],[415809,297239],[415884,297062],[415940,297034],[416062,297042],[416117,297024],[416126,296973],[416043,296855],[415999,296818],[416002,296067],[416594,296328],[416823,296343],[416925,296369],[417995,296364],[418003,296067],[418039,296059],[418123,295971],[418253,296072],[418382,296008],[418480,295986],[418621,295891],[418522,295482],[418979,295218],[419039,295167],[419110,295184],[419290,295329],[419386,295427],[419412,295504],[419416,295580],[419478,295666],[419621,295633],[419855,295485],[420091,295780],[420496,295520],[420582,295408],[421195,295403],[421202,295092],[421225,295051],[421234,294951],[421075,294831],[421080,294803],[421161,294727],[421152,294674],[421095,294654],[421121,294610],[421123,294573],[420973,294396],[421399,294399],[421400,294001],[421254,293999],[421222,293914],[421172,293859],[421036,293784],[420926,293756],[420914,293721],[420869,293678],[420869,293619],[420846,293574],[420868,293484],[420890,293474],[420856,293359],[420797,293284],[420720,293232],[421273,293145],[421429,293171],[421869,293259],[421851,293371],[421969,293474],[422204,293089],[422311,293157],[422307,293179],[422418,293237],[422444,293212],[422496,293303],[422565,293367],[422639,293474],[422826,293310],[422852,293449],[422906,293461],[422930,293547],[422934,293570],[422893,293597],[422903,293639],[422932,293632],[422938,293813],[422957,293847],[422993,293864],[423040,293865],[423115,293896],[423201,293886],[423324,293922],[423428,293866],[423460,293869],[423529,293894],[423597,293946],[423636,293944],[423662,293916],[423684,293949],[423747,293989],[423744,294008],[423873,294086],[423906,294097],[423914,294057],[423938,294066],[423968,294044],[423995,294072],[424033,294060],[424080,294067],[424142,294092],[424249,294168],[424346,294173],[424409,294037],[424454,293984],[424513,293970],[424604,293975],[424620,294001],[424665,294014],[424864,294158],[424881,294149],[424932,294165],[425092,294236],[425144,294293],[425191,294312],[425229,294258],[425204,294096],[425217,294013],[425249,293926],[425326,293852],[425434,293642],[425428,293536],[425451,293493],[425997,293489],[426003,293196],[426136,293245],[426242,293251],[426279,293226],[426281,293151],[426223,293020],[426231,292959],[426372,292903],[426436,292913],[426507,292893],[426541,292859],[426612,292730],[426703,292775],[426771,292693],[426790,292642],[426690,292612],[426635,292575],[426604,292581],[426591,292556],[426532,292560],[426462,292509],[426464,292474],[426440,292453],[426431,292411],[426403,292392],[426383,292310],[426321,292270],[426316,292242],[426370,292158],[426483,292113],[426560,292104],[426537,292003],[426804,292003],[426807,291695],[426985,291693],[426997,291681],[426999,291003],[426753,290994],[426704,290862],[426705,290803],[426566,290593],[426546,290502],[426479,290447],[426374,290195],[426243,290123],[425973,290048],[425855,290050],[425746,290106],[425718,290111],[425698,290094],[425699,290079],[425736,290068],[425773,290022],[425729,290009],[425748,289968],[425694,289891],[425533,289498],[426001,289493],[426000,288315],[425143,288313],[425043,287999],[424962,287658],[424169,285465],[422334,280000],[422209,279686],[423496,279008],[423481,278144],[423627,277879],[423808,277875],[423807,277541],[424019,277128],[424086,276958],[424256,276648],[424611,276357],[424776,276080],[424827,275757],[424860,275374],[425199,274793],[425176,274251],[425050,274083],[424852,274185],[424736,274053],[424634,274001],[424521,273911],[424443,273870],[424331,273856],[424316,273810],[424279,273802],[424261,273699],[424222,273654],[424103,273430],[424051,273300],[424043,273241],[423591,273147],[423270,273446],[423072,273689],[422613,273847],[422219,274032],[422131,274035],[422050,274060],[421976,274052],[421925,273998],[421875,273994],[421843,274009],[421816,273988],[421746,273995],[421634,273954],[421606,273960],[421569,273932],[421563,273882],[421583,273804],[421608,273781],[421630,273626],[421554,273470],[421471,273352],[421481,273277],[421495,273253],[421525,273243],[421555,273147],[421489,273104],[421384,272980],[421122,272830],[420924,272555],[420990,272390],[421101,272204],[421250,272083],[421362,272015],[421528,271957],[421575,271893],[421687,271577],[421599,271438],[421600,271001],[421725,270999],[421725,270877],[421793,270835],[421757,270542],[421716,270450],[421631,270371],[421558,270332],[421546,270317],[421564,270295],[421556,270282],[421493,270269],[421450,270220],[421392,270207],[421315,270123],[421285,270046],[421261,270043],[421152,270116],[421094,270240],[420967,270402],[420703,270567],[420514,270505],[420303,270498],[420217,270511],[419611,270788],[419423,270934],[419322,270986],[419093,271042],[419012,271085],[418843,270914],[418765,270731],[418751,270643],[418687,270525],[418688,270476],[418654,270454],[418623,270398],[418619,270340],[418716,270210],[418723,270155],[418495,269838],[417449,268502],[416137,268508],[416009,268650],[415855,269011],[413693,269003],[413615,269021],[413594,269055],[413610,269089],[413564,269109],[413521,269074],[413484,269100],[413365,269129],[413282,269131],[413235,269128],[413208,269112],[413205,269090],[413096,269061],[413096,268890],[412834,268878],[412715,268888],[412692,268903],[412685,269096],[412558,269112],[412493,269146],[412329,269161],[412224,269125],[412173,269132],[412132,269104],[412054,269099],[411553,269198],[411475,269192],[411358,269154],[411342,269119],[411276,269140],[411243,269130],[411213,269144],[411192,269123],[411166,269138],[411136,269109],[411037,269101],[410999,269068],[410886,269061],[410846,269032],[410824,269050],[410780,269015],[410704,269021],[410698,269004],[410797,268946],[410814,268918],[410787,268174],[410824,268087],[410829,268006],[410905,267878],[411040,267734],[411072,267627],[411111,267585],[411131,267531],[411233,267415],[411310,267168],[411354,267095],[411361,267000],[411170,267006],[411116,266977],[411101,266949],[411379,266837],[411578,266679],[411603,266644],[411601,266496],[411846,266502],[412133,266486],[412429,266157],[412584,266035],[412683,266007],[412705,265918],[412734,265923],[412755,265905],[412757,265854],[412782,265846],[412824,265861],[412847,265849],[412866,265784],[413016,265651],[413049,265676],[413172,265609],[413233,265609],[413301,265536],[413301,265479],[413243,265436],[413152,265403],[413106,265339],[413037,265282],[413045,265246],[413014,265194],[413031,265174],[413108,264883],[413021,264812],[412938,264768],[412884,264712],[412800,264670],[412760,264629],[412711,264613],[412612,264510],[412566,264549],[412517,264675],[412395,264797],[412172,264663],[412073,264643],[411931,264540],[411770,264341],[411660,264311],[411639,264236],[411672,264092],[411563,264007],[411549,263959],[411472,263888],[411484,263820],[411518,263757],[411722,263732],[411847,263692],[411923,263569],[412003,263558],[412134,263465],[412363,263411],[412482,263230],[412517,263137],[412616,263132],[412691,263003],[412813,262889],[412939,262872],[413029,262800],[413213,262715],[413344,262618],[413509,262448],[413625,262441],[413687,262404],[413724,262351],[414130,262000],[414150,261945],[414308,261711],[414344,261628],[414535,261388],[414666,261386],[414743,261345],[415380,261282],[415570,261183],[415724,261038],[415885,260945],[415905,260913],[416214,260912],[416379,260841],[416416,260762],[416410,260732],[416460,260697],[416506,260588],[416545,260594],[416793,260464],[416881,260323],[416866,260253],[416884,260187],[416856,260166],[416793,260170],[416790,260142],[416745,260105],[416735,260068],[416672,260043],[416685,260000],[416654,259961],[416666,259857],[416636,259823],[416657,259797],[416743,259770],[416755,259720],[417024,259673],[417055,259681],[417085,259732],[417279,259705],[417306,259725],[417431,259679],[417586,259561],[417627,259502],[417700,259468],[417763,259463],[417993,259326],[418229,259078],[418332,259065],[418318,259009],[418380,258977],[418404,258948],[418420,258786],[418602,258827],[418629,258819],[418859,258623],[419038,258527],[419147,258448],[419445,258166],[419599,258091],[419687,258013],[420483,258009],[420483,257483],[421188,257481],[421188,256985],[421550,257095],[421598,257142],[421709,257142],[421924,257040],[421990,256988],[421931,256887],[422072,256812],[422257,256967],[422314,256962],[422401,256906],[422456,257079],[422539,257107],[422569,257074],[422623,257138],[422720,257182],[422762,257278],[422882,257343],[423001,257377],[423286,257401],[423333,257392],[423380,257299],[423384,257210],[423400,257190],[423516,257224],[423561,257200],[423554,257159],[423482,257155],[423371,257089],[423424,256921],[423462,256887],[423443,256819],[423543,256712],[423633,256728],[423721,256705],[423735,256565],[423713,256536],[423785,256472],[423905,256201],[424111,256085],[424145,256094],[424178,256127],[424229,256125],[424298,256070],[424381,255965],[424345,255784],[424303,255695],[424251,255647],[424227,255585],[424111,255438],[424043,255305],[423963,255237],[423935,255147],[423962,255120],[424118,255097],[424161,254987],[424428,254560],[424596,254636],[424579,254240],[424624,254192],[424683,254167],[424692,254084],[424745,254079],[424785,253987],[424897,253874],[424946,253802],[425087,253815],[425095,253732],[425382,253787],[425398,253797],[425395,253833],[425454,253834],[425467,253787],[425662,253759],[425614,253639],[425772,253539],[425817,253456],[425870,253400],[425943,253467],[425988,253438],[426185,253078],[426219,253049],[426310,253054],[426549,253124],[426587,253145],[426604,253221],[426644,253268],[426798,253344],[426878,253360],[427010,253357],[427080,253422],[427101,253495],[427380,253506],[427397,253468],[427470,253476],[427470,253387],[427400,253303],[427372,253244],[427249,252686],[427270,252676],[427421,252695],[427673,252747],[427692,252360],[427246,252293],[427205,252267],[427212,252130],[427162,251674],[427089,251385],[427162,251345],[427237,251274],[427425,251159],[427579,251270],[427727,251283],[427806,251335],[427847,251324],[427895,251345],[427988,251346],[428131,251433],[428436,251423],[428460,251368],[428508,251338],[428480,251302],[428512,251245],[428498,251166],[428436,251091],[428497,251060],[428487,251008],[428443,251001],[428480,250959],[428453,250876],[428501,250771],[428468,250774],[428452,250723],[428518,250567],[428548,250592],[428653,250556],[428725,250557],[428732,250587],[428805,250595],[428856,250649],[428849,250688],[428867,250719],[428890,250721],[428942,250781],[429054,250848],[429113,250853],[429242,251005],[429683,251006],[429733,251073],[429771,251066],[429887,251103],[429916,251089],[429956,251030],[430023,250983],[430075,250917],[430110,250903],[430155,250780],[430347,250781],[430375,250795],[430486,250762],[430523,250726],[430548,250647],[430581,250608],[430632,250616],[430631,250578],[430648,250563],[430682,250603],[430728,250601],[430809,250628],[430877,250620],[430882,250596],[430915,250576],[430956,250460],[431010,250386],[431098,250369],[431113,250318],[431221,250233],[431277,250312],[431312,250322],[431362,250384],[431403,250402],[431450,250490],[431530,250534],[431585,250535],[431632,250507],[431661,250510],[431762,250418],[431848,250408],[431897,250430],[431919,250411],[431986,250402],[432006,250456],[432067,250441],[432264,250533],[432272,250580],[432300,250599],[432326,250675],[432332,250749],[432354,250775],[432383,250781],[432425,250751],[432588,250699],[432717,250797],[432726,250834],[432853,250840],[432851,250783],[432905,250736],[432989,250622],[432965,250598],[433134,249854],[433139,249717],[433163,249677],[433167,249627],[433197,249613],[433189,249554],[433222,249414],[433254,249390],[433349,249220],[433317,249147],[433346,249111],[433346,249086],[433323,249078],[433310,249028],[433269,249011],[433275,248958],[433253,248896],[433259,248881],[433291,248877],[433276,248794],[433320,248758],[433310,248690],[433370,248697],[433363,248649],[433564,248670],[433647,248647],[433720,248682],[433739,248665],[433797,248662],[433890,248681],[433931,248714],[434007,248714],[434018,248670],[434050,248683],[434095,248622],[434103,248580],[434124,248580],[434131,248550],[434177,248507],[434256,248493],[434296,248454],[434342,248469],[434359,248427],[434425,248425],[434456,248408],[434478,248356],[434521,248328],[434518,248262],[434568,248235],[434576,248203],[434618,248168],[434618,248114],[434661,248055],[434696,248060],[434705,248027],[434856,248034],[434954,248002],[435175,248072],[435324,248096],[435412,248177],[435578,248286],[435667,248495],[435737,248602],[435747,248596],[435896,248714],[435861,249186],[435869,249277],[435917,249364],[435933,249367],[435935,249425],[435929,249444],[435869,249449],[435840,249595],[435896,250156],[435978,250314],[436018,250306],[436065,250257],[436111,250313],[436194,250339],[436241,250320],[436342,250374],[436399,250369],[436485,250423],[436576,250403],[436673,250418],[436696,250398],[436731,250418],[436890,250403],[436922,250366],[436995,250334],[437040,250337],[437149,250300],[437197,250237],[437476,250197],[437530,250222],[437522,250198],[437669,250132],[437738,250119],[437842,250051],[437992,250013],[438032,250024],[438137,250008],[438071,249930],[438053,249724],[438085,249615],[438165,249562],[438221,249476],[438395,249412],[438451,249413],[438596,249508],[438754,249523],[438953,249672],[439009,249662],[439163,249702],[439379,249689],[439412,249814],[439346,249862],[439357,249941],[439216,249959],[439271,250094],[439292,250104],[439335,250195],[439197,250289],[439247,250382],[439365,250505],[439385,250498],[439424,250529],[439645,250626],[439852,250663],[439948,250700],[440004,250761],[440081,250794],[440155,250850],[440238,250972],[440321,251020],[440447,251210],[440641,251138],[440651,251124],[440632,251059],[440719,251004],[442554,251002],[442569,251056],[442641,251161],[442746,251262],[442752,251339],[442821,251451],[442939,251432],[442952,251490],[443009,251506],[443028,251494],[443089,251541],[443087,251562],[443126,251579],[443125,251602],[443190,251657],[443208,251651],[443298,251699],[443322,251740],[443391,251747],[443474,251880],[443724,251981],[443969,252044],[444062,252035],[444296,251928],[444564,251936],[444602,251915],[444622,251870],[444669,251847],[444795,251859],[444851,251846],[444866,251806],[444823,251727],[444863,251674],[444853,251544],[444885,251489],[444980,251438],[445029,251434],[445059,251415],[445095,251443],[445124,251422],[445203,251437],[445225,251413],[445270,251415],[445311,251405],[445323,251385],[445388,251379],[445444,251398],[445486,251451],[445527,251406],[445579,251414],[445609,251437],[445642,251414],[445665,251441],[445650,251943],[445675,252219],[445746,252395],[445779,252402],[445790,252444],[445826,252444],[445857,252420],[445853,252391],[445879,252384],[445875,252358],[445923,252325],[445902,252268],[445927,252250],[445924,252213],[446028,252156],[446012,252120],[446098,252003],[446208,251889],[446254,251809],[446327,251748],[446294,251652],[446316,251615],[446415,251552],[446411,251526],[446547,251430],[446526,251335],[446564,251326],[446585,251292],[446650,251265],[446629,251183],[446729,251053],[446727,250961],[446750,250952],[446770,250915],[446751,250871],[446770,250785],[446830,250748],[446894,250662],[446996,250612],[447004,250571],[447077,250540],[447090,250557],[447148,250554],[447146,250483],[447165,250438],[447150,250401],[447247,250359],[447197,250189],[447348,250162],[447387,250096],[447425,250070],[447412,250038],[447552,249933],[447402,249783],[447422,249696],[447650,249503],[447636,249447],[447749,249374],[447762,249345],[447864,249288],[447850,249244],[447863,249226],[448044,249120],[448061,248994],[448146,248981],[448161,248790],[448339,248725],[448312,248624],[448410,248581],[448459,248540],[448442,248493],[448603,248239],[448663,248104],[448803,247963],[449057,247601],[449239,247394],[449285,247387],[449297,247332],[449322,247319],[449397,247165],[449469,247062],[449510,246974],[449509,246942],[449596,246846],[449619,246810],[449619,246775],[449784,246630],[449889,246490],[450046,246400],[450425,246088],[450725,245900],[450829,245804],[450991,245559],[451253,245332],[451264,245314],[451192,245167],[451337,245112],[451348,245055],[451247,245030],[450912,244890],[450767,244807],[450473,244602],[450309,244615],[450117,244663],[449944,244632],[449898,244589],[449847,244576],[449802,244514],[449778,244552],[449675,244504],[448495,244488],[448494,244117],[448382,244123],[448360,244103],[448354,244072],[448321,244069],[448292,244027],[448262,244025],[448172,243950],[448071,243907],[447785,243922],[447743,243970],[447495,243986],[447179,243800],[446909,243716],[446920,243645],[446897,243615],[446642,243474],[446629,243413],[446606,243413],[446603,243401],[446607,243338],[446641,243315],[446647,243265],[446607,243244],[446592,243170],[446670,243085],[446718,243082],[446728,243062],[446706,243031],[446709,242994],[446679,242976],[446649,242894],[446658,242817],[446705,242752],[446698,242714],[446728,242704],[446753,242662],[446817,242608],[446880,242622],[446922,242582],[446990,242571],[447098,242607],[447172,242608],[447431,242569],[447731,242623],[447887,242621],[448110,242645],[448099,242449],[448241,242420],[448234,242298],[448199,242297],[448181,242162],[448151,242155],[448145,242117],[447942,242096],[447937,241938],[447804,241896],[447810,241862],[447829,241860],[447834,241737],[447701,241742],[447609,241568],[447613,241551],[447722,241539],[447819,241494],[448048,241453],[448073,241438],[448068,241400],[448032,241256],[448001,241249],[447997,241085],[447953,241040],[447934,240954],[447837,240884],[447550,240881],[447566,240778],[447506,240647],[447465,240484],[447559,240251],[447548,240215],[447585,240137],[447414,239856],[447213,239451],[447229,239404],[447323,239348],[447446,239177],[447511,239132],[447517,239077],[447596,238980],[447637,238993],[447683,238942],[447954,238894],[447962,238879],[447944,238844],[448043,238790],[448093,238785],[448098,238765],[448076,238730],[448115,238680],[448072,238661],[448105,238591],[448156,238548],[448201,238565],[448234,238509],[448274,238492],[448301,238392],[448347,238364],[448364,238212],[448391,238210],[448451,238243],[448464,238236],[448447,238184],[448511,238154],[448509,238133],[448469,238118],[448460,238095],[448532,238038],[448486,237961],[448525,237916],[448494,237887],[448500,237847],[448459,237833],[448466,237802],[448454,237785],[448430,237785],[448417,237808],[448391,237775],[448379,237683],[448478,237601],[448575,237437],[448610,237416],[448606,237334],[448664,237334],[448660,237276],[448687,237185],[448613,237120],[448646,237058],[448619,237045],[448599,237079],[448585,237074],[448522,236940],[448461,236949],[448450,236925],[448533,236788],[448642,236820],[448668,236795],[448726,236812],[448791,236804],[448917,236764],[449029,236750],[449124,236707],[449127,236683],[449076,236616],[449102,236592],[449222,236554],[449240,236525],[449212,236478],[449213,236422],[449192,236396],[449245,236358],[449251,236321],[449188,236293],[449226,236273],[449214,236199],[449261,236166],[449194,236144],[449200,236077],[449238,236031],[449278,236064],[449301,236058],[449310,236038],[449296,235976],[449374,235934],[449316,235909],[449309,235885],[449422,235824],[449438,235781],[449395,235734],[449515,235637],[449510,235618],[449624,235475],[449587,235448],[449601,235400],[449657,235315],[449683,234971],[449652,234598],[449686,234534],[449719,234341],[449693,234317],[449684,234278],[449623,234256],[449588,234176],[449542,234175],[449498,234116],[449485,233935],[449466,233905],[449480,233844],[449414,233777],[449351,233809],[449296,233707],[449151,233641],[449070,233637],[448927,233701],[448629,233788],[448463,233903],[448396,233906],[448151,233842],[448012,233735],[447995,233693],[447992,233404],[447740,233406],[447573,233349],[447273,233353],[447240,233319],[447219,233355],[447167,233356],[447151,233329],[447128,233364],[447099,233344],[447092,233391],[447046,233421],[447028,233407],[446992,233426],[446968,233393],[446916,233462],[446925,233496],[446878,233487],[446857,233510],[446866,233531],[446849,233556],[446830,233518],[446680,233483],[446563,233485],[446467,233510],[446215,233382],[446201,233357],[446230,233341],[446205,233316],[446219,233283],[446195,233268],[446174,233278],[446122,233242],[446116,233223],[446138,233204],[446123,233148],[446081,233171],[446063,233115],[446022,233116],[446007,233089],[445974,233107],[445934,233081],[445954,233057],[445916,233023],[445866,233064],[445862,233007],[445826,233031],[445803,232991],[445795,233018],[445757,233011],[445725,233028],[445723,233002],[445684,232976],[445620,232964],[445581,232890],[445535,232865],[445479,232782],[445416,232729],[445410,232625],[445471,232502],[445207,232465],[444285,232386],[444049,232337],[444048,231724],[444177,231739],[444245,231417],[444168,231143],[444026,231228],[443915,231176],[443895,231317],[443909,231345],[443846,231782],[443842,231987],[443731,231990],[443659,231974],[443677,231726],[443529,231698],[443318,231622],[443139,231598],[442746,231597],[442507,231536],[442341,231520],[442107,231434],[441748,231361],[441539,231292],[441329,231343],[441327,231366],[441223,231417],[441146,231413],[441112,231391],[441013,231256],[440836,231192],[440862,230944],[440846,230884],[440819,230862],[440699,230848],[440635,230622],[440580,230715],[440588,231007],[440442,231274],[440298,231321],[440093,231504],[439877,231615],[439740,231744],[439618,231740],[439277,231661],[439054,231479],[439041,231485],[438798,231871],[438744,232031],[438690,232316],[438538,232086],[438468,232006],[438328,231927],[438263,231913],[438212,231859],[438112,231843],[438098,231853],[438076,231827],[438034,231834],[438007,231797],[437994,231808],[437982,231789],[437991,231766],[437842,231667],[437663,231447],[437596,231391],[437560,231382],[437471,231396],[437417,231377],[437328,231411],[437108,231584],[436672,231725],[436535,231818],[436363,231871],[436159,231836],[435932,231820],[435906,231791],[435803,231570],[435706,231434],[435633,231347],[435539,231273],[435388,231190],[434765,230977],[434637,231094],[434370,231556],[434336,231567],[434338,231806],[434310,231837],[434204,231918],[433916,231977],[433639,232091],[433402,232266],[433190,232457],[432952,232838],[432850,233248],[432782,233002],[432692,232821],[432591,232782],[432530,232712],[432515,232605],[432275,231947],[431342,231540],[430991,231462],[430758,231338],[430064,231030],[429775,230975],[429361,230811],[429210,230750],[428887,230579],[428679,230434],[428489,230267],[428050,229769],[427944,229684],[427775,229622],[427713,229574],[427194,229107],[426868,228789],[426765,228677],[426288,227973],[426113,227805],[425984,227719],[426229,227236],[426366,227023],[426418,226857],[426546,226663],[426432,226618],[426374,226612],[426230,226633],[426039,226484],[425662,226151],[425613,226097],[425539,225964],[425427,225876],[425276,225692],[425261,225705],[425227,225666],[425116,225492],[424998,225412],[424849,225236],[424658,225109],[424474,224928],[424451,224955],[424458,225026],[424408,225035],[424421,225086],[424389,225089],[424373,225122],[424109,225007],[423799,224905],[423765,224921],[423631,224835],[423605,224847],[423242,224650],[423115,224524],[422675,224194],[422373,223918],[422216,223851],[422129,223787],[421874,223648],[421785,223580],[421651,223674],[421583,223548],[421435,223439],[421306,223384],[421237,223330],[421082,223366],[421077,223421],[420939,223486],[420847,223508],[420859,223584],[420743,223614],[420541,223580],[420478,223584],[420390,223546],[420336,223498],[418657,223499],[418414,223243],[417926,222453],[417775,222282],[417553,222073],[417404,222180],[417360,222232],[417268,222240],[417241,222197],[417193,222172],[417141,222222],[417101,222177],[417081,222119],[416456,221473],[416080,221020],[416047,221002],[415009,220994],[414998,221216],[414625,221266],[414457,221316],[414272,221430],[413919,221732],[413739,221801],[413595,221832],[413274,221857],[413131,221887],[413094,221808],[413027,221736],[412983,221615],[412962,221508],[412972,221389],[412960,221366],[413059,221223],[413141,221038],[413167,220818],[413157,220744],[413105,220645],[413047,220572],[412996,220557],[412912,220379],[412828,220309],[412773,220344],[412707,220274],[412509,220194],[412542,220123],[412432,220113],[412439,219884],[412146,220049],[412081,219595],[412019,219350],[411865,219126],[411839,219109],[411776,218970],[411755,218882],[411702,218860],[411678,218770],[411652,218745],[411552,218788],[411515,218848],[411497,218844],[411406,218804],[411341,218749],[411218,218684],[410376,218402],[410363,218400],[410363,218505],[410336,218642],[410326,218670],[410303,218665],[410285,218708],[410179,219046],[410129,219034],[410117,219050],[410101,219046],[410085,219094],[409933,219085],[409913,219103],[409761,219148],[409761,219200],[409743,219217],[409734,219288],[409648,219507],[409599,219700],[409522,219828],[409433,220071],[409435,220156],[409499,220360],[409466,220399],[409442,220613],[409384,220721],[409391,220837],[409378,220890],[409325,220931],[409119,220980],[409050,221021],[408971,221194],[408874,221304],[408766,221276],[408664,221282],[408347,221367],[408158,221447],[408121,221494],[408116,221541],[408197,221766],[407699,221757],[407252,221772],[407294,221654],[407206,221410],[407187,221410],[407177,221390],[407131,221394],[407096,221283],[407026,221189],[406959,221193],[406857,220939],[406785,220982],[406754,220962],[406574,221057],[406523,221047],[406477,221012],[406282,221020],[406147,221005],[405965,221159],[405787,221406],[405562,221631],[405480,221752],[405242,221917],[405103,221988],[405073,222069],[405069,222169],[405535,222378],[405621,222452],[405735,222608],[405699,222875],[405645,223006],[405562,223136],[405594,223185],[405461,223415],[405428,223664],[405437,224082],[405419,224535],[405335,224652],[405251,224728],[405145,224769],[405088,224771],[404797,224724],[404710,224741],[404614,224792],[404528,224657],[404471,224610],[404483,224527],[404464,224341],[404472,224189],[404678,223974],[404590,223845],[404539,223738],[404504,223716],[404478,223625],[404399,223505],[401144,223506],[401022,223590],[400502,224054],[400451,223897],[400349,223706],[400222,223193],[400061,222840],[400000,222844],[399764,222949],[399578,223010],[399429,223028],[399400,222836],[399400,222727],[399329,222466],[399226,222218],[399224,222090],[399274,221888],[399277,221819],[399231,221581],[399190,221417],[398944,220775],[398944,220738],[399009,220626],[399062,220648],[399018,220533],[399038,220436],[399010,220312],[398970,220227],[398910,220127],[398858,220093],[398812,220000],[399798,219993],[399989,219759],[399990,218515],[399165,218470],[399145,218367],[399041,218372],[398940,218230],[398812,218241],[398745,218284],[398644,218320],[398436,218308],[398350,218322],[397983,218059],[398029,217767],[397972,217656],[397877,217583],[397843,217533],[397795,217402],[397792,217339],[397818,217207],[397919,216994],[397922,216942],[397893,216894],[397907,216827],[398133,216757],[398259,216694],[398318,216643],[398202,216511],[398067,216526],[398016,216448],[397999,216390],[398027,216167],[398090,216046],[398125,216003],[398179,215982],[398252,215841],[398282,215744],[398453,215734],[398458,215608],[398503,215559],[398385,215441],[398302,215299],[398321,215187],[398362,215107],[398377,214739],[398392,214666],[398481,214533],[398512,214428],[398483,214337],[398339,214134],[398292,214026],[398271,213746],[398811,212690],[398554,212375],[398562,212264],[398379,211993],[398374,211744],[398356,211659],[398399,211587],[398420,211502],[398420,211403],[398359,211269],[398352,211047],[398463,210897],[398441,210832],[398281,210720],[398264,210683],[398293,210603],[398378,210484],[398471,210429],[398498,210291],[398548,210185],[398591,210130],[398529,209961],[398573,209775],[398793,209795],[398839,209578],[398970,209589],[398972,209534],[398928,209317],[399068,209323],[399060,209236],[399094,209218],[399134,209280],[399270,209263],[399243,208935],[399167,208774],[399089,208700],[399300,208602],[399606,208297],[399711,208273],[399805,208273],[399926,208136],[400105,207995],[400135,207937],[400140,207878],[400057,207703],[400099,207609],[400195,207531],[400204,207472],[400166,207373],[400164,207323],[400038,207318],[400027,207298],[399898,207299],[399876,207358],[399759,207333],[399846,207058],[399737,206951],[399638,206809],[399432,206664],[399398,206674],[399216,206574],[399045,206515],[399020,206530],[398914,206417],[398921,206401],[398824,206244],[398757,206084],[398639,205961],[398733,205801],[398911,205720],[398915,205702],[399014,205624],[399024,205590],[399011,205463],[398874,205331],[398884,205315],[398828,205242],[398656,205261],[398275,205340],[398152,205384],[398000,205472],[397996,204997],[397120,204994],[397102,204963],[397112,204929],[397367,204666],[397470,204586],[397516,204569],[397097,204385],[396715,204170],[396425,204078],[396267,203984],[396241,203899],[396267,203736],[396375,203383],[396396,203262],[396378,202956],[396360,202832],[396335,202794],[396348,202723],[396323,202564],[396350,202312],[396349,202075],[396408,201990],[396411,201932],[396559,201907],[397046,201891],[397270,201842],[397661,201789],[398314,201892],[398404,201862],[398545,201756],[398605,201754],[398789,201800],[398918,201784],[398937,201747],[398953,201482],[399076,201480],[399083,201448],[399301,201390],[399662,201381],[399687,201351],[399660,201294],[399756,201224],[399782,201231],[399877,201357],[400010,201328],[400104,201437],[400160,200983],[400102,200779],[400063,200724],[400000,200681],[399783,200025],[399796,200013],[399859,200059],[400091,200277],[400218,200146],[400295,200043],[400421,199945],[400442,199902],[400542,199894],[400724,199809],[400712,199713],[400817,199627],[400870,199459],[400846,199407],[400971,199187],[401006,199091],[401058,198899],[401111,198497],[401005,198460],[401000,197077],[400952,197034],[400972,197013],[400959,196986],[400909,197003],[400897,196994],[400943,196930],[400934,196880],[400895,196845],[400926,196822],[400890,196764],[400919,196705],[400831,196667],[400501,196595],[400460,196396],[400421,196322],[400356,196393],[399659,196380],[399631,196343],[399620,196196],[399509,196050],[399414,195997],[397184,195998],[396920,196284],[396903,196314],[396905,196353],[396829,196426],[396831,196461],[396402,196769],[396326,196939],[396244,197013],[396141,197062],[395680,196488],[394518,194972],[393829,195223],[393800,195060],[393429,195229],[392923,195323],[392784,195440],[392343,195512],[392343,195578],[392196,195653],[391878,195403],[391799,195431],[391658,195189],[391374,195375],[391374,195394],[391253,195500],[391131,195675],[391085,195705],[390878,195735],[390735,195706],[390438,195602],[390412,195635],[390375,195634],[390009,195575],[389942,195600],[389944,195626],[389928,195635],[389717,195738],[389473,195700],[389363,195704],[389133,195812],[388789,196041],[388405,196211],[388373,196205],[388289,196283],[388186,196274],[388132,196333],[388020,196254],[387877,196111],[387463,195882],[387492,195649],[387492,195231],[387641,194973],[387653,194910],[387632,194758],[387595,194674],[387560,194666],[387513,194462],[387653,194430],[387650,194316],[387673,194310],[387672,194142],[387645,194136],[387640,193949],[387617,193938],[387621,193869],[387555,193857],[387555,193596],[387508,193573],[387476,193463],[387388,193289],[387367,193203],[387177,193191],[387195,193067],[387169,193048],[387082,193011],[385353,193010],[384076,192973],[383124,192983],[382700,192979],[382682,192966],[382439,192467],[382449,192434],[382924,192193],[383462,192037],[384082,191785],[384194,191722],[384419,191682],[384502,191630],[384540,191629],[384607,191540],[384701,191496],[384652,191441],[384576,191295],[384573,191185],[384598,191075],[384581,190966],[384449,190774],[384415,190680],[384448,190260],[384284,190086],[384144,190024],[384012,189912],[383802,189848],[383804,189770],[383756,189669],[383688,189572],[383666,189455],[383695,189267],[383644,189195],[383646,189107],[383676,189053],[383610,188576],[383690,188323],[383335,188136],[383378,187880],[383357,187869],[383283,187708],[383143,187218],[383115,187210],[383109,186976],[382905,187026],[382730,187040],[382687,187193],[382639,187174],[382572,187181],[382284,187133],[381750,187149],[381642,187131],[381589,187099],[381563,187114],[381462,187015],[381419,187023],[381330,186819],[381291,186647],[381200,186550],[381113,186240],[381012,186217],[380984,186087],[380970,185969],[381306,185989],[381492,185975],[381634,185901],[381829,185849],[382019,185738],[382042,185709],[381777,185494],[381743,185409],[381756,185360],[381722,185330],[381633,185167],[381611,185118],[381630,185065],[381593,184983],[381548,184929],[381558,184806],[381521,184597],[381624,184477],[381533,184392],[381481,184112],[381506,183979],[381576,183878],[381576,183844],[381557,183818],[381571,183757],[381556,183734],[381588,183640],[381580,183600],[381526,183544],[381483,183445],[381805,182954],[381855,182915],[381942,182886],[381955,182802],[381897,182520],[381844,182378],[381729,182100],[381618,181934],[381678,181843],[381778,181832],[381826,181769],[381820,181739],[381948,181738],[382028,181698],[382020,181485],[382057,181478],[382040,181366],[382058,181295],[382132,181197],[382154,181141],[382231,181080],[382348,181107],[382397,181093],[382508,181113],[382594,181048],[382580,180928],[382529,180897],[382477,180819],[382416,180781],[382416,180594],[382337,180453],[382340,180390],[381780,180067],[380000,179445],[379901,179433],[379777,179389],[379630,179334],[379610,179304],[379410,179209],[379548,179009],[379517,178945],[379540,178913],[379484,178823],[379538,178688],[379494,178638],[379318,178528],[378994,178409],[378997,176388],[379051,176396],[379131,176440],[379204,176515],[379332,176537],[379423,176578],[379589,176580],[379711,176490],[379752,176505],[379790,176489],[379822,176526],[379865,176532],[379877,176502],[379930,176456],[379921,176426],[379884,176433],[379921,176328],[379942,176160],[379978,175643],[379997,175571],[380043,175493],[379961,175413],[379885,175247],[379861,175129],[379854,174923],[379831,174908],[379734,174499],[379732,174431],[379761,174311],[379687,174290],[379642,174242],[379633,173907],[379578,173511],[379591,173505],[379550,173337],[379727,173247],[380012,173224],[380102,173144],[380177,173151],[380267,173242],[380281,173237],[380105,172915],[380090,172859],[380018,171930],[379835,171004],[379807,170927],[379616,170019],[379490,170031],[379336,170016],[379133,169742],[379140,169688],[378989,169607],[378696,169551],[378544,169372],[378352,169305],[378307,169342],[378271,169415],[378273,169563],[378310,169663],[378301,169707],[378315,169776],[378249,169870],[378250,169908],[378279,169953],[378259,170043],[378186,170103],[378010,170181],[377967,170259],[377857,170362],[377695,170471],[377609,170632],[377554,170687],[377483,170930],[377199,170948],[377042,171006],[376733,170975],[376625,171032],[376497,171067],[376340,171185],[376139,171233],[375776,171186],[375565,171193],[375545,171165],[375541,171039],[375499,170979],[375435,170971],[375320,170870],[375216,170818],[375111,170829],[375043,170862],[374972,170916],[374954,170971],[374804,170950],[374769,170974],[374565,170936],[374451,170839],[374315,170787],[374164,170668],[373991,170600],[373868,170481],[373652,170621],[373536,170535],[373392,170460],[373365,170460],[373297,170404],[373245,170390],[372533,170404],[372487,170319],[372338,170390],[372088,170360],[372073,170252],[371999,170134],[371904,170040],[371553,169775],[371474,169747],[371373,169736],[371259,169785],[371186,169766],[370823,169572],[370640,169510],[370300,169562],[370163,169545],[369992,169471],[369637,169434],[369468,169366],[369389,169360],[369315,169386],[369292,168797],[369270,168804],[369202,168903],[369102,168928],[369053,168862],[368775,168784],[368646,168812],[368485,168903],[368405,168919],[368309,168878],[368244,168755],[368201,168727],[368025,168718],[367801,168788],[367715,168742],[367565,168708],[367481,168639],[367441,168633],[367360,168707],[367243,168768],[367145,168892],[367027,168888],[366951,168937],[366838,169080],[366715,169182],[366670,169256],[366617,169269],[366484,169241],[366372,169163],[366316,169170],[366264,169153],[366211,169094],[366102,168920],[366010,168833],[365859,168872],[365813,168913],[365839,169032],[365828,169265],[365987,169555],[366112,169720],[366123,169820],[366100,169883],[366023,169962],[365924,170108],[365764,170158],[365725,170151],[365606,170078],[365535,170072],[365486,170094],[365425,170071],[365151,169898],[365069,169796],[364935,169747],[364811,169641],[364762,169638],[364745,169675],[364775,169838],[364769,169959],[364753,170021],[364717,170065],[364566,170141],[364354,170214],[364107,170339],[363836,170415],[363689,170529],[363573,170696],[363505,170812],[363441,170974],[363468,171239],[363466,171473],[363495,171640],[363478,171801],[363517,171824],[363612,171822],[363717,171878],[363756,171921],[363899,171971],[364037,172057],[364127,172029],[364157,172050],[364566,171882],[364669,171998],[364698,172078],[364719,172087],[364897,171946],[364949,171993],[364970,172043],[364936,172226],[364972,172257],[364904,172271],[364903,172316],[364856,172331],[364888,172442],[364945,172456],[364946,172492],[364914,172501],[364948,172600],[365002,172586],[364998,172541],[365208,172546],[365221,172562],[365204,172595],[365248,172612],[365287,172716],[365288,172775],[365384,172797],[365404,172815],[365434,172770],[365454,172769],[365470,172774],[365473,172807],[365510,172824],[365518,172783],[365587,172789],[365595,172855],[365659,172857],[365659,172811],[365692,172855],[365703,172808],[365723,172815],[365720,172870],[365740,172869],[365760,172832],[365837,172859],[365826,172918],[365893,172954],[365928,172918],[366016,172998],[366013,173030],[366039,173043],[366048,173007],[366121,173019],[366184,173003],[366216,173137],[366288,173241],[366401,173322],[366472,173363],[366484,173354],[366504,173369],[366503,173388],[366618,173480],[366790,173531],[366792,173574],[366758,173579],[366759,173629],[366740,173639],[366761,173726],[366704,173974],[366679,174003],[366531,174006],[366487,174023],[366357,174204],[366334,174268],[366300,174527],[366190,174644],[366201,174708],[366181,174747],[366210,174793],[366180,174822],[366197,174833],[366195,174920],[366167,175020],[366144,175030],[366121,175188],[366216,175216],[366233,175285],[366341,175302],[366473,175251],[366533,175256],[366582,175276],[366636,175324],[366741,175352],[366809,175399],[366868,175381],[367013,175390],[367094,175496],[367249,175621],[367297,175714],[367411,175669],[367447,175767],[367498,175820],[367535,175928],[367609,175956],[367830,175791],[367934,175778],[367943,175737],[367904,175697],[367934,175614],[368021,175648],[368119,175656],[368291,175610],[368341,175570],[368579,175606],[368610,175608],[368637,175589],[368646,175643],[368719,175661],[368718,175735],[368854,175791],[369009,175776],[369259,175804],[369765,175802],[370020,175753],[370045,175665],[370124,175670],[370158,175638],[370226,175654],[370215,175766],[370623,175785],[370900,175778],[371001,175765],[371030,175694],[371132,175670],[371173,175639],[371207,175674],[371210,175756],[371261,175795],[371241,175853],[371268,175900],[371282,176000],[371123,176205],[371109,176261],[370885,176455],[370781,176686],[370742,176730],[370734,176919],[370788,177019],[370843,177038],[370971,177018],[370963,177271],[370704,177265],[370683,177445],[370619,177458],[370609,177473],[370623,177750],[370597,177802],[370554,177820],[370419,177972],[370394,178035],[370394,178134],[370379,178112],[370284,178123],[370285,178192],[370322,178286],[370078,178291],[370011,178262],[369904,178271],[369758,178250],[369752,178217],[369727,178200],[369491,178262],[369465,178290],[369449,178349],[369301,178370],[369247,178332],[369137,178177],[369117,178177],[369042,178230],[369129,178404],[369123,178418],[369018,178471],[368902,178573],[368810,178622],[368733,178689],[368668,178717],[368614,178791],[368433,178871],[368276,178871],[368252,178776],[368245,178649],[368146,178482],[368112,178491],[368076,178476],[368023,178676],[367954,178603],[367934,178603],[367916,178646],[367750,178626],[367696,178583],[367749,178512],[367757,178437],[367681,178334],[367637,178310],[367515,178322],[367476,178372],[367462,178467],[367280,178530],[367123,178396],[366965,178342],[366899,178267],[366900,178289],[366880,178298],[366880,178361],[366905,178424],[366841,178454],[366845,178315],[366805,178304],[366838,178254],[366835,178208],[366775,178019],[366616,178004],[366541,177943],[366584,177804],[366588,177760],[366571,177745],[366514,177753],[366368,177818],[366282,177919],[366223,177964],[365945,178028],[365807,178158],[365780,178130],[365815,178077],[365729,178008],[365598,178096],[365562,178137],[365536,178206],[365545,178242],[365599,178311],[365693,178366],[365720,178414],[365768,178444],[365728,178526],[365728,178737],[365775,178811],[365868,178869],[365911,178937],[365885,179122],[365833,179303],[365840,179320],[365878,179324],[365903,179390],[365875,179423],[365810,179417],[365747,179477],[365840,179566],[365784,179563],[365743,179585],[365685,179687],[365678,179720],[365704,179835],[365642,179988],[365684,180025],[365766,180053],[365783,180105],[365815,180130],[365906,180166],[365923,180246],[365982,180283],[365998,180349],[366033,180363],[366053,180392],[366121,180601],[366187,180658],[366306,180804],[366324,180903],[366235,180949],[366200,181030],[366161,181050],[366049,181065],[366027,181119],[366034,181162],[366073,181172],[366111,181251],[366154,181264],[366164,181305],[366239,181319],[366154,181431],[365896,181657],[365891,181677],[365940,181732],[365902,181766],[365865,181763],[365849,181778],[365880,181816],[365766,181853],[365713,181838],[365677,181845],[365470,182003],[365207,182143],[364776,182422],[364731,182415],[364586,182336],[364274,182127],[364061,181902],[364050,181800],[364026,181766],[363990,181765],[363965,181815],[363920,181835],[363786,181800],[363740,181821],[363742,181965],[363859,182193],[364053,182406],[364154,182572],[364172,182914],[364170,183430],[364058,183549],[363995,183563],[363952,183613],[363571,183655],[363556,183710],[363646,183858],[363850,184039],[363884,184044],[364243,184258],[364295,184253],[364388,184410],[364421,184428],[364517,184557],[364524,184612],[364490,184821],[364154,184821],[364201,185177],[364187,185193],[364225,185285],[364217,185312],[363985,185260],[363738,185269],[363478,185349],[363321,185421],[363423,185673],[363277,185831],[363161,186034],[363048,186187],[362812,186429],[362723,186491],[362762,186580],[362601,186619],[362591,186675],[362461,186701],[362028,186968],[361912,187086],[361792,187243],[361663,187278],[361597,187380],[361538,187411],[361516,187540],[361525,187570],[361564,187597],[361459,187824],[361330,188266],[361130,188195],[361186,187993],[360875,187928],[360772,187934],[360650,187908],[360150,187913],[360092,188013],[359897,187850],[359831,187763],[359688,187665],[359582,187542],[359373,187419],[359247,187393],[359082,187428],[359051,187412],[358959,187467],[358892,187432],[358646,187864],[358501,188039],[358373,188237],[358324,188254],[358211,188235],[358131,188261],[358082,188243],[358024,188252],[358000,188225],[357988,188169],[358010,188103],[357979,188079],[357951,188011],[357915,187971],[357807,187941],[357794,187917],[357760,187777],[357783,187704],[357776,187641],[357696,187615],[357713,187491],[357786,187467],[357791,187440],[357521,187282],[357492,187330],[357370,187422],[357321,187479],[357300,187559],[357316,187680],[357293,187727],[357091,187749],[357071,187731],[357024,187567],[356981,187535],[356913,187530],[356875,187543],[356785,187671],[356720,187815],[356671,187837],[356614,187833],[356576,187804],[356559,187756],[356575,187611],[356442,187496],[356190,187482],[356030,187515],[355994,187593],[355988,187671],[356021,187772],[356110,187873],[356117,187925],[356075,187978],[356183,188034],[356187,188049],[356158,188075],[356123,188078],[356088,188095],[355992,188219],[356009,188276],[355770,188010],[355574,187731],[355575,187963],[355562,188033],[355533,188081],[355416,188117],[355156,188121],[355136,188230],[355020,188384],[354475,188844],[354645,189343],[354884,189092],[355002,189170],[355012,189175],[355020,189179],[355051,189188],[355131,189214],[355175,189229],[355205,189242],[355245,189261],[355262,189270],[355305,189297],[355361,189341],[355374,189353],[355392,189370],[355429,189421],[355446,189447],[355451,189455],[355464,189474],[355470,189483],[355700,189896],[355714,189924],[355734,189959],[355771,190031],[355777,190040],[355786,190052],[355857,190143],[355903,190235],[355944,190420],[355946,190436],[355945,190494],[355918,190623],[355907,190656],[355896,190694],[355822,190820],[355752,190898],[355554,191025],[355536,191045],[355507,191076],[355395,191265],[355356,191402],[355348,191630],[355368,191772],[355373,191795],[355379,191821],[355392,191868],[355401,191887],[355412,191912],[355484,192084],[355497,192114],[355505,192133],[355661,192427],[355671,192444],[355704,192496],[355732,192535],[355754,192562],[355767,192581],[355814,192637],[355823,192646],[355844,192666],[355971,192808],[355990,192831],[356012,192859],[356127,193016],[356133,193024],[356139,193033],[356165,193079],[356187,193114],[356220,193172],[356247,193217],[356303,193314],[356342,193378],[356349,193393],[356361,193410],[356391,193459],[356803,194256],[356813,194278],[356826,194308],[356964,194570],[356978,194597],[356985,194607],[357018,194662],[357029,194682],[357047,194716],[357054,194728],[357060,194736],[357073,194754],[357098,194795],[357137,194858],[357149,194878],[357171,194918],[357423,195411],[357600,195571],[357790,195666],[357804,195666],[357836,195666],[358005,195692],[358248,195765],[358797,195881],[359208,195918],[359516,195913],[359168,196273],[359040,196401],[358994,196448],[358912,196533],[358903,196540],[358888,196551],[358759,196686],[358712,196733],[358689,196755],[358654,196787],[358638,196801],[358589,196848],[358162,197282],[358148,197337],[358260,197448],[358272,197486],[358030,197806],[357960,197917],[357896,198073],[357719,198203],[357677,198313],[357407,198472],[357406,198515],[357181,198524],[357132,198431],[357052,198484],[357005,198534],[356961,198623],[356882,198683],[356958,198791],[356967,198829],[356895,198870],[356762,199046],[356633,199064],[356592,199111],[356500,199159],[356560,199342],[356546,199393],[356450,199445],[356448,199794],[356568,199911],[356584,200000],[356609,200040],[356605,200083],[356657,200155],[356674,200226],[356353,200419],[356151,200475],[356309,200608],[356393,200699],[356404,200741],[355491,201041],[355218,201405],[355102,201361],[354973,201412],[354817,201332],[354287,200916],[354252,200879],[354209,200760],[354122,200613],[354083,200603],[353995,200545],[353857,200593],[353896,201001],[353876,201096],[353808,201235],[353636,201476],[353468,201629],[353293,201749],[353188,201856],[353142,201939],[353111,202237],[353010,202726],[353019,202830],[353100,203046],[353093,203096],[352999,203214],[352838,203348],[352697,203497],[352647,203580],[352613,203677],[352624,203809],[352660,203869],[352721,203918],[353458,204210],[353556,204274],[353672,204399],[353705,204475],[353722,204776],[353746,204902],[353862,205093],[353940,205359],[354134,205679],[354352,206314],[354334,206453],[354185,206623],[353897,206837],[353710,206921],[353581,207063],[353458,207323],[353425,207476],[353270,207710],[353194,207854],[353137,208001],[353129,208096],[353144,208197],[353183,208304],[353346,208495],[353500,208812],[353515,208987],[353444,209229],[353450,209285],[353485,209389],[353579,209539],[353653,209735],[353635,209808],[353550,209945],[353481,210158],[353536,210245],[353536,210281],[353580,210373],[353557,210402],[353593,210476],[353620,210482],[353654,210662],[353772,210942],[353650,211097],[353554,211174],[353433,211327],[353370,211477],[353376,211609],[353316,211743],[353312,211815],[353407,211966],[353447,212063],[353494,212106],[353511,212209],[353662,212294],[353696,212420],[353724,212458],[353975,212488],[354065,212536],[354289,212616],[354445,212597],[354553,212622],[354625,212662],[354669,212747],[354680,212965],[354629,213122],[354607,213265],[354540,213410],[354532,213478],[354620,213540],[354680,213668],[354554,213996],[355274,214154],[355307,214197],[355313,214234],[355279,214377],[355142,214357],[354985,214376],[354896,214411],[354799,214482],[354764,214542],[354753,214659],[354784,214900],[354777,215012],[354768,215052],[354709,215144],[354588,215228],[354413,215306],[354175,215447],[353816,215522],[353560,215537],[353467,215528],[353457,215571],[353354,215604],[353261,215663],[353065,215695],[353049,215710],[353046,215763],[352846,215613],[352774,215535],[352340,215557],[352321,215695],[352276,215803],[352265,215903],[352214,216025],[352165,216213],[352093,216354],[352071,216458],[352049,216481],[351980,216441],[351899,216349],[351881,216347],[351798,216376],[351718,216443],[351629,216463],[351520,216581],[351409,216381],[351382,216289],[351389,216028],[351408,215945],[351386,215900],[351368,215888],[351285,215902],[351176,215860],[351000,215906],[350928,215972],[350840,216102],[350764,216246],[350711,216312],[350641,216460],[350626,216676],[350665,216765],[350657,216851],[350639,216889],[350531,216944],[350499,216926],[350093,216383],[349967,215976],[349811,215988],[349766,216057],[349726,216060],[349690,216113],[349622,216020],[349594,215874],[349560,215962],[349454,215890],[349360,215928],[349213,216037],[349102,216094],[349074,216185],[349022,216252],[348945,216170],[348900,216181],[348881,216200],[348865,216310],[348829,216349],[348751,216393],[348661,216497],[348379,216529],[348293,216605],[348215,216597],[348112,216644],[347974,216639],[347951,216673],[347907,216829],[347911,217015],[347882,217078],[347697,217332],[347666,217474],[347600,217487],[347570,217514],[347566,217629],[347525,217711],[347510,217734],[347431,217768],[347438,217905],[347423,217977],[347318,218083],[347263,218230],[347160,218284],[347122,218344],[347116,218431],[347084,218484],[346922,218468],[346856,218496],[346652,218636],[346517,218789],[346448,218972],[346521,219018],[346545,219051],[346469,219130],[346453,219192],[346460,219223],[346546,219278],[346621,219384],[346626,219416],[346582,219567],[346614,219706],[346643,219740],[346724,219761],[346797,219826],[346849,219983],[346901,220080],[347037,220239],[347039,220297],[347081,220398],[347125,220393],[347197,220453],[347209,220472],[347196,220508],[347124,220502],[347035,220562],[347008,220590],[347001,220627],[346934,220664],[346928,220707],[346878,220736],[346863,220803],[346727,220821],[346709,220854],[346543,220863],[346286,220921],[346098,220914],[346040,220966],[345914,220981],[345708,221101],[345567,221229],[345527,221304],[345473,221357],[345400,221381],[345286,221383],[345215,221415],[345094,221623],[345051,221626],[344984,221595],[344962,221606],[344871,221733],[344894,221884],[344877,221962],[344690,222172],[344645,222199],[344412,222274],[344200,222401],[344099,222433],[343963,222573],[343900,222790],[343903,222927],[343818,223124],[343793,223138],[343700,223128],[343655,223235],[343606,223289],[343554,223300],[343296,223255],[343150,223285],[343083,223270],[343011,223284],[342813,223282],[342763,223301],[342698,223386],[342583,223386],[342553,223404],[342544,223452],[342572,223512],[342518,223635],[342577,223765],[342566,223798],[342508,223859],[342511,223914],[342485,224042],[342509,224247],[342480,224288],[342306,224353],[342275,224531],[342212,224664],[342183,224690],[342128,224698],[342026,224620],[341983,224432],[341959,224403],[341880,224452],[341882,224544],[341807,224600],[341760,224581],[341723,224479],[341499,224503],[341400,224484],[341380,224451],[341387,224394],[341452,224344],[341458,224312],[341428,224254],[341377,224208],[341323,224203],[341257,224229],[341241,224264],[341248,224315],[341221,224347],[341065,224383],[340991,224367],[340945,224292],[340912,224268],[340876,224260],[340814,224284],[340745,224360],[340679,224514],[340680,224575],[340726,224649],[341066,224736],[341383,224772],[341564,224820],[341939,225067],[341975,225109],[341985,225173],[341909,225272],[341829,225334],[341713,225358],[341408,225364],[341311,225410],[341252,225465],[341172,225594],[341126,225639],[341088,225763],[341024,225810],[340976,225820],[340903,225810],[340752,225726],[340566,225690],[340487,225694],[340419,225790],[340304,225736],[340244,225750],[340218,225774],[340180,225902],[340123,225976],[340127,226096],[340108,226156],[340003,226227],[339913,226417],[339725,226512],[339573,226544],[339494,226543],[339385,226575],[339234,226554],[339028,226491],[338976,226403],[338970,226294],[339038,226047],[339090,225947],[339097,225899],[339027,225823],[338843,225725],[338744,225596],[338701,225571],[338636,225563],[338433,225594],[338311,225585],[338214,225600],[338152,225646],[337988,225563],[337926,225569],[337852,225499],[337832,225425],[337745,225275],[337640,225190],[337636,225120],[337389,224959],[337357,224966],[337315,225021],[337130,224843],[337118,224763],[336873,224704],[336810,224671],[336793,224711],[336564,224557],[336474,224460],[336289,224336],[336223,224346],[336129,224425],[336085,224443],[335962,224438],[335915,224469],[335869,224466],[335838,224439],[335802,224319],[335728,224193],[335546,224143],[335407,224014],[335347,223914],[335292,223861],[335209,223833],[335103,223856],[334974,223757],[334858,223836],[334836,223833],[334760,223737],[334635,223681],[334623,223630],[334640,223555],[334556,223477],[334421,223491],[334208,223566],[334116,223549],[334007,223555],[333954,223531],[333781,223385],[333700,223337],[333593,223375],[333516,223323],[333471,223317],[333295,223429],[333266,223409],[333256,223371],[333242,223373],[333167,223484],[333188,223690],[333169,223813],[333129,223851],[333024,223853],[333006,223878],[333099,223989],[333179,223994],[333222,224031],[333208,224077],[333137,224069],[333111,224104],[333211,224238],[333297,224308],[333302,224335],[333289,224372],[333195,224456],[333182,224565],[333133,224660],[333171,224752],[333147,224908],[333102,225049],[333115,225309],[333056,225523],[333082,225550],[333084,225631],[332980,225727],[332925,225913],[332893,225931],[332864,225871],[332760,225849],[332665,225917],[332619,225799],[332503,225748],[332468,225712],[332273,225687],[332210,225700],[332148,225692],[331978,225630],[331407,225471],[331199,225513],[331006,225695],[330798,225860],[330648,226216],[330633,226286],[330628,226524],[330689,226694],[330763,227025],[330763,227103],[330723,227226],[330611,227408],[330532,227671],[330453,227851],[330411,227901],[330188,228081],[329906,228454],[329851,228695],[329763,228809],[329598,229242],[329505,229323],[329335,229428],[328901,229583],[328910,229739],[328782,229994],[328790,230035],[328767,230148],[328719,230235],[328491,230480],[328327,230573],[327956,230848],[327814,231037],[327725,231067],[327513,231255],[327486,231295],[327465,231393],[327349,231577],[327306,231683],[327126,231804],[326761,232207],[326674,232781],[325868,234085],[325550,235068],[325370,235735],[324670,236596],[324943,237045],[325119,237285],[325134,237427],[325125,237650],[325155,237747],[325222,237879],[325230,237929],[325300,238044],[325353,238084],[325493,238358],[325550,238429],[325597,238541],[325589,238634],[325622,238596],[325674,238576],[325741,238497],[325798,238459],[325832,238478],[325936,238480],[325950,238453],[325999,238460],[326031,238435],[326095,238466],[326140,238453],[326223,238550],[326258,238559],[326341,238628],[326365,238729],[326353,238811],[326379,238903],[326370,238936],[326400,238964],[326413,239015],[326491,239102],[326631,239173],[326784,239305],[326857,239409],[326893,239568],[326976,239558],[326997,239571],[327006,241410],[326828,241565],[326819,241674],[326735,241775],[326710,241845],[326736,241919],[326821,241991],[326763,242061],[326700,242224],[326644,242273],[326589,242400],[326537,242454],[326388,242348],[326313,242338],[326250,242350],[326228,242334],[326198,242347],[326172,242327],[325993,242496],[325965,242693],[325887,242765],[325803,242763],[325680,242455],[325553,242489],[325245,242619],[324931,242647],[324841,242690],[324628,242710],[324323,242827],[323821,243116],[323748,243290],[323727,243749],[323654,243772],[323443,243795],[323429,243809],[323431,243978],[323415,244095],[323349,244260],[323307,244444],[323238,245237],[323197,245535],[323212,245583],[323264,245636],[323407,245702],[323571,245674],[323968,245735],[324242,245725],[324342,245769],[324382,245808],[324435,245921],[324436,246022],[324370,246190],[324260,246595],[324235,246786],[324247,246849],[324284,246911],[324440,247074],[324385,247095],[324338,247171],[324335,247269],[324360,247315],[324334,247354],[324219,247349],[324151,247382],[324133,247378],[324111,247408],[323914,247472],[323902,247495],[323838,247524],[323761,247614],[323702,247647],[323593,247675],[323505,247648],[323334,247655],[323299,247637],[323214,247674],[323166,247669],[323102,247711],[323033,247826],[322984,247877],[322916,247906],[322877,247967],[322846,247980],[322811,247956],[322724,247963],[322648,248016],[322637,248139],[322515,248217],[322509,248468],[322454,248691],[322484,248831],[322467,249017],[322347,249451],[322358,249462],[322624,249471],[322745,249440],[322871,249440],[323133,249532],[323532,249544],[323772,249581],[324334,249866],[324724,249999],[324888,250239],[324945,250364],[324990,250488],[324993,250629],[325087,250695],[325206,250726],[325531,250732],[325700,250761],[325823,250802],[325987,250902],[325989,252723],[325266,254516],[325238,254535],[325164,254517],[325085,254566],[325075,254654],[325103,254716],[325099,254852],[325196,255225],[325168,255347],[325186,255443],[325157,255540],[325156,255732],[325097,255870],[325065,256040],[324990,256105],[324918,256259],[324868,256488],[324770,256612],[324835,256615],[324899,256566],[324920,256565],[324951,256592],[324988,256592],[325197,256667],[325341,256745],[325582,256987],[325719,257042],[325811,257125],[325909,257291],[326050,257431],[326161,257452],[326237,257493],[326521,257777],[326674,257777],[326744,257798],[326807,257739],[326839,257743],[326836,257962],[326765,257974],[326590,258050],[326591,258136],[326462,258141],[326510,258427],[326621,258512],[326667,258585],[326771,258692],[326854,258824],[326855,258888],[326807,258898],[326792,258916],[326892,259172],[326893,259258],[326918,259340],[326915,259395],[326877,259479],[326944,259484],[326988,259529],[327024,259542],[327592,259579],[327745,259612],[328162,260009],[328129,260244],[328039,260463],[328095,260517],[328093,260727],[328073,260880],[328091,260947],[328146,260979],[328274,260958],[328421,260967],[328713,260917],[328818,260915],[328873,261025],[328894,261187],[328871,261259],[328833,261304],[328834,261333],[328739,261338],[328435,261263],[328418,261277],[328429,261299],[328485,261320],[328501,261349],[328635,261415],[328662,261443],[328698,261445],[328732,261483],[328735,261538],[328650,261612],[328610,261671],[328533,261858],[328596,261888],[328657,262074],[328749,262196],[328809,262220],[328883,262212],[328941,262228],[329080,262233],[329179,262224],[329235,262314],[329309,262504],[329394,262570],[329537,262584],[329666,262646],[329750,262641],[329868,262697],[330017,262704],[330020,262744],[329963,262830],[329953,262884],[330026,263053],[330022,263081],[330006,263099],[329906,263046],[329804,263044],[329686,263072],[329644,263065],[329571,263110],[329584,263171],[329623,263244],[329602,263491],[329698,263602],[329697,263697],[329604,263710],[329577,263735],[329500,263737],[329121,263690],[329005,263655],[328992,264834],[328707,264839],[328705,265003],[328733,265140],[328714,265188],[328560,265145],[328539,265162],[328506,265156],[328491,265184],[328464,265150],[328417,265176],[328336,265191],[328284,265145],[328246,265138],[327972,265193],[327899,265197],[327848,265180],[327786,265251],[327794,265314],[327717,265331],[327675,265303],[327650,265418],[327620,265433],[327553,265511],[327488,265536],[327484,265568],[327448,265560],[327391,265586],[327372,265628],[327313,265679],[327298,265721],[327305,265759],[327213,265900],[327245,265959],[327223,265965],[327219,266000],[327200,266018],[327189,266082],[327215,266097],[327206,266156],[327151,266194],[327161,266211],[327130,266288],[327105,266299],[327083,266279],[327068,266286],[327087,266383],[327014,266405],[326960,266469],[326982,266498],[326952,266517],[326899,266602],[326912,266656],[326937,266670],[326933,266690],[326893,266721],[326869,266808],[326812,266800],[326789,266975],[326767,267044],[326681,267148],[326674,267255],[326621,267264],[326602,267294],[326558,267261],[326486,267335],[326469,267302],[326446,267292],[326350,267352],[326308,267337],[326243,267353],[326237,267374],[326204,267393],[326108,267389],[326098,267430],[326047,267420],[326020,267430],[326050,267454],[326040,267477],[326008,267479],[326014,267505],[325938,267507],[325935,267536],[325910,267555],[325861,267554],[325813,267606],[325758,267600],[325736,267573],[325644,267602],[325623,267635],[325568,267634],[325556,267578],[325542,267589],[325517,267578],[325516,267544],[325473,267545],[325429,267496],[325404,267489],[325355,267508],[325324,267473],[325283,267515],[325262,267488],[325206,267502],[325071,267473],[325070,267498],[325053,267501],[324992,267479],[324876,267491],[324834,267478],[324859,267605],[324603,267677],[324613,267844],[324573,267873],[324564,267909],[324328,268006],[324324,268021],[324546,268360],[324718,268548],[324677,268604],[324666,268684],[324782,268949],[324843,268981],[324973,269133],[325099,269212],[325135,269290],[325135,269408],[325088,269540],[324842,269831],[324866,269869],[325136,270055],[325160,270093],[325147,270137],[325112,270190],[325010,270212],[324945,270265],[324777,270271],[324641,270305],[324677,270344],[324803,270423],[324838,270551],[324965,270702],[325042,270755],[325192,270820],[325194,270901],[325178,270952],[325062,270980],[324950,271060],[324914,271269],[324904,271439],[324945,271434],[325145,271535],[325257,271632],[325400,271606],[325437,271634],[325359,271713],[325312,271726],[325236,271837],[325222,271949],[325167,272122],[325069,272259],[325047,272333],[324930,272451],[324899,272502],[324772,272489],[324614,272529],[324430,272525],[324267,272491],[324072,272413],[323771,272322],[323714,272361],[323562,272568],[323466,272663],[323378,272607],[323151,272589],[323123,272678],[323113,272797],[322957,272941],[322833,273104],[322796,273180],[322804,273285],[321995,273255],[321555,273271],[321415,273322],[321297,273412],[321120,273708],[321054,273796],[320997,273839],[321000,274877],[320552,274781],[320029,274719],[319738,274763],[319587,274750],[319435,274781],[319289,274760],[319233,274774],[319038,274879],[318945,274795],[318738,274811],[318709,274856],[318531,274863],[318504,274897],[318454,274923],[318270,274951],[318205,274985],[318148,274988],[317938,274971],[317843,274946],[317789,274922],[317730,274836],[317706,274915],[317586,275046],[317547,275074],[317420,275093],[317379,275131],[317154,275791],[316787,276437],[316702,276484],[316493,276707],[316367,276758],[316277,276740],[316117,276756],[315886,276731],[315800,276674],[315797,276635],[315500,276483],[315274,276488],[315082,276549],[315032,276551],[314767,276699],[314669,276774],[314658,277028],[314645,277099],[314609,277161],[314496,277220],[314402,277360],[314301,277395],[314229,277484],[314070,277742],[313984,277949],[313815,278165],[313752,278425],[313578,278735],[313206,279141],[312696,280439],[312160,281264],[311617,281692],[311261,282041],[311007,282326],[310785,282620],[310610,282889],[310565,282982],[310547,282981],[310462,282877],[310294,282788],[310193,282766],[310153,282741],[310087,282781],[310007,282769],[309979,282815],[309983,282841],[309924,282926],[309849,282974],[309772,282970],[309699,283016],[309697,283069],[309662,283099],[309611,283243],[309560,283320],[309487,283350],[309442,283334],[309351,283337],[309358,283356],[309356,283406],[309426,283444],[309472,283540],[309517,283576],[309497,283641],[309522,283706],[309609,283811],[309680,283858],[309790,283774],[309897,283720],[309962,283707],[310026,283647],[310147,283587],[310432,283659],[310503,283701],[310599,283691],[310720,283611],[310812,283629],[310997,283790],[311030,283850],[311042,283922],[311207,284038],[311382,284229],[311531,284300],[311671,284298],[311752,284334],[311914,284358],[311968,284393],[312016,284484],[312068,284749],[312162,284809],[312377,285019],[312629,285226],[313401,285344],[313538,285385],[313647,285505],[313743,285663],[314022,285735],[314176,285741],[314389,285784],[314601,285775],[314733,285814],[314882,285832],[314922,285808],[314956,285750],[314955,285685],[315052,285593],[315135,285553],[315160,285562],[315186,285536],[315299,285519],[315460,285385],[315495,285388],[315582,285319],[315687,285268],[315819,285159],[315927,285040],[315998,285033],[315999,285191],[316200,285189],[316206,285042],[316317,285022],[316353,284992],[316355,284956],[316375,284943],[316377,284905],[316440,284748],[316434,284645],[316462,284623],[316488,284681],[316543,284695],[316659,284788],[316665,284820],[316751,284880],[316793,284933],[316971,285047],[317021,285133],[317117,285208],[317153,285280],[317221,285322],[317233,285376],[317328,285496],[317401,285509],[317395,285617],[317419,285673],[317444,285848],[317482,285964],[317587,286024],[317726,286194],[317760,286266],[317810,286287],[317835,286320],[317984,286415],[318032,286463],[318140,286492],[318295,286591],[318424,286733],[318800,286963],[318780,287110],[318959,287163],[319831,286868],[319922,286874],[320031,286935],[320175,287053],[320567,287414],[321111,287809],[321475,288104],[322088,288337],[322341,288484],[322358,288532],[322345,288620],[322426,288879],[322356,289076],[322274,289175],[322225,289308],[322003,289310],[321989,289761],[321951,289795],[321910,289806],[321722,289807],[321632,289866],[321499,290036],[321497,290077],[321568,290248],[321465,290431],[321446,290524],[321492,290740],[321532,290783],[321532,290844],[321566,290959],[321571,291033],[321536,291119],[321582,291137],[321702,291047],[321758,291059],[321817,291018],[322009,291159],[322041,291164],[322065,291238],[322148,291284],[322181,291357],[322374,291615],[322504,291745],[322481,291811],[322559,291947],[322620,291997],[322618,292130],[322633,292149],[322734,292205],[322767,292200],[322867,292233],[322923,292287],[322980,292308],[323027,292350],[323095,292339],[323145,292378],[323173,292371],[323266,292488],[323269,292506],[323236,292540],[323298,292590],[323345,292604],[323325,292636],[323372,292722],[323327,292728],[323310,292766],[323215,292785],[323106,292896],[323087,292971],[323105,293025],[323081,293136],[323016,293218],[323002,293307],[322973,293355],[322964,293472],[322979,293524],[323041,293560],[323078,293612],[323229,293650],[323281,293710],[323450,293803],[323586,293742],[323708,293789],[323746,293837],[324048,293891],[324208,293990],[324323,293985],[324355,294017],[324401,294129],[324439,294132],[324560,294220],[324581,294201],[324618,294216],[324716,294310],[324685,294352],[324604,294569],[324482,295024],[324416,295210],[324360,295317],[324343,295433],[324151,295870],[323909,296490],[323777,296768],[323686,297046],[323607,297095],[323605,297164],[323574,297201],[323476,297232],[323388,297321],[323208,297725],[323048,297866],[322993,297937],[322965,298182],[322985,298309],[322981,298372],[322955,298432],[322973,298530],[322971,298716],[322947,298945],[323028,298951],[323098,298935],[323181,298986],[323193,299039],[323097,299095],[323039,299063],[323015,299075],[322958,299158],[322901,299205],[322910,299239],[322895,299279],[322910,299293],[322953,299284],[323109,299308],[323136,299289],[323140,299250],[323190,299199],[323235,299181],[323271,299194],[323286,299240],[323318,299233],[323330,299265],[323418,299268],[323458,299293],[323499,299268],[323572,299304],[323596,299343],[323622,299322],[323682,299336],[323719,299290],[323735,299293],[323760,299309],[323808,299387],[323841,299370],[323869,299417],[323858,299443],[323870,299453],[323901,299414],[323922,299421],[323918,299450],[323936,299457],[324015,299414],[324072,299455],[324104,299418],[324107,299388],[324147,299382],[324142,299349],[324188,299363],[324218,299319],[324213,299293],[324241,299291],[324268,299251],[324398,299257],[324420,299288],[324412,299358],[324435,299378],[324442,299417],[324502,299436],[324539,299529],[324569,299518],[324598,299558],[324641,299579],[324660,299697],[324676,299716],[324656,299784],[324692,299805],[324740,299801],[324793,299841],[324826,299772],[324899,299819],[324899,299754],[324916,299752],[325215,300245],[325447,300241],[325469,300302],[325452,300336],[325496,300337],[325522,300407],[325479,300421],[325477,300441],[325518,300450],[325534,300480],[325573,300490],[325552,300526],[325559,300542],[325622,300545],[325643,300582],[325712,300586],[325727,300626],[325786,300651],[325797,300677],[325841,300676],[325879,300699],[325894,300647],[325952,300644],[325988,300586],[326021,300612],[326062,300619],[326061,300649],[326097,300675],[326127,300670],[326179,300713],[326223,300709],[326259,300749],[326304,300759],[326287,300961],[326322,301173],[326208,301423],[326207,301477],[326150,301637],[326046,301847],[326406,302134],[326420,302211],[326465,302243],[326533,302330],[326787,302508],[326823,302594],[326808,302644],[326761,302673],[326766,302768],[326794,302809],[326759,302847],[326919,303275],[327007,303364],[327157,303449],[327187,303491],[327246,303515],[327334,303585],[327490,303649],[327526,303683],[327398,303744],[327340,303798],[327438,303878],[327452,303996],[327473,304006],[327530,303983],[327671,304032],[327816,304173],[328047,304119],[328120,304143],[328212,304137],[328363,304190],[328348,304236],[328243,304356],[328126,304543],[327973,304706],[327807,304804],[327716,304951],[327534,304943],[327442,305066],[327282,305172],[327049,305210],[326933,305183],[326788,305384],[326897,305370],[326992,305457],[327136,305535],[327203,305599],[327440,305689],[327594,305781],[327667,305850],[327732,305876],[327873,305839],[328206,305824],[328335,305864],[328403,305974],[328525,306047],[328633,306042],[328720,306014],[328866,306015],[328922,306040],[328974,306029],[328957,306105],[328965,306249],[328906,306411],[328922,306494],[329003,306623],[329012,306705],[329082,306822],[329244,306817],[329274,306871],[329357,306910],[329409,306985],[329405,307025],[329371,307068],[329238,307103],[329165,307163],[329176,307233],[329158,307356],[329163,307462],[329122,307553],[329149,307637],[329143,307700],[329183,307790],[329245,307845],[329262,307881],[329313,307910],[329349,307995],[329448,308058],[329517,308173],[329531,308230],[329559,308257],[329547,308328],[329576,308364],[329574,308553],[329589,308626],[329568,308760],[329657,308896],[329871,309128],[329834,309150],[329679,309169],[329397,309159],[329495,309388],[329592,309541],[329609,309599],[329603,309764],[329651,309817],[329636,309895],[329590,309968],[329567,310117],[329612,310324],[329610,310421],[329574,310452],[329568,310491],[329694,310497],[329694,310601],[329514,310581],[329429,310670],[329352,310781],[329336,310902],[329474,310985],[329587,311011],[329623,311038],[329708,311064],[329743,311062],[329789,311024],[329879,311025],[329921,311041],[329948,311074],[330000,311041],[330070,311040],[330191,311135],[330252,311243],[330289,311433],[330344,311495],[330335,311579],[330358,311682],[330323,311745],[330345,311852],[330446,311937],[330441,311979],[330465,312007],[330487,312095],[330553,312174],[330594,312161],[330615,312189],[330690,312195],[330760,312236],[330807,312361],[330796,312385],[330814,312454],[330885,312497],[330956,312587],[330998,312611],[331186,312619],[331183,312818],[331026,312833],[331056,312930],[331060,313078],[330984,313192],[330954,313197],[330891,313379],[330832,313498],[330826,313549],[330844,313768],[330896,313824],[330943,313917],[330958,314054],[331021,314082],[331058,314076],[331185,314240],[331108,314556],[331184,314651],[331267,314675],[331246,314616],[331271,314582],[331328,314339],[331318,314229],[331772,314149],[331843,314181],[331993,314294],[332092,314222],[332188,314125],[332256,314134],[332335,314171],[332516,314097],[332576,314131],[332701,314147],[332756,314240],[332790,314264],[333022,314293],[333167,314337],[333267,314349],[333405,314303],[333513,314325],[333570,314371],[333653,314521],[333766,314675],[333838,314700],[333907,314703],[334023,314759],[334076,314763],[334092,314744],[334094,314659],[334147,314594],[334216,314296],[334186,314254],[334211,314216],[334121,314128],[334105,314045],[334080,314013],[334104,313946],[334078,313866],[334084,313748],[334027,313544],[334173,313532],[334420,313470],[334796,313411],[334867,313425],[334967,313502],[335134,313540],[335165,313616],[335153,313874],[335109,313917],[335097,313989],[335101,314018],[335158,314065],[335178,314117],[335150,314356],[335133,314396],[335149,314436],[335124,314452],[335123,314473],[335140,314495],[335393,314497],[335397,314695],[335211,314688],[335145,314664],[334964,314640],[334889,314641],[334890,314702],[334815,314702],[334822,314866],[334885,314950],[334895,315002],[334885,315019],[334823,315042],[334858,315192],[334903,315258],[334923,315392],[334865,315405],[334748,315371],[334659,315371],[334615,315474],[334633,315479],[334637,315513],[334550,315703],[334521,315712],[334529,315742],[334483,315743],[334488,315718],[334472,315711],[334360,315772],[334102,315622],[333959,315569],[333751,315529],[333392,315528],[333247,315546],[333147,315587],[332979,315781],[332813,315842],[332766,316046],[332776,316137],[332823,316175],[332920,316165],[333030,316092],[333056,316094],[333084,316125],[333096,316193],[333053,316281],[333056,316348],[333087,316405],[333187,316469],[333213,316515],[333206,316590],[333120,316706],[332947,316773],[332885,316767],[332788,316715],[332689,316752],[332586,316824],[332445,316985],[332307,317018],[332255,317069],[332224,317135],[332043,317165],[332026,317207],[332043,317275],[332031,317333],[331983,317419],[331933,317454],[331891,317452],[331803,317400],[331696,317384],[331666,317360],[331605,317244],[331556,317210],[331514,317217],[331455,317297],[331381,317510],[331245,317561],[331127,317652],[331117,317696],[331148,317730],[331274,317779],[331469,317809],[331561,317747],[331604,317742],[331642,317768],[331634,317831],[331871,317826],[331941,317872],[331970,317869],[332025,317895],[332093,317952],[332121,318052],[332061,318248],[332060,318310],[332132,318440],[332166,318568],[332281,318621],[332287,319018],[332902,319030],[332982,319090],[333186,319426],[333204,319428],[333271,319335],[333346,319160],[333393,319120],[333391,319050],[333439,318998],[333480,318808],[333608,318676],[333625,318562],[333583,318411],[333630,318392],[333657,318344],[333748,318264],[333757,318237],[333804,318225],[333851,318176],[333882,318082],[334010,317997],[333984,317920],[333939,317870],[333944,317778],[334008,317735],[334021,317637],[334058,317571],[334104,317534],[334104,317490],[334169,317487],[334188,317453],[334185,317433],[334126,317406],[334120,317245],[334052,317212],[334006,317132],[334046,317091],[334061,317046],[334055,316798],[334099,316796],[334102,316737],[334128,316730],[334154,316744],[334168,316732],[334171,316679],[334195,316682],[334200,316735],[334240,316762],[334264,316822],[334280,316820],[334298,316766],[334316,316760],[334319,316792],[334348,316801],[334342,316838],[334356,316862],[334441,316875],[334391,316940],[334458,316988],[334493,317062],[334572,317152],[334727,317241],[334923,317320],[335017,317340],[335149,317322],[335226,317264],[335251,317188],[335218,317065],[335265,317020],[335539,317012],[335756,316976],[335983,316917],[336033,316988],[336101,317019],[337596,317023],[337599,317261],[337623,317233],[337684,317205],[337921,317130],[338162,317148],[338357,317195],[338571,317225],[338727,317311],[338802,317401],[338888,317214],[339044,317013],[339151,316820],[339402,316913],[339550,316917],[339633,316896],[339857,317015],[339896,317089],[339929,317110],[340001,317017],[340024,317071],[340066,317100],[340321,317118],[340529,317082],[340542,317109],[340535,317171],[340475,317412],[340506,317615],[340497,317703],[340303,317699],[340299,318000],[340481,318000],[340481,318589],[340666,318654],[340695,318526],[340726,318488],[340904,318521],[341048,318586],[341144,318607],[341315,318545],[341385,318616],[341387,318785],[341793,318775],[341792,318689],[341841,318678],[341872,318607],[342056,318727],[342141,318836],[342352,318987],[342407,318996],[342532,319234],[342509,319410],[342523,319437],[342597,319428],[342706,319334],[342747,319352],[342800,319274],[342891,319276],[343166,319198],[343258,319221],[343466,319234],[343676,319120],[343713,319058],[343731,318846],[343714,318774],[343737,318749],[343729,318676],[343752,318637],[343774,318623],[343815,318638],[343894,318506],[343997,318530],[344119,318521],[344179,318465],[344245,318446],[344338,318375],[344361,318383],[344550,318602],[344790,318962],[344838,319010],[344967,319022],[345111,319004],[345225,318877],[345304,318731],[345328,318736],[345483,318916],[345614,319029],[345671,319186],[345699,319197],[345825,319188],[345881,319213],[345888,319267],[345858,319428],[345858,319517],[345923,319568],[345856,319803],[345943,319932],[346023,320000],[346029,320148],[345994,320213],[345849,320215],[345665,320139],[345400,320098],[345400,320004],[345155,320004],[345153,320303],[345331,320305],[345351,320369],[345449,320399],[345499,320448],[345505,320485],[345431,320670],[345471,320902],[345099,320904],[345096,321309],[346001,321311],[346004,321998],[347337,322002],[347441,322031],[347475,322080],[347486,322132],[347612,322166],[347939,322203],[348128,322131],[348164,322101],[348250,321802],[348223,321730],[348263,321659],[348276,321457],[348404,321444],[348548,321597],[348711,321805],[348814,321774],[349011,321840],[349028,321826],[349033,321673],[349118,321318],[349262,321341],[349426,321414],[349638,321185],[349664,321177],[349723,321200],[349897,321324],[349924,321224],[349921,321168],[349784,320870],[349748,320843],[349744,320765],[349830,320662],[349907,320488],[349995,320159],[350029,319875],[350084,319712],[350187,319578],[350279,319405],[350548,319175],[350933,318907],[351152,318859],[351205,318797],[351313,318777],[351419,318809],[351589,318823],[351763,319113],[351846,319199],[352091,319220],[352097,319518],[352249,319512],[352417,319537],[352655,319677],[352720,319672],[352927,319723],[353061,319738],[353234,319722],[353232,319780],[353273,319854],[353259,319900],[353442,319969],[353471,319921],[353478,319754],[353575,319748],[353719,319803],[353754,319799],[353874,319688],[354091,319394],[354585,319387],[354603,319006],[356002,319017],[355999,319796],[356253,319785],[356270,319765],[356265,319712],[356328,319653],[356324,319611],[356374,319564],[356401,319599],[356417,319593],[356504,319407],[357862,319380],[357906,319568],[358096,319715],[358152,319854],[358167,319983],[358207,320056],[358311,320030],[358357,319961],[358430,319919],[358615,319913],[358879,320061],[359170,320192],[359238,320185],[359413,320108],[359697,320256],[359786,320242],[360144,320073],[360148,320118],[360215,320220],[360270,320224],[360306,320367],[360261,320462],[360115,320631],[360084,320772],[360051,320817],[360022,320898],[360049,321033],[360030,321124],[360078,321349],[360054,321582],[360017,321672],[360086,321763],[360133,321959],[360076,322149],[360020,322193],[359381,322199],[359383,323189],[360707,323199],[360805,323289],[360864,323291],[360917,323338],[360993,323332],[360996,323698],[361365,323696],[361364,323371],[361405,323368],[361700,323226],[361594,323157],[361595,323079],[361621,323000],[361710,322943],[361766,322882],[361821,322854],[361903,322679],[361949,322626],[362041,322596],[362154,322598],[362242,322547],[362275,322562],[362369,322562],[362425,322609],[362468,322676],[362501,322685],[362546,322731],[362597,322712],[362681,322746],[362684,322837],[362705,322866],[362688,322902],[362791,322964],[362879,322938],[362913,322911],[362906,322866],[362945,322848],[362943,322808],[363075,322785],[363068,322755],[363090,322746],[363122,322686],[363166,322827],[363140,322876],[363149,322950],[363131,323098],[363100,323181],[363075,323390],[363096,323536],[363086,323586],[362834,323849],[362758,323887],[362716,323977],[362292,324578],[362250,324785],[362264,324995],[362155,325029],[361992,325011],[361886,325069],[361804,325153],[361768,325242],[361752,325471],[361683,325592],[361660,325801],[361607,326003],[360997,326003],[360996,325402],[360004,325402],[359999,325632],[359901,325674],[359791,325749],[359791,326000],[359575,326000],[359517,326066],[359422,326097],[359182,326052],[358973,325822],[358883,325814],[358883,325602],[358393,325602],[358393,326004],[358557,326004],[358616,326602],[358410,326581],[358457,326676],[358462,326728],[358376,327002],[358351,327273],[358420,327384],[358397,327419],[358303,327473],[358290,327977],[358221,328317],[358225,328585],[358209,328660],[358246,328688],[358245,328703],[358130,329077],[358033,329256],[357999,329280],[357746,329350],[357577,329632],[357470,329742],[357337,329955],[357338,330099],[357384,330158],[357251,330322],[357311,330372],[357358,330342],[357389,330341],[357548,330497],[357501,330763],[357480,330779],[357317,330668],[357237,330783],[357144,330876],[357229,330919],[357179,331003],[357182,331021],[357243,331101],[357410,331243],[357447,331316],[357532,331418],[357422,331491],[357679,331543],[357861,331672],[357941,331675],[358153,331730],[358181,331807],[358303,331808],[358454,331773],[358586,331854],[358684,331879],[358711,331865],[358778,331878],[358865,331855],[358891,331809],[358996,331793],[359055,331808],[359106,331787],[359337,331765],[359426,331806],[359525,331805],[359557,331856],[360046,331852],[360413,331905],[360481,331902],[360537,331965],[360676,332053],[360855,332046],[360932,332072],[361118,332069],[361263,331989],[361344,332014],[361422,332014],[361623,331970],[361844,331997],[361842,332035],[361721,332278],[361719,332355],[361773,332417],[361773,332480],[361668,332539],[361658,332559],[361672,332592],[361735,332636],[361822,332773],[361959,332876],[361977,332925],[361924,333018],[361924,333236],[361884,333410],[361887,333464],[361586,333817],[361680,333905],[361601,333950],[361537,334049],[361549,334110],[361530,334221],[361591,334337],[361655,334403],[361671,334452],[361590,334549],[361417,334824],[361492,334824],[361494,334950],[361576,334951],[361530,335226],[361721,335372],[361836,335513],[361843,335534],[361815,335606],[361836,335924],[361848,335964],[361935,335993],[361951,336036],[361750,336153],[361648,336140],[361472,336181],[361448,336173],[361397,336113],[361371,336119],[361264,336227],[361276,336280],[361200,336410],[361521,336407],[361635,336465],[361762,336562],[361789,336597],[361836,336730],[361935,336843],[361960,336968],[361977,336982],[361978,337011],[362008,337033],[362024,337133],[362012,337264],[361883,337537],[361829,337598],[361922,337721],[361904,337920],[361871,337975],[361901,338088],[362020,338197],[362023,338227],[361994,338275],[362024,338355],[361950,338377],[361951,338453],[361919,338518],[361960,338562],[361901,338649],[361871,338836],[361538,338987],[361487,339076],[361405,339164],[361382,339221],[361412,339435],[361549,339517],[361643,339645],[361631,339695],[361585,339750],[361568,339896],[361518,339975],[361510,340056],[361458,340137],[361479,340150],[361464,340200],[361479,340256],[361542,340260],[361577,340284],[361607,340356],[361684,340351],[361759,340386],[361785,340416],[361731,340476],[361702,340535],[361648,340557],[361600,340601],[361556,340719],[361609,340757],[361646,340722],[361671,340758],[361681,340723],[361723,340681],[361895,340660],[361940,340709],[361934,340783],[362024,340830],[362049,340876],[362146,340830],[362200,340833],[362329,340904],[362369,340908],[362402,340980],[362425,340949],[362440,340845],[362533,340730],[362545,340683],[362565,340671],[362622,340685],[362641,340668],[362643,340618],[362763,340316],[362888,340195],[362909,340145],[363136,340061],[363208,340063],[363303,340101],[363400,340074],[363484,339966],[363512,339900],[363587,339856],[363749,339627],[363872,339535],[364140,339110],[364212,339052],[364303,339021],[364519,338999],[364531,339252],[364627,339351],[364642,339396],[364691,339435],[364654,339515],[364665,339558],[364727,339602],[364747,339657],[364784,339682],[364799,339714],[364857,339703],[364863,339743],[364926,339781],[364941,339812],[364875,339961],[364923,339993],[364924,340044],[364900,340096],[364942,340130],[364944,340174],[364968,340195],[364961,340238],[364977,340295],[364932,340340],[364949,340391],[364914,340398],[364925,340425],[364964,340444],[364941,340489],[364942,340536],[364984,340544],[364986,340556],[364961,340593],[364961,340762],[364914,340823],[364942,340877],[364876,340934],[364922,340979],[364898,341072],[364943,341188],[364984,341223],[364954,341288],[365013,341326],[364985,341398],[365004,341431],[364996,341462],[364967,341499],[365716,341498],[365787,341322],[365763,341286],[365778,341168],[365845,341133],[365885,341078],[365921,341079],[365982,341045],[366044,340966],[366057,340974],[366071,341059],[366278,341166],[366445,341207],[366579,341339],[366668,341363],[366918,341324],[367060,341258],[367093,341226],[367139,341103],[367133,340971],[367245,340982],[367332,340959],[367353,340919],[367366,340800],[367392,340726],[367526,340550],[367589,340406],[367644,340372],[367685,340310],[367763,340265],[367837,340377],[367885,340410],[367958,340423],[368008,340481],[367991,340560],[368005,340585],[368130,340610],[368144,340655],[368170,340669],[368263,340660],[368309,340629],[368363,340631],[368425,340557],[368491,340553],[368531,340587],[368640,340632],[368826,340793],[368893,340792],[368949,340848],[368995,340846],[369059,340808],[369135,340819],[369185,340840],[369195,340883],[369216,340903],[369643,340986],[369793,341076],[369843,341055],[369922,341176],[370018,341214],[370096,341278],[370354,341563],[370377,341554],[370429,341482],[370525,341466],[370613,341405],[370781,341405],[370902,341426],[370890,341536],[370917,341683],[370858,341817],[370804,341869],[370829,341920],[370835,342045],[370899,342091],[370937,342190],[370917,342276],[370838,342317],[370819,342354],[370939,342467],[370946,342553],[370891,342679],[370805,342750],[370782,342820],[370826,342877],[370842,342928],[370658,343113],[370675,343205],[370787,343304],[370871,343346],[370996,343347],[371073,343387],[371095,343354],[371096,343301],[371117,343280],[371176,343265],[371232,343280],[371261,343244],[371310,343240],[371471,343293],[371664,343316],[371833,343397],[371853,343420],[371859,343470],[371971,343532],[371994,343494],[372035,343479],[372144,343507],[372237,343497],[372434,343509],[372471,343476],[372520,343477],[372556,343506],[372620,343603],[372685,343614],[372691,343681],[372878,343777],[372941,343883],[372872,343971],[372901,344053],[372888,344122],[372900,344182],[372763,344286],[372744,344333],[372768,344355],[372856,344362],[372919,344339],[372948,344362],[372976,344362],[373042,344265],[373081,344266],[373146,344307],[373185,344308],[373281,344295],[373401,344253],[373493,344274],[373540,344306],[373839,344419],[373877,344394],[373945,344295],[373976,344312],[373986,344378],[374048,344375],[374122,344424],[374222,344433],[374250,344466],[374266,344534],[374324,344580],[374396,344566],[374525,344603],[374558,344638],[374576,344691],[374555,344722],[374553,344802],[374597,344866],[374570,344941],[374567,345023],[374583,345051],[374554,345116],[374572,345185],[374560,345238],[374536,345261],[374543,345381],[374530,345430],[374479,345507],[374472,345560],[374408,345608],[374394,345668],[374439,345709],[374486,345704],[374490,345744],[374518,345748],[374527,345783],[374554,345798],[374552,345832],[374577,345830],[374584,345855],[374697,345919],[374712,345958],[374840,345938],[374958,345994],[375007,346055],[375016,346093],[375051,346109],[375076,346300],[375243,346427],[375142,346542],[374802,347009],[374816,347547],[374766,347645],[374761,347709],[374787,347762],[374772,347789],[374738,347805],[374737,347985],[374725,348058],[374695,348107],[374711,348163],[374704,348215],[374675,348263],[374649,348272],[374640,348312],[374588,348309],[374535,348347],[374497,348311],[374474,348332],[374335,348348],[374204,348542],[374236,348575],[374314,348564],[374328,348582],[374325,348669],[374343,348708],[374338,348782],[374356,348887],[374313,349128],[374327,349248],[374360,349319],[374349,349400],[374293,349501],[373902,349506],[373894,349704],[373831,349746],[373713,349774],[373657,349838],[373619,349852],[373551,349799],[373442,349982],[373429,350095],[373757,350089],[373954,350050],[374039,350069],[374096,350101],[374173,350109],[374211,350172],[374379,350204],[374487,350295],[374514,350291],[374537,350249],[374622,350252],[374632,350320],[374690,350423],[374679,350441],[374734,350601],[374734,350671],[374851,350935],[374921,351011],[375105,351015],[375104,351114],[375287,351090],[375351,351258],[375418,351330],[375401,351454],[375441,351458],[375508,351426],[375554,351456],[375636,351473],[375662,351503],[375732,351490],[375759,351516],[375813,351533],[375909,351533],[376065,351459],[376144,351335],[376154,351293],[376257,351301],[376286,351319],[376333,351321],[376343,351358],[376400,351358],[376439,351328],[376461,351258],[376481,351263],[376500,351235],[376529,351230],[376534,351189],[376545,351202],[376562,351188],[376583,351195],[376593,351174],[376641,351166],[376627,351128],[376696,351085],[376718,351028],[376733,351023],[376804,351066],[376878,351175],[376903,351261],[376985,351362],[377038,351406],[377133,351439],[377220,351495],[377292,351627],[377348,351806],[377376,351835],[377387,351967],[377553,352153],[377601,352309],[377746,352427],[377816,352520],[377864,352537],[377936,352637],[377978,352786],[377990,352927],[378060,353014],[378022,353138],[378055,353320],[378282,353377],[378407,353432],[378459,353477],[378497,353582],[378782,353843],[379007,353815],[379108,353847],[379352,353963],[379604,353974],[379780,354018],[379873,353927],[379896,353829],[379951,353839],[380059,353808],[380218,353788],[380289,353697],[380312,353636],[380311,353583],[380355,353486],[380429,353483],[380544,353553],[380626,353554],[380775,353649],[380949,353659],[380996,353643],[380999,353468],[381289,353475],[381299,353720],[381384,353749],[381636,353912],[381664,353951],[381705,354083],[381703,354125],[381645,354208],[381608,354219],[381543,354302],[381537,354330],[381933,354421],[382055,354518],[382088,354602],[382119,354619],[382210,354577],[382253,354594],[382279,354583],[382632,354676],[382737,354761],[382808,354770],[382864,354751],[382994,354593],[382998,354801],[383500,354804],[383497,355001],[383632,355001],[383712,355126],[383792,355210],[383791,355249],[383922,355444],[383988,355501],[384000,355549],[384091,355689],[384105,355877],[384127,355920],[384172,355952],[384170,355990],[384344,356114],[384436,356211],[384570,356229],[384717,356314],[384839,356323],[384918,356351],[384928,356368],[384892,356435],[384897,356451],[385006,356533],[385046,356598],[385481,356917],[385564,356998],[385607,357177],[385842,357470],[385858,357518],[385855,357568],[385946,357643],[386016,357744],[386097,357805],[386197,357922],[386201,358488],[386673,358488],[386749,358587],[386997,358977],[386997,359595],[387427,359595],[387583,359823],[387619,359887],[387594,359913],[387482,359982],[387392,360000],[387327,360054],[387297,360116],[387296,360371],[386995,360378],[386952,360398],[386908,360389],[386858,360414],[386836,360461],[386800,360487],[386813,360572],[386770,360689],[386815,360815],[386784,360902],[386746,360919],[386314,360919],[386308,361591],[386169,361577],[386107,361550],[385992,361624],[385916,361639],[385880,361600],[385836,361613],[385792,361684],[385807,361743],[385784,361780],[385777,361838],[385710,361963],[385689,361967],[385670,362036],[385646,362054],[385522,362054],[385471,362026],[385295,361989],[385217,361945],[385169,361881],[384983,361962],[384815,362005],[384759,362051],[384698,362062],[384634,362046],[384594,362016],[384541,361905],[384303,361906],[384298,362147],[384240,362206],[384167,362249],[384089,362340],[383851,362413],[383780,362402],[383723,362457],[383693,362466],[383653,362540],[383586,362570],[383561,362654],[383568,362694],[383540,362705],[383522,362745],[383548,362761],[383540,362790],[383561,362798],[383556,362849],[383590,362885],[383570,362908],[383584,362960],[383544,363012],[383488,363051],[383440,363053],[383338,363204],[383337,363247],[383425,363387],[383720,364004],[384205,364003],[384221,363963],[384253,363952],[384375,364004],[384457,364078],[384648,363872],[384697,363944],[384724,363947],[384812,363789],[384998,363636],[385061,363538],[385122,363524],[385124,363603],[385188,363644],[385244,363767],[385348,363821],[385462,363774],[385533,363717],[385539,363699],[385521,363675],[385545,363649],[385528,363617],[385567,363584],[385579,363623],[385599,364495],[385825,364481],[385976,364705],[385956,364755],[385966,364767],[386013,364743],[386060,364594],[386103,364570],[386151,364502],[386497,364485],[386510,364479],[386524,364399],[386839,364362],[386899,364413],[386900,364444],[386859,364492],[386901,364567],[386943,364608],[386947,364677],[386982,364718],[387029,364729],[387155,364625],[387298,364666],[387314,364708],[387252,364814],[387244,364865],[387411,364821],[387540,364849],[387591,364879],[387765,365072],[387859,365126],[387863,365240],[387986,365336],[388067,365359],[388091,365384],[388073,365461],[388112,365578],[388119,365675],[388182,365674],[388292,365724],[388413,365712],[388452,365760],[388537,365695],[388575,365687],[388591,365723],[388583,365906],[388618,365914],[388690,365866],[388738,365913],[388784,365866],[388709,365822],[388700,365770],[388725,365710],[388811,365676],[388903,365668],[389003,365693],[389037,365733],[389059,365803],[389094,365830],[389135,365804],[389165,365679],[389193,365655],[389565,365717],[389654,365760],[389775,365753],[389847,365645],[389958,365546],[389947,365491],[389969,365459],[390181,365316],[390246,365292],[390267,365308],[390278,365383],[390393,365443],[390468,365624],[390502,365633],[390540,365621],[390559,365583],[390554,365426],[390626,365276],[390686,365210],[390687,365163],[390729,365204],[390860,365218],[391094,365150],[391168,365104],[391415,364600],[391404,364420],[391426,364320],[391462,364256],[391552,364170],[391693,364231],[391731,364221],[391765,364181],[391749,364078],[391754,364043],[391780,364031],[391842,364044],[391886,364100],[391956,364138],[392051,364176],[392097,364173],[392149,364127],[392119,364066],[392119,363965],[392237,363846],[392318,363856],[392397,363941],[392434,363945],[392475,363893],[392477,363868],[392350,363788],[392338,363739],[392363,363620],[392473,363552],[392551,363545],[392636,363506],[392689,363587],[392709,363592],[392739,363580],[392752,363513],[392832,363484],[392968,363524],[393171,363641],[393261,363551],[393300,363532],[393507,363704],[393549,363812],[393582,363818],[393633,363780],[393689,363783],[393748,363919],[393777,363936],[393855,363934],[393889,363972],[394045,363897],[394115,363803],[394135,363745],[394229,363692],[394270,363631],[394376,363682],[394546,363671],[394598,363713],[394614,363750],[394656,363760],[394736,363755],[394773,363771],[394845,363703],[394890,363700],[394959,363727],[395043,363789],[395316,363872],[395371,363837],[395407,363838],[395452,363891],[395476,363971],[395469,363982],[395431,363967],[395400,363974],[395387,363992],[395396,364019],[395458,364101],[395571,364198],[395698,364217],[395803,364193],[395867,364202],[395964,364257],[396073,364292],[396105,364327],[396188,364345],[396234,364380],[396291,364519],[396214,364623],[396193,364733],[396116,364759],[396135,364859],[396175,364899],[396597,364898],[396597,365228],[396534,365361],[396432,365417],[396414,365473],[396440,365531],[396613,365646],[396791,365940],[396881,366016],[398538,366014],[398577,365952],[398717,365842],[398867,365782],[399027,365806],[399076,365762],[399090,365716],[400291,365714],[400293,366230],[400277,366266],[400241,366291],[400116,366317],[400094,366391],[400182,366555],[400174,366658],[400321,366722],[400346,366849],[400452,366952],[400479,367071],[400468,367356],[400491,367388],[400492,367451],[400576,367526],[400564,367551],[400520,367570],[400558,367689],[400570,367822],[400672,367873],[400719,367929],[400735,368045],[400835,368096],[400861,368233],[400949,368316],[400942,368512],[400966,368546],[401031,368589],[401175,368612],[401201,368661],[401249,368660],[401358,368752],[401385,368809],[401469,368828],[401557,368873],[401605,368973],[401687,369083],[401824,369200],[402046,369325],[402603,369905],[402702,369158],[402835,368842]]]]}},{"type":"Feature","properties":{"name":"North East England","operator":"Northern Powergrid"},"geometry":{"type":"MultiPolygon","coordinates":[[[[425411,637102],[425373,637102],[425342,637133],[425388,637133],[425411,637102]]],[[[420657,637264],[420633,637256],[420610,637279],[420610,637325],[420633,637333],[420657,637264]]],[[[415329,637120],[415356,636859],[415335,636562],[415276,636363],[415100,635956],[415083,635879],[415099,635835],[415196,635866],[415410,636005],[415890,636427],[416030,636532],[416238,636623],[416473,636649],[416771,636614],[417574,636390],[417818,636288],[418454,635955],[418774,635839],[418948,635807],[419228,635830],[419702,635954],[420749,636276],[421113,636414],[421305,636530],[421463,636686],[421632,636905],[422622,638384],[422889,638760],[423050,638928],[423284,639078],[423630,639228],[424174,639421],[424449,639498],[424701,639528],[424888,639502],[425076,639417],[425244,639263],[425329,639107],[425356,638967],[425341,638806],[425290,638665],[425185,638483],[424169,637185],[423225,635815],[423097,635669],[422965,635554],[422819,635464],[422385,635266],[422322,635219],[422209,635086],[422040,634749],[421792,634098],[421670,633726],[421628,633461],[421636,633379],[421685,633257],[421801,633134],[421948,633056],[422351,632954],[422527,632882],[422767,632713],[422926,632529],[423163,632035],[423230,631842],[423255,631583],[423213,631210],[423215,631090],[423270,630851],[423365,630604],[423575,630175],[423672,630023],[423999,629696],[424220,629443],[424447,629226],[424521,629125],[424578,629005],[424604,628871],[424594,628752],[424553,628639],[424484,628536],[424335,628405],[423777,628075],[423697,628006],[423637,627927],[423571,627781],[423538,627627],[423536,627484],[423556,627359],[423615,627164],[423696,626980],[423784,626830],[423898,626678],[424044,626541],[424359,626353],[424536,626212],[424880,625864],[424964,625743],[425017,625622],[425052,625450],[425047,625267],[425005,625072],[424893,624758],[424873,624628],[424919,624128],[424872,623434],[424898,623258],[424958,623102],[425039,622990],[425176,622893],[425828,622601],[425988,622506],[426139,622347],[426236,622143],[426284,621949],[426310,621759],[426321,621163],[426391,620169],[426513,619056],[426520,618815],[426492,618372],[426527,618173],[426670,617668],[426703,617413],[426688,617075],[426558,616565],[426548,616405],[426592,616299],[426684,616219],[427048,616078],[427220,615964],[427350,615797],[427416,615605],[427430,615468],[427420,615306],[427295,614556],[427226,613875],[427234,613640],[427320,613020],[427319,612854],[427292,612706],[427196,612492],[427051,612316],[426845,612165],[426538,612001],[426437,611908],[426344,611741],[426179,611261],[426081,611050],[425966,610883],[425621,610468],[425487,610244],[425431,610056],[425424,609856],[425463,609491],[425549,609004],[425666,608534],[425871,608001],[425991,607394],[426104,607041],[426244,606717],[426393,606421],[426570,606143],[426730,605945],[426902,605808],[427041,605757],[428132,605568],[429015,605383],[429396,605278],[429564,605204],[429705,605101],[429818,604960],[429884,604808],[429919,604620],[429922,604471],[429868,604118],[429414,602574],[429259,602102],[429171,601907],[429069,601744],[428716,601382],[428618,601256],[428340,600683],[428084,600226],[427989,599982],[427929,599718],[427904,599465],[427944,598359],[427985,597968],[428049,597582],[428144,597161],[428311,596549],[428476,596056],[428957,594921],[429105,594688],[429278,594498],[429741,594181],[430003,593931],[430196,593700],[430624,593119],[430724,592903],[430766,592687],[430755,592503],[430677,592148],[430695,591881],[430757,591645],[430982,591072],[431413,590184],[431533,590068],[431885,589870],[432049,589745],[432201,589553],[432292,589322],[432310,589158],[432298,588736],[432420,588163],[432419,588036],[432393,587910],[432323,587767],[432215,587646],[432043,587527],[431695,587353],[431612,587276],[431566,587197],[431527,587068],[431482,586781],[431439,586613],[431371,586449],[431172,586082],[431048,585683],[430962,585296],[430963,585160],[430984,585036],[431202,584281],[431311,584011],[431422,583795],[431821,583132],[432048,582786],[432309,582440],[432573,582143],[432694,581965],[433220,581012],[433335,580745],[433382,580487],[433369,580363],[433337,580261],[433287,580167],[433209,580070],[432873,579765],[432829,579681],[432806,579553],[432817,579403],[432898,579108],[433010,578809],[433169,578456],[433374,578081],[433567,577813],[433799,577563],[434156,577298],[434318,577136],[434517,576847],[434756,576546],[435046,576075],[435216,575850],[435416,575624],[435503,575494],[435566,575323],[435585,575113],[435561,574836],[435486,574439],[435482,574261],[435532,573930],[435599,573691],[435730,573386],[435860,573183],[435978,573058],[436337,572765],[436533,572576],[436727,572343],[436891,572076],[436969,571900],[437013,571730],[437116,570893],[437161,570758],[437243,570600],[437711,570039],[437831,569920],[437992,569804],[438435,569567],[438585,569450],[438715,569289],[438831,569055],[438880,568914],[438903,568786],[438904,568657],[438880,568531],[438828,568394],[438748,568268],[438640,568149],[438406,567942],[438347,567851],[438332,567715],[438406,567493],[438538,567303],[438731,567134],[439005,566956],[439602,566638],[439793,566493],[439987,566301],[440092,566164],[440170,566019],[440228,565854],[440304,565545],[440383,565387],[440581,565179],[441071,564815],[441328,564568],[441492,564314],[441648,563987],[441740,563749],[441850,563363],[441922,562982],[441936,562744],[441910,562505],[441741,561714],[441631,561457],[441369,561026],[441270,560825],[441164,560518],[441132,560259],[441147,560102],[441209,559798],[441248,559657],[441287,559574],[441386,559478],[441764,559273],[441935,559135],[442001,559048],[442058,558934],[442112,558676],[442119,558367],[442074,557764],[442100,557579],[442193,557215],[442197,557015],[442169,556890],[442120,556773],[441793,556267],[441677,556026],[441631,555750],[441632,555588],[441658,555344],[441746,554960],[441975,554327],[442006,554128],[442013,553747],[442051,553503],[442157,553155],[442391,552590],[442426,552400],[442470,551827],[442528,551584],[442627,551322],[442810,550995],[443055,550637],[443201,550456],[443381,550307],[443731,550127],[443901,550012],[444056,549846],[444159,549629],[444191,549485],[444201,549354],[444136,548831],[444149,548563],[444342,547565],[444420,547353],[444641,546891],[444711,546699],[444800,546174],[444932,545605],[444982,545149],[444961,544675],[444973,544447],[445001,544198],[445085,543735],[445131,543242],[445170,543000],[445237,542732],[445403,542272],[445563,541895],[445721,541601],[446023,541160],[446542,540490],[446714,540319],[447257,539852],[447527,539568],[447691,539318],[447940,538799],[448235,538390],[448519,537959],[448880,537538],[449326,537077],[450012,536488],[450231,536324],[450427,536212],[450615,536166],[450950,536226],[451090,536232],[451228,536207],[451354,536150],[451477,536051],[451569,535924],[451631,535762],[451691,535459],[451751,535364],[451806,535313],[452009,535187],[452834,534815],[453166,534632],[453408,534452],[453577,534237],[453836,533705],[453924,533482],[453947,533267],[453927,533163],[453887,533068],[453816,532970],[453733,532900],[453638,532848],[453519,532814],[453303,532817],[452921,532913],[452814,532907],[452733,532874],[452619,532740],[452383,532307],[452338,532162],[452340,532007],[452411,531769],[452721,531161],[453033,530356],[453166,530101],[453356,529810],[453585,529528],[453873,529246],[454146,529069],[454468,528951],[454599,528886],[454707,528800],[454801,528672],[454839,528573],[454855,528471],[454849,528366],[454822,528263],[454722,528080],[454487,527793],[454452,527703],[454455,527643],[454508,527519],[454606,527380],[454700,527292],[454769,527269],[454828,527282],[454872,527323],[454915,527399],[455061,527782],[455223,528420],[455283,528564],[455357,528687],[455472,528804],[455610,528879],[455741,528905],[455910,528883],[456003,528840],[456085,528777],[456204,528609],[456261,528432],[456339,527952],[456371,527866],[456463,527726],[456852,527329],[457124,526993],[457253,526857],[457497,526658],[457896,526376],[458133,526237],[458395,526119],[458641,526038],[458901,525975],[459067,525950],[459252,525945],[459702,526000],[459910,526009],[460080,525996],[460261,525961],[460638,525841],[461400,525523],[461621,525396],[461813,525248],[462654,524373],[462976,524071],[463253,523852],[463538,523671],[464244,523270],[464990,522882],[465400,522696],[465988,522477],[466571,522290],[467015,522183],[467296,522149],[467455,522150],[467637,522182],[468247,522432],[468523,522495],[468808,522492],[469175,522418],[469668,522268],[470178,522002],[470369,521872],[470715,521544],[470922,521392],[471189,521244],[471564,521092],[471934,520814],[472101,520741],[472623,520623],[472931,520588],[473121,520600],[473590,520693],[473848,520723],[474228,520721],[474537,520679],[474977,520543],[475703,520235],[476126,520022],[476732,519647],[476941,519552],[477139,519484],[477292,519452],[477449,519447],[478123,519553],[478366,519554],[478532,519519],[479033,519349],[479409,519260],[479548,519213],[479711,519115],[479836,518984],[480068,518555],[480580,517793],[480673,517710],[481117,517406],[481241,517285],[481340,517157],[481446,516967],[481574,516648],[481632,516418],[481671,516097],[481693,516033],[481729,515992],[481814,515956],[481892,515961],[481976,515993],[482650,516328],[482950,516579],[483125,516673],[483247,516702],[483374,516704],[483500,516681],[483634,516630],[483864,516489],[484132,516245],[484271,516070],[484516,515687],[484749,515422],[484948,515296],[485441,515123],[485618,515043],[485793,514925],[485961,514758],[486342,514254],[486467,514031],[486528,513814],[486551,513403],[486600,513245],[486715,513096],[486897,512951],[487084,512849],[487272,512776],[487851,512595],[488429,512438],[489156,512184],[489377,512158],[489831,512265],[490074,512268],[490265,512211],[490595,512021],[490831,511927],[491105,511872],[491467,511843],[491622,511805],[491742,511749],[491854,511665],[492086,511369],[492151,511309],[492771,510964],[493063,510753],[493242,510558],[493431,510272],[493579,509988],[493837,509387],[493924,509230],[494034,509083],[494255,508881],[494772,508569],[494988,508400],[495729,507611],[496156,507211],[496285,507051],[496357,506926],[496407,506787],[496432,506612],[496423,506420],[496385,506195],[496285,505892],[496001,505329],[495946,505128],[495928,504925],[495950,504631],[496001,504428],[496118,504131],[496289,503822],[496443,503622],[496604,503455],[496792,503293],[497042,503121],[497388,502915],[497506,502861],[497638,502832],[498077,502809],[498203,502777],[498340,502716],[498556,502572],[499110,502091],[499462,501828],[499651,501627],[499792,501432],[500724,499859],[500973,499326],[501219,498858],[501351,498555],[501432,498311],[501593,497639],[501663,497451],[502018,496991],[502222,496671],[502412,496288],[502655,495647],[502721,495543],[502957,495275],[503066,495117],[503176,494883],[503344,494452],[503393,494288],[503414,494137],[503410,493936],[503368,493575],[503366,493430],[503435,492999],[503450,492593],[503479,492366],[503525,492204],[503611,492024],[503723,491881],[503986,491629],[504108,491427],[504144,491299],[504157,491170],[504122,490751],[504126,490591],[504151,490464],[504191,490366],[504312,490216],[504470,490133],[504564,490126],[504858,490152],[505024,490151],[505191,490121],[505349,490057],[505476,489972],[505616,489833],[505727,489666],[505791,489523],[505842,489328],[505860,489045],[505827,488829],[505757,488661],[505683,488553],[505585,488455],[505422,488347],[505138,488208],[505079,488123],[505078,488016],[505106,487918],[505283,487560],[505385,487415],[505567,487233],[505741,487113],[506119,486910],[506232,486812],[506322,486701],[506698,486095],[506797,485909],[506895,485644],[506997,485197],[507072,485072],[507174,484976],[507347,484880],[507588,484809],[507762,484798],[508221,484853],[508367,484836],[508506,484789],[508713,484656],[508998,484369],[509117,484277],[509857,483913],[510089,483772],[510293,483612],[510539,483363],[510653,483275],[510838,483191],[511904,482822],[512603,482436],[513291,482186],[513404,482118],[513500,482034],[513590,481906],[513640,481758],[513643,481621],[513591,481457],[513494,481327],[513333,481213],[513179,481158],[512892,481098],[512781,481046],[512722,480994],[512613,480831],[512547,480651],[512493,480381],[512478,480109],[511975,480111],[511985,480001],[511124,480044],[510486,480412],[510365,480623],[510293,480949],[510269,481244],[509738,481395],[509594,481371],[508390,481004],[507870,480730],[507390,480670],[505720,480670],[505060,480870],[504080,481240],[503660,481350],[503289,481063],[502981,480864],[502330,481020],[502010,480944],[501993,481046],[501796,481117],[501634,481095],[501524,481016],[501488,480963],[501454,480970],[501431,480996],[501358,480960],[501312,480981],[501239,481054],[501160,480924],[501034,480951],[500966,480930],[500933,480956],[500835,480941],[500801,480971],[500720,480957],[500606,480891],[500456,480841],[500367,480857],[500320,480810],[499951,480647],[499380,480470],[499180,480450],[499060,480200],[498850,480060],[498770,479960],[498520,479850],[498420,479790],[498360,479730],[498321,479650],[498238,479711],[498215,479818],[498151,479847],[498164,479893],[498154,479908],[498132,479905],[498134,479959],[498059,479990],[498044,479986],[498035,479944],[497998,479921],[497969,479909],[497927,479917],[497927,479856],[497820,479839],[497803,479880],[497764,479841],[497713,479893],[497687,479859],[497615,479856],[497606,479836],[497622,479794],[497583,479770],[497555,479682],[497434,479561],[497241,479307],[497206,479316],[497182,479288],[497158,479288],[497098,479398],[497075,479391],[497029,479321],[496969,479350],[496971,479275],[496889,479274],[496926,479209],[496897,479137],[496815,479134],[496812,479097],[496743,479066],[496747,479093],[496727,479103],[496650,479010],[496628,479022],[496621,479072],[496569,479099],[496575,479141],[496529,479168],[496485,479149],[496473,479196],[496428,479238],[496220,479320],[495824,479216],[495745,479305],[495660,479317],[495588,479291],[495524,479238],[495503,479279],[495485,479281],[495447,479188],[495340,479125],[495379,478878],[495400,478413],[495334,478368],[494890,478344],[494700,478430],[494610,478450],[494360,478590],[494199,478605],[494187,478532],[494235,478370],[494461,476503],[494370,475890],[494320,475660],[494438,475260],[494451,475145],[494438,475050],[494232,474750],[494008,474469],[493220,473905],[493192,473843],[493227,473805],[493706,473733],[493695,473664],[493480,473066],[493480,473013],[493637,472615],[493631,472568],[493274,472156],[493224,472129],[493173,472121],[493100,472134],[492451,472396],[492392,472392],[492254,472300],[492185,472227],[492160,472174],[492162,472142],[492276,472046],[492697,471798],[492743,471747],[492743,471713],[492682,471613],[492628,471571],[491978,471235],[491922,471187],[491919,471121],[491950,471052],[492503,470005],[492740,469502],[492766,467550],[492721,467510],[492641,467503],[491569,467503],[491476,467489],[491435,467457],[491413,467387],[491364,465599],[491313,465549],[491269,465474],[491181,465217],[491072,465040],[490831,464818],[490697,464724],[490506,464646],[490162,464623],[489898,464675],[489919,464524],[489610,464509],[488912,464251],[488574,464184],[488212,464064],[487996,463942],[487831,463891],[488832,462985],[488254,461946],[488192,461937],[488082,461887],[488121,461752],[487956,461669],[488020,461420],[488090,461350],[488019,461269],[487924,461097],[487890,460961],[487693,460974],[487577,461009],[486299,461773],[486251,461731],[485985,461333],[485913,461273],[485431,461303],[485292,461327],[484199,461826],[484120,461840],[483814,461757],[483817,461806],[484044,462171],[484027,462257],[483807,462298],[483300,462315],[482606,462287],[482554,462256],[482413,461891],[482320,461722],[481980,461730],[481770,461700],[481480,461740],[481410,461860],[481200,462080],[481190,462240],[481220,462480],[481160,462600],[480858,462753],[480359,462391],[480276,462360],[480259,462398],[480249,462694],[480183,462694],[479432,462387],[479395,462308],[479384,461815],[479450,461784],[479773,461760],[479839,461716],[479760,461310],[479500,460990],[479340,460520],[479250,460310],[479080,460130],[478890,459990],[478810,459750],[478732,459340],[478500,459324],[478497,459255],[478161,459140],[477691,459066],[477385,458961],[477178,458952],[476950,458998],[476817,458982],[476695,458996],[476324,458987],[476330,459070],[476130,459030],[476000,459060],[475890,459060],[475610,459500],[475680,459510],[475960,459910],[476050,459960],[476110,459950],[476240,459890],[476120,460700],[475370,460750],[475040,460690],[474380,460770],[474180,460820],[473880,460950],[473640,461100],[473540,460910],[473440,460790],[473280,460640],[473170,460510],[473060,460430],[472970,460310],[472970,460150],[472940,459900],[472940,459570],[472910,459380],[472990,459270],[473030,458990],[473150,458790],[473310,458610],[473570,458440],[473650,458350],[473680,458220],[473640,458090],[473480,457990],[473332,457803],[473384,457535],[473408,457256],[473329,457190],[473180,457180],[473090,457210],[472870,457220],[472740,456750],[472932,456491],[473040,456417],[473095,456403],[473534,456468],[474019,456470],[474129,456426],[474128,456100],[474101,455769],[473960,455240],[473720,455050],[473580,454910],[472716,454690],[472075,454425],[471608,454159],[471557,454151],[471119,454379],[471080,454421],[471070,454767],[471033,454785],[470470,454790],[470490,454650],[470410,454200],[470340,453920],[470270,453720],[470240,453530],[470150,453410],[470090,453270],[470090,453080],[470130,452930],[470680,452600],[470850,452480],[470880,452230],[470830,451770],[470590,451540],[470530,451400],[470560,451250],[470650,451150],[470660,450950],[470640,450800],[470590,450710],[470590,450570],[470620,450510],[470590,450420],[470460,450260],[470460,450190],[470580,450000],[470640,449860],[470600,449490],[470640,449400],[470730,449350],[470680,449250],[470620,449180],[470560,449010],[470204,448792],[470180,447959],[470910,447960],[470870,447820],[470830,447770],[470535,447718],[470470,447540],[470360,447400],[470290,447250],[470250,447120],[470220,446810],[470230,446410],[470190,446330],[470070,446290],[469910,446280],[469840,446210],[469710,445830],[469710,445430],[469530,445080],[469390,444930],[470845,444374],[470850,444210],[470740,444100],[470730,444010],[470760,443910],[470720,443660],[470773,443372],[470642,443461],[470588,443409],[470570,443409],[470550,443442],[470449,443319],[470408,443120],[470263,443114],[470147,443148],[470036,443210],[470060,443260],[470090,443480],[470040,443610],[469760,444020],[469700,444020],[469590,444070],[469480,444170],[469431,443933],[469205,443831],[469215,443695],[468852,443663],[468624,443626],[468393,443519],[468221,443462],[468047,443484],[467990,443530],[467530,443210],[467180,442990],[466840,442870],[466410,442820],[466320,442770],[466300,442690],[466340,442560],[466350,442400],[466330,442280],[466280,442190],[466190,442110],[466120,441970],[466150,441870],[466250,441760],[466270,441670],[466250,441500],[466160,441200],[466160,441080],[466020,440950],[465870,440860],[465570,440810],[465460,440720],[465410,440560],[465130,440350],[465080,440290],[464900,440210],[464760,440190],[464690,440120],[464620,440010],[464510,439930],[464410,439810],[464280,439730],[464140,439680],[463970,439650],[463850,439610],[463800,439550],[463770,439440],[463760,439300],[463690,439060],[463690,438960],[463650,438830],[463470,438570],[463350,438500],[463160,438490],[462910,438520],[462710,438650],[462616,438733],[462640,438780],[462630,438940],[462570,439340],[462520,439460],[461980,439400],[461950,439520],[461820,439600],[461860,439720],[461850,439840],[461870,439890],[461880,440000],[461740,440053],[461258,440084],[461051,440042],[460512,439853],[459989,439633],[459927,439633],[459531,439871],[458825,440117],[458030,440048],[458002,440084],[458050,440340],[457950,440470],[457760,440670],[457590,440810],[457490,440950],[457440,441100],[457490,441270],[457540,441370],[457820,441470],[458150,441770],[458280,441920],[458440,442000],[458640,442300],[458900,442520],[458936,442529],[458676,442717],[458569,442844],[458472,442892],[458238,442970],[458116,443044],[458035,443160],[457876,443295],[457570,443311],[457600,443400],[457600,443600],[457500,443700],[457500,443800],[457337,443994],[457055,444221],[456990,444388],[456955,444630],[456800,444776],[456710,444590],[456420,444350],[456169,444606],[455914,444499],[455920,444570],[455900,444650],[455869,444650],[455800,444710],[455655,444787],[455500,445000],[455400,445080],[455320,445190],[455247,445220],[455177,445344],[455111,445611],[455111,445735],[455053,446019],[454983,446212],[454970,446342],[454593,446143],[454419,446440],[454313,446559],[454232,446709],[454181,446652],[454002,447060],[453873,447050],[453787,447012],[453583,446963],[453508,447207],[453514,447226],[453379,447435],[453324,447552],[453295,447559],[453218,447684],[452900,447700],[452900,447600],[452600,448000],[452600,448300],[452800,448400],[452614,448768],[452639,448828],[452628,449008],[452591,449091],[452588,449161],[452519,449313],[452494,449450],[452440,449540],[452430,449630],[452350,449750],[452340,449810],[452390,449930],[452330,450000],[452290,450140],[452110,450320],[452070,450540],[452070,450790],[451860,451210],[451790,451290],[451770,451420],[451700,451620],[451440,452010],[451300,452120],[451250,452210],[451270,452320],[451370,452490],[451370,452560],[451290,452740],[451180,452930],[451110,453190],[451000,453510],[451060,453600],[451090,453700],[451148,454214],[451126,454243],[451079,454261],[450861,454273],[450733,454257],[450512,453989],[450466,453966],[449894,453828],[449833,453830],[449803,453856],[449784,453939],[449750,454394],[449751,454707],[449789,455262],[449754,455325],[449152,455556],[448652,455639],[448450,455640],[448400,455590],[448340,455360],[448290,455300],[448240,455320],[448220,455370],[448210,455430],[448220,455610],[448180,455670],[447820,455720],[447750,455690],[447640,455520],[447610,455380],[447620,455080],[447660,455010],[447860,454970],[447910,454920],[448000,454910],[448020,454880],[448000,454830],[447950,454780],[447790,454700],[447730,454650],[447740,454570],[447810,454490],[447810,454430],[447750,454330],[447730,454250],[447650,454200],[447570,454220],[447570,454270],[447630,454380],[447640,454440],[447620,454510],[447560,454470],[447270,454460],[446970,454350],[446900,454340],[446900,454380],[446950,454460],[446960,454530],[446930,454590],[446900,454790],[446840,454870],[446510,454920],[446370,454920],[446170,454820],[446070,454820],[446020,454750],[446110,454610],[446150,454490],[446250,454290],[446370,454210],[446360,454120],[446290,454070],[446050,454120],[445910,454210],[445840,454280],[445740,454440],[445610,454460],[445560,454400],[445460,454100],[445560,453930],[445470,453850],[445260,453810],[445140,453830],[445090,453930],[445050,454100],[444980,454120],[444650,453930],[444680,453890],[444910,453800],[444920,453700],[444890,453600],[444930,453390],[444880,453340],[444630,453270],[444360,453220],[444210,453290],[444140,453290],[444100,453240],[444150,453120],[444260,452990],[444220,452940],[444000,452910],[443810,452830],[443660,452800],[443510,452810],[443430,452850],[443310,453110],[443190,453210],[442950,453150],[442670,452980],[442390,452860],[442340,452770],[442360,452710],[442440,452660],[442500,452580],[442480,452490],[442250,452500],[442090,452530],[441990,452570],[441940,452640],[441840,452660],[441710,452650],[441640,452710],[441620,452800],[441650,452850],[441650,452950],[441570,452950],[441540,452930],[441440,452920],[441380,452970],[441290,453100],[441160,453410],[441120,453440],[441070,453400],[441040,453350],[440790,453160],[440710,453160],[440570,453100],[440540,453140],[440570,453230],[440590,453410],[440560,453540],[440450,453570],[440360,453510],[440320,453420],[440190,453370],[439890,453420],[439780,453390],[439750,453450],[439740,453530],[439580,453630],[439520,453720],[439400,453790],[439300,453790],[439230,453710],[439140,453540],[438990,453680],[438950,453760],[438720,453900],[438680,453990],[438690,454100],[438660,454170],[438670,454200],[438790,454260],[438850,454220],[438920,454260],[438980,454330],[438980,454480],[438920,454510],[438800,454480],[438480,454330],[438180,454220],[437716,454017],[437506,453731],[437499,453669],[437527,453535],[437623,453169],[437592,453132],[437499,453097],[437355,453079],[436839,453079],[436343,453308],[436276,453335],[436231,453335],[436131,453291],[435735,452991],[435219,452653],[434506,452430],[434366,452407],[433711,452370],[433246,452219],[433025,452119],[432546,451733],[432219,451363],[432113,451350],[431741,451456],[431549,451491],[431065,451538],[431005,451526],[430968,451498],[430836,451157],[430793,451080],[430742,451058],[430677,451058],[430316,451160],[430207,451160],[430105,451109],[429792,450892],[429741,450892],[429591,451034],[429437,451219],[429382,451256],[428793,451162],[428721,451189],[428276,451494],[427790,451781],[426973,451896],[426805,451896],[426533,451782],[426305,451716],[425905,451716],[425244,451805],[424879,451878],[423877,452139],[423804,452198],[423749,452269],[423364,452964],[423314,453000],[423263,453000],[423226,452980],[422934,452709],[422892,452688],[422849,452688],[422823,452718],[422797,452825],[422731,453281],[422696,453354],[422300,453752],[422119,453962],[421997,454399],[421946,454468],[421759,454598],[421759,454637],[421785,454675],[422252,454908],[422547,455079],[422602,455133],[422602,455178],[422576,455220],[422521,455249],[421698,455440],[421587,455492],[420835,456023],[420784,456116],[420753,456424],[420717,456526],[420514,456639],[420387,456691],[420344,456691],[420311,456671],[420173,456382],[420118,456322],[420064,456314],[418939,456398],[418594,456435],[417874,456544],[417716,456586],[417253,456843],[416644,457077],[416555,457095],[416110,456928],[415833,456905],[415708,456870],[415666,456829],[415641,456695],[415668,456614],[415757,456477],[415758,456430],[415732,456401],[415506,456397],[414879,456445],[414698,456441],[414624,456402],[414326,456172],[414216,456127],[414133,456146],[413851,456298],[413765,456313],[413701,456300],[412950,455940],[412165,455611],[412009,455585],[411902,455619],[411827,455716],[411803,455724],[411759,455708],[411716,455723],[411708,455780],[411645,455807],[411607,455877],[411575,455890],[411582,456007],[411493,455984],[411414,456167],[411200,456380],[411213,456485],[411130,457121],[410867,457592],[410763,457677],[410056,457527],[410058,457614],[409630,459310],[409148,459534],[408385,459984],[408510,460300],[408636,460551],[408656,460648],[408556,460835],[408607,460904],[408587,460954],[408350,461170],[408520,461360],[408590,461400],[408680,461510],[408830,461620],[408970,461690],[409120,461730],[409248,461836],[409674,461934],[409714,462432],[409854,462797],[410130,463200],[410390,463620],[410445,463787],[410528,463860],[410411,463943],[410157,464213],[409488,464710],[409166,465000],[408751,466826],[408551,467068],[408206,467091],[408125,467119],[407960,467376],[407465,467402],[407225,467618],[407078,468205],[406978,468288],[406951,468523],[406909,468620],[406889,468739],[406558,468930],[406500,469040],[406299,469636],[405770,469499],[405526,469418],[405278,469450],[405186,469385],[405064,469413],[404919,469482],[404670,469640],[404434,469623],[404220,469750],[403591,469900],[403529,469941],[402958,470701],[402873,471080],[403006,471252],[403114,471874],[402484,472933],[402323,473048],[401904,473563],[400951,473415],[400887,473340],[400855,473263],[400546,473253],[400496,473290],[400215,473852],[400216,474258],[400123,474696],[399804,475231],[399319,475204],[399137,475221],[398887,475598],[398760,475577],[398585,475676],[398540,475590],[398338,475596],[398049,475445],[397831,475555],[397867,476072],[397722,476137],[397203,476309],[397110,476233],[396875,476667],[396763,477037],[396813,477138],[396558,477682],[396431,477731],[396234,477850],[396219,477885],[396196,477987],[396158,478379],[396097,478540],[396088,478775],[396109,479047],[396141,479120],[396156,479227],[396149,479343],[396128,479399],[395659,479655],[395535,479669],[395460,479710],[395130,480018],[394966,480231],[394935,480296],[394846,480334],[394718,480333],[394668,480404],[394665,480472],[394331,480702],[394219,480877],[394196,480882],[393902,481365],[393714,481505],[393630,481598],[393605,481744],[393577,481810],[393008,481798],[392824,481827],[392702,481877],[392533,481664],[392393,481550],[392189,481436],[391969,481363],[391866,481195],[391718,481116],[391342,481072],[391237,481089],[390940,481072],[390829,481186],[390741,481601],[390735,481766],[390771,481957],[390758,482070],[390723,482156],[390275,481883],[390155,482085],[390216,482219],[389885,482117],[389724,482006],[389617,481840],[389619,481749],[389234,481412],[389207,481408],[389162,481461],[388899,481428],[388853,481457],[388268,482254],[388039,482525],[387935,482558],[387900,482584],[387866,482675],[387644,483059],[387497,483182],[387395,483308],[387413,483376],[387209,483538],[386270,483589],[386139,483661],[386112,483807],[386005,483869],[385706,483951],[385500,483953],[385163,484078],[385082,483874],[384744,483976],[384426,483669],[384324,483632],[384238,483638],[384026,483773],[383809,483751],[383709,483772],[383650,483763],[383316,483554],[383278,483571],[383186,483515],[383047,483552],[382835,483539],[382630,483393],[382468,483201],[382326,483122],[381902,483241],[381707,483317],[381356,483526],[381072,483750],[380829,483976],[380632,484069],[380342,484080],[379821,484132],[379630,484345],[379279,485626],[378996,486298],[378805,486587],[378740,486859],[378727,487223],[379206,488064],[379374,488429],[379458,490447],[379506,492216],[379417,492721],[378789,493414],[377506,494715],[377336,494912],[377240,495164],[377180,495565],[377283,495767],[379002,496919],[379802,497671],[380289,498192],[380634,498441],[381049,498654],[381303,498896],[381374,499243],[381313,499440],[380762,500269],[380576,500465],[380498,500978],[380427,501830],[380435,503013],[380511,503338],[380615,503645],[380777,503935],[381407,504592],[381577,505476],[381652,505795],[381808,506013],[382048,506128],[382547,506267],[383682,506443],[384155,506533],[384359,506619],[384544,506799],[384759,507100],[384927,507227],[385077,507251],[385251,507187],[385506,507002],[386230,506561],[386572,506376],[386798,506312],[387006,506335],[387541,506625],[388498,507256],[389339,507922],[389921,508574],[390014,509031],[390080,509831],[390027,510370],[389923,511066],[389951,512675],[389922,512907],[389797,513156],[389502,513579],[389320,513985],[389249,514435],[389168,514684],[388185,515405],[387404,515851],[387253,516022],[387193,516252],[387103,516489],[386955,517274],[386908,517407],[386826,517572],[386555,517853],[384647,519368],[384327,519669],[383992,520341],[383770,520567],[383342,520962],[382988,521257],[381939,522220],[381446,522737],[381185,523108],[381000,523531],[380839,524237],[380671,524555],[380579,524950],[380526,525268],[379980,525808],[379795,526121],[379568,526376],[379512,526515],[379490,526723],[379524,526941],[380619,527950],[380994,528376],[381066,528678],[381095,528950],[381061,529211],[380968,529489],[380794,529669],[380487,529912],[379778,530295],[379282,530490],[378983,530676],[378998,531007],[378872,531116],[378540,531120],[378320,531260],[378230,531350],[378030,531600],[377810,532030],[377750,532080],[377530,532140],[377480,532210],[377460,532340],[377350,532480],[377360,532630],[377420,532750],[377420,532860],[377360,532940],[377210,532990],[377240,533140],[377360,533340],[377380,533410],[377290,533470],[377120,533660],[377200,533720],[377310,533850],[377390,534000],[377480,534060],[377710,534050],[377870,534120],[377900,534290],[377960,534470],[378030,534580],[378030,534650],[377990,534720],[377880,534840],[377840,534990],[377970,535110],[378020,535190],[377990,535350],[378000,535500],[378080,535700],[378150,535780],[378290,535830],[378370,536080],[378570,536250],[378810,536600],[379115,536893],[378865,537011],[378699,537496],[378795,537851],[379051,538152],[378986,538286],[379084,538494],[379010,538751],[379056,539199],[379248,539676],[379448,540060],[379296,540610],[379355,541076],[379667,541581],[380158,541926],[380256,542109],[380049,542322],[380047,542618],[380390,542929],[380604,543393],[380640,543785],[380480,544430],[380331,544781],[378899,545997],[378200,546700],[377829,547214],[377561,547888],[377218,548305],[376294,548981],[375726,549196],[375296,549514],[374983,549718],[374798,550276],[374541,550814],[374425,551138],[374319,551271],[374044,551155],[373657,550673],[372827,549860],[372450,549620],[372110,549500],[372000,549430],[371850,549220],[371810,549190],[371750,549180],[371650,549040],[371320,549000],[371200,548890],[371080,548700],[370900,548670],[370660,548640],[370630,548760],[370430,548880],[370400,548770],[370360,548710],[370280,548640],[370290,548520],[370230,548420],[369930,548040],[369770,547910],[369680,547810],[369590,547640],[369490,547510],[369450,547420],[369360,547380],[369300,547270],[369140,547120],[369030,546950],[368970,546890],[368840,546860],[368720,546810],[368400,546490],[368150,546290],[367950,546270],[367730,546330],[367330,546170],[367220,546090],[367100,546060],[366960,546060],[366860,546040],[366780,546000],[366610,545980],[366500,545940],[366430,545840],[366310,545800],[366160,545840],[365910,545820],[365780,545860],[365550,545990],[365183,546497],[364221,547017],[363614,547784],[363316,548662],[362977,549223],[362682,550272],[362741,550497],[362774,550956],[362525,551327],[362207,551652],[361743,552334],[361425,552711],[361297,553111],[361332,553430],[361758,554345],[362123,554781],[362701,555167],[363239,555633],[363461,556042],[363609,556649],[363709,557290],[364499,558740],[364820,559140],[365070,559340],[365090,559430],[365050,559540],[365000,559620],[364990,559760],[365019,560101],[364902,560452],[364302,561310],[363899,562012],[363619,562608],[363713,563035],[363771,563411],[363643,563730],[363389,563854],[363088,563863],[362682,563915],[362329,564049],[362086,564240],[361856,564889],[361885,565266],[362064,565550],[362522,565782],[363320,566070],[363831,566177],[364010,566255],[364122,566369],[364185,566502],[364170,566938],[364000,567809],[363774,568306],[363560,568717],[363600,569117],[363710,569340],[363820,569370],[363860,569420],[363820,569470],[363820,569560],[363930,569610],[364340,569720],[364480,569670],[364550,569610],[364620,569630],[364683,569720],[364750,569780],[364900,569800],[365170,570040],[365220,570300],[365220,570380],[365340,570440],[365540,570460],[365590,570490],[365640,570560],[365670,570640],[365810,570640],[365870,570610],[366000,570600],[366200,570730],[366360,570640],[366440,570690],[366450,570980],[366490,571080],[366590,571100],[366850,571070],[367010,571110],[367090,571190],[367200,571250],[367360,571220],[367560,571270],[367670,571250],[367830,571190],[367940,571220],[367920,571320],[367860,571370],[367840,571450],[367890,571520],[368160,571600],[368420,571590],[368600,571600],[368840,571660],[369130,571780],[369290,571870],[369360,572000],[369320,572180],[369140,572400],[369000,572500],[368990,572670],[368930,572760],[368760,572870],[368590,573070],[368600,573200],[368680,573360],[368710,573500],[368620,573460],[368550,573370],[368470,573370],[368380,573570],[368180,573730],[368090,573830],[368080,574160],[368050,574250],[368150,574330],[368130,574390],[368050,574390],[368010,574410],[368040,574490],[368100,574570],[368240,574640],[368350,574660],[368420,574790],[368520,574790],[368670,574970],[368660,575110],[368590,575360],[368510,575440],[368330,575540],[368180,575720],[368170,575860],[368250,575920],[368360,575950],[368370,576070],[368430,576290],[368520,576490],[368630,576580],[368760,576520],[368830,576450],[368970,576390],[369110,576580],[369099,576641],[369070,576670],[368920,576740],[368780,576780],[368870,576940],[368810,577020],[368490,577030],[368290,577210],[368150,577460],[368010,577510],[367910,577460],[367800,577370],[367340,577340],[367170,577300],[367070,576900],[366890,576880],[366630,576910],[366540,576850],[366500,576750],[366380,576830],[366280,576810],[366180,576710],[366130,576620],[366070,576610],[365940,576680],[365780,576680],[365730,576700],[365630,576800],[365530,576860],[365380,576760],[365190,576770],[365160,576710],[365100,576660],[365010,576660],[365060,576550],[365040,576480],[364970,576480],[364800,576560],[364820,576610],[364760,576890],[364680,577140],[364490,577340],[364210,577490],[364100,577650],[363910,577710],[363880,577800],[363890,577900],[363810,577910],[363780,578030],[363810,578110],[363690,578250],[363530,578320],[363410,578240],[363370,578190],[363250,578140],[363170,578230],[363040,578200],[362980,578280],[362950,578380],[362890,578470],[362830,578740],[362780,578820],[362590,578910],[362380,578970],[362300,579030],[362210,579510],[362220,580000],[362180,580100],[362020,580210],[361900,580347],[361900,580600],[361845,580811],[361800,581190],[361905,581296],[361642,581314],[361445,581475],[361184,581501],[360483,581825],[360287,581799],[360200,581642],[359757,581669],[359563,581878],[358837,582046],[358727,582198],[358569,582240],[358217,582616],[357929,583757],[357486,583867],[357192,584367],[357093,584779],[356938,584782],[356930,584974],[357028,585139],[356890,585470],[356770,585840],[356658,586235],[356664,586345],[356800,586391],[357013,586734],[357152,586808],[357136,587051],[356790,587591],[356130,588490],[356250,588570],[356390,588940],[356420,589220],[356620,589400],[356640,589540],[356580,589740],[356590,589880],[356551,590052],[356887,590554],[357760,592090],[358119,591936],[358861,591929],[359284,592055],[359446,592231],[359928,592345],[359725,592541],[359680,593030],[359800,593320],[359840,593560],[359820,593650],[359920,593840],[359960,593980],[359970,594100],[359940,594200],[360020,594510],[360000,594660],[360040,594730],[360200,594830],[360730,594990],[360820,595000],[360898,594961],[360950,594910],[361060,594890],[361170,594930],[361225,594968],[361116,595137],[360911,595225],[360634,595275],[360412,595375],[360257,595486],[359690,596110],[359380,596290],[359270,596460],[360268,596630],[360301,596886],[360221,597139],[360402,597237],[360660,597840],[360903,598285],[361108,598417],[361405,598967],[361655,599194],[362067,599369],[362377,599700],[362935,600000],[363691,600461],[363673,600894],[364144,601175],[364278,601574],[364726,602066],[364598,602412],[364621,602786],[365165,602548],[365633,602968],[366420,603309],[366762,603208],[367107,603360],[367521,604085],[367806,604310],[368262,604913],[368245,605247],[368452,605443],[368707,606054],[368954,606368],[369111,606531],[369440,606800],[369740,606960],[369956,607024],[370511,606695],[370788,606851],[371020,606870],[371340,606990],[371620,607210],[371946,607338],[372300,607310],[372580,607200],[372830,607140],[373050,607160],[373350,607270],[373770,607320],[374018,607268],[374320,607149],[374623,606881],[374831,606604],[374912,606330],[374920,606190],[375162,606088],[375450,606150],[375900,606380],[376180,606600],[376550,607020],[377605,607671],[378416,607966],[378716,608151],[378176,608833],[378792,609348],[379185,609739],[378891,609951],[378900,610830],[378760,611050],[378410,611440],[378280,611630],[378250,611758],[378558,611974],[378640,612070],[378840,612150],[378989,612124],[378846,612747],[379053,612937],[379337,612728],[379642,612737],[379670,612810],[379850,612750],[380070,612730],[380317,612729],[380470,612688],[380546,612957],[381518,613603],[381545,613879],[381601,614018],[381587,614211],[381974,614350],[382195,614502],[382389,614834],[382486,614875],[382679,614848],[382803,614806],[382928,615110],[383011,615180],[383149,615207],[383370,615166],[383592,615014],[383661,615069],[383702,615456],[383979,615401],[384642,615415],[385071,615373],[385154,615276],[385472,615110],[385596,615373],[385748,615318],[386039,615387],[386080,615484],[386744,615802],[387297,616106],[387408,616328],[387712,616563],[387836,616701],[387919,616978],[387919,617130],[387947,617268],[387947,617489],[388030,617683],[388237,617904],[388306,618084],[388202,618387],[388147,618727],[388670,619050],[388880,619110],[389240,619170],[389640,619380],[389650,619580],[389540,619710],[389330,619780],[389040,619910],[388764,620084],[388120,620360],[387503,620365],[387275,620832],[387156,620904],[387096,621012],[387335,621778],[387287,621898],[386593,623132],[386281,623743],[386054,623826],[385862,623874],[385778,623970],[385551,624153],[385413,624363],[385290,624710],[385310,624990],[385360,625220],[385461,626192],[385468,626347],[385441,626544],[385365,626740],[385353,626952],[385347,627647],[385434,627948],[385247,628378],[384929,628724],[384780,628984],[384739,629163],[384829,629381],[385295,630036],[385350,630136],[385388,630281],[385363,631002],[385404,631112],[386009,631984],[386088,632035],[386154,632035],[386364,631991],[386453,631998],[386605,632077],[386670,632135],[386857,632600],[386974,632820],[387201,633144],[387266,633282],[387349,633537],[387519,634293],[387646,634679],[387715,634800],[387804,634879],[387942,634938],[388087,634972],[388407,635008],[388549,635006],[388602,634990],[388740,634895],[389308,634365],[389366,634331],[389432,634317],[389611,634317],[389793,634283],[390149,634043],[390194,633971],[390228,633716],[390184,633388],[390029,633058],[390029,632979],[390068,632889],[390232,632696],[390555,632384],[390826,632155],[391138,631961],[391213,631927],[391276,631931],[391340,631967],[391396,632057],[391685,632655],[391768,632748],[391847,632800],[392081,632817],[392360,632807],[392762,632752],[392838,632773],[392952,632859],[393203,633120],[393709,633126],[393801,633189],[393956,633435],[394086,633505],[394615,633497],[394864,633416],[395498,633156],[395613,633164],[395725,633242],[395798,633456],[395794,633635],[395759,633767],[395620,634050],[395603,634374],[395655,634629],[395706,634780],[395810,634884],[396261,635118],[396542,635352],[396539,635421],[396208,635822],[396200,635887],[396226,635940],[396381,635997],[396541,636003],[397145,635952],[397404,636024],[397470,636058],[397492,636101],[397503,636184],[397495,636960],[397640,637290],[397701,637384],[397769,637456],[397849,637490],[397986,637493],[398432,637423],[398885,637196],[399259,636927],[399823,636344],[400277,636029],[400456,635943],[400610,635897],[400929,635874],[401295,635931],[401906,636118],[403166,636652],[403314,636749],[404225,637643],[404340,637712],[404471,637755],[404611,637762],[404711,637717],[404799,637624],[404817,637545],[404803,637473],[404755,637380],[404741,637294],[404789,637225],[404910,637176],[405522,637078],[405849,637071],[406131,637088],[406393,637140],[407248,637370],[407969,637600],[408366,637787],[408805,638017],[409263,638294],[409390,638407],[409535,638628],[409579,638910],[409669,639130],[409896,639334],[410140,639500],[410064,639620],[410259,639679],[410430,639758],[410635,639928],[410789,640025],[411260,640179],[411426,640264],[411674,640517],[411956,640739],[412141,640933],[412294,641032],[412490,641089],[412828,641126],[413305,641126],[413646,641091],[413846,641037],[413932,640996],[414212,640770],[414434,640669],[414291,639771],[414288,639481],[414321,639303],[414436,638954],[414619,638524],[415172,637546],[415278,637301],[415329,637120]]]]}},{"type":"Feature","properties":{"name":"North West England","operator":"Electricity North West"},"geometry":{"type":"MultiPolygon","coordinates":[[[[357929,583757],[358217,582616],[358569,582240],[358727,582198],[358837,582046],[359563,581878],[359757,581669],[360200,581642],[360287,581799],[360483,581825],[361184,581501],[361445,581475],[361642,581314],[361905,581296],[361800,581190],[361845,580811],[361900,580600],[361900,580347],[362020,580210],[362180,580100],[362220,580000],[362210,579510],[362300,579030],[362380,578970],[362590,578910],[362780,578820],[362830,578740],[362890,578470],[362950,578380],[362980,578280],[363040,578200],[363170,578230],[363250,578140],[363370,578190],[363410,578240],[363530,578320],[363690,578250],[363810,578110],[363780,578030],[363810,577910],[363890,577900],[363880,577800],[363910,577710],[364100,577650],[364210,577490],[364490,577340],[364680,577140],[364760,576890],[364820,576610],[364800,576560],[364970,576480],[365040,576480],[365060,576550],[365010,576660],[365100,576660],[365160,576710],[365190,576770],[365380,576760],[365530,576860],[365630,576800],[365730,576700],[365780,576680],[365940,576680],[366070,576610],[366130,576620],[366180,576710],[366280,576810],[366380,576830],[366500,576750],[366540,576850],[366630,576910],[366890,576880],[367070,576900],[367170,577300],[367340,577340],[367800,577370],[367910,577460],[368010,577510],[368150,577460],[368290,577210],[368490,577030],[368810,577020],[368870,576940],[368780,576780],[368920,576740],[369070,576670],[369099,576641],[369110,576580],[368970,576390],[368830,576450],[368760,576520],[368630,576580],[368520,576490],[368430,576290],[368370,576070],[368360,575950],[368250,575920],[368170,575860],[368180,575720],[368330,575540],[368510,575440],[368590,575360],[368660,575110],[368670,574970],[368520,574790],[368420,574790],[368350,574660],[368240,574640],[368100,574570],[368040,574490],[368010,574410],[368050,574390],[368130,574390],[368150,574330],[368050,574250],[368080,574160],[368090,573830],[368180,573730],[368380,573570],[368470,573370],[368550,573370],[368620,573460],[368710,573500],[368680,573360],[368600,573200],[368590,573070],[368760,572870],[368930,572760],[368990,572670],[369000,572500],[369140,572400],[369320,572180],[369360,572000],[369290,571870],[369130,571780],[368840,571660],[368600,571600],[368420,571590],[368160,571600],[367890,571520],[367840,571450],[367860,571370],[367920,571320],[367940,571220],[367830,571190],[367670,571250],[367560,571270],[367360,571220],[367200,571250],[367090,571190],[367010,571110],[366850,571070],[366590,571100],[366490,571080],[366450,570980],[366440,570690],[366360,570640],[366200,570730],[366000,570600],[365870,570610],[365810,570640],[365670,570640],[365640,570560],[365590,570490],[365540,570460],[365340,570440],[365220,570380],[365220,570300],[365170,570040],[364900,569800],[364750,569780],[364683,569720],[364620,569630],[364550,569610],[364480,569670],[364340,569720],[363930,569610],[363820,569560],[363820,569470],[363860,569420],[363820,569370],[363710,569340],[363600,569117],[363560,568717],[363774,568306],[364000,567809],[364170,566938],[364185,566502],[364122,566369],[364010,566255],[363831,566177],[363320,566070],[362522,565782],[362064,565550],[361885,565266],[361856,564889],[362086,564240],[362329,564049],[362682,563915],[363088,563863],[363389,563854],[363643,563730],[363771,563411],[363713,563035],[363619,562608],[363899,562012],[364302,561310],[364902,560452],[365019,560101],[364990,559760],[365000,559620],[365050,559540],[365090,559430],[365070,559340],[364820,559140],[364499,558740],[363709,557290],[363609,556649],[363461,556042],[363239,555633],[362701,555167],[362123,554781],[361758,554345],[361332,553430],[361297,553111],[361425,552711],[361743,552334],[362207,551652],[362525,551327],[362774,550956],[362741,550497],[362682,550272],[362977,549223],[363316,548662],[363614,547784],[364221,547017],[365183,546497],[365550,545990],[365780,545860],[365910,545820],[366160,545840],[366310,545800],[366430,545840],[366500,545940],[366610,545980],[366780,546000],[366860,546040],[366960,546060],[367100,546060],[367220,546090],[367330,546170],[367730,546330],[367950,546270],[368150,546290],[368400,546490],[368720,546810],[368840,546860],[368970,546890],[369030,546950],[369140,547120],[369300,547270],[369360,547380],[369450,547420],[369490,547510],[369590,547640],[369680,547810],[369770,547910],[369930,548040],[370230,548420],[370290,548520],[370280,548640],[370360,548710],[370400,548770],[370430,548880],[370630,548760],[370660,548640],[370900,548670],[371080,548700],[371200,548890],[371320,549000],[371650,549040],[371750,549180],[371810,549190],[371850,549220],[372000,549430],[372110,549500],[372450,549620],[372827,549860],[373657,550673],[374044,551155],[374319,551271],[374425,551138],[374541,550814],[374798,550276],[374983,549718],[375296,549514],[375726,549196],[376294,548981],[377218,548305],[377561,547888],[377829,547214],[378200,546700],[378899,545997],[380331,544781],[380480,544430],[380640,543785],[380604,543393],[380390,542929],[380047,542618],[380049,542322],[380256,542109],[380158,541926],[379667,541581],[379355,541076],[379296,540610],[379448,540060],[379248,539676],[379056,539199],[379010,538751],[379084,538494],[378986,538286],[379051,538152],[378795,537851],[378699,537496],[378865,537011],[379115,536893],[378810,536600],[378570,536250],[378370,536080],[378290,535830],[378150,535780],[378080,535700],[378000,535500],[377990,535350],[378020,535190],[377970,535110],[377840,534990],[377880,534840],[377990,534720],[378030,534650],[378030,534580],[377960,534470],[377900,534290],[377870,534120],[377710,534050],[377480,534060],[377390,534000],[377310,533850],[377200,533720],[377120,533660],[377290,533470],[377380,533410],[377360,533340],[377240,533140],[377210,532990],[377360,532940],[377420,532860],[377420,532750],[377360,532630],[377350,532480],[377460,532340],[377480,532210],[377530,532140],[377750,532080],[377810,532030],[378030,531600],[378230,531350],[378320,531260],[378540,531120],[378872,531116],[378998,531007],[378983,530676],[379282,530490],[379778,530295],[380487,529912],[380794,529669],[380968,529489],[381061,529211],[381095,528950],[381066,528678],[380994,528376],[380619,527950],[379524,526941],[379490,526723],[379512,526515],[379568,526376],[379795,526121],[379980,525808],[380526,525268],[380579,524950],[380671,524555],[380839,524237],[381000,523531],[381185,523108],[381446,522737],[381939,522220],[382988,521257],[383342,520962],[383770,520567],[383992,520341],[384327,519669],[384647,519368],[386555,517853],[386826,517572],[386908,517407],[386955,517274],[387103,516489],[387193,516252],[387253,516022],[387404,515851],[388185,515405],[389168,514684],[389249,514435],[389320,513985],[389502,513579],[389797,513156],[389922,512907],[389951,512675],[389923,511066],[390027,510370],[390080,509831],[390014,509031],[389921,508574],[389339,507922],[388498,507256],[387541,506625],[387006,506335],[386798,506312],[386572,506376],[386230,506561],[385506,507002],[385251,507187],[385077,507251],[384927,507227],[384759,507100],[384544,506799],[384359,506619],[384155,506533],[383682,506443],[382547,506267],[382048,506128],[381808,506013],[381652,505795],[381577,505476],[381407,504592],[380777,503935],[380615,503645],[380511,503338],[380435,503013],[380427,501830],[380498,500978],[380576,500465],[380762,500269],[381313,499440],[381374,499243],[381303,498896],[381049,498654],[380634,498441],[380289,498192],[379802,497671],[379002,496919],[377283,495767],[377180,495565],[377240,495164],[377336,494912],[377506,494715],[378789,493414],[379417,492721],[379506,492216],[379458,490447],[379374,488429],[379206,488064],[378727,487223],[378740,486859],[378805,486587],[378996,486298],[379279,485626],[379630,484345],[379821,484132],[380342,484080],[380632,484069],[380829,483976],[381072,483750],[381356,483526],[381707,483317],[381902,483241],[382326,483122],[382468,483201],[382630,483393],[382835,483539],[383047,483552],[383186,483515],[383213,483508],[383326,483368],[383496,483007],[383606,482425],[383592,481928],[383481,481570],[383174,481225],[382069,480455],[381755,480102],[381471,479727],[381281,479402],[381215,479139],[381230,478796],[381393,478585],[381676,478387],[382058,478163],[382480,477961],[382764,477764],[383024,477567],[383412,477173],[383818,476506],[384243,475676],[384834,474940],[384926,474731],[384961,474285],[385214,473669],[385664,472970],[386232,472229],[387509,470891],[388223,470242],[388814,469831],[389416,469500],[389954,469170],[390181,468921],[390459,468770],[390856,468682],[391767,468540],[392051,468327],[392243,468134],[392405,467901],[392497,467577],[392537,467252],[392611,466877],[392828,466389],[393089,466071],[393257,465804],[393329,465607],[393358,465317],[393335,465039],[393254,464825],[393178,464697],[393005,464535],[392831,464338],[392738,464088],[392631,463556],[392316,462855],[391447,461706],[389990,460301],[389868,460031],[389858,459656],[389965,459238],[390456,458815],[390672,458577],[390818,457559],[390834,457205],[390739,456929],[390668,456897],[389497,457458],[389127,457533],[388762,457568],[388477,457553],[387797,457410],[387359,456845],[387291,456316],[387427,455516],[387487,454612],[387449,453898],[387317,453056],[387416,452023],[387525,451715],[387879,451020],[387997,450704],[387904,450533],[386764,449952],[386161,449704],[385755,449663],[385380,449531],[384871,449202],[384312,448746],[384224,448289],[384229,447695],[384546,446941],[384901,445703],[385570,444598],[385661,444253],[385559,443918],[385134,443655],[384683,443330],[384736,442798],[385091,442194],[385517,441981],[386233,442039],[386702,442236],[387166,442520],[387615,442741],[387940,443018],[388131,443279],[388246,443557],[388658,443830],[388930,443858],[389175,443777],[389386,443575],[389629,443372],[389954,443250],[392005,443162],[392219,443296],[392550,443469],[392873,443736],[393158,443922],[393724,443878],[393836,443756],[394180,443107],[394505,442742],[394859,442529],[394961,442296],[394920,442042],[394636,441756],[394552,441581],[395036,441358],[395363,440982],[395774,440617],[396216,440356],[396566,440252],[396617,439907],[396810,439623],[397202,439394],[397305,439153],[397305,437256],[397090,436965],[392549,434342],[391916,433683],[391825,433180],[391774,432460],[391364,431881],[391275,431520],[391407,430943],[391453,428624],[391349,428268],[391123,428115],[390700,427725],[390617,426939],[390505,426625],[390181,426392],[389755,426270],[389151,425954],[388916,425679],[388810,425428],[388827,425164],[389289,423729],[389412,423050],[389360,422948],[388961,422890],[388839,422733],[388943,422584],[389621,422439],[390166,422202],[390496,422098],[390584,421831],[390589,421592],[390536,420811],[390634,420533],[390776,420482],[390979,420685],[391273,420928],[391526,420959],[391849,420797],[391900,420589],[391902,420161],[391958,419907],[392232,419633],[392688,419562],[393347,419562],[393884,419532],[394644,419572],[395172,419957],[395780,420464],[396117,420721],[396349,420831],[396560,420837],[396743,420802],[396824,420622],[396807,420362],[396732,419926],[396770,419204],[396933,419052],[397732,418504],[397842,418342],[397854,417988],[397775,417623],[397555,417252],[397462,416409],[397573,416013],[398177,415585],[398283,415035],[398437,413663],[398709,413364],[400492,412329],[400937,411399],[401174,410866],[401522,410343],[402167,409773],[402327,409408],[402555,409020],[403280,408846],[403395,408637],[403708,408243],[403936,407810],[403968,407254],[404139,407110],[404668,407095],[404914,406897],[405281,406278],[405659,406157],[406574,406099],[407215,405612],[407834,404821],[408769,404810],[409659,403900],[410903,402693],[411161,402736],[411482,402865],[411714,402928],[411992,402792],[412119,402419],[412241,401793],[413270,401686],[414440,400503],[414767,400105],[414798,399719],[414757,399204],[414615,398766],[414311,398553],[413814,398360],[413090,398308],[412722,398262],[412633,398060],[412631,397205],[412515,396898],[412087,396602],[411668,396395],[410583,396365],[410127,395929],[409458,395825],[409397,395259],[410038,394508],[409899,394099],[409043,393332],[409131,392227],[408244,392102],[407676,391588],[407056,391346],[406328,390495],[407694,389192],[408699,388916],[409520,387886],[408129,386321],[410202,382991],[411009,383395],[412213,383349],[412306,382789],[413344,380199],[413272,380173],[413018,380029],[412947,379835],[412779,379506],[415503,379506],[415502,378002],[411789,377998],[411865,377778],[411888,377576],[411938,377454],[411849,377294],[411848,377208],[412006,376991],[412283,376743],[412324,376669],[412283,376477],[412247,376453],[412274,376431],[412259,376233],[412274,376164],[412341,376102],[412480,376035],[412590,375955],[412658,375808],[412658,375679],[412744,375511],[412781,375386],[413120,375258],[413173,375217],[413196,375154],[413313,375110],[413360,375019],[413427,374956],[413459,374855],[413454,374789],[413432,374738],[413445,374601],[413487,374422],[413489,374330],[413476,374314],[413505,374200],[413581,374110],[413647,373994],[413645,373962],[413541,373840],[413533,373782],[413554,373713],[413615,373636],[413705,373592],[413746,373539],[413783,373552],[413998,373448],[414023,373374],[414057,373374],[414064,373342],[414087,373339],[414095,373282],[413804,373131],[413746,373148],[413657,373207],[413542,373240],[413471,373241],[413354,373209],[413229,373212],[413160,373244],[413077,373259],[412977,373406],[412927,373448],[412547,373444],[412461,373472],[412369,373459],[412312,373421],[412278,373335],[412279,373286],[412313,373231],[412323,373184],[412396,373148],[412513,373146],[412539,373122],[412543,373083],[412513,373053],[412439,373042],[412350,372993],[412062,372785],[411939,372761],[411904,372768],[411883,372799],[411716,372800],[411554,372755],[411527,372720],[411421,372705],[411230,372735],[411194,372706],[411183,372658],[411145,372637],[411140,372592],[411064,372537],[410955,372489],[410738,372534],[410686,372601],[410590,372643],[410486,372614],[410464,372562],[410393,372542],[410259,372472],[410063,372501],[409874,372458],[409610,372532],[409365,372532],[409280,372478],[409242,372403],[409194,372357],[409032,372329],[409019,372283],[408992,372267],[408984,372310],[408954,372309],[408834,372208],[408736,372165],[408702,372176],[408683,372210],[408710,372298],[408690,372431],[408623,372486],[408359,372531],[408318,372526],[408264,372488],[408052,372486],[407801,372550],[407641,372660],[407546,372698],[407371,372716],[407172,372761],[407135,372693],[407079,372644],[407212,372316],[407114,372311],[407114,371875],[406916,371684],[406329,371547],[406340,371512],[405977,371395],[405388,371029],[405089,370786],[404806,370649],[404664,370600],[401557,370597],[401741,370476],[401773,370414],[401765,370331],[401778,370208],[401751,370107],[401690,370048],[401576,370055],[401541,370013],[401494,370013],[401476,369973],[401406,369933],[401320,369924],[401203,369854],[401159,369865],[401108,369836],[401045,369852],[401045,369826],[400996,369820],[400986,369790],[400916,369752],[400889,369672],[400748,369554],[400766,369285],[400826,369156],[400769,369148],[400807,369004],[400792,368766],[400802,368733],[400912,368608],[400942,368512],[400949,368316],[400861,368233],[400835,368096],[400735,368045],[400719,367929],[400672,367873],[400570,367822],[400558,367689],[400520,367570],[400564,367551],[400576,367526],[400492,367451],[400491,367388],[400468,367356],[400479,367071],[400452,366952],[400346,366849],[400321,366722],[400174,366658],[400182,366555],[400094,366391],[400116,366317],[400241,366291],[400277,366266],[400293,366230],[400291,365714],[399090,365716],[399076,365762],[399027,365806],[398867,365782],[398717,365842],[398577,365952],[398538,366014],[396881,366016],[396791,365940],[396613,365646],[396440,365531],[396414,365473],[396432,365417],[396534,365361],[396597,365228],[396597,364898],[396175,364899],[396135,364859],[396116,364759],[396193,364733],[396214,364623],[396291,364519],[396234,364380],[396188,364345],[396105,364327],[396073,364292],[395964,364257],[395867,364202],[395803,364193],[395698,364217],[395571,364198],[395458,364101],[395396,364019],[395387,363992],[395400,363974],[395431,363967],[395469,363982],[395476,363971],[395452,363891],[395407,363838],[395371,363837],[395316,363872],[395043,363789],[394959,363727],[394890,363700],[394845,363703],[394773,363771],[394736,363755],[394656,363760],[394614,363750],[394598,363713],[394546,363671],[394376,363682],[394270,363631],[394229,363692],[394135,363745],[394115,363803],[394045,363897],[393889,363972],[393855,363934],[393777,363936],[393748,363919],[393689,363783],[393633,363780],[393582,363818],[393549,363812],[393507,363704],[393300,363532],[393261,363551],[393171,363641],[392968,363524],[392832,363484],[392752,363513],[392739,363580],[392709,363592],[392689,363587],[392636,363506],[392551,363545],[392473,363552],[392363,363620],[392338,363739],[392350,363788],[392477,363868],[392475,363893],[392434,363945],[392397,363941],[392318,363856],[392237,363846],[392119,363965],[392119,364066],[392149,364127],[392097,364173],[392051,364176],[391956,364138],[391886,364100],[391842,364044],[391780,364031],[391754,364043],[391749,364078],[391765,364181],[391731,364221],[391693,364231],[391552,364170],[391462,364256],[391426,364320],[391404,364420],[391415,364600],[391168,365104],[391094,365150],[390860,365218],[390729,365204],[390687,365163],[390686,365210],[390626,365276],[390554,365426],[390559,365583],[390540,365621],[390502,365633],[390468,365624],[390393,365443],[390278,365383],[390267,365308],[390246,365292],[390181,365316],[389969,365459],[389947,365491],[389958,365546],[389847,365645],[389775,365753],[389654,365760],[389565,365717],[389193,365655],[389165,365679],[389135,365804],[389094,365830],[389059,365803],[389037,365733],[389003,365693],[388903,365668],[388811,365676],[388725,365710],[388700,365770],[388709,365822],[388784,365866],[388738,365913],[388690,365866],[388618,365914],[388583,365906],[388591,365723],[388575,365687],[388537,365695],[388452,365760],[388413,365712],[388292,365724],[388182,365674],[388119,365675],[388112,365578],[388073,365461],[388091,365384],[388067,365359],[387986,365336],[387863,365240],[387859,365126],[387765,365072],[387591,364879],[387540,364849],[387411,364821],[387244,364865],[387252,364814],[387314,364708],[387298,364666],[387155,364625],[387029,364729],[386982,364718],[386947,364677],[386943,364608],[386901,364567],[386859,364492],[386900,364444],[386899,364413],[386839,364362],[386524,364399],[386510,364479],[386497,364485],[386151,364502],[386103,364570],[386060,364594],[386013,364743],[385966,364767],[385701,365292],[385783,365517],[385806,365719],[385767,365978],[385631,366253],[385431,366544],[385096,366981],[384811,367085],[384197,367093],[383873,367259],[383519,367400],[383168,367480],[382929,367561],[382512,367816],[381962,368190],[381429,368642],[380845,369364],[380580,369470],[380270,369650],[379990,369920],[379730,370260],[379700,370390],[379620,371438],[379644,371850],[379723,372099],[380008,372582],[380184,372977],[380246,373202],[380160,373403],[380011,373655],[379975,373971],[380031,374413],[380181,374707],[380235,375052],[380244,375274],[380268,375348],[380327,375422],[380531,375458],[381017,375494],[381954,375825],[382035,375950],[382041,376039],[381599,376821],[381379,377017],[381124,377116],[380490,377210],[380290,377380],[380160,377560],[379860,377740],[379680,377780],[379540,377880],[379440,378000],[379410,378100],[379424,378182],[379470,378274],[379920,378877],[380023,378950],[380180,378920],[380540,378740],[380630,378630],[380750,378570],[380810,378440],[380902,378452],[381011,378520],[381766,379328],[382039,379490],[382253,379682],[382387,380139],[382402,381198],[382273,381477],[381986,381616],[381632,381874],[381202,382568],[381154,383625],[381299,384037],[381369,384286],[380859,385182],[380994,385435],[381200,385505],[381461,385555],[381587,385629],[381617,385751],[381547,385965],[381342,386326],[380936,386891],[380884,387058],[380841,387458],[380698,387698],[380425,387848],[379846,387911],[379545,387799],[379333,387549],[379362,387214],[379275,386402],[379437,386095],[379503,385775],[379446,385537],[378703,385006],[378500,384990],[378420,384920],[378250,384980],[378210,385030],[378210,385090],[378260,385180],[378280,385260],[378260,385300],[378120,385360],[378060,385460],[377970,385510],[377920,385510],[377910,385570],[377860,385600],[377810,385610],[377760,385580],[377710,385580],[377590,385700],[377510,385700],[377420,385650],[377270,385620],[377140,385720],[377080,385720],[377050,385680],[377030,385580],[376950,385560],[376870,385620],[376800,385740],[376760,385770],[376520,385820],[376460,385650],[376390,385620],[376290,385620],[376280,385560],[376360,385480],[376340,385390],[376290,385340],[376210,385300],[376130,385340],[376040,385360],[375900,385290],[375850,385300],[375820,385350],[375750,385380],[375590,385370],[375520,385400],[375490,385450],[375330,385510],[375240,385500],[375140,385540],[375050,385620],[374970,385880],[374900,385950],[374450,385980],[374270,386060],[374160,386350],[373920,386540],[373820,386600],[373750,386590],[373630,386620],[373580,386660],[373600,386890],[373550,387040],[373270,387080],[373180,387170],[372990,387450],[372720,387620],[372490,387710],[372290,387870],[372190,387850],[372120,387890],[372070,387940],[372009,388423],[371901,388794],[371916,389014],[371980,389229],[372207,389578],[372213,389705],[372129,389862],[372029,389989],[371651,390157],[371043,390359],[370313,390777],[370128,390798],[369972,390580],[369912,390360],[369623,390041],[369445,389806],[369186,389519],[368856,389214],[367905,388564],[367598,388575],[367327,388791],[366396,389927],[366427,390409],[366676,390892],[366704,391145],[366430,391186],[365304,390808],[364904,390690],[364503,390987],[364034,391462],[363910,391794],[363925,392205],[364070,392270],[364090,392400],[364020,392560],[364050,392830],[364100,393020],[364180,393110],[364330,393190],[364400,393280],[364430,393410],[364560,393580],[364540,393780],[364620,393950],[364640,394060],[364550,394180],[364470,394510],[364397,395013],[364294,395167],[364080,395218],[363597,395154],[363113,395015],[362072,394495],[361564,394114],[361372,394010],[361173,393993],[360352,394209],[360252,394253],[360140,394230],[359740,394220],[359572,394166],[359520,394070],[359290,393970],[359160,393800],[359040,393700],[358930,393620],[358800,393610],[358740,393570],[358637,393456],[358540,393320],[358470,393330],[358384,393547],[358305,393630],[358240,393800],[358230,394040],[358160,394130],[357730,394340],[357640,394330],[357550,394340],[357440,394380],[357360,394430],[357130,394640],[357010,394720],[356900,394750],[356510,394800],[356070,395000],[355880,395040],[355710,395030],[355580,395100],[355480,395250],[355400,395300],[355230,395350],[354790,395720],[354358,395885],[354150,396160],[353990,396190],[353770,396190],[353710,396410],[353600,396550],[353620,396700],[353600,396930],[353550,397030],[353350,397190],[353220,397260],[353121,397666],[352990,397770],[352810,397840],[352460,398760],[352380,398840],[351710,400000],[352492,400381],[352624,400508],[352664,400671],[352602,400994],[352435,401607],[352321,401788],[352146,401817],[351421,401609],[351133,401584],[350875,401653],[350540,401881],[350243,401995],[349829,402062],[349710,402029],[349135,402142],[349170,402290],[349120,402470],[348900,402830],[348830,402990],[348740,403350],[348411,403829],[348255,404114],[347880,403700],[347680,403430],[347560,403120],[347300,402950],[347070,402880],[346860,402790],[346380,402470],[346331,402279],[346362,402121],[346134,402081],[345840,401670],[345770,401440],[345710,401340],[345590,401280],[345536,401275],[345670,400570],[345705,400292],[345649,400000],[345241,400795],[345070,401009],[344860,401200],[344650,401300],[344420,401380],[344250,401430],[344110,401450],[343816,401562],[343582,401701],[343459,401828],[343304,401955],[343101,402052],[342398,402100],[342220,402198],[342117,402311],[341922,402708],[341563,403106],[341181,403355],[341100,403641],[341090,403928],[341101,404200],[341164,404441],[341348,404748],[342068,405330],[342151,405449],[342181,405569],[342151,405749],[342066,405930],[341673,406414],[341281,407091],[341268,407275],[341297,407434],[341001,408736],[340908,408923],[340691,409110],[340248,409308],[339450,409120],[339230,409180],[339120,409280],[339010,409350],[338400,409300],[338254,409103],[337891,407322],[337722,407260],[337553,407352],[336978,408181],[336836,408650],[336706,408842],[335532,409582],[335282,409776],[334234,409836],[333555,410010],[332891,410079],[332505,410257],[331830,410420],[331839,410585],[331961,410645],[332022,410820],[331744,410923],[331737,411303],[332130,411940],[332351,412216],[332600,412370],[332870,412740],[333140,412960],[334200,414640],[334040,414710],[334129,414923],[334395,415093],[335294,414415],[335650,414740],[336030,415140],[336270,415430],[336390,415670],[336500,415990],[336596,416160],[336640,416230],[336720,416310],[336880,416430],[336810,416520],[336800,416610],[336820,416680],[336898,416865],[337060,417080],[337250,417410],[337369,417698],[337560,417880],[337730,417990],[337890,418150],[338000,418320],[338010,418570],[337950,418780],[337770,419090],[337700,419270],[337600,419330],[337572,419434],[337652,419707],[337820,420090],[337840,420325],[337750,420490],[337610,420610],[337312,420768],[337210,420890],[337170,421050],[337380,421580],[337572,421700],[336976,422733],[337116,422824],[336967,423006],[336688,423230],[336611,423319],[336652,423333],[336695,423377],[336842,423735],[337050,424105],[337060,424247],[337012,424698],[337034,424940],[337141,425248],[337396,425720],[337568,425932],[337765,426068],[337928,426134],[338055,426166],[338504,426228],[338546,426250],[338535,426277],[338342,426355],[337766,426523],[337630,426542],[337472,426533],[336150,426353],[335947,426347],[335739,426370],[335465,426433],[334905,426624],[334663,426684],[334463,426706],[333968,426716],[333737,426752],[333516,426822],[332644,427172],[332366,427326],[332088,427549],[331812,427829],[331339,428382],[331221,428489],[330805,428802],[330604,429006],[330449,429226],[330258,429591],[330101,429996],[330010,430319],[329961,430556],[329854,431307],[329774,431697],[329753,431891],[329722,433665],[329744,433846],[329873,434378],[329896,434758],[329865,434999],[329769,435421],[329768,435866],[329669,436179],[329646,436369],[329657,436483],[329690,436603],[329891,436967],[329942,437106],[329974,437257],[330084,438491],[330207,439586],[330286,440075],[330656,441954],[330743,442604],[330761,442939],[330776,444436],[330575,446901],[330566,447187],[330581,447413],[330661,447736],[330741,447925],[330838,448089],[331032,448312],[331184,448427],[331348,448517],[331626,448613],[332389,448807],[332999,448871],[333478,448976],[334018,449049],[334212,449094],[336325,450146],[336960,450417],[337894,450768],[338931,451244],[339206,451340],[339410,451374],[339640,451368],[339872,451314],[340242,451176],[340426,451084],[340564,450974],[340694,450810],[340847,450549],[340995,450412],[341124,450361],[341208,450350],[341388,450366],[341514,450410],[341652,450500],[341754,450601],[341843,450754],[341876,450897],[341872,450972],[341842,451055],[341665,451353],[341587,451568],[341569,451698],[341572,451827],[341596,451952],[341660,452102],[341776,452240],[341930,452340],[342140,452404],[342551,452449],[342640,452488],[342710,452572],[342714,452620],[342696,452675],[342509,452983],[342379,453281],[342270,453638],[342196,454010],[342198,454177],[342238,454335],[342315,454484],[342475,454697],[342497,454748],[342492,454790],[342415,454850],[342069,454998],[341461,455139],[341285,455204],[341042,455367],[340859,455578],[340720,455864],[340568,456438],[340387,456917],[340325,457127],[340255,457535],[340212,458196],[340148,458489],[340016,458723],[339506,459284],[339225,459679],[339158,459813],[339123,459936],[339114,460062],[339130,460178],[339214,460374],[339364,460558],[339570,460723],[339974,460987],[340092,461087],[340182,461191],[340243,461328],[340310,461731],[340387,461913],[340500,462058],[340769,462289],[340882,462415],[341005,462614],[341302,463286],[341494,463627],[341643,463817],[341938,464090],[342047,464222],[342098,464360],[342113,464643],[342140,464779],[342196,464904],[342282,465009],[342396,465086],[342534,465135],[342695,465154],[343056,465139],[343158,465152],[343876,465398],[344569,465525],[344762,465583],[344892,465646],[345022,465739],[345385,466067],[345859,466406],[346054,466599],[346156,466745],[346209,466854],[346296,467148],[346326,467368],[346324,467765],[346357,467949],[346433,468126],[346717,468584],[346811,468767],[346889,469017],[346918,469249],[346908,469433],[346875,469545],[346826,469633],[346727,469739],[346340,470039],[345933,470210],[345800,470283],[345668,470390],[345556,470521],[345437,470719],[345349,470925],[345165,471570],[344810,472111],[344539,472687],[344397,472864],[344059,473106],[343874,473293],[343592,473746],[343431,474079],[342942,475621],[342886,475841],[342855,476065],[342861,476241],[342900,476403],[342961,476538],[343106,476787],[343169,476973],[343302,477770],[343314,477898],[343298,477970],[343272,477988],[343190,477990],[342955,477919],[342823,477858],[342525,477661],[342339,477578],[342156,477541],[341787,477525],[341586,477462],[341389,477333],[341201,477116],[340670,476205],[339983,474655],[339911,474405],[339887,474226],[339891,473570],[339866,473317],[339784,473068],[339657,472895],[339513,472802],[339328,472767],[339155,472794],[338843,472929],[338698,472962],[338362,472961],[337965,472908],[337837,472867],[337694,472788],[337589,472692],[337386,472440],[337193,472274],[336991,472186],[336779,472162],[336593,472189],[336373,472267],[335120,472862],[334935,472968],[334782,473079],[334574,473294],[334357,473582],[334270,473733],[334203,473903],[334159,474100],[334140,474317],[334149,474595],[334271,475247],[334257,475363],[334189,475516],[333755,476268],[333604,476496],[333344,476823],[332924,477225],[332765,477404],[332301,478105],[332235,478156],[332166,478170],[332069,478153],[332011,478123],[331962,478069],[331924,477981],[331807,477451],[331555,476901],[331471,476650],[331452,476480],[331494,475929],[331483,475581],[331375,474851],[331301,474565],[331235,474415],[331103,474228],[330481,473651],[330363,473521],[330264,473376],[329912,472692],[329650,471836],[329571,471633],[329480,471459],[329358,471283],[328791,470558],[328581,470118],[328460,469812],[328340,469604],[328225,469469],[328095,469351],[327680,469058],[327502,468902],[327230,468472],[326975,468112],[326795,467797],[326703,467677],[326524,467518],[326060,467216],[325296,466593],[324671,465933],[324531,465757],[324472,465655],[324437,465548],[324437,465455],[324460,465370],[324528,465248],[324675,465096],[325014,464852],[325143,464733],[325271,464557],[325356,464370],[325422,464096],[325430,463895],[325389,463686],[325314,463538],[325176,463397],[325016,463319],[324858,463298],[324671,463332],[324530,463403],[324402,463514],[324061,463991],[323963,464092],[323859,464170],[323697,464231],[323238,464270],[323099,464315],[322974,464388],[322885,464468],[322806,464567],[322734,464714],[322705,464829],[322695,465028],[322768,465514],[322743,465713],[322639,465895],[322266,466350],[322115,466616],[322038,466882],[322016,467320],[321960,467443],[321924,467472],[321873,467485],[321749,467465],[321602,467406],[321365,467273],[321107,467080],[320820,466760],[320655,466646],[320483,466594],[320244,466602],[320021,466659],[319816,466735],[319659,466827],[319525,466939],[319368,467126],[318883,467818],[318730,468067],[318587,468394],[318471,468829],[318385,469331],[318339,469889],[318362,470848],[318446,471937],[318589,472799],[318574,473088],[318532,473250],[318473,473360],[318111,473722],[317844,474104],[317590,474383],[317472,474540],[317371,474744],[317323,474909],[317297,475077],[317291,475235],[317309,475450],[317355,475629],[317424,475792],[317498,475909],[317587,476010],[317698,476104],[317854,476202],[318169,476324],[318499,476371],[318772,476358],[319320,476279],[319618,476288],[319779,476329],[319940,476399],[320064,476481],[320186,476624],[320228,476752],[320223,476837],[320181,476932],[320023,477163],[319945,477313],[319901,477482],[319905,477639],[319935,477742],[320014,477884],[320110,477990],[320347,478200],[320409,478285],[320481,478428],[320590,478737],[320659,479003],[320781,479686],[320915,480155],[321020,480761],[321076,480997],[321202,481261],[321471,481603],[321530,481722],[321534,481851],[321425,482779],[321386,482956],[321322,483107],[321211,483260],[320931,483569],[320855,483613],[320820,483610],[320776,483576],[320466,483000],[320251,482518],[320080,482203],[319582,481550],[319252,481155],[318916,480655],[318893,480568],[318926,480500],[319182,480306],[319323,480178],[319456,480033],[319605,479830],[319695,479667],[319742,479546],[319768,479419],[319768,479293],[319741,479169],[319682,479035],[319251,478366],[318805,477819],[318594,477633],[318369,477523],[317977,477420],[317760,477388],[317490,477387],[317275,477421],[317076,477487],[316899,477572],[316531,477790],[316413,477829],[316362,477830],[316207,477793],[315595,477557],[315230,477443],[314734,477349],[314423,477331],[314125,477383],[313832,477497],[313568,477667],[313334,477890],[313097,478205],[312856,478594],[312230,479832],[311672,480882],[311236,481641],[310656,482602],[310149,483359],[309472,484179],[308926,484913],[308392,485969],[308017,486811],[307430,487850],[307269,488188],[307205,488368],[307147,488612],[307062,489299],[307054,489604],[307079,489752],[307129,489894],[307414,490345],[307478,490517],[307523,490789],[307528,491138],[307480,491520],[307338,492234],[307079,493088],[307016,493382],[306992,493689],[307027,494315],[307016,494446],[306992,494511],[306897,494616],[306497,494923],[306322,495103],[306170,495292],[304724,497480],[304361,498112],[304203,498456],[304099,498777],[303979,499313],[303877,499579],[303723,499844],[303274,500457],[302813,501259],[302197,502056],[301761,502715],[301279,503374],[300771,504165],[299588,505915],[299343,506219],[299077,506508],[298559,506906],[298385,507101],[298283,507288],[298028,507857],[297928,508004],[297624,508355],[297438,508645],[297324,508875],[297153,509333],[297051,509560],[296929,509782],[296482,510492],[296163,510872],[295916,511091],[295750,511176],[295318,511278],[295141,511349],[294975,511470],[294809,511670],[294640,511964],[294324,512663],[294234,512797],[293903,513202],[293713,513535],[293628,513743],[293537,514042],[293499,514228],[293478,514442],[293488,514670],[293532,514868],[293609,515036],[293732,515199],[293847,515298],[293979,515379],[294528,515620],[295188,516002],[295392,516181],[295636,516496],[295725,516681],[295827,517017],[295988,517815],[296097,518255],[296163,518637],[296209,518792],[296267,518903],[296355,519014],[296677,519246],[296750,519326],[296867,519566],[297162,520315],[297347,521107],[297366,521896],[297494,522693],[297630,523209],[297945,523940],[298053,524254],[298229,525497],[298201,526600],[298017,527554],[297983,527859],[298006,528572],[297952,529075],[297946,529284],[297967,529447],[298023,529601],[298166,529796],[298483,530047],[298599,530185],[298752,530472],[298914,530963],[299027,531197],[299491,531849],[299831,532374],[300031,532592],[300521,533007],[300793,533276],[301142,533677],[301516,534238],[301661,534508],[301800,534813],[302115,535632],[302232,536055],[302395,536919],[302447,537061],[302512,537169],[302651,537306],[302988,537492],[303110,537596],[303565,538223],[303754,538438],[303891,538567],[304169,538780],[305157,539417],[305629,539798],[305748,539925],[306212,540521],[306973,541333],[307110,541523],[307244,541785],[307339,542134],[307440,542843],[307471,543298],[307470,543789],[307443,544125],[307398,544373],[307176,545147],[307097,545494],[307070,545774],[307095,546071],[307168,546314],[307454,547019],[307763,547979],[307976,548521],[308500,549560],[308865,550183],[309044,550583],[309292,551425],[309582,552637],[309728,553460],[309792,553639],[309888,553795],[310037,553957],[310429,554247],[310673,554490],[310908,554805],[311190,555326],[311320,555526],[311638,555919],[311938,556227],[312298,556515],[313082,557036],[313371,557186],[313698,557306],[313947,557377],[314142,557405],[314326,557390],[314480,557334],[314606,557248],[314713,557127],[314796,556970],[314898,556661],[315010,556541],[315407,556314],[316125,556016],[316626,555736],[316791,555669],[316878,555673],[316912,555716],[316970,556073],[317054,556270],[317159,556394],[317308,556496],[317472,556557],[317692,556585],[317873,556576],[318250,556522],[318471,556522],[318650,556575],[318810,556693],[318861,556768],[318861,556792],[318839,556804],[318487,556757],[318278,556748],[318034,556775],[317827,556828],[317648,556904],[317311,557093],[316649,557356],[316297,557523],[316036,557710],[315683,558055],[315511,558297],[315445,558439],[315407,558568],[315384,558857],[315433,559158],[315527,559399],[315737,559750],[315956,560036],[316518,560637],[316845,561189],[317000,561397],[317308,561678],[317645,561901],[317862,561987],[318109,562038],[319191,562132],[319954,562266],[320122,562319],[320346,562423],[321129,562946],[321428,563107],[321736,563242],[322082,563357],[322421,563427],[322729,563451],[323019,563434],[323292,563378],[323721,563227],[324125,563108],[324285,563043],[324420,562964],[324529,562877],[324623,562776],[324727,562627],[324924,562287],[325013,562172],[325107,562082],[325311,561956],[325811,561756],[326040,561626],[326329,561387],[326767,560904],[327255,560586],[327365,560539],[327515,560516],[327955,560535],[328180,560521],[328353,560486],[328737,560364],[328923,560367],[329042,560403],[329157,560460],[329515,560706],[329808,560873],[330440,561183],[331112,561482],[331227,561556],[331323,561656],[331330,561709],[331268,561710],[330877,561563],[330576,561502],[330339,561511],[330111,561573],[329785,561741],[329622,561854],[329504,561961],[329414,562074],[329343,562208],[329300,562352],[329285,562504],[329304,562718],[329396,563042],[329532,563353],[329684,563601],[329874,563808],[330225,564070],[330411,564192],[330715,564345],[330811,564412],[331211,564991],[331236,565048],[331462,565226],[331687,565500],[331960,565728],[332186,566001],[332461,566226],[332579,566367],[332620,566653],[332626,566832],[332704,566952],[332781,567018],[332840,567131],[332870,567360],[332900,567420],[333150,567590],[333310,567610],[333469,567719],[333454,567801],[333418,567875],[333289,567910],[333244,568486],[333290,568600],[333200,568650],[333130,568600],[333060,568630],[333020,568690],[333020,568890],[333050,568940],[333140,569000],[333210,569080],[333240,569080],[333230,569200],[333265,569302],[333320,569380],[333410,569420],[333480,569510],[333480,569610],[333570,569610],[333650,569660],[333570,569800],[333550,569890],[333560,570000],[333572,570047],[333618,570076],[333750,570109],[333756,570152],[333715,570222],[333710,570273],[333810,570370],[333910,570370],[334060,570590],[334290,570660],[334270,570760],[334000,571200],[334090,571300],[334200,571360],[334240,571650],[334550,571770],[334580,571830],[334440,571950],[334230,572060],[334140,572230],[334070,572270],[334020,572200],[333920,572250],[333880,572370],[333810,572470],[333750,572450],[333690,572570],[333770,572700],[333760,572830],[333690,572830],[333480,572780],[333380,572950],[333450,573070],[333400,573130],[333310,573120],[333140,573140],[333080,573200],[332990,573200],[332930,573130],[332850,573130],[332860,573270],[333010,573760],[333050,574000],[333320,574140],[333498,574395],[333666,574534],[333904,574572],[334192,574546],[334573,574543],[334954,574377],[335325,574336],[335734,574332],[336041,574274],[336255,574154],[336768,574111],[337119,573952],[337515,574072],[337840,574040],[338370,574050],[338530,574090],[338670,574160],[338810,574180],[339020,574390],[339180,574470],[339360,574420],[339470,574220],[339470,574151],[339630,574260],[339730,574240],[339870,574310],[340030,574350],[340110,574410],[340080,574570],[340020,574670],[339930,574880],[339910,575100],[340080,575450],[340260,575590],[340940,575600],[341340,575790],[341600,576330],[341700,576480],[341780,576520],[341850,576490],[342090,576250],[342270,576280],[342440,576250],[342780,576320],[343030,576920],[343050,577390],[343210,577590],[343450,577530],[343459,577541],[343576,577524],[343772,577648],[343656,577791],[343770,577920],[343730,578030],[343530,578130],[343550,578250],[343660,578320],[343810,578310],[344010,578260],[344090,578290],[344320,578560],[344450,578890],[344440,579360],[344470,579470],[344670,579540],[344860,579540],[344930,579520],[345430,579780],[345600,579790],[345720,579890],[345810,580040],[346110,580120],[346170,580200],[346070,580360],[346140,580500],[346270,580650],[346420,580700],[346550,580640],[346620,580660],[346580,580840],[346440,581010],[346390,581180],[346490,581230],[346930,581130],[347050,581160],[347300,581440],[347320,581760],[347030,582130],[347000,582340],[347110,582520],[347280,582690],[347464,582970],[347488,583154],[347750,583090],[348360,582880],[348550,582880],[348760,582900],[348970,583090],[349230,583100],[349380,583140],[349510,583230],[349650,583200],[349710,583320],[349860,583380],[350000,583460],[350050,583580],[350190,583790],[350330,583880],[350450,584010],[350590,584080],[350670,584180],[350870,584270],[350970,584290],[351040,584340],[351150,584470],[351260,584570],[351400,584600],[351690,584790],[352240,585020],[352400,585110],[352570,585310],[352620,585400],[352780,585500],[352870,585650],[353050,585690],[353160,585790],[353240,586090],[353410,586230],[353630,586330],[353970,586350],[354100,586440],[354700,586710],[355180,586750],[355240,586780],[355360,586940],[355660,587720],[355790,587940],[355890,588210],[356030,588320],[356050,588390],[356130,588490],[356790,587591],[357136,587051],[357152,586808],[357013,586734],[356800,586391],[356664,586345],[356658,586235],[356770,585840],[356890,585470],[357028,585139],[356930,584974],[356938,584782],[357093,584779],[357192,584367],[357486,583867],[357929,583757]]]]}},{"type":"Feature","properties":{"name":"North Scotland","operator":"Scottish and Southern Electricity Networks"},"geometry":{"type":"MultiPolygon","coordinates":[[[[201985,598541],[201777,598566],[201558,598633],[201367,598726],[201211,598844],[201107,598977],[201039,599119],[200986,599299],[200961,599509],[200976,599741],[201025,599950],[201123,600174],[201231,600345],[201394,600535],[201541,600653],[201710,600733],[201905,600766],[202089,600748],[202289,600683],[202478,600581],[202674,600428],[202861,600228],[203017,600004],[203098,599808],[203129,599609],[203113,599442],[203065,599300],[202976,599152],[202839,598993],[202639,598832],[202421,598700],[202169,598590],[201985,598541]]],[[[138760,642220],[138710,642060],[138670,642100],[138690,642230],[138760,642220]]],[[[138960,642570],[138830,642570],[138830,642650],[138950,642640],[138960,642570]]],[[[138930,642730],[138840,642710],[138830,642810],[138920,642810],[138930,642730]]],[[[204279,620519],[203555,619147],[203356,618818],[203247,618685],[203102,618568],[202928,618494],[202804,618475],[202698,618482],[202595,618509],[202496,618554],[202390,618629],[202254,618783],[202073,619094],[201963,619252],[201703,619546],[201064,620164],[200837,620322],[200714,620369],[200608,620382],[200510,620375],[200288,620299],[200131,620207],[199625,619852],[199468,619774],[199299,619720],[199138,619690],[198872,619670],[197892,619672],[197548,619696],[197185,619765],[196493,619928],[195951,620106],[195611,620199],[195144,620298],[194628,620380],[194416,620439],[194293,620491],[194083,620630],[193621,621095],[193282,621363],[192972,621555],[192154,621986],[191881,622159],[191674,622355],[191370,622736],[191210,622897],[190911,623124],[190319,623513],[190183,623630],[190030,623802],[189847,624087],[189672,624470],[189421,625178],[189278,625693],[189239,625957],[189225,626264],[189247,626795],[189312,627260],[189301,627372],[189271,627450],[189190,627581],[189095,627694],[188836,627915],[188529,628115],[187966,628365],[187804,628503],[187708,628671],[187680,628801],[187687,628981],[187747,629178],[187913,629544],[187955,629714],[187971,629865],[187967,630147],[187888,630630],[187870,630847],[187882,631115],[187907,631302],[187985,631664],[188113,632052],[188283,632408],[188581,632911],[188650,633106],[188669,633413],[188648,634001],[188623,634245],[188440,635445],[188377,635660],[188297,635843],[188160,636094],[187978,636357],[187443,636924],[187151,637341],[186974,637667],[186754,638133],[186452,638950],[186295,639327],[186184,639535],[185857,640051],[185763,640266],[185687,640509],[185649,640694],[185628,641107],[185668,641491],[185842,642414],[185921,642658],[186004,642846],[186302,643318],[186444,643651],[186526,643934],[186674,644553],[186862,645493],[186959,645803],[187066,646056],[187394,646726],[187550,647230],[187617,647396],[187760,647654],[187882,647826],[188280,648277],[188408,648387],[188650,648553],[189203,648872],[189488,648998],[190096,649217],[190238,649288],[190337,649362],[190404,649436],[190468,649549],[190641,649996],[190820,650357],[190997,650643],[191262,650980],[191405,651108],[191637,651248],[192212,651424],[192406,651516],[192509,651618],[192810,652014],[193125,652373],[193362,652564],[193515,652648],[193654,652701],[193808,652741],[194064,652779],[194716,652828],[195198,652815],[195571,652737],[195755,652666],[195946,652568],[196762,652027],[197548,651559],[197862,651413],[198051,651296],[198849,650700],[199171,650440],[199340,650283],[199546,650041],[199915,649457],[200135,649191],[200463,648882],[201243,648243],[201438,648046],[201715,647674],[201873,647399],[201965,647186],[202112,646679],[202324,646078],[202361,645857],[202391,645349],[202448,645106],[202575,644747],[202859,644104],[203025,643520],[203066,643214],[203087,642459],[203129,642038],[203213,641539],[203481,640320],[203515,640072],[203525,639815],[203504,639501],[203440,639172],[203353,638911],[203213,638613],[203045,638375],[202433,637780],[201977,637230],[201910,637117],[201890,637053],[201880,636934],[201895,636839],[201966,636703],[202079,636624],[202706,636406],[203341,636214],[203699,636071],[203999,635930],[204322,635728],[204436,635624],[204531,635507],[204636,635338],[204824,634945],[204935,634758],[205140,634473],[205843,633587],[206047,633240],[206230,632745],[206858,630761],[207291,629637],[207344,629470],[207389,629246],[207394,629042],[207354,628823],[207270,628620],[207129,628409],[206975,628251],[206792,628103],[205880,627491],[205652,627319],[205396,627077],[205326,626978],[205275,626867],[205190,626526],[205148,626268],[205139,626078],[205165,625810],[205253,625497],[205428,625133],[205493,624956],[205663,624088],[205870,623446],[205886,623297],[205877,623136],[205695,622252],[205621,622015],[205542,621862],[205425,621716],[205335,621633],[204874,621308],[204740,621189],[204540,620929],[204279,620519]]],[[[154800,664290],[154740,664270],[154710,664280],[154750,664400],[154780,664380],[154800,664290]]],[[[143075,698696],[143015,698588],[142866,698203],[142699,697877],[142446,697500],[142228,697127],[141984,696786],[141882,696604],[141596,695980],[141353,695153],[141229,694870],[141150,694748],[141000,694566],[140542,694139],[140480,694029],[140367,693678],[140282,693521],[140152,693365],[139856,693108],[139802,693023],[139784,692925],[139799,692834],[140017,692404],[140076,692205],[140091,692075],[140079,691888],[139978,691321],[139893,691026],[139723,690681],[138464,688412],[137436,686713],[137122,686267],[136953,686084],[136777,685957],[136595,685881],[136372,685846],[135981,685853],[134791,685957],[134295,685982],[133999,685972],[133614,685914],[133383,685900],[133175,685939],[133004,686033],[132908,686137],[132835,686281],[132796,686452],[132788,686635],[132808,686934],[133008,688632],[133024,689118],[133030,690580],[133049,690867],[133084,691051],[133171,691256],[133300,691409],[133422,691503],[133711,691677],[134002,691946],[134329,692181],[134394,692262],[134430,692376],[134431,692502],[134360,692819],[134345,693025],[134365,693195],[134420,693409],[134559,693828],[134661,694067],[134958,694539],[134969,694632],[134958,694911],[134977,695091],[135020,695252],[135177,695674],[135297,695914],[135593,696356],[135752,696523],[136115,696833],[136390,697177],[136538,697328],[136974,697659],[137466,697996],[137569,698112],[137783,698475],[137883,698581],[138003,698666],[138387,698825],[138536,698859],[138670,698869],[138957,698832],[139543,698666],[139622,698661],[139674,698680],[139712,698731],[139736,698823],[139761,699248],[139810,699520],[139891,699737],[140018,699930],[140144,700062],[140297,700180],[140819,700501],[141141,700668],[141294,700766],[141475,700943],[141647,701208],[141741,701323],[141908,701451],[142029,701502],[142254,701530],[142464,701484],[142660,701373],[142875,701174],[143039,700978],[143197,700724],[143570,699946],[143600,699822],[143607,699694],[143587,699549],[143542,699406],[143445,699228],[143075,698696]]],[[[112212,702537],[112046,702478],[111958,702545],[111999,702635],[112162,702683],[112242,702620],[112212,702537]]],[[[112157,702750],[112002,702750],[111952,702827],[112007,702910],[112176,702938],[112245,702896],[112242,702816],[112157,702750]]],[[[111886,702766],[111769,702719],[111653,702772],[111662,702885],[111772,702946],[111875,702924],[111886,702766]]],[[[128490,711310],[128430,711290],[128400,711340],[128440,711390],[128480,711380],[128490,711310]]],[[[128520,712150],[128500,712140],[128440,712200],[128480,712250],[128540,712180],[128520,712150]]],[[[127220,712410],[127170,712390],[127130,712430],[127150,712480],[127230,712510],[127220,712410]]],[[[127850,712710],[127800,712680],[127760,712750],[127770,712810],[127840,712780],[127850,712710]]],[[[127940,712870],[127900,712830],[127870,712900],[127920,712960],[127940,712870]]],[[[124100,713830],[124060,713800],[123990,713840],[123990,713910],[124080,713880],[124100,713830]]],[[[126850,713890],[126810,713830],[126730,713880],[126750,713930],[126800,713960],[126830,713940],[126850,713890]]],[[[127730,714020],[127720,713930],[127650,713950],[127610,714040],[127680,714050],[127730,714020]]],[[[123680,714050],[123620,713990],[123580,714040],[123630,714070],[123680,714050]]],[[[126740,713990],[126670,713940],[126600,714000],[126580,714050],[126620,714070],[126720,714070],[126740,713990]]],[[[126790,714150],[126700,714140],[126640,714190],[126670,714240],[126750,714280],[126810,714210],[126790,714150]]],[[[170190,714930],[170140,714890],[170100,714920],[170120,714990],[170180,714990],[170190,714930]]],[[[170220,715100],[170220,715040],[170150,715050],[170150,715100],[170170,715130],[170220,715100]]],[[[129490,715530],[129470,715480],[129360,715540],[129400,715590],[129490,715530]]],[[[84258,726406],[84163,726393],[84080,726478],[84107,726564],[84205,726597],[84291,726538],[84291,726452],[84258,726406]]],[[[138230,732250],[138140,732190],[138060,732280],[138080,732330],[138130,732340],[138230,732250]]],[[[132570,735080],[132480,734930],[132390,734940],[132340,735010],[132330,735100],[132460,735200],[132350,735320],[132240,735390],[132170,735400],[132200,735460],[132420,735680],[132440,735810],[132650,735900],[132680,735800],[132710,735530],[132660,735430],[132680,735240],[132570,735080]]],[[[123900,737510],[123790,737430],[123710,737640],[123900,737930],[123970,737920],[123970,737820],[123920,737720],[123930,737580],[123900,737510]]],[[[89738,748408],[89723,748392],[89677,748423],[89723,748438],[89738,748408]]],[[[119633,752701],[119028,752620],[118843,752621],[118524,752665],[118349,752654],[117992,752551],[117665,752406],[117573,752337],[117502,752250],[117301,751895],[117120,751655],[116521,750988],[116174,750626],[116029,750494],[115856,750374],[115696,750310],[115554,750292],[115448,750304],[115312,750351],[115189,750430],[115078,750530],[114931,750710],[114276,751607],[114187,751753],[114128,751912],[114101,752079],[114080,752460],[114058,752538],[114012,752604],[113913,752666],[113732,752698],[113516,752664],[113322,752579],[113180,752458],[113106,752331],[112984,751774],[112732,751209],[112588,751006],[112147,750523],[112050,750383],[111965,750216],[111764,749674],[111240,748021],[111170,747843],[111104,747730],[110990,747592],[110690,747342],[109669,746646],[108352,745718],[107827,745390],[107428,745208],[107165,745107],[105532,744620],[105256,744519],[105045,744405],[104905,744289],[104816,744161],[104654,743585],[104582,743403],[104498,743250],[104381,743096],[104228,742934],[104098,742832],[103967,742761],[103804,742714],[103621,742709],[103142,742831],[102461,742908],[102280,742894],[101901,742803],[101705,742804],[101603,742831],[101491,742886],[101377,742972],[101161,743178],[101085,743227],[100979,743259],[100836,743260],[100632,743207],[100494,743142],[100331,743020],[100223,742883],[100011,742528],[99892,742377],[99721,742227],[99416,742059],[99291,741967],[99209,741873],[99152,741751],[99133,741582],[99144,741330],[99236,740741],[99261,740431],[99246,740172],[99158,739671],[99162,739530],[99218,739209],[99215,738996],[99166,738809],[99059,738630],[98919,738492],[98739,738383],[97925,738052],[97691,737972],[97511,737939],[97349,737933],[97084,737977],[96025,738278],[95869,738343],[95732,738435],[95620,738558],[95516,738742],[95351,739132],[95176,739628],[95067,739858],[94956,740017],[94807,740114],[94632,740135],[94485,740082],[94346,739971],[94122,739739],[93998,739631],[93832,739532],[93615,739465],[93338,739447],[93106,739496],[92973,739567],[92888,739637],[92767,739810],[92698,740012],[92666,740269],[92678,740504],[92725,740754],[92827,741006],[93202,741612],[93230,741685],[93240,741794],[93095,742318],[92942,743103],[92762,743866],[92632,744237],[92207,745143],[92098,745417],[92051,745649],[92074,745869],[92178,746094],[92364,746317],[92570,746448],[93021,746597],[93202,746703],[93345,746883],[93575,747285],[93725,747458],[94024,747702],[94198,747824],[94850,748151],[95128,748501],[95327,748683],[95491,748773],[95690,748829],[96577,748926],[96744,748925],[96887,748899],[97253,748738],[97327,748718],[97448,748738],[97692,748859],[97854,748912],[98015,748928],[98176,748906],[98430,748801],[98961,748491],[99327,748381],[99530,748276],[99691,748141],[99836,747973],[99955,747798],[100141,747466],[100207,747428],[100306,747427],[100444,747487],[100553,747595],[100636,747731],[100778,748056],[100894,748271],[100996,748409],[101122,748524],[101356,748655],[101829,748811],[102320,749017],[102495,749107],[102795,749309],[102964,749397],[103201,749479],[103916,749659],[104675,749749],[105946,749942],[106329,750019],[106597,750114],[106824,750266],[107385,750767],[107575,750911],[107911,751110],[108688,751524],[109005,751743],[109284,752010],[110413,753218],[110759,753532],[112141,754864],[112502,755185],[112681,755313],[112893,755430],[114219,756007],[114465,756139],[114606,756247],[114719,756388],[114870,756696],[114959,756842],[115134,757058],[115284,757208],[115527,757389],[115723,757511],[115913,757591],[116248,757683],[116378,757780],[116447,757900],[116474,758000],[116517,758427],[116588,758731],[116740,759080],[116888,759271],[116991,759351],[117106,759415],[117520,759572],[117712,759670],[118059,760001],[118396,760271],[118620,760510],[118731,760606],[118982,760740],[119389,760854],[119476,760896],[119585,761003],[119802,761324],[119933,761455],[120116,761578],[120746,761895],[120897,761987],[121455,762445],[121637,762617],[121776,762788],[122027,763187],[122169,763333],[122261,763396],[122414,763467],[122891,763616],[123527,763872],[123651,763966],[123827,764181],[123942,764293],[124276,764509],[124558,764756],[124730,764873],[125239,765144],[127076,766041],[128327,766764],[128557,766859],[128733,766892],[128911,766874],[129039,766819],[129121,766755],[129188,766675],[129256,766525],[129275,766418],[129275,766308],[129225,766089],[129067,765730],[128460,764590],[127768,762659],[127375,761663],[126810,760609],[126499,759939],[126378,759754],[126128,759429],[125766,758864],[125358,758289],[125088,757823],[124741,757167],[124463,756733],[123985,756102],[123008,754912],[122774,754646],[122644,754527],[122278,754290],[121108,753652],[120793,753432],[120338,753075],[120028,752855],[119815,752750],[119633,752701]]],[[[142950,778217],[142868,778111],[142762,778010],[142539,777892],[142259,777809],[141989,777753],[141720,777721],[141577,777723],[141430,777748],[141242,777828],[141113,777920],[140903,778118],[140821,778168],[140703,778183],[140301,778160],[140063,778195],[139549,778349],[139366,778439],[139276,778505],[139184,778597],[139090,778737],[138818,779300],[138716,779558],[138624,779926],[138468,780776],[138421,781157],[138421,781297],[138442,781457],[138482,781582],[138573,781737],[138736,781891],[139012,782033],[139310,782124],[139626,782166],[141275,782205],[141656,782201],[141930,782153],[142034,782109],[142177,782016],[142328,781872],[142505,781654],[142834,781187],[142985,780947],[143128,780645],[143292,780155],[143376,779854],[143400,779611],[143346,779283],[143137,778597],[143063,778417],[142950,778217]]],[[[150250,788570],[150122,787799],[150060,787176],[149923,786588],[149853,786129],[149803,785594],[149797,784871],[149716,784370],[149467,783319],[149349,782948],[149262,782774],[149157,782627],[149052,782521],[148928,782440],[148774,782383],[148601,782360],[148427,782368],[148137,782416],[146381,782831],[146143,782911],[145767,783083],[145494,783243],[144958,783673],[144548,783890],[144368,784015],[144232,784150],[143946,784495],[143504,784878],[143375,785060],[143302,785276],[143293,785511],[143421,786402],[143459,786824],[143481,787368],[143516,787513],[143579,787646],[143746,787837],[144059,788060],[144785,788471],[145173,788632],[145470,788693],[145727,788702],[145983,788666],[146430,788552],[146507,788550],[146554,788573],[146579,788624],[146577,788726],[146470,789208],[146451,789694],[146360,790105],[146359,790236],[146387,790405],[146494,790650],[146648,790842],[147187,791265],[147402,791398],[147675,791506],[147866,791558],[148234,791624],[148431,791631],[148578,791607],[148750,791535],[148890,791437],[149121,791229],[149805,790472],[149900,790340],[149998,790160],[150106,789860],[150246,789328],[150275,788996],[150250,788570]]],[[[116070,796330],[116110,796230],[116110,796160],[116060,796090],[116020,796070],[115960,796100],[115820,796250],[115780,796200],[115810,796120],[115810,796050],[115750,795940],[115630,795890],[115580,795900],[115570,795960],[115540,795990],[115420,795960],[115390,796030],[115390,796110],[115360,796200],[115370,796310],[115440,796280],[115460,796220],[115530,796180],[115600,796190],[115710,796270],[115780,796370],[115780,796510],[115850,796700],[115890,796680],[116070,796330]]],[[[115800,796740],[115770,796720],[115630,796830],[115710,796860],[115810,796800],[115800,796740]]],[[[170740,800160],[170690,800140],[170650,800150],[170630,800230],[170690,800240],[170740,800200],[170740,800160]]],[[[119890,800290],[119860,800240],[119810,800260],[119780,800320],[119840,800400],[119880,800340],[119890,800290]]],[[[121480,803400],[121450,803330],[121360,803370],[121440,803420],[121480,803400]]],[[[138579,804641],[138826,804533],[138953,804453],[139093,804328],[139384,804011],[139870,803664],[140035,803482],[140266,803137],[140420,802986],[140604,802894],[141165,802744],[141432,802617],[141649,802479],[141829,802341],[141968,802206],[142063,802083],[142381,801544],[142518,801245],[142710,800666],[142752,800460],[142764,800266],[142752,800122],[142718,799995],[142660,799878],[142582,799772],[142396,799611],[142040,799424],[141970,799376],[141949,799337],[142007,799288],[142395,799178],[142599,799101],[142799,798980],[142916,798873],[143031,798720],[143123,798515],[143163,798324],[143164,798101],[143114,797853],[142931,797373],[142777,797089],[142535,796750],[142467,796585],[142365,795989],[142276,795315],[142252,794686],[142188,794416],[142055,794171],[141671,793717],[141487,793337],[141339,793110],[141050,792787],[140782,792564],[140561,792433],[140072,792233],[139872,792115],[139767,791985],[139613,791632],[139479,791421],[139301,791245],[138967,790971],[138779,790838],[138335,790585],[137949,790409],[137760,790367],[137591,790351],[137118,790368],[136672,790459],[136451,790558],[136273,790720],[136007,791100],[135748,791394],[135523,791724],[135398,791857],[135090,792042],[134219,792406],[134091,792487],[133982,792590],[133874,792762],[133815,792990],[133811,793192],[133860,793673],[133823,793965],[133719,794262],[133547,794600],[133457,794740],[133321,794867],[132805,795162],[132487,795415],[132303,795599],[132161,795769],[131889,796228],[131772,796393],[131166,797033],[130755,797369],[130216,797726],[129954,797956],[129711,798198],[129293,798695],[129142,798909],[128993,799246],[128953,799456],[128957,799577],[128987,799700],[129046,799822],[129182,799977],[129373,800087],[129895,800220],[130103,800334],[130314,800557],[130633,801030],[130840,801247],[131245,801543],[131795,801868],[132095,802087],[132182,802187],[132276,802328],[132476,802748],[132577,802920],[132839,803260],[133055,803477],[133245,803608],[133761,803884],[134140,804109],[134600,804440],[134762,804539],[134973,804629],[135216,804675],[135458,804677],[135913,804616],[136085,804621],[136202,804666],[136785,805032],[136978,805124],[137213,805193],[137539,805230],[137671,805228],[137736,805202],[138232,804833],[138579,804641]]],[[[127316,807000],[127383,806958],[127814,806817],[128080,806698],[128237,806595],[128390,806446],[128497,806301],[128625,806080],[129463,804501],[129578,804265],[129648,804074],[129683,803868],[129680,803720],[129640,803534],[129562,803366],[129455,803230],[129313,803127],[129131,803065],[128921,803060],[128177,803189],[127637,803329],[126974,803436],[126343,803485],[124458,804032],[124182,804097],[124002,804122],[123829,804112],[123701,804071],[123522,803977],[123200,803771],[122971,803682],[122352,803620],[121634,803467],[121462,803458],[121307,803471],[121140,803515],[120976,803592],[120795,803709],[120635,803847],[120474,804022],[120310,804240],[120187,804454],[120115,804632],[120074,804806],[120069,804977],[120099,805135],[120170,805308],[120261,805453],[120373,805587],[120638,805851],[120805,805982],[121233,806204],[121562,806311],[121792,806354],[122627,806448],[123276,806592],[123393,806663],[123555,806867],[123652,806963],[123753,807031],[123849,807072],[124061,807101],[124501,807054],[125114,807064],[125676,806995],[126387,807118],[126778,807138],[127087,807095],[127240,807047],[127316,807000]]],[[[177560,832780],[177510,832780],[177500,832830],[177520,832860],[177570,832850],[177580,832810],[177560,832780]]],[[[59624,863595],[59904,863596],[60387,863661],[61357,863825],[62047,863987],[62268,864013],[62710,863981],[64070,863753],[64557,863698],[64941,863716],[65706,863824],[65972,863830],[66127,863804],[66262,863753],[66375,863680],[66455,863604],[66556,863449],[66609,863311],[66637,863184],[66642,863034],[66613,862883],[66565,862762],[66490,862639],[66369,862491],[66090,862214],[64642,860876],[64277,860557],[64076,860419],[63840,860326],[63712,860306],[63584,860312],[63397,860367],[63221,860477],[63054,860633],[62668,861049],[62529,861166],[62369,861251],[62188,861303],[61600,861374],[60801,861412],[60604,861397],[60420,861361],[59782,861173],[59550,861125],[59326,861128],[59223,861156],[59128,861204],[58979,861343],[58869,861554],[58819,861733],[58697,862386],[58642,862560],[58555,862721],[58295,863004],[57146,863973],[56864,864251],[56750,864417],[56694,864558],[56674,864745],[56714,864916],[56811,865060],[56874,865105],[56994,865152],[57147,865170],[57268,865161],[57484,865097],[57624,865011],[59122,863829],[59365,863678],[59535,863611],[59624,863595]]],[[[64590,866690],[64550,866680],[64510,866720],[64520,866750],[64550,866770],[64600,866750],[64610,866720],[64590,866690]]],[[[136930,879490],[136910,879450],[136870,879470],[136860,879510],[136890,879540],[136920,879540],[136930,879490]]],[[[136780,879490],[136730,879470],[136700,879500],[136700,879550],[136730,879580],[136790,879540],[136780,879490]]],[[[136550,879810],[136520,879790],[136470,879820],[136490,879880],[136520,879910],[136570,879890],[136580,879850],[136550,879810]]],[[[59630,880810],[59570,880730],[59500,880740],[59470,880820],[59490,880920],[59600,880890],[59630,880840],[59630,880810]]],[[[136800,880580],[136760,880540],[136710,880570],[136700,880680],[136640,880830],[136660,880900],[136690,880930],[136750,880910],[136790,880840],[136800,880580]]],[[[59840,880930],[59790,880890],[59720,880900],[59670,880950],[59650,881080],[59700,881100],[59780,881060],[59840,880930]]],[[[59930,881070],[59900,881050],[59860,881080],[59830,881120],[59830,881180],[59870,881200],[59940,881150],[59930,881070]]],[[[136530,880830],[136510,880770],[136470,880790],[136390,880850],[136300,880960],[135990,881170],[135750,881450],[135800,881650],[135870,881660],[136060,881580],[136160,881460],[136350,881150],[136540,880940],[136530,880830]]],[[[61760,882100],[61620,881940],[61470,881840],[61340,881810],[61250,881870],[61230,881980],[61300,882050],[61390,882080],[61510,882030],[61570,882090],[61590,882150],[61710,882220],[61710,882270],[61660,882280],[61620,882340],[61660,882380],[61800,882380],[61850,882340],[61840,882240],[61760,882100]]],[[[88227,891946],[88416,891900],[88672,891767],[88839,891633],[89053,891396],[90636,889329],[90967,888740],[91254,888308],[91329,888160],[91372,888017],[91379,887787],[91350,887662],[91303,887552],[90819,886855],[90689,886698],[90465,886519],[89782,886125],[89608,886044],[89430,885995],[88866,885926],[88610,885931],[88470,885956],[88324,886005],[88001,886182],[87678,886428],[87160,886943],[86947,887215],[86800,887432],[86715,887594],[86659,887765],[86629,888007],[86636,888402],[86821,890367],[86892,890839],[87037,891319],[87142,891572],[87230,891733],[87345,891875],[87445,891946],[87620,892007],[87785,892026],[87993,892012],[88227,891946]]],[[[143696,899401],[143725,899352],[143733,899250],[143762,899146],[143815,899030],[143914,898872],[144150,898559],[144230,898401],[144257,898296],[144263,898188],[144249,898081],[144208,897960],[144108,897789],[143928,897564],[142660,896181],[142368,895921],[142238,895849],[142119,895812],[141997,895804],[141890,895822],[141765,895877],[141656,895966],[141536,896149],[141416,896481],[141347,896625],[141298,896694],[141166,896816],[141010,896917],[140755,897051],[139225,897744],[138840,897936],[138708,898025],[138600,898130],[138524,898250],[138488,898366],[138488,898520],[138548,898683],[138669,898828],[138824,898934],[139059,899032],[139332,899115],[140350,899362],[140699,899400],[141183,899394],[141504,899422],[141870,899481],[142720,899663],[143008,899703],[143175,899691],[143384,899631],[143543,899542],[143696,899401]]],[[[9874,901244],[10307,901264],[10548,901233],[10676,901174],[10759,901109],[10840,901013],[10912,900884],[11082,900405],[11178,900187],[11551,899593],[11670,899318],[11695,899168],[11695,899015],[11600,898250],[11583,897980],[11595,897816],[11646,897679],[11762,897578],[12008,897476],[12583,897331],[13375,897172],[13521,897122],[13655,897048],[13746,896974],[13845,896848],[13897,896717],[13911,896613],[13901,896500],[13852,896368],[13803,896294],[13699,896192],[13548,896105],[13315,896049],[13094,896050],[12801,896092],[10776,896528],[10287,896674],[9700,896819],[9487,896904],[9317,897007],[8857,897382],[7279,898789],[5671,900530],[5489,900776],[5386,900996],[5275,901530],[5258,901701],[5264,901812],[5306,901973],[5411,902151],[5561,902293],[5710,902380],[5935,902452],[6280,902502],[6731,902602],[6996,902633],[7199,902627],[7255,902613],[9054,901534],[9289,901423],[9626,901299],[9874,901244]]],[[[96770,905450],[96750,905410],[96710,905450],[96700,905530],[96750,905500],[96770,905450]]],[[[96340,905790],[96330,905740],[96290,905760],[96290,905830],[96340,905790]]],[[[96480,905780],[96440,905780],[96420,905830],[96450,905880],[96500,905820],[96480,905780]]],[[[97430,905900],[97370,905920],[97370,905960],[97430,905990],[97460,905960],[97450,905910],[97430,905900]]],[[[97000,906230],[96950,906230],[96930,906260],[96930,906320],[96960,906340],[97000,906320],[97020,906280],[97000,906230]]],[[[96630,906740],[96580,906720],[96550,906750],[96530,906810],[96560,906840],[96640,906800],[96630,906740]]],[[[15672,903955],[15468,903983],[14862,904130],[14450,904246],[14171,904344],[14034,904410],[13877,904524],[13786,904636],[13720,904792],[13704,904935],[13716,905044],[13798,905283],[13983,905613],[14396,906265],[14560,906501],[14739,906706],[14917,906834],[15080,906893],[15205,906903],[15367,906874],[15527,906794],[15668,906670],[15839,906439],[16021,906119],[16199,905731],[16274,905468],[16371,904877],[16369,904658],[16328,904492],[16232,904339],[16062,904175],[15833,904025],[15672,903955]]],[[[98720,909700],[98680,909690],[98650,909700],[98660,909780],[98710,909800],[98760,909770],[98720,909700]]],[[[98370,909770],[98350,909770],[98310,909820],[98350,909850],[98390,909830],[98400,909800],[98400,909780],[98370,909770]]],[[[98460,909860],[98410,909870],[98410,909920],[98440,909960],[98500,909950],[98500,909870],[98460,909860]]],[[[98790,909850],[98710,909870],[98690,909920],[98710,909960],[98780,909950],[98810,909870],[98790,909850]]],[[[88630,910810],[88540,910820],[88510,910880],[88540,910910],[88610,910910],[88650,910880],[88630,910810]]],[[[87600,911850],[87720,911750],[87760,911640],[87760,911600],[87660,911560],[87610,911480],[87570,911460],[87530,911380],[87530,911320],[87460,911310],[87380,911340],[87270,911410],[87200,911530],[87180,911770],[87200,911810],[87240,911830],[87350,911850],[87480,911810],[87600,911850]]],[[[73599,946189],[73517,945938],[73350,945571],[73118,945119],[72960,944864],[72822,944709],[72705,944623],[72500,944540],[72338,944522],[72165,944557],[72055,944615],[71959,944700],[71868,944824],[71724,945162],[71528,945933],[71456,946070],[71406,946119],[71342,946151],[71268,946168],[71097,946172],[70716,946123],[69823,945954],[69166,945784],[68995,945759],[68866,945762],[68726,945796],[68632,945845],[68551,945913],[68484,945997],[68406,946182],[68383,946452],[68429,946749],[68534,946992],[68602,947083],[68708,947181],[68853,947266],[68993,947313],[69374,947365],[71534,947449],[72433,947526],[72662,947479],[72924,947378],[73102,947271],[73250,947143],[73472,946841],[73579,946619],[73619,946416],[73599,946189]]],[[[154895,963078],[155055,962920],[155364,962533],[155635,962297],[155801,962113],[156071,961697],[156344,961323],[156424,961181],[156482,961036],[156518,960864],[156521,960732],[156497,960571],[156453,960436],[156316,960212],[155917,959772],[155832,959613],[155805,959387],[155859,958720],[155879,958625],[155926,958529],[156412,957887],[156933,957050],[156995,956915],[157037,956769],[157054,956522],[157005,956032],[156970,955405],[156900,955136],[156826,955006],[156730,954893],[156596,954777],[156187,954497],[156011,954357],[155858,954212],[155743,954046],[155300,953017],[154973,952515],[154778,951950],[154420,951152],[154111,950083],[154092,949928],[154103,949788],[154166,949423],[154222,949277],[154305,949124],[154589,948732],[154849,948432],[155044,948241],[155254,948086],[155492,947981],[155650,947951],[156034,947914],[156210,947865],[156401,947762],[156520,947653],[156635,947488],[156757,947209],[156789,946990],[156759,946821],[156695,946694],[156599,946588],[156498,946517],[156343,946449],[155951,946357],[155356,946314],[154845,946233],[154698,946192],[154592,946119],[154499,946006],[154284,945671],[153826,945037],[153319,944476],[153112,944225],[152909,944053],[152413,943774],[152301,943677],[152224,943584],[152137,943417],[152085,943236],[152078,942578],[152021,942267],[151946,942086],[151868,941951],[151757,941800],[151608,941654],[151404,941533],[151191,941463],[149777,941295],[149680,941272],[149627,941241],[149584,941182],[149551,941075],[149498,940666],[149413,940205],[149394,939637],[149361,939280],[149325,939156],[149277,939057],[149131,938889],[149006,938807],[148832,938736],[148516,938650],[148224,938597],[147928,938577],[147596,938577],[146926,938674],[146820,938662],[146743,938620],[146665,938523],[146622,938414],[146605,938296],[146613,938149],[146642,937996],[146689,937856],[146924,937458],[147025,937190],[147056,937025],[147064,936861],[147044,936701],[147008,936579],[146934,936424],[146841,936289],[146353,935764],[146128,935624],[145561,935410],[145478,935341],[145450,935238],[145463,935192],[145529,935107],[146405,934320],[146603,934184],[146941,934018],[147098,933898],[147234,933739],[147608,933182],[147715,933068],[147834,932989],[147961,932935],[148052,932920],[148180,932939],[148401,933028],[149128,933374],[149242,933444],[149419,933603],[149856,934115],[150052,934286],[150206,934389],[150342,934447],[150483,934480],[150903,934485],[151026,934501],[151188,934567],[151381,934696],[151551,934843],[151755,935069],[152026,935549],[152137,935701],[152264,935823],[152498,935997],[152580,936083],[152663,936218],[152838,936578],[152925,936709],[153019,936814],[153175,936936],[153347,937025],[153846,937196],[154377,937421],[154821,937547],[154951,937606],[155016,937667],[155063,937744],[155158,938053],[155243,938227],[155358,938370],[155511,938487],[155776,938600],[155914,938628],[156056,938634],[156286,938599],[156653,938474],[156986,938460],[157140,938435],[157314,938372],[157476,938268],[157596,938143],[157688,937984],[157748,937788],[157778,937554],[157779,937314],[157750,937050],[157681,936836],[157568,936672],[157426,936553],[157110,936359],[156986,936221],[156958,936100],[156990,935781],[156990,935603],[156970,935446],[156933,935322],[156805,935107],[156424,934694],[156250,934345],[156219,934224],[156225,934133],[156416,933668],[156442,933526],[156440,933400],[156374,933169],[156204,932861],[156070,932571],[155963,932394],[155828,932232],[153846,930166],[153428,929768],[153214,929617],[152933,929470],[152111,929116],[151649,928935],[151361,928851],[150717,928739],[150237,928702],[149970,928719],[149758,928788],[149602,928892],[149458,929051],[149212,929456],[149122,929569],[148977,929665],[148759,929748],[148466,929815],[148080,929856],[146521,929970],[146025,929975],[145733,929935],[145289,929837],[144987,929744],[144792,929645],[144646,929528],[144374,929252],[143782,928591],[143542,928297],[143419,928072],[143402,927931],[143514,927319],[143543,926940],[143535,926732],[143482,926474],[143319,926051],[143290,925913],[143303,925795],[143433,925257],[143455,925002],[143448,924800],[143408,924593],[142963,923021],[142907,922745],[142882,922460],[142868,920221],[142948,919244],[142972,918279],[142931,917912],[142786,917478],[142767,917358],[142787,917267],[142914,916976],[142957,916799],[142970,916454],[142955,916080],[142929,915888],[142881,915722],[142816,915586],[142649,915330],[142594,915218],[142490,914921],[142469,914787],[142481,914735],[142516,914690],[142872,914489],[143037,914360],[143162,914207],[143260,914004],[143306,913820],[143312,913609],[143217,913023],[143170,912820],[143079,912603],[142841,912220],[142649,911629],[142536,911413],[142440,911300],[142315,911196],[141860,910926],[141726,910777],[141412,910320],[141358,910208],[141338,910126],[141315,909781],[141283,909608],[141222,909456],[141122,909323],[140962,909204],[140750,909126],[140474,909079],[139622,908997],[139444,908956],[139250,908869],[139029,908697],[138821,908495],[137872,907508],[137562,907144],[137465,906981],[137403,906797],[137375,906626],[137352,906163],[137313,905999],[137249,905853],[137136,905694],[137051,905607],[136688,905329],[136480,905147],[136378,905024],[136334,904936],[136242,904635],[136178,904337],[136126,903680],[136072,903369],[135946,903055],[135850,902906],[135757,902799],[135636,902702],[135517,902638],[135332,902582],[135210,902566],[134940,902576],[134189,902684],[134101,902687],[133992,902667],[133906,902623],[133829,902560],[133495,902157],[133269,901951],[132972,901770],[132738,901693],[132538,901694],[132351,901760],[132205,901867],[131973,902122],[131931,902150],[131912,902063],[131917,901585],[131862,901313],[131795,901137],[131724,901003],[131652,900899],[131526,900763],[131356,900643],[131161,900568],[130405,900479],[130083,900403],[129900,900320],[129583,900099],[129396,900020],[129249,899992],[128419,899946],[126968,899807],[126586,899795],[126394,899817],[126230,899865],[125770,900122],[125630,900150],[125548,900142],[125377,900097],[125019,899950],[124383,899649],[124128,899507],[123982,899396],[123886,899273],[123832,899129],[123822,898964],[123880,898739],[124494,896953],[124919,895855],[125144,895103],[125185,894835],[125162,894572],[125082,894366],[124946,894203],[124754,894087],[124284,893960],[123826,893738],[123674,893697],[123424,893660],[123052,893636],[122617,893656],[122022,893735],[121338,893869],[121164,893862],[121080,893838],[120919,893756],[120608,893526],[119844,892882],[119557,892619],[119437,892479],[119388,892405],[119334,892265],[119303,891797],[119268,891643],[119188,891481],[119068,891343],[118752,891097],[118306,890855],[117978,890643],[116222,889378],[115885,889180],[115740,889127],[115609,889099],[115318,889087],[114461,889136],[114094,889140],[113913,889120],[113661,889023],[113338,888826],[112381,888167],[112070,887940],[111853,887753],[111552,887385],[110888,886435],[110736,886252],[110540,886078],[110327,885968],[110094,885911],[109776,885890],[109371,885930],[109302,885922],[109256,885899],[109204,885820],[109122,885540],[109065,885402],[108990,885273],[108893,885160],[108729,885032],[108300,884784],[107982,884578],[107595,884305],[107376,884128],[107114,883850],[106413,882922],[106149,882625],[105633,882163],[104821,881534],[104554,881306],[103050,879733],[102637,879254],[102421,878936],[101756,877865],[101581,877634],[101419,877483],[101303,877414],[101183,877374],[101045,877361],[100922,877376],[100708,877454],[99974,877846],[99631,878000],[99474,878043],[99403,878046],[99340,878031],[99244,877943],[99171,877804],[99110,877638],[98949,877086],[98863,876718],[98844,876455],[98857,876373],[98904,876260],[99003,876124],[99194,875933],[99770,875429],[99878,875298],[99945,875166],[99989,874948],[99968,874706],[99899,874436],[99749,873986],[99558,873518],[99463,873350],[99350,873193],[99031,872834],[97697,871434],[97461,871120],[97148,870632],[96773,870198],[96659,869950],[96573,869646],[96058,867303],[95939,866942],[95749,866488],[95526,866080],[94861,864970],[94483,864389],[94363,864247],[94239,864133],[93668,863723],[93595,863645],[93518,863514],[93491,863406],[93486,863267],[93533,862540],[93507,862376],[93414,862069],[93396,861956],[93455,861464],[93442,861216],[93373,860995],[93140,860559],[93090,860401],[92664,857897],[92592,857532],[92519,857258],[92382,856932],[92047,856327],[91399,855215],[90893,854434],[90747,854180],[90577,853729],[90167,852326],[90009,851849],[89794,851363],[89161,850052],[88983,849607],[88933,849327],[88923,848841],[88962,847662],[89040,846646],[89013,846344],[88930,845985],[88825,845743],[88669,845531],[88106,845051],[87642,844582],[87292,844279],[87239,844211],[87169,844056],[87130,843880],[87092,843502],[87027,842332],[87022,841945],[87039,841755],[87076,841574],[87348,840687],[87375,840516],[87374,840342],[87338,840170],[87270,840013],[86787,839245],[86600,838911],[86505,838658],[86495,838485],[86531,838308],[86628,838041],[87394,836340],[87548,835967],[87767,835196],[87778,835022],[87742,834816],[87541,834411],[87429,834014],[87277,833681],[87106,833227],[86996,833014],[86863,832847],[86760,832761],[86630,832685],[86248,832557],[86003,832515],[85574,832506],[85404,832458],[85243,832336],[84959,832065],[84650,831710],[84519,831526],[84372,831280],[84333,831158],[84335,831061],[84382,830795],[84388,830632],[84323,830200],[84305,829820],[84268,829662],[84204,829534],[84098,829409],[83656,829097],[83527,828957],[83446,828749],[83353,828289],[83184,827909],[83147,827789],[83076,827343],[82973,826273],[82952,825887],[82975,825605],[83028,825424],[83144,825160],[83828,823859],[83931,823552],[83954,823262],[83933,823063],[83874,822772],[83548,821517],[83439,821035],[83406,820806],[83394,820428],[83372,820272],[83324,820130],[83252,820002],[82944,819664],[82830,819495],[82779,819307],[82792,819030],[82849,818743],[83134,817576],[83207,817215],[83263,816830],[83299,816724],[83374,816656],[83709,816516],[83906,816391],[84058,816238],[84287,815904],[84366,815816],[84909,815430],[84993,815333],[85055,815221],[85096,815099],[85114,814958],[85097,814764],[85060,814613],[84999,814453],[84905,814280],[84734,814059],[84375,813713],[84069,813284],[83985,813129],[83946,812973],[83921,812758],[83861,811698],[83833,811523],[83787,811381],[83715,811255],[83628,811161],[83508,811076],[83354,811003],[82981,810883],[81158,810396],[80902,810293],[80828,810249],[80727,810153],[80646,809977],[80558,809652],[80507,809142],[80431,808890],[80127,808286],[79548,807353],[79271,806939],[79061,806687],[78779,806410],[77899,805605],[77700,805398],[77593,805253],[77538,805132],[77520,805012],[77580,804568],[77594,804352],[77581,804161],[77531,803977],[77358,803628],[77093,803205],[76894,802920],[76293,802130],[76082,801799],[75967,801533],[75871,801255],[75348,799555],[75221,799265],[75069,799068],[74932,798972],[74762,798921],[74622,798919],[74405,798972],[74030,799174],[72944,799908],[72610,800113],[72444,800188],[72283,800220],[72149,800199],[72072,800151],[71845,799891],[71402,799242],[70972,798582],[70467,797751],[70243,797430],[70069,797243],[69913,797107],[69716,796985],[69428,796850],[69357,796763],[69324,796617],[69325,796349],[69433,795262],[69521,794778],[69715,794241],[69748,793963],[69717,793756],[69653,793582],[69546,793388],[69359,793147],[69093,792902],[68955,792809],[68749,792739],[68572,792744],[68420,792798],[68235,792932],[68133,793048],[67850,793450],[67670,793673],[67540,793801],[67394,793894],[67313,793922],[67135,793948],[66754,793937],[66188,793862],[66028,793812],[65963,793776],[65911,793729],[65855,793597],[65842,793342],[65952,792187],[65950,791595],[65969,791473],[66073,791101],[66092,790830],[66058,790657],[65990,790506],[65584,789956],[65422,789811],[65202,789713],[65003,789684],[64454,789692],[64266,789669],[62986,789389],[62726,789305],[62578,789226],[62468,789109],[62397,788954],[62328,788687],[62263,788307],[62201,787826],[62188,787539],[62204,787362],[62280,786931],[62284,786764],[62249,786608],[62146,786447],[62019,786347],[61890,786290],[61695,786246],[61513,786229],[61046,786223],[60675,786243],[60001,786357],[59820,786320],[59598,786180],[59386,785993],[58623,785242],[58362,784959],[58250,784806],[58142,784611],[57735,783670],[57415,783069],[57366,782928],[57365,782839],[57389,782713],[57640,781833],[57984,780499],[58087,780019],[58104,779827],[58083,779612],[58035,779474],[57944,779338],[57771,779202],[57617,779133],[57436,779077],[56389,778859],[56199,778835],[55944,778831],[55762,778852],[55561,778914],[55331,779041],[54746,779409],[54284,779604],[54116,779721],[54016,779831],[53903,780018],[53842,780184],[53793,780390],[53724,780859],[53637,781614],[53622,781929],[53645,782225],[53749,782756],[53866,783155],[54236,784248],[54359,784511],[54506,784712],[54852,785027],[55125,785303],[56369,786683],[56726,787052],[56913,787206],[57140,787355],[58494,788164],[58652,788277],[58794,788404],[58914,788553],[59068,788803],[59526,789684],[59647,789955],[59776,790326],[60479,792689],[61069,794217],[61172,794583],[61175,794759],[61155,794845],[61080,795010],[60920,795253],[60437,795894],[60282,796166],[60240,796310],[60228,796459],[60246,796607],[60297,796771],[60556,797283],[60999,798026],[61168,798245],[61447,798504],[61519,798603],[61674,798995],[61883,799451],[61991,799847],[62053,800014],[62184,800261],[62442,800641],[62571,800777],[62727,800877],[62884,800938],[63214,801028],[63426,801070],[63733,801103],[63935,801108],[64213,801091],[64298,801112],[64320,801149],[64318,801200],[64175,801534],[64102,801837],[64102,802019],[64148,802200],[64253,802368],[64401,802488],[64572,802561],[64899,802630],[64935,802655],[64958,802696],[64939,803075],[64949,803259],[64991,803443],[65118,803784],[65119,803913],[65081,803994],[64996,804075],[64471,804366],[64360,804456],[64255,804576],[64180,804722],[64150,804898],[64173,805051],[64243,805203],[64351,805326],[64520,805432],[64700,805485],[65012,805520],[65362,805521],[66059,805388],[66228,805371],[67030,805422],[67193,805448],[67321,805492],[68113,805857],[68234,805949],[68644,806322],[68776,806516],[68895,806781],[68982,807058],[69022,807293],[69010,807531],[68866,807931],[68822,808186],[68857,808677],[68850,809230],[68889,809608],[69007,810015],[69256,810618],[69419,810897],[69594,811065],[69733,811139],[69895,811184],[70098,811196],[70266,811176],[70491,811104],[70853,810945],[71127,810843],[72155,810517],[72711,810366],[72971,810347],[73050,810363],[73192,810441],[73321,810559],[73503,810770],[74139,811616],[74272,811857],[74320,812030],[74332,812214],[74317,812499],[74164,813857],[74103,814236],[74015,814525],[73961,814630],[73897,814710],[73410,815090],[73293,815212],[73117,815438],[72278,816738],[72129,817039],[72058,817304],[72041,817493],[72049,817784],[72187,819058],[72280,819740],[72440,820470],[72463,820840],[72430,821196],[72363,821546],[72093,822499],[71996,822923],[71868,823903],[71858,824352],[71958,825159],[71955,825859],[71992,826107],[72075,826472],[72099,826673],[72074,826877],[71866,827276],[71788,827550],[71769,827832],[71797,828464],[71774,828678],[71740,828799],[71674,828939],[71590,829047],[71496,829122],[71364,829179],[71064,829228],[70919,829271],[70780,829338],[70599,829473],[70471,829613],[70391,829743],[70338,829904],[70331,830046],[70370,830200],[70468,830348],[70622,830471],[70814,830557],[70988,830601],[71206,830619],[71817,830540],[71910,830554],[72021,830601],[72085,830645],[72195,830762],[72287,830916],[72355,831092],[72433,831480],[72495,832127],[72563,832563],[72567,832699],[72545,832828],[72516,832903],[72373,833181],[72285,833414],[72180,833793],[72046,834377],[71997,834666],[71989,834835],[72015,834998],[72084,835148],[72218,835292],[72409,835397],[72670,835476],[73491,835665],[73758,835764],[73965,835866],[74086,835951],[74233,836124],[74344,836319],[74439,836569],[74465,836758],[74466,837182],[74486,837441],[74650,838648],[74825,839462],[74864,839808],[74852,840253],[74682,842031],[74513,843088],[74366,843612],[74258,843870],[74081,844207],[73633,844988],[73352,845430],[73278,845668],[73278,845904],[73336,846122],[73439,846330],[73613,846544],[73768,846672],[73950,846760],[74149,846791],[74355,846769],[74697,846670],[74822,846675],[74949,846754],[75099,846922],[75166,847034],[75244,847233],[75339,847620],[75797,849841],[75917,850711],[75941,851171],[75902,851578],[75823,851850],[75685,852078],[75420,852344],[75302,852494],[75201,852697],[75137,852915],[75108,853150],[75118,853379],[75156,853578],[75259,853892],[75278,853992],[75176,854445],[75173,854590],[75203,854805],[75300,855208],[75426,855454],[75564,855616],[75934,855956],[76191,856251],[77264,857666],[77433,857907],[77567,858135],[77637,858290],[77731,858567],[77898,859234],[77944,859605],[77927,859966],[77848,860295],[77686,860700],[77553,860941],[77108,861585],[76830,862198],[76693,862452],[76372,862929],[75927,863446],[75595,863804],[75341,864051],[75143,864214],[74827,864439],[72859,865755],[72612,865879],[72183,866033],[72001,866152],[71919,866246],[71851,866373],[71739,866810],[71673,866976],[71348,867514],[71248,867651],[70939,867939],[70659,868280],[70509,868402],[70346,868466],[70048,868470],[69893,868497],[69764,868553],[69652,868640],[69569,868738],[69462,868913],[69190,869512],[69083,869657],[68974,869709],[68718,869764],[66435,870018],[66137,870061],[65926,870109],[65706,870215],[65621,870289],[65555,870374],[65508,870469],[65483,870572],[65479,870686],[65497,870789],[65556,870918],[65656,871035],[65797,871128],[65973,871189],[66428,871228],[67984,871249],[68254,871288],[68413,871349],[68483,871397],[68607,871522],[68968,871989],[69480,872581],[69746,872867],[69956,873064],[70217,873237],[70556,873386],[70853,873561],[71191,873701],[71275,873753],[71324,873816],[71345,873885],[71348,874252],[71399,874474],[71896,875377],[72054,875835],[72093,876056],[72076,876477],[72115,876653],[72161,876750],[72251,876869],[72348,876952],[72476,877028],[72975,877228],[73129,877264],[73320,877282],[73511,877267],[73755,877219],[74312,877032],[74496,877028],[76459,877542],[76836,877630],[77116,877677],[77271,877685],[77416,877671],[77834,877558],[77936,877577],[78242,877686],[78422,877713],[78608,877706],[79145,877620],[79347,877633],[79529,877686],[79785,877801],[81271,878599],[81693,878792],[82098,879121],[82523,879375],[82701,879553],[82875,879820],[83718,881464],[83884,881815],[84109,882411],[84650,883977],[84834,884425],[84923,884569],[84997,884653],[85097,884730],[85228,884787],[85315,884804],[85457,884801],[85641,884738],[85802,884605],[85914,884430],[85992,884217],[86039,884029],[86318,882601],[86402,882342],[86490,882196],[86550,882135],[86695,882034],[86946,881912],[88120,881441],[88387,881349],[88560,881311],[88723,881313],[88842,881359],[88963,881449],[89127,881631],[89273,881853],[89811,882807],[90201,883747],[90336,883922],[90422,883994],[90561,884076],[90787,884163],[90965,884210],[91516,884308],[92017,884358],[92580,884374],[92923,884333],[93253,884233],[93514,884096],[93766,883902],[94097,883561],[94252,883327],[94305,883210],[94351,883045],[94363,882811],[94336,882661],[94283,882520],[94008,882088],[93946,881945],[93823,881415],[93023,879232],[92905,878860],[92866,878673],[92856,878485],[92892,878203],[92958,877925],[93050,877664],[93135,877515],[93190,877454],[93258,877405],[93422,877335],[93606,877287],[93998,877219],[94908,877100],[95313,877109],[95479,877153],[95554,877194],[95758,877370],[95945,877585],[97176,879145],[98206,880300],[98320,880445],[98411,880592],[98457,880743],[98454,880822],[98405,880986],[98323,881152],[97686,882160],[97407,882572],[97220,882802],[96799,883244],[96630,883457],[96526,883642],[96428,883889],[96375,884092],[96354,884267],[96367,884670],[96504,886006],[96513,886291],[96494,886720],[96528,886976],[96603,887143],[96713,887276],[96856,887378],[97203,887548],[97292,887649],[97380,887806],[97519,888153],[97743,888800],[97942,889450],[97969,889634],[97969,889777],[97954,889903],[97912,890047],[97623,890579],[97533,890694],[97377,890781],[96900,890919],[96696,891037],[96005,891707],[95556,892200],[95422,892309],[95257,892406],[94989,892528],[93489,893112],[93214,893235],[93065,893319],[92900,893454],[92745,893657],[92671,893845],[92658,893986],[92680,894106],[92713,894187],[92822,894329],[93006,894455],[93278,894565],[95420,895171],[96344,895341],[96807,895460],[96982,895476],[97091,895470],[97300,895414],[97558,895269],[98583,894438],[98720,894287],[98828,894119],[99039,893556],[99141,893365],[99265,893284],[99425,893270],[99630,893330],[99923,893505],[100212,893754],[100536,894116],[100699,894240],[100913,894332],[101326,894417],[101496,894467],[101641,894546],[101743,894639],[101853,894777],[102129,895187],[102250,895306],[102538,895536],[102645,895676],[102789,896034],[102856,896342],[102836,896617],[102747,896990],[102262,898679],[102169,898949],[102095,899109],[102008,899229],[101880,899337],[101420,899660],[101340,899701],[101287,899705],[101213,899640],[101046,899363],[100936,899222],[100752,899041],[100596,898928],[99961,898634],[99525,898371],[99389,898306],[99267,898272],[99165,898262],[99059,898272],[98958,898302],[98836,898374],[98728,898479],[98648,898604],[98591,898745],[98471,899361],[98380,899727],[98204,900284],[98180,900531],[98204,900755],[98280,900970],[98357,901087],[98477,901201],[98626,901285],[98785,901337],[98912,901358],[99521,901375],[99819,901421],[100161,901549],[100462,901727],[100534,901802],[100603,901906],[101127,902868],[101268,903042],[101589,903298],[101826,903521],[102014,903646],[102128,903692],[102301,903730],[102812,903753],[102928,903802],[103037,903884],[103198,904036],[103388,904257],[104038,905112],[104308,905501],[104403,905730],[104408,905804],[104392,905877],[104359,905950],[104259,906091],[103990,906353],[103760,906506],[103654,906547],[103533,906571],[103109,906554],[102853,906587],[102628,906661],[102007,906921],[101628,907116],[101176,907402],[100913,907601],[100555,907929],[100457,908000],[100330,908051],[99944,908141],[99781,908196],[99616,908288],[99468,908414],[99347,908560],[99266,908711],[99203,908895],[99124,909217],[99089,909605],[99143,910304],[99106,910477],[99021,910657],[98954,910731],[98880,910753],[98397,910637],[98158,910633],[97921,910694],[97728,910804],[97524,911008],[97191,911455],[96800,911906],[95921,912854],[95349,913437],[95246,913575],[95170,913716],[95063,913977],[94917,914404],[94670,914911],[94617,915086],[94554,915457],[94461,915833],[94440,916013],[94451,916203],[94496,916390],[94597,916660],[95612,918896],[96566,920869],[96683,921138],[96747,921328],[96782,921579],[96720,922005],[96714,922251],[96791,922890],[96902,923412],[97238,924363],[97289,924548],[97316,924734],[97316,925112],[97240,926067],[97227,926418],[97307,927092],[97377,927492],[97488,927939],[97632,928291],[97800,928579],[98307,929310],[98402,929479],[98473,929657],[98567,930131],[98805,932083],[98869,932365],[98955,932571],[99073,932749],[99199,932899],[99688,933399],[100021,933677],[100300,933837],[100487,933898],[100697,933923],[101199,933921],[101710,933828],[101798,933861],[101836,933903],[101924,934091],[102117,934795],[102381,935557],[102505,936065],[102748,936654],[102906,937375],[103184,938194],[103261,938336],[103348,938451],[103753,938822],[104155,939365],[104349,939546],[104494,939638],[104738,939747],[104886,939790],[105032,939813],[105266,939794],[105440,939716],[105550,939616],[105637,939479],[105692,939324],[105758,939018],[105822,938902],[105914,938837],[106043,938785],[106610,938630],[106777,938550],[106921,938451],[107040,938341],[107148,938207],[107409,937753],[107791,937318],[107851,937272],[107884,937277],[107903,937326],[107905,937593],[107923,937726],[107967,937864],[108029,937977],[108150,938121],[108897,938838],[109281,939268],[109599,939749],[110233,940828],[110358,941086],[110454,941358],[110888,943053],[110983,943359],[111046,943499],[111132,943629],[111238,943736],[111375,943832],[111631,943948],[112000,944055],[113599,944432],[113881,944484],[114091,944502],[114340,944485],[114636,944416],[115965,943980],[116246,943902],[116427,943873],[116598,943885],[116676,943913],[116824,944006],[117032,944194],[118213,945471],[118395,945612],[118705,945800],[118954,945877],[119288,945904],[119751,945996],[120206,946046],[120491,946039],[120926,945951],[121029,945956],[121106,945986],[121408,946283],[121717,946529],[121983,946775],[122561,947190],[122740,947370],[122976,947661],[123095,947777],[123249,947877],[123554,947999],[123665,948062],[124113,948469],[124380,948668],[124567,948764],[124775,948820],[124988,948840],[125349,948838],[125528,948868],[125773,948950],[125962,949052],[126072,949148],[126144,949244],[126338,949660],[126473,949885],[126598,950014],[126767,950117],[127265,950258],[127712,950480],[127874,950513],[128019,950508],[128205,950452],[128391,950329],[128529,950184],[128703,949961],[128829,949857],[128999,949793],[129321,949718],[129506,949686],[129616,949690],[129762,949752],[130200,950003],[130386,950129],[130540,950259],[130906,950631],[131063,950756],[131769,951145],[131912,951196],[132067,951227],[132877,951283],[133574,951474],[133714,951532],[133840,951651],[133994,951893],[134244,952424],[134470,952951],[134794,953573],[135303,954345],[135426,954494],[135566,954625],[135708,954717],[135858,954775],[136646,954908],[136908,955001],[137012,955071],[137101,955157],[137389,955620],[137519,955760],[137655,955874],[137850,955995],[138317,956223],[139174,956691],[139518,956912],[139752,957115],[139973,957368],[140053,957501],[140252,957949],[140331,958078],[140455,958233],[140646,958402],[141426,958962],[142936,959812],[143146,959894],[143805,960096],[144004,960182],[144196,960318],[144550,960643],[144751,960775],[144922,960847],[145357,960980],[145601,961107],[145809,961288],[146077,961592],[146493,962190],[146771,962694],[146891,962845],[147031,962962],[147210,963050],[147397,963091],[147600,963098],[148156,963057],[148326,963076],[148472,963126],[148731,963273],[149038,963530],[149473,963821],[149953,964219],[150336,964600],[150382,964667],[150426,964790],[150424,964909],[150376,965064],[150277,965258],[150051,965597],[149992,965753],[149975,965879],[150007,966105],[150082,966276],[150211,966432],[150406,966566],[151136,966938],[151446,967028],[151678,967051],[151921,967019],[152138,966936],[152388,966798],[152673,966603],[152958,966092],[153150,965842],[153360,965647],[154015,965173],[154184,965009],[154270,964884],[154453,964459],[154507,964204],[154496,963992],[154404,963668],[154389,963573],[154399,963509],[154432,963430],[154501,963340],[154895,963078]]],[[[346898,979057],[346998,979050],[347130,978938],[347269,978747],[347383,978521],[347471,978277],[347599,977792],[347768,977104],[347821,976809],[347830,976654],[347819,976512],[347785,976386],[347727,976272],[347646,976174],[347540,976090],[347407,976026],[347284,975998],[347103,976008],[346933,976070],[346761,976192],[346596,976372],[346361,976693],[345689,977686],[345538,977968],[345479,978177],[345474,978317],[345487,978407],[345565,978591],[345697,978750],[345892,978894],[346084,978984],[346304,979036],[346599,979060],[346898,979057]]],[[[337006,974762],[337132,974391],[337251,974142],[337360,974015],[337473,973950],[337644,973895],[337814,973866],[337994,973861],[338172,973878],[338408,973951],[338680,974107],[338817,974164],[338958,974196],[339111,974205],[339351,974173],[339762,974052],[340141,973995],[340299,973944],[340471,973861],[340677,973721],[340830,973590],[340924,973475],[340983,973361],[341014,973258],[341029,973089],[341012,972947],[340967,972769],[340561,971706],[340359,970935],[340276,970549],[340231,970218],[340237,970008],[340296,969575],[340278,969252],[340216,969010],[340023,968546],[339857,967980],[339713,967735],[339631,967647],[339526,967568],[339284,967465],[338846,967360],[338696,967310],[338560,967238],[338515,967203],[338467,967129],[338470,967051],[338495,966995],[338675,966733],[338770,966548],[338818,966388],[338829,966240],[338786,965998],[338537,965151],[338428,964454],[338349,964201],[338228,964007],[337938,963694],[337806,963507],[337596,963153],[337336,962566],[337041,962145],[336860,961951],[336429,961554],[336171,961290],[335785,960775],[335665,960640],[335502,960506],[335123,960265],[335016,960169],[334925,960056],[334829,959889],[334727,959656],[334647,959403],[334591,959141],[334521,958629],[334468,958021],[334464,957685],[334499,957385],[334591,956937],[334835,955945],[334918,955731],[335004,955568],[335108,955419],[335194,955326],[335435,955148],[335605,955066],[335735,955024],[335965,954994],[336451,954982],[336697,955004],[336908,955048],[337496,955275],[337893,955380],[338409,955456],[338747,955445],[338864,955420],[339023,955362],[339134,955296],[339227,955209],[339300,955105],[339351,954986],[339402,954689],[339406,954381],[339369,954096],[339073,952843],[339095,952580],[339202,952191],[339230,952021],[339225,951782],[339172,951565],[339003,951216],[338668,950696],[338537,950531],[338438,950442],[338318,950369],[338192,950322],[337984,950278],[337933,950245],[337930,950178],[338025,949852],[338060,949598],[338043,949325],[337987,949087],[337814,948621],[337034,946791],[336881,946465],[336577,945920],[336429,945614],[336384,945452],[336285,944832],[336190,944568],[335973,944106],[335939,943940],[335907,943570],[335864,943351],[335759,942994],[335674,942800],[335485,942538],[334809,941877],[334538,941495],[334409,941356],[334152,941182],[333508,940848],[333326,940696],[332199,939271],[331982,939044],[331397,938539],[331189,938323],[330612,937404],[330242,936846],[330112,936676],[329414,935875],[329198,935672],[328911,935448],[328570,935234],[327609,934699],[327256,934513],[326954,934382],[326479,934242],[324449,933736],[323560,933467],[323113,933374],[322942,933322],[322759,933220],[322421,932903],[322208,932782],[321779,932630],[321369,932459],[320566,932276],[320340,932199],[320125,932100],[319784,931891],[318951,931240],[318752,931051],[318559,930818],[318436,930618],[318125,930030],[317841,929669],[317498,929175],[317375,929055],[317209,928937],[316687,928677],[316619,928619],[316522,928501],[316417,928328],[316107,927648],[315937,927349],[315631,926944],[315323,926500],[314841,925985],[314737,925856],[314623,925677],[314128,924786],[313978,924393],[313834,923835],[313727,923613],[313581,923430],[313257,923131],[313090,922939],[312850,922570],[312598,922098],[312493,921935],[311824,921096],[311315,920506],[311184,920396],[311022,920301],[310471,920094],[310270,920002],[309642,919618],[309346,919402],[309155,919232],[308002,918055],[307822,917900],[307130,917452],[306736,917237],[306199,916908],[305602,916600],[305428,916486],[305185,916251],[304896,915910],[304300,915262],[304033,915041],[303755,914877],[303498,914754],[302822,914539],[302659,914460],[302594,914412],[302477,914295],[302376,914160],[301985,913552],[301792,913339],[301362,913045],[300810,912602],[300359,912165],[299731,911619],[299361,911326],[298921,911066],[298761,911002],[298423,910902],[298192,910772],[298071,910665],[297979,910557],[297592,909990],[297468,909861],[297325,909747],[297114,909632],[296629,909447],[296287,909206],[296126,909128],[296004,909100],[295867,909095],[295388,909189],[295256,909197],[295074,909178],[294816,909103],[294554,908992],[294324,908856],[294093,908687],[293981,908580],[293898,908471],[293570,907878],[293327,907552],[293024,907253],[292441,906847],[292298,906692],[292189,906517],[292062,906220],[291952,905784],[291842,904930],[291779,904221],[291712,903889],[291644,903709],[291548,903544],[291350,903279],[291201,903130],[291075,903039],[290877,902928],[290025,902553],[289830,902454],[289663,902344],[289331,902087],[289174,901943],[289064,901812],[288658,901227],[288507,901081],[288358,900985],[288080,900890],[287480,900785],[286816,900567],[285989,900445],[285752,900385],[285562,900300],[285049,899982],[284872,899892],[284211,899619],[283617,899415],[283398,899319],[283201,899191],[283019,899000],[282880,898749],[282756,898402],[282609,897873],[282416,896980],[282236,896269],[282129,895946],[281931,895485],[281902,895367],[281908,895182],[282096,893932],[282190,893492],[282442,892537],[282470,892364],[282470,892215],[282429,892039],[282327,891870],[282206,891752],[281899,891523],[281778,891381],[281563,890977],[281356,890644],[281303,890502],[281287,890368],[281285,889962],[281266,889790],[281203,889561],[281052,889215],[281021,889050],[281057,888787],[281228,888161],[281268,887839],[281267,887635],[281245,887435],[281196,887242],[281115,887082],[280977,886939],[280796,886853],[280557,886820],[280273,886846],[280039,886916],[279864,887025],[279724,887178],[279556,887463],[279473,887572],[279340,887691],[279173,887779],[279059,887809],[278859,887831],[277955,887845],[277518,887834],[277215,887795],[276895,887709],[276535,887580],[276315,887472],[276061,887296],[275845,887096],[275659,886873],[275572,886738],[275391,886384],[275254,886178],[275151,886072],[275030,885994],[274944,885962],[274822,885942],[274606,885969],[274390,886078],[274137,886294],[274096,886308],[274053,886298],[274017,886271],[273954,886180],[273920,886063],[273922,886000],[273980,885856],[274114,885687],[274238,885575],[274386,885469],[274520,885397],[274645,885355],[274823,885347],[275168,885399],[275341,885407],[275527,885379],[275674,885313],[275806,885209],[276008,884968],[276093,884891],[276739,884518],[277085,884260],[277361,883994],[277789,883494],[278035,883252],[278260,883118],[278426,883081],[278604,883100],[278784,883162],[279391,883519],[281102,884731],[281571,885083],[282625,885806],[282871,885941],[283117,886050],[283334,886117],[283532,886144],[283841,886126],[284169,886026],[286248,885012],[286457,884893],[286659,884753],[287261,884219],[287539,883997],[287865,883794],[288206,883621],[288479,883526],[288745,883490],[288939,883509],[289180,883576],[289393,883654],[289538,883726],[289704,883844],[290154,884224],[290430,884399],[290816,884605],[290939,884715],[291012,884840],[291379,885605],[291726,886376],[291957,887060],[292070,887250],[292232,887434],[292350,887535],[292546,887666],[293016,887886],[293471,888038],[294251,888220],[294632,888268],[294780,888262],[294914,888235],[295031,888186],[295131,888115],[295221,888007],[295269,887901],[295293,887763],[295281,887619],[295015,886861],[294960,886336],[294901,886087],[294783,885778],[294436,884983],[294211,884552],[294026,884251],[293852,884023],[293056,883114],[292899,882913],[292613,882448],[292096,881739],[291412,880614],[291240,880391],[290774,879864],[290651,879683],[290294,879079],[289609,878193],[289229,877645],[289007,877388],[288793,877189],[288601,877046],[288227,876813],[288106,876711],[287881,876441],[287658,876049],[287514,875854],[287313,875668],[286849,875330],[286720,875196],[286534,874958],[286466,874846],[286417,874720],[286288,874181],[286162,873840],[285603,872835],[285382,872328],[285210,872008],[284759,871258],[284595,871016],[284364,870714],[283553,869739],[283256,869341],[282866,868751],[282712,868550],[282533,868375],[282299,868224],[282019,868119],[281680,868052],[281467,868042],[281245,868061],[280641,868215],[280472,868242],[279831,868194],[279348,868206],[279277,868184],[279252,868156],[279238,868073],[279257,868006],[279298,867941],[279415,867842],[279560,867785],[279885,867747],[280480,867769],[280690,867758],[280975,867692],[281174,867596],[281443,867388],[281527,867293],[281595,867183],[281635,867079],[281656,866953],[281650,866823],[281624,866705],[281554,866533],[281418,866298],[281168,865964],[280856,865507],[280650,865252],[280452,865045],[280291,864908],[279544,864418],[279141,864001],[278695,863652],[278503,863472],[278358,863292],[278141,862903],[278020,862725],[277903,862595],[277588,862303],[277406,862093],[277000,861411],[276845,861187],[276677,860999],[276088,860439],[275539,859810],[275115,859357],[274997,859196],[274930,859034],[274812,858547],[274728,858277],[274406,857661],[274383,857540],[274386,857423],[274408,857298],[274462,857137],[274551,856964],[274645,856829],[274773,856674],[274956,856490],[275346,856177],[275481,855997],[275537,855844],[275550,855661],[275515,855502],[275438,855359],[275321,855241],[275170,855154],[275012,855110],[274807,855106],[274658,855136],[274511,855189],[273897,855526],[273662,855612],[272836,855720],[272544,855717],[272308,855639],[272032,855485],[271031,854787],[270771,854583],[270589,854392],[270486,854217],[270438,854006],[270391,853500],[270298,853222],[270159,852989],[269874,852592],[269722,852421],[269443,852161],[269367,852069],[269313,851934],[269221,851533],[269142,851315],[268911,850834],[268654,850372],[268184,849607],[268074,849451],[267925,849300],[267666,849117],[267524,848994],[266899,848227],[266819,848109],[266751,847956],[266710,847788],[266717,847698],[266746,847672],[266798,847660],[267130,847654],[267352,847630],[267594,847581],[267805,847512],[268162,847325],[268781,846913],[269206,846664],[269334,846613],[269426,846613],[269565,846660],[269908,846863],[270075,846987],[270608,847563],[270755,847765],[270854,847957],[270901,848178],[270867,848798],[270886,849147],[270924,849329],[270990,849524],[271064,849659],[271155,849768],[271303,849869],[271495,849921],[271679,849916],[272148,849808],[272328,849783],[272517,849811],[272722,849922],[272941,850117],[273124,850345],[273248,850551],[273516,851101],[273650,851339],[273842,851615],[274058,851843],[274354,852093],[274626,852281],[275243,852607],[275800,852933],[276231,853152],[276724,853475],[276992,853683],[277168,853849],[277327,854028],[277466,854235],[277553,854466],[277588,854665],[277594,854826],[277576,854946],[277533,855079],[277384,855349],[277114,855680],[276951,855824],[276827,855903],[276642,855959],[276230,855985],[276011,856018],[275814,856089],[275660,856196],[275590,856277],[275538,856369],[275506,856471],[275495,856577],[275505,856684],[275536,856791],[275651,856989],[275844,857177],[276332,857526],[276655,857795],[276803,857884],[276976,857951],[277249,858003],[277504,858015],[278226,857952],[278802,857937],[279022,857956],[279209,858014],[279294,858097],[279325,858195],[279304,858655],[279343,858888],[279388,858984],[279450,859068],[279528,859135],[279620,859184],[279781,859224],[279962,859219],[280492,859116],[280781,859023],[281338,858731],[282187,858202],[282538,858018],[282935,857848],[283594,857621],[284302,857328],[284620,857240],[285425,857190],[285700,857196],[286033,857241],[286880,857399],[287571,857493],[288226,857549],[288444,857591],[289315,857855],[289504,857941],[290013,858221],[290200,858287],[290618,858394],[290785,858482],[290860,858554],[290891,858632],[290879,858696],[290754,858970],[290716,859144],[290726,859351],[290802,859596],[290937,859831],[291086,860022],[291418,860366],[291729,860648],[291981,860849],[292214,861010],[292518,861186],[292787,861315],[293170,861446],[294077,861684],[294267,861756],[294484,861870],[294765,862074],[295544,862716],[296065,863206],[296264,863369],[296497,863505],[296824,863640],[296947,863713],[297232,864113],[297472,864341],[297708,864497],[298020,864643],[298249,864726],[298602,864823],[299116,864940],[299874,865083],[301833,865299],[302227,865293],[302837,865237],[303520,865366],[303722,865381],[303959,865376],[304381,865324],[305201,865166],[305841,865062],[306226,865016],[306614,864994],[307123,864994],[307493,865015],[307941,865074],[308397,865175],[308740,865294],[309055,865431],[309354,865586],[309640,865769],[309855,865937],[310057,866133],[310237,866365],[310381,866609],[310552,866992],[310715,867439],[310801,867789],[310823,868048],[310804,868202],[310748,868327],[310506,868620],[310410,868782],[310353,868972],[310351,869157],[310392,869319],[310469,869471],[310599,869620],[310750,869717],[310937,869771],[311136,869776],[311320,869745],[311677,869648],[311949,869615],[312803,869642],[313092,869673],[313250,869720],[313438,869816],[314146,870318],[314392,870440],[314565,870485],[314906,870535],[315491,870683],[316017,870720],[316214,870756],[316957,870959],[317375,871115],[317678,871206],[318467,871411],[319141,871552],[319704,871712],[320016,871780],[320228,871807],[320465,871814],[320910,871761],[321256,871662],[321872,871409],[322040,871368],[322214,871349],[322368,871357],[322499,871390],[322920,871589],[323198,871681],[323456,871728],[323714,871735],[323869,871717],[324048,871671],[324177,871611],[324291,871523],[324365,871435],[324418,871341],[324462,871221],[324545,870886],[324673,870673],[324844,870483],[325032,870310],[325323,870079],[325644,869854],[326344,869407],[326994,869036],[328478,868352],[329694,867759],[331116,867126],[331549,866955],[332302,866736],[333438,866439],[333720,866390],[334177,866361],[334383,866316],[337945,864968],[338308,864863],[338609,864828],[338857,864829],[339070,864857],[339507,864979],[339725,865062],[339959,865215],[340490,865673],[340721,865821],[340968,865952],[342526,866680],[343464,866973],[343849,867143],[344006,867242],[344134,867353],[344457,867830],[344622,868023],[344810,868180],[345027,868295],[345785,868529],[346168,868735],[346330,868797],[346559,868835],[346942,868820],[347083,868843],[347451,869060],[347651,869136],[347867,869165],[348268,869159],[348730,869261],[348983,869287],[349241,869280],[349471,869240],[349682,869162],[349855,869049],[349979,868918],[350064,868772],[350121,868609],[350199,868264],[350240,868173],[350365,868041],[350465,867984],[350562,867950],[350711,867933],[350839,867944],[351989,868156],[352188,868228],[352430,868394],[352573,868468],[352731,868512],[352915,868520],[353112,868477],[353312,868371],[353454,868240],[353725,867890],[353791,867836],[353909,867780],[354053,867749],[354235,867739],[354419,867753],[354732,867808],[354883,867816],[355043,867791],[355193,867731],[355332,867641],[355686,867355],[355818,867205],[356001,866937],[356078,866884],[356168,866900],[356293,866962],[356648,867235],[356896,867381],[357082,867465],[357300,867521],[357492,867520],[357687,867460],[357857,867350],[358105,867106],[358236,867008],[358407,866940],[358643,866898],[358915,866904],[359366,866947],[359505,866998],[359819,867192],[359996,867271],[360190,867311],[360395,867300],[361005,867131],[361348,867062],[361521,866998],[361630,866930],[361743,866827],[361978,866526],[362051,866453],[362193,866374],[362294,866346],[362573,866316],[362938,866309],[364258,866358],[364512,866311],[364871,866156],[364998,866128],[365110,866144],[365456,866296],[365612,866343],[365805,866358],[365980,866328],[366179,866234],[366344,866094],[366480,865922],[366742,865492],[366932,865330],[367159,865216],[367427,865125],[367690,865067],[367983,865039],[368181,865053],[368588,865140],[368812,865168],[369061,865165],[369445,865128],[369557,865133],[369676,865172],[370069,865373],[370228,865417],[370367,865434],[370600,865427],[371052,865374],[371709,865368],[372481,865199],[372899,865163],[373341,865097],[373500,865109],[373688,865147],[374215,865337],[374462,865373],[374692,865330],[375008,865174],[375115,865138],[375649,865060],[376195,864859],[376485,864831],[376737,864856],[376997,864919],[377140,864972],[377312,865071],[377826,865434],[378002,865514],[378204,865568],[378425,865587],[378598,865572],[378822,865510],[379143,865369],[379217,865354],[379278,865369],[379554,865580],[379871,865738],[379957,865809],[380012,865931],[380129,866398],[380215,866587],[380397,866817],[380736,867122],[381038,867332],[381256,867442],[381627,867559],[381986,867696],[382147,867732],[382295,867742],[382467,867728],[382642,867689],[382841,867617],[382970,867546],[383147,867393],[383330,867147],[383430,867037],[384062,866655],[384192,866549],[384407,866329],[384513,866264],[384625,866245],[385081,866322],[385365,866321],[386009,866180],[386524,866092],[387018,865979],[387468,865918],[387612,865873],[387761,865797],[388152,865498],[388438,865330],[388629,865255],[388795,865238],[388947,865271],[389187,865361],[389309,865424],[389443,865522],[389667,865736],[389978,866185],[390163,866364],[390342,866456],[390756,866585],[390929,866683],[391069,866788],[391306,867026],[391781,867675],[391935,867842],[392075,867964],[392338,868121],[392734,868256],[392973,868299],[393188,868291],[393366,868241],[393667,868107],[393852,868086],[394031,868105],[394611,868221],[394895,868261],[395219,868273],[395521,868249],[395868,868177],[396323,868033],[396656,867887],[397250,867553],[397381,867501],[397541,867471],[397629,867471],[397799,867508],[398487,867830],[398851,867940],[399690,868054],[399909,868051],[400121,868004],[400308,867922],[400518,867762],[400843,867375],[400966,867172],[401014,866980],[400998,866803],[400931,866636],[400758,866354],[400728,866216],[400739,866163],[400805,866060],[400913,865968],[401040,865890],[401417,865719],[401766,865608],[402038,865557],[402306,865548],[402493,865574],[402601,865612],[403069,865894],[403310,866009],[403494,866054],[403697,866052],[403960,865988],[404301,865847],[404471,865747],[405039,865361],[405185,865215],[405296,865048],[405370,864873],[405528,864346],[405740,863961],[405904,863724],[406290,863293],[406432,863077],[406518,862893],[406882,861973],[407231,861297],[407450,860969],[407829,860481],[408000,860299],[408198,860124],[408660,859801],[409060,859581],[410303,858992],[410549,858858],[410812,858647],[410928,858512],[411024,858366],[411102,858209],[411161,858042],[411209,857812],[411220,857656],[411209,857491],[411173,857326],[410942,856612],[410887,856319],[410864,856075],[410858,855732],[410885,855185],[410938,854688],[411017,854254],[411108,853881],[411200,853582],[411327,853233],[411467,852917],[411643,852638],[412113,852103],[412206,851940],[412260,851779],[412286,851582],[412295,851170],[412366,850743],[412377,850530],[412362,850356],[412329,850198],[412171,849734],[412124,849508],[412115,849344],[412135,849106],[412224,848803],[412417,848405],[412551,848084],[412649,847923],[412758,847833],[413159,847598],[413706,847238],[413855,847124],[414235,846722],[414322,846583],[414391,846410],[414441,846134],[414448,845743],[414390,845436],[414284,845119],[414208,844955],[414113,844812],[413758,844469],[413448,844054],[413344,843884],[413312,843799],[413305,843720],[413323,843639],[413368,843541],[413477,843394],[413997,842947],[414229,842773],[414347,842653],[414409,842562],[414461,842444],[414499,842203],[414466,842005],[414361,841817],[414223,841684],[413824,841427],[413772,841344],[413661,841082],[413572,840938],[413145,840501],[412821,840081],[412635,839723],[412346,839258],[412030,838571],[411723,838107],[411685,837975],[411610,837467],[411523,837219],[411428,837068],[410972,836471],[410697,835910],[410397,835444],[410217,835256],[410107,835183],[409999,835133],[409850,835094],[409700,835080],[409249,835123],[409124,835119],[408992,835054],[408867,834900],[408783,834675],[408764,834516],[408768,834394],[408812,834145],[408967,833625],[409002,833328],[408974,833151],[408891,832976],[408760,832824],[408498,832614],[408384,832503],[408165,832262],[407875,831905],[407495,831549],[407163,831148],[407031,831043],[406636,830794],[406216,830455],[406064,830313],[405949,830158],[405795,829824],[405709,829677],[405614,829558],[405424,829364],[405311,829218],[405090,828750],[405003,828606],[404877,828467],[404510,828156],[404221,827786],[403543,827056],[403435,826901],[403298,826591],[403185,826421],[403075,826313],[402935,826215],[402548,826016],[402394,825921],[402260,825802],[402114,825619],[401970,825385],[401571,824637],[401142,823975],[400992,823511],[400900,823279],[400268,822104],[399361,820104],[398640,818630],[398120,817354],[397810,816425],[397254,814870],[397094,814331],[396614,812558],[396110,810428],[395885,808756],[395828,808117],[395806,807676],[395821,807305],[395876,806978],[395957,806786],[395999,806734],[396095,806665],[396776,806448],[396906,806386],[397013,806312],[397106,806221],[397196,806101],[397494,805645],[397586,805452],[397624,805298],[397629,805153],[397605,804996],[397509,804674],[397564,804176],[397544,803978],[397488,803725],[397399,803447],[397269,803115],[396939,802472],[396609,801644],[396510,801467],[396247,801102],[396201,800967],[396132,800642],[396068,800472],[395995,800342],[395746,799986],[395551,799455],[395248,798904],[395021,798266],[394948,797620],[394887,797407],[394822,797263],[394696,797072],[394471,796806],[394367,796654],[394188,796185],[394117,796039],[393791,795529],[393412,795014],[393242,794656],[393142,794486],[392790,794053],[392371,793401],[392001,793022],[391906,792904],[391776,792711],[391513,792249],[391374,792072],[391087,791757],[390944,791526],[390868,791333],[390745,790871],[390506,790377],[390283,789699],[390178,789497],[389889,789073],[389764,788793],[389693,788524],[389666,788344],[389667,788095],[389719,787684],[389703,787541],[389654,787407],[389572,787286],[389461,787181],[388910,786865],[388623,786648],[388414,786418],[388288,786197],[388275,786090],[388312,785981],[388583,785663],[388688,785472],[388736,785307],[388786,785036],[388910,784688],[388935,784528],[388907,784285],[388768,783941],[388730,783796],[388688,783283],[388596,782725],[388589,782504],[388611,782122],[388609,781863],[388495,781135],[388510,780897],[388616,780177],[388622,779813],[388590,779606],[388540,779444],[388309,779030],[388140,778608],[388040,778448],[387749,778083],[387657,777925],[387610,777780],[387559,777498],[387495,776828],[387452,776655],[387360,776397],[387220,776105],[386915,775558],[386479,774682],[386375,774510],[386208,774309],[385703,773830],[385337,773435],[385211,773268],[384920,772807],[384714,772557],[384497,772368],[384097,772093],[383997,771991],[383932,771820],[383820,771254],[383730,771031],[383654,770895],[383549,770753],[383413,770611],[382962,770269],[382826,770128],[382181,769104],[381614,768092],[381170,767498],[380940,767229],[380671,766972],[380414,766780],[379634,766347],[379060,766050],[378676,765800],[378081,765260],[377794,764922],[377554,764565],[377465,764474],[377377,764410],[377194,764335],[377015,764313],[376805,764330],[376418,764398],[376206,764395],[375962,764322],[375777,764209],[375546,763998],[375381,763788],[375191,763495],[374756,762745],[374690,762601],[374508,762043],[374073,761154],[373844,760550],[373489,759240],[373180,757778],[373163,757547],[373200,757419],[373272,757347],[373541,757184],[373675,757068],[373775,756923],[373823,756755],[373824,756607],[373803,756494],[373679,756154],[373646,756017],[373620,755345],[373572,755109],[373521,754967],[373429,754802],[373162,754473],[372862,754013],[372657,753799],[372514,753705],[372222,753569],[372062,753475],[371941,753379],[371708,753149],[371570,753053],[371378,752976],[371037,752914],[370899,752869],[370652,752707],[370388,752487],[369996,752090],[369876,751931],[369768,751657],[369603,751069],[369548,750744],[369525,750316],[369547,749926],[369609,749670],[369695,749528],[369792,749453],[369942,749387],[370372,749251],[370590,749160],[370800,749037],[370949,748896],[371078,748675],[371155,748381],[371162,748073],[371108,747785],[371019,747599],[370751,747241],[370034,746045],[369725,745597],[369464,745182],[369317,744991],[368982,744654],[368884,744525],[368795,744320],[368694,743723],[368622,743435],[368552,743259],[368460,743117],[368327,742974],[368151,742833],[367819,742623],[367642,742430],[367572,742273],[367524,741902],[367491,741755],[367427,741598],[367336,741451],[367192,741289],[366951,741078],[366769,740947],[366541,740815],[366389,740751],[366232,740707],[365680,740648],[365474,740601],[365356,740544],[365236,740463],[364723,740055],[364202,739745],[364043,739679],[363875,739634],[363386,739579],[363237,739548],[363098,739489],[362957,739400],[362812,739274],[362703,739152],[362212,738496],[361916,738057],[361443,737261],[361342,737126],[361219,737001],[360944,736798],[360208,736375],[359888,736145],[359582,735879],[359155,735387],[358827,735124],[357844,734503],[357435,734200],[357284,734117],[356859,733927],[356637,733762],[356493,733577],[356440,733418],[356347,732469],[356224,731809],[356110,731435],[355868,730949],[355615,730554],[355318,730213],[355185,730103],[355055,730023],[354839,729949],[354594,729943],[354322,730007],[354027,730122],[353773,730241],[353487,730410],[352606,731022],[352389,731155],[351770,731459],[351259,731753],[351094,731804],[350905,731814],[350580,731773],[349940,731650],[349569,731555],[349331,731467],[348941,731244],[348133,730691],[347480,730391],[346993,730093],[346765,730000],[346559,729978],[346367,730014],[345502,730385],[345272,730455],[345079,730480],[344538,730489],[344030,730466],[343806,730431],[343429,730344],[342770,730255],[342042,730109],[341648,729967],[341081,729640],[340555,729223],[340214,729011],[339751,728806],[339539,728739],[339330,728697],[339060,728673],[338820,728674],[337188,728737],[336526,728798],[336326,728850],[336150,728930],[335981,729043],[335571,729374],[335493,729413],[335427,729412],[335361,729378],[335027,729111],[334485,728824],[334267,728766],[333677,728704],[333535,728666],[333444,728623],[333264,728494],[333074,728315],[332660,727758],[332411,727513],[332260,727405],[332094,727311],[331379,726975],[331083,726786],[330949,726682],[330397,726156],[330125,725859],[329298,724721],[328999,724265],[328878,724119],[328290,723590],[327846,723103],[327613,722876],[327372,722680],[326927,722371],[326567,722054],[326245,721651],[325962,721165],[325801,720972],[325567,720789],[324983,720440],[324837,720322],[324740,720175],[324728,720111],[324747,719985],[324436,719751],[324350,719712],[324151,719662],[323808,719629],[322708,719603],[322482,719578],[322280,719528],[322193,719489],[321906,719272],[321824,719228],[321449,719095],[321280,719010],[321212,718951],[321161,718877],[321098,718693],[321074,718481],[321074,718331],[321214,718344],[321178,718195],[321374,717996],[322238,717992],[322469,717828],[322308,717387],[322450,717128],[322059,716967],[321735,717022],[321675,716566],[321395,716461],[321379,716306],[321717,716281],[321783,715797],[321500,715620],[321201,715607],[320943,715432],[320289,714928],[319903,714475],[319684,714408],[319634,714307],[319630,714200],[319919,714106],[320020,714005],[319663,713774],[319682,713764],[319700,713610],[319932,713122],[320025,712743],[320032,712577],[319878,712432],[320109,711900],[319940,711600],[320110,711470],[319745,711610],[319648,711611],[319512,711471],[318977,711315],[318838,711083],[318075,710827],[317787,711324],[317722,711280],[317421,711575],[317072,711238],[316982,711369],[316658,711159],[316476,711178],[316297,710882],[316516,710756],[316411,710593],[316212,710598],[316026,710401],[315316,710011],[315039,709591],[314610,709310],[314524,709210],[314682,708853],[315190,708490],[315440,708350],[315760,708280],[316060,708150],[316440,707840],[316340,707750],[316260,707710],[316180,707630],[316140,707400],[316038,707331],[316000,707061],[315340,706086],[315805,706204],[315862,706101],[315941,706198],[316802,705910],[317693,705774],[318187,705823],[318463,706011],[318613,706061],[318940,705840],[319150,705750],[319350,705700],[319950,705470],[320070,705470],[320170,705550],[320410,705480],[320590,705410],[320640,705320],[320590,705240],[320469,705190],[320044,704882],[320097,704354],[320684,704210],[321090,704130],[321190,703960],[321443,703780],[321559,703727],[321530,703620],[321380,703400],[321450,703350],[321490,703280],[320990,703220],[321119,702376],[321310,701832],[321461,701840],[321501,701799],[321634,701612],[321701,701456],[321693,701447],[321770,701298],[321913,701079],[318866,699946],[319014,699237],[319235,699237],[319384,699203],[319494,699073],[319340,699010],[319476,698839],[319726,698827],[319824,698619],[319605,698485],[319592,698303],[318911,698217],[319000,697950],[318870,697930],[318800,697870],[318727,697966],[318350,697872],[317874,698485],[316822,698721],[316536,698611],[316385,698501],[316310,698250],[315750,697993],[315343,697917],[314914,697710],[315209,696653],[315020,695610],[314493,695494],[313980,695250],[313660,695270],[313230,695220],[312910,695120],[312650,694960],[312510,694940],[312470,694970],[312400,694990],[312260,694960],[312033,694879],[311624,695064],[311481,695246],[311063,695314],[310970,695634],[310604,695639],[310468,695835],[310279,695930],[309983,695874],[309900,696050],[309880,696172],[309620,696160],[309483,695876],[309250,695870],[309150,695920],[309100,696070],[308980,696150],[308780,696130],[308450,696030],[308310,695950],[307530,696240],[307350,696200],[307036,696347],[305318,695736],[305110,695847],[305005,696100],[304417,695932],[304392,696309],[304130,697220],[303560,697170],[303370,697120],[303280,697170],[303150,697300],[302820,697400],[302722,697258],[302658,697378],[301764,696483],[301690,695726],[301856,695685],[302027,695386],[301855,695193],[301402,695007],[300996,695037],[300438,694921],[300221,694738],[300000,694723],[299886,694742],[299079,694490],[299013,694490],[298892,694534],[298420,694490],[298150,694690],[298050,694820],[298000,694920],[297980,695010],[297990,695090],[298070,695190],[298190,695280],[298260,695360],[298280,695480],[298268,695688],[298252,695798],[298216,695869],[298100,696000],[297920,696100],[297947,696127],[298010,696120],[298170,696220],[298422,696453],[298426,696587],[298052,696961],[298113,697085],[297799,697312],[297751,697557],[298065,697870],[298240,697950],[298500,698030],[298660,698120],[298860,698350],[298990,698450],[299050,698640],[299110,698660],[299260,698590],[299380,698490],[299660,698500],[299800,698570],[300000,698700],[300250,698630],[300330,698730],[300420,698780],[300680,698730],[300750,698750],[300760,698850],[300900,698890],[301250,699110],[301272,699132],[301084,699486],[300945,699455],[300909,699757],[301250,699750],[301470,699768],[301533,700145],[301882,700211],[301710,700789],[301739,701027],[302051,701171],[302347,701158],[302450,701180],[302380,701320],[302280,701380],[302140,701400],[301950,701380],[301710,701640],[301520,701730],[301350,701740],[301180,701720],[300990,701790],[300820,701960],[300670,702190],[300680,702518],[300303,702543],[300000,702603],[299645,702615],[299182,702087],[298561,701755],[297889,702057],[297707,702327],[297625,702405],[297430,702050],[297340,701950],[297268,701807],[297160,701690],[297120,701540],[297070,701470],[297010,701470],[296650,700910],[296600,700880],[296580,700877],[296546,700906],[296149,701304],[295453,701641],[293932,701267],[293738,701413],[293487,701212],[292972,701403],[292672,701313],[292309,700962],[292039,701304],[292043,701408],[292007,701450],[292040,701550],[291970,702130],[291820,702350],[291730,702420],[291710,702500],[291710,702710],[291640,702830],[291590,703250],[291500,703410],[291222,703361],[290675,703672],[289656,704167],[289610,704090],[289600,703950],[289431,703624],[289330,703597],[288484,702918],[287612,702483],[287480,702330],[287290,702240],[286984,702148],[286583,701945],[286389,701378],[285980,701400],[285750,701360],[285680,701400],[285530,701660],[285370,701870],[285300,701900],[285180,701910],[284720,701900],[284310,701920],[283770,701980],[283370,702050],[283230,701980],[282910,701880],[282860,701810],[282830,701710],[282720,701620],[282610,701580],[282520,701570],[282430,701580],[282390,701510],[282100,701260],[281970,701100],[281870,701120],[281770,701090],[281700,700960],[281590,700830],[281470,700820],[281210,700890],[281120,700860],[281070,700700],[280960,700590],[280350,700170],[280200,700000],[280180,699880],[280090,699600],[280020,699610],[279910,699700],[279800,699760],[279660,699770],[279450,699720],[279300,699590],[279240,699600],[279160,699590],[279130,699490],[279070,699440],[278970,699420],[278830,699320],[278740,699230],[278810,699040],[278860,698740],[278850,698610],[278710,698100],[278730,697820],[278850,697600],[278930,697490],[278970,697320],[278990,697170],[278980,697040],[278940,696940],[278940,696830],[279000,696750],[279020,696660],[279000,696420],[278860,696360],[278730,696430],[278630,696520],[278540,696520],[278470,696430],[278530,696140],[278420,696150],[278240,696120],[277890,695880],[277790,695770],[277690,695750],[277570,695750],[277430,695800],[277360,696030],[277240,696150],[277100,696210],[276950,696220],[276960,696070],[277010,695840],[277010,695720],[277060,695410],[277120,695350],[277240,695340],[277320,695300],[277310,695180],[277230,695100],[277140,695050],[277100,694970],[277080,694760],[277010,694700],[276790,694620],[276740,694550],[276740,694470],[276820,694240],[276840,694130],[276720,693930],[276620,693860],[276200,693860],[276020,694050],[275910,694070],[275520,693960],[275290,693980],[274980,694060],[274770,694190],[274720,694260],[274720,694360],[274780,694400],[274790,694500],[274840,694580],[274840,694690],[274580,694950],[274450,695040],[274360,695130],[274260,695130],[274250,694880],[274110,694790],[274090,694740],[274090,694670],[273990,694610],[273880,694580],[273760,694570],[273580,694620],[273570,694690],[273600,694790],[273580,694900],[273530,694970],[273450,694970],[273340,694830],[273270,694770],[273030,694830],[272940,694560],[272850,694190],[272820,694130],[272680,694090],[272280,693670],[272270,693610],[272300,693370],[272270,693310],[272260,693120],[272220,693100],[272160,693100],[272070,692960],[272020,692950],[270330,691710],[269230,691530],[269210,691410],[269090,691270],[269080,690990],[268990,690710],[268840,690440],[268760,689920],[268670,689730],[268570,689560],[268260,689210],[268260,689090],[268240,689030],[267950,688800],[267850,688530],[267760,688420],[267630,688300],[267600,688230],[267560,688200],[267760,688010],[267890,687750],[267930,687570],[267980,687540],[268080,687520],[268200,687350],[268230,687250],[268240,687120],[268200,686980],[268090,686830],[267950,686720],[267840,686670],[267780,686600],[267720,686250],[267680,686160],[267640,686110],[267570,686060],[267270,685700],[267260,685640],[267310,685570],[267390,685520],[267500,685480],[267540,685400],[267520,685350],[267440,685330],[267440,685300],[267460,685270],[267540,685250],[267650,685180],[267740,685040],[267750,684940],[267630,684730],[267610,684650],[267620,684600],[267700,684570],[267890,684560],[268020,684590],[268170,684570],[268400,684450],[268610,684260],[268690,684090],[268670,684000],[268610,683940],[268570,683790],[268420,683470],[268430,683440],[268610,683430],[268730,683470],[268780,683540],[268890,683560],[269040,683570],[269140,683540],[269210,683470],[269230,683380],[269100,683260],[269100,683150],[269170,683080],[269290,683050],[269180,682780],[269180,682700],[269090,682630],[268900,682530],[268680,682480],[268570,682360],[268500,682250],[268380,682220],[268260,682240],[268040,682150],[267930,682130],[267870,682100],[267860,682020],[267760,681960],[267740,681850],[267670,681750],[267540,681670],[267360,681620],[267030,681380],[266760,681350],[265895,681547],[265595,682167],[265640,682480],[265650,682670],[265650,682840],[265610,682980],[265580,683280],[265630,683480],[265610,683590],[265560,683720],[265270,684050],[265210,684020],[265160,684030],[265070,683970],[264990,683970],[264950,683940],[264910,683860],[264830,683820],[264840,683610],[264770,683470],[264740,683350],[264600,683180],[264570,683110],[264570,682970],[264550,682850],[264510,682720],[264450,682640],[264280,682600],[264200,682480],[264050,682320],[263710,682120],[263521,682039],[263494,681981],[263240,681867],[263145,681732],[262542,682650],[262092,682680],[261793,682814],[261673,682991],[261502,683023],[260399,682666],[259808,682628],[259406,682778],[259128,683220],[258829,683406],[258360,683463],[258400,683590],[258390,683780],[258300,683930],[258250,684100],[258140,684270],[257950,684320],[257130,684160],[256340,683950],[255850,683890],[254390,683450],[253707,683298],[252063,683678],[251112,682781],[250950,680920],[250970,680810],[250940,680760],[250860,680710],[250390,680570],[249300,680711],[248223,682360],[245368,683001],[244447,683939],[243513,684469],[242496,684646],[240456,684851],[239215,684580],[238752,684108],[237946,683867],[237000,685690],[236250,685610],[236080,685610],[235850,685630],[235640,685700],[235230,685420],[235110,685310],[235110,685220],[235130,685160],[235190,685080],[235240,684960],[235200,684830],[235130,684820],[235060,684870],[234950,684890],[234870,684850],[234850,684800],[234920,684670],[234890,684660],[234720,684690],[234610,684750],[234540,684730],[234420,684740],[234380,684790],[234260,684750],[234140,684760],[234080,684730],[234080,684680],[234120,684610],[234170,684570],[234220,684480],[234220,684420],[234000,684420],[233970,684440],[234020,684520],[234020,684570],[233970,684570],[233780,684470],[233870,684360],[233840,684320],[233690,684410],[233600,684430],[233480,684410],[233410,684500],[233390,684600],[233400,684680],[233360,684790],[233380,684930],[233320,685390],[233240,685700],[233140,685980],[233090,686250],[233010,686420],[232900,686850],[232850,687200],[232250,689920],[232120,690160],[231930,690450],[231750,690580],[231540,690650],[231390,690770],[231230,691110],[231120,691280],[231010,691400],[230860,691500],[230670,691550],[230540,691650],[229060,692350],[227480,693850],[227180,694180],[227020,694230],[226680,694820],[226560,694960],[226530,695150],[226590,695380],[226690,695600],[226710,695790],[226640,695980],[226540,696110],[226480,696260],[226120,696430],[226020,696510],[225960,696660],[225880,696780],[225790,696840],[225200,697500],[225232,697571],[225069,697583],[224976,697574],[224808,697518],[224740,697466],[224650,697311],[224599,697111],[224520,696556],[224465,696358],[224423,696274],[224180,696012],[223959,695731],[223683,695506],[223459,695229],[223209,694979],[223126,694812],[222974,694339],[222931,694257],[222760,694052],[222664,693899],[222510,693427],[222427,693261],[222176,693012],[221959,692729],[221714,692474],[221671,692391],[221615,692198],[221521,691542],[221467,691346],[221427,691261],[221208,690979],[221165,690898],[220976,690336],[220878,690185],[220704,689983],[220624,689814],[220468,689344],[220424,689263],[220201,688985],[220131,688805],[220080,688479],[220059,687996],[220059,686867],[220085,686262],[220115,686041],[220169,685844],[220261,685686],[220429,685477],[220500,685299],[220540,685088],[220574,684497],[220565,681986],[220589,681258],[220619,681037],[220674,680839],[220767,680680],[220937,680470],[220978,680384],[221034,680186],[221064,679964],[221081,679611],[221069,679257],[221041,679035],[220985,678839],[220887,678685],[220693,678501],[220466,678226],[220187,678003],[219961,677728],[219709,677479],[219625,677313],[219471,676841],[219374,676689],[219202,676485],[219123,676315],[218970,675843],[218927,675761],[218708,675480],[218668,675395],[218601,675087],[218547,674266],[218498,673940],[218429,673759],[218266,673547],[218176,673387],[218121,673192],[218024,672538],[217970,672343],[217929,672259],[217707,671981],[217663,671900],[217472,671341],[217428,671260],[217206,670981],[217137,670801],[217099,670589],[217080,670357],[217060,669503],[217035,669153],[216967,668846],[216877,668686],[216712,668476],[216672,668390],[216620,668192],[216585,667853],[216550,666763],[216501,666437],[216432,666256],[216268,666044],[216177,665885],[216122,665690],[216023,665037],[215968,664841],[215927,664756],[215702,664476],[215657,664395],[215459,663831],[215414,663750],[215192,663473],[215129,663302],[215113,663012],[215154,662830],[215193,662751],[215623,662309],[215773,662207],[216250,662053],[216420,661971],[216675,661725],[216961,661510],[217214,661263],[217382,661181],[217765,661063],[217934,660982],[218189,660736],[218470,660518],[218693,660240],[218935,659983],[219008,659805],[219046,659593],[219101,658770],[219152,658444],[219222,658263],[219388,658050],[219481,657889],[219535,657691],[219572,657352],[219566,656762],[219538,656539],[219484,656341],[219444,656255],[219220,655975],[219175,655893],[219019,655421],[218939,655251],[218766,655048],[218669,654895],[218476,654337],[218373,654190],[218180,654008],[217963,653725],[217713,653475],[217629,653309],[217508,652930],[217424,652764],[217173,652515],[216955,652233],[216765,652047],[216669,651894],[216599,651589],[216548,650765],[216500,650438],[216431,650256],[216212,649976],[216169,649894],[215976,649321],[215491,649579],[215140,649734],[214962,649781],[214533,649834],[214310,649916],[214098,650071],[213592,650619],[213367,650797],[212939,651021],[211866,651512],[211418,651697],[211149,651758],[211000,651752],[210909,651730],[210757,651662],[210203,651325],[210063,651270],[209954,651249],[209770,651255],[209610,651302],[209461,651378],[209266,651514],[209003,651766],[208469,652395],[208318,652602],[208205,652814],[208071,653192],[207857,653653],[207725,654083],[207569,654492],[207532,654718],[207499,655475],[207472,655609],[207435,655689],[207350,655784],[206990,656080],[206635,656442],[206195,656742],[206032,656879],[205774,657159],[205536,657498],[205502,657516],[205454,657515],[205400,657496],[205025,657238],[204755,657116],[204538,657077],[204253,657093],[203772,657199],[202427,657552],[202052,657666],[201891,657734],[201776,657803],[201660,657901],[201562,658016],[201367,658334],[201227,658643],[201154,658907],[201074,659368],[201033,659829],[201036,660111],[201148,660958],[201191,661185],[201278,661429],[201383,661600],[201869,662116],[202331,662639],[202582,662945],[202741,663187],[202835,663438],[202968,664304],[203055,664648],[203142,664854],[203226,665005],[203337,665161],[203545,665403],[203587,665482],[203578,665583],[203547,665638],[203446,665727],[203341,665765],[203263,665769],[203148,665745],[202841,665637],[202662,665600],[202492,665593],[202119,665617],[201944,665585],[201595,665439],[200897,665069],[200398,664768],[200201,664580],[199820,663820],[199716,663659],[199620,663555],[199516,663475],[199417,663425],[199312,663391],[199153,663372],[198934,663386],[198624,663456],[198462,663529],[198326,663631],[198213,663757],[198105,663916],[197843,664434],[197723,664634],[197593,664787],[197460,664868],[197263,664928],[196592,665079],[194640,665673],[194067,665820],[193709,665859],[193445,665857],[193197,665807],[193037,665719],[192745,665470],[191840,664551],[191671,664331],[191630,664254],[191596,664138],[191591,664039],[191609,663900],[191768,663421],[191864,662904],[191942,662712],[192140,662372],[192221,662204],[192294,661995],[192475,661346],[192519,661068],[192547,660395],[192639,659979],[192670,659761],[192681,659540],[192668,659336],[192511,658433],[192285,657764],[192182,657530],[192034,657298],[191895,657130],[191710,656969],[191549,656874],[191389,656827],[191211,656817],[191059,656835],[190500,656953],[190343,656953],[190235,656931],[190078,656849],[189411,656392],[189071,656196],[188847,656093],[188421,655938],[187508,655568],[187249,655428],[186937,655176],[186753,654971],[186594,654717],[186378,654237],[186261,654069],[186108,653926],[185715,653672],[185593,653562],[185238,653045],[184721,652474],[184359,651992],[183978,651457],[183914,651346],[183888,651249],[183880,651102],[183905,650351],[183894,650113],[183792,649575],[183704,649263],[183562,648942],[183267,648578],[183206,648466],[183077,647902],[182890,647446],[182691,646703],[182372,645782],[182221,645147],[182172,645001],[182034,644767],[181651,644368],[181592,644285],[181554,644198],[181535,643963],[181624,643359],[181625,642819],[181646,642429],[181598,641755],[181633,641158],[181585,640479],[181592,640125],[181659,639800],[181776,639512],[181939,639286],[182206,639020],[182320,638884],[182415,638718],[182480,638521],[182504,638373],[182510,638147],[182460,637679],[182453,636935],[182419,636678],[182376,636553],[182305,636420],[181898,635859],[181798,635764],[181701,635700],[181603,635660],[181501,635641],[181381,635650],[181251,635698],[181157,635765],[181057,635882],[180969,636071],[180869,636537],[180798,636687],[180761,636708],[180700,636690],[180610,636554],[180403,636125],[180363,635999],[180393,635592],[180388,635382],[180242,634693],[180194,634357],[180187,633863],[180139,633324],[180148,633131],[180226,632679],[180246,632443],[180234,631956],[180208,631737],[180141,631547],[180037,631400],[179884,631276],[179544,631102],[179455,630999],[179400,630879],[179206,630060],[179122,629808],[178931,629340],[178863,629092],[178848,628940],[178869,628537],[178861,628369],[178801,628157],[178618,627826],[178570,627687],[178560,627551],[178601,627184],[178564,626955],[178520,626856],[178447,626748],[178329,626625],[178005,626361],[177748,625992],[177637,625862],[177228,625521],[176953,625239],[176597,624914],[176457,624709],[176409,624542],[176370,623854],[176275,623012],[176289,622698],[176365,622223],[176634,620797],[176706,620320],[176871,617936],[176930,617354],[177115,616494],[177248,615763],[177424,615104],[177543,614534],[177593,614104],[177575,613725],[177476,613301],[177353,612974],[177247,612753],[176886,612178],[176563,611703],[176289,611353],[175932,610952],[175725,610653],[175507,610203],[175014,609012],[174840,608665],[174728,608511],[174604,608397],[174448,608304],[174148,608173],[174030,608088],[173984,608026],[173922,607871],[173871,607600],[173768,606422],[173770,606234],[173798,606059],[173870,605910],[173984,605788],[174355,605526],[175250,605021],[175385,604920],[175493,604811],[175578,604673],[175614,604539],[175608,604402],[175554,604257],[175466,604144],[175353,604051],[175216,603972],[175039,603897],[172889,603242],[172581,603189],[172345,603191],[172097,603245],[171734,603376],[171491,603512],[171317,603660],[171212,603800],[171138,603975],[171108,604218],[171169,604711],[171151,605008],[171073,605392],[170904,606063],[170793,606424],[170720,606578],[170621,606692],[170541,606731],[169490,607017],[169281,607027],[168932,606990],[168728,606993],[168535,607040],[168224,607174],[168041,607197],[167803,607185],[167183,607100],[166620,607104],[166421,607084],[166239,607024],[165806,606760],[165233,606491],[164866,606258],[164533,605956],[164360,605825],[164114,605677],[163778,605527],[163486,605439],[163245,605392],[162765,605381],[161794,605288],[161469,605272],[161258,605277],[161087,605308],[160894,605374],[160646,605492],[159594,606071],[158724,606625],[158509,606817],[158345,607070],[158259,607263],[158186,607481],[158126,607784],[158090,608268],[158121,608481],[158392,609483],[158408,609641],[158406,609983],[158429,610191],[158493,610491],[158620,610932],[158656,611178],[158649,611409],[158601,611697],[158398,612285],[158363,612492],[158378,612706],[158496,613092],[158522,613284],[158546,613855],[158475,614217],[158475,614394],[158543,614616],[158773,614967],[158834,615091],[158871,615218],[158935,615640],[159053,616086],[159091,616317],[159099,616500],[159076,617065],[159085,617228],[159113,617379],[159215,617638],[159409,617938],[159610,618144],[160130,618579],[160316,618753],[160502,618973],[160750,619347],[160861,619479],[160990,619593],[161424,619916],[161774,620143],[161880,620235],[161944,620333],[162068,620650],[162170,620847],[162308,621054],[162430,621189],[162601,621308],[162811,621370],[162979,621373],[163572,621326],[163668,621334],[163784,621368],[163905,621447],[164042,621592],[164164,621793],[164235,621973],[164492,622906],[164740,624254],[164794,624642],[164851,625681],[164831,626645],[164843,627370],[164872,627726],[164967,628294],[164986,628516],[164998,629706],[164972,630299],[165097,631484],[165175,631826],[165290,632139],[165387,632331],[165614,632696],[165688,632866],[165729,633015],[165763,633280],[165766,633817],[165672,634672],[165607,635020],[165457,635647],[165385,636130],[165271,636727],[165256,637367],[165303,637813],[165341,637958],[165392,638080],[165492,638230],[165562,638305],[165749,638447],[166452,638899],[166575,638996],[166693,639122],[166783,639285],[166967,639812],[167224,640392],[167336,640723],[167419,641035],[167458,641264],[167501,641691],[167537,641857],[167601,642011],[167775,642293],[167840,642437],[168038,643232],[168300,643920],[168347,644215],[168414,645320],[168455,645615],[168548,645963],[168701,646373],[168786,646705],[169077,647652],[169112,647827],[169097,648062],[169055,648190],[168987,648323],[168892,648460],[168779,648581],[168585,648715],[168408,648784],[168125,648860],[166962,649098],[166692,649118],[166537,649085],[166473,649046],[166376,648925],[166305,648770],[166221,648507],[166155,648230],[166105,647855],[166118,647275],[166068,647021],[166009,646883],[165912,646722],[165389,646031],[165285,645870],[165162,645628],[165019,645234],[164806,644428],[164635,643919],[164551,643512],[164488,643332],[164412,643199],[164299,643055],[164107,642890],[163990,642835],[163882,642808],[163747,642799],[163622,642813],[163427,642874],[163249,642980],[163117,643114],[163026,643275],[162954,643544],[162780,644858],[162685,645320],[162621,645494],[162538,645661],[162062,646471],[161963,646750],[161939,646917],[161929,647161],[161960,647728],[162105,648542],[162242,649105],[162337,649346],[162462,649556],[162754,649926],[163315,650784],[163695,651213],[163875,651473],[163976,651724],[164044,652183],[164114,652401],[164265,652663],[164539,652999],[164587,653086],[164587,653172],[164514,653503],[164507,653735],[164548,653959],[164667,654256],[164893,654669],[165652,655859],[165892,656171],[166088,656325],[166257,656386],[166456,656390],[166661,656333],[166923,656211],[168735,655196],[168981,654994],[169062,654889],[169121,654774],[169165,654590],[169149,654411],[169076,654248],[168939,654096],[168622,653881],[167300,653152],[166753,652816],[166590,652694],[166451,652558],[166364,652436],[166341,652361],[166344,652272],[166376,652146],[166611,651666],[166649,651541],[166665,651402],[166649,651228],[166597,651069],[166364,650691],[166361,650624],[166392,650571],[166522,650495],[166785,650406],[168236,650020],[168618,649938],[168804,649924],[168977,649947],[169134,650004],[169289,650083],[170766,650965],[171045,651171],[171221,651343],[171384,651555],[172143,652667],[172871,653871],[172982,654086],[173153,654524],[173356,654914],[173444,655179],[173446,655393],[173389,655669],[172844,657340],[172740,657719],[172722,657891],[172728,658244],[172708,658715],[172775,659231],[172778,659382],[172728,659574],[172608,659853],[172487,660085],[172383,660174],[171826,660269],[171684,660319],[171537,660403],[171365,660541],[170597,661278],[170137,661806],[170009,661996],[169872,662346],[169726,662906],[169681,663384],[169605,663857],[169617,664225],[169712,664632],[170011,665408],[170133,665839],[170180,666191],[170176,666798],[170319,667591],[170389,667789],[170667,668261],[170735,668446],[170739,668630],[170697,668806],[170632,668983],[169653,671116],[169434,671548],[169090,672133],[168776,672856],[168449,673338],[167677,674348],[167488,674528],[167351,674591],[167275,674593],[167196,674577],[167033,674509],[166451,674150],[166260,674084],[166083,674079],[165936,674128],[165793,674249],[165712,674399],[165679,674579],[165709,674856],[165795,675151],[165940,675495],[166071,675711],[166198,675862],[166351,675991],[166592,676128],[167036,676339],[167268,676499],[167382,676640],[167471,676802],[167570,677055],[167602,677219],[167585,677367],[167548,677432],[167494,677491],[167354,677597],[167010,677783],[166096,678227],[165939,678322],[165835,678407],[165709,678575],[165655,678718],[165640,678906],[165690,679095],[165757,679202],[165825,679276],[165926,679356],[166057,679428],[166431,679551],[167408,679777],[167684,679861],[167849,679938],[167920,679988],[168024,680106],[168091,680232],[168124,680337],[168177,680866],[168262,681148],[168405,681407],[168826,681980],[169263,682646],[169363,682827],[169419,682979],[169522,683419],[169606,683653],[169738,683927],[170009,684396],[170158,684729],[170372,685368],[170596,686142],[170748,686497],[170986,686919],[171417,687624],[171826,688187],[172476,689154],[172913,689731],[172997,689872],[173058,690015],[173083,690159],[173073,690242],[172971,690489],[172761,690818],[171952,691977],[171771,692287],[171706,692469],[171693,692578],[171700,692685],[171751,692835],[171812,692928],[171886,693004],[172058,693100],[172240,693135],[172456,693113],[172638,693058],[172909,692947],[174500,692199],[174746,692127],[174891,692134],[175002,692206],[175109,692351],[175555,693094],[175841,693692],[175870,693816],[175854,693951],[175724,694170],[175537,694383],[174434,695511],[174133,695883],[173904,696302],[173302,697621],[173164,697829],[173053,697907],[172986,697916],[172914,697906],[172758,697851],[172509,697721],[171744,697261],[171503,697098],[171357,696977],[171241,696846],[170957,696422],[170685,696069],[170388,695587],[169877,694954],[169540,694339],[169260,693885],[167728,691644],[167442,691186],[167110,690599],[166880,690167],[166768,689907],[166724,689724],[166678,689319],[166561,688974],[166262,688422],[165885,687680],[165685,687339],[165195,686605],[164811,686114],[164498,685785],[163709,685065],[163328,684602],[163251,684473],[163162,684252],[162967,683562],[162872,683286],[162693,682856],[162563,682610],[162143,681956],[161960,681714],[161763,681521],[161263,681119],[161160,681004],[161055,680777],[160920,680242],[160839,680005],[160400,679036],[160363,678887],[160350,678513],[160305,678261],[159832,677055],[159649,676725],[159206,676210],[158872,675705],[158666,675281],[158443,674914],[158342,674675],[158277,674386],[158222,673677],[158237,673509],[158332,673235],[158359,673097],[158354,672937],[158302,672770],[158149,672527],[157835,672157],[157633,671881],[156793,670545],[155938,669353],[155058,667961],[153758,665998],[153497,665651],[153078,665190],[153019,665061],[152904,664590],[152807,664348],[152600,663906],[152419,663297],[152128,662654],[151974,662379],[151820,662216],[151610,662097],[151088,661927],[150258,661620],[150073,661564],[149881,661527],[149690,661521],[149409,661557],[147908,661901],[147646,661922],[147492,661890],[147363,661797],[147202,661586],[146725,660743],[146558,660405],[146482,660155],[146492,659978],[146589,659665],[146630,659474],[146651,659281],[146653,659068],[146597,658655],[146350,657625],[146323,657439],[146327,657300],[146392,656975],[146438,656850],[146503,656736],[146670,656555],[147121,656275],[147278,656128],[147379,655993],[147454,655858],[147531,655658],[147575,655491],[147602,655197],[147550,654915],[147338,654375],[146952,653586],[146922,653494],[146911,653366],[146920,653305],[146965,653206],[147201,652901],[147390,652571],[147599,652273],[147705,652018],[147796,651282],[147891,650889],[147929,650623],[147969,649868],[147973,649302],[147942,649047],[147876,648845],[147730,648589],[147534,648332],[147158,647973],[146107,647097],[145801,646857],[145536,646687],[143909,645881],[142643,645147],[142157,644822],[140338,643510],[139796,643183],[139505,642974],[139360,642893],[139219,642846],[139063,642823],[138838,642825],[138628,642857],[138259,642991],[137262,643440],[136901,643586],[136632,643651],[136544,643653],[136370,643619],[136197,643550],[135940,643418],[134394,642547],[134049,642330],[133963,642249],[133909,642158],[133878,642042],[133823,641664],[133773,641509],[133701,641378],[133586,641236],[133330,641017],[133102,640872],[132904,640796],[132472,640688],[132308,640618],[132186,640538],[132034,640367],[131841,640027],[131631,639703],[131532,639595],[131415,639513],[131246,639455],[131034,639446],[130415,639564],[130055,639617],[129415,639641],[129025,639681],[128539,639754],[128253,639815],[128049,639880],[127871,639964],[127463,640217],[126667,640764],[126437,640957],[126286,641139],[126199,641292],[126129,641470],[126093,641640],[126083,641824],[126111,642219],[126245,643309],[126300,643703],[126354,643965],[126451,644256],[126595,644544],[127064,645242],[127697,646254],[128001,646680],[128348,647240],[128597,647690],[128775,647918],[128988,648144],[129133,648269],[129302,648378],[129477,648446],[129722,648478],[130956,648490],[131095,648512],[131184,648552],[131302,648645],[131432,648780],[131517,648892],[131570,649002],[131614,649252],[131599,649702],[131519,650190],[131310,650948],[131234,651465],[131160,651721],[131037,652060],[130841,652514],[130572,653010],[130280,653494],[129951,653944],[129474,654498],[129278,654671],[129141,654751],[129029,654790],[128924,654803],[128771,654798],[128250,654732],[128075,654741],[127904,654776],[127636,654882],[127436,654999],[127224,655197],[127117,655358],[127066,655513],[127060,655696],[127249,656450],[127265,657012],[127347,657268],[127564,657607],[127597,657687],[127597,657784],[127574,657831],[127527,657876],[127387,657942],[127211,657990],[126622,658088],[126431,658105],[126254,658100],[126174,658084],[126078,658034],[125967,657904],[125800,657641],[125028,656531],[124539,655945],[123518,654846],[123126,654329],[122738,653877],[121867,653142],[121556,652902],[121372,652791],[120799,652502],[120125,652077],[119413,651535],[118760,650915],[118547,650755],[118410,650689],[118240,650633],[117892,650565],[117402,650563],[116907,650588],[116517,650628],[116238,650702],[116043,650811],[115880,650960],[115711,651216],[115553,651600],[114922,653464],[114844,653795],[114836,653957],[114858,654104],[114916,654262],[115020,654436],[116207,656048],[116542,656541],[116750,656966],[116859,657380],[116917,657542],[117145,657961],[117339,658394],[117425,658543],[117577,658724],[118011,659132],[118488,659698],[118632,659830],[118906,660043],[119017,660164],[119080,660307],[119261,660984],[119365,661260],[119570,661607],[119939,662118],[120077,662353],[120137,662486],[120184,662696],[120194,662849],[120176,663001],[120127,663106],[120061,663165],[119980,663201],[119546,663294],[119201,663407],[118913,663528],[118737,663640],[118587,663809],[118467,664049],[118404,664270],[118393,664521],[118441,664746],[118546,665009],[118656,665194],[118862,665470],[118994,665604],[119371,665911],[119678,666187],[120159,666499],[120241,666586],[120297,666692],[120337,666856],[120357,667081],[120333,667515],[120284,667759],[120143,668052],[120089,668208],[120069,668373],[120084,668565],[120177,668940],[120810,670979],[120879,671146],[120972,671286],[121065,671380],[121194,671475],[121456,671621],[122027,671862],[122466,672097],[122807,672204],[123052,672221],[123298,672164],[123491,672054],[123807,671776],[123912,671738],[124056,671740],[124494,671795],[124720,671852],[124842,671911],[124999,672056],[125330,672487],[125461,672633],[125624,672779],[126034,673093],[126263,673322],[126473,673628],[127010,674573],[127219,674908],[127463,675223],[127915,675735],[128249,676073],[128575,676330],[128841,676480],[129128,676576],[129259,676590],[129407,676579],[129534,676544],[129649,676485],[129764,676392],[129839,676302],[129906,676188],[129966,676033],[130093,675444],[130209,674738],[130256,674348],[130255,674190],[130230,674012],[130076,673451],[130072,673357],[130109,673254],[130171,673221],[130236,673211],[130478,673227],[131622,673397],[131944,673467],[132178,673549],[132401,673701],[132514,673805],[132607,673920],[132669,674065],[132723,674292],[132783,674446],[132884,674600],[133033,674746],[133329,674937],[133849,675165],[134083,675286],[134556,675569],[134743,675704],[135376,676251],[135891,676749],[136251,677052],[136655,677332],[136758,677451],[137170,678044],[137380,678275],[137648,678520],[139745,680241],[139930,680364],[140121,680429],[140269,680439],[140438,680419],[140990,680252],[142370,679760],[142645,679626],[142841,679476],[142960,679345],[143069,679176],[143143,679000],[143186,678813],[143194,678578],[143132,678061],[143114,677607],[143126,677092],[143147,676976],[143191,676883],[143302,676748],[143519,676562],[144174,676084],[144501,675870],[144658,675795],[144733,675776],[144837,675783],[144946,675852],[145060,675998],[145224,676287],[145572,676955],[145743,677358],[145858,677573],[146250,678076],[146634,678675],[147231,679472],[147463,679660],[148017,679976],[148330,680236],[148514,680354],[148635,680405],[148763,680436],[149154,680459],[149307,680489],[149491,680570],[149593,680672],[149652,680825],[149678,681101],[149638,682404],[149656,682864],[149720,683137],[149906,683604],[149957,683773],[150017,684290],[150053,684460],[150114,684638],[150283,684981],[150613,685473],[150807,685840],[150916,686015],[151061,686196],[151438,686568],[151599,686783],[152127,687941],[152286,688241],[152493,688579],[152809,689033],[153366,689714],[153764,690080],[154384,690475],[154921,690897],[155139,691017],[155695,691260],[155895,691390],[156092,691576],[156266,691782],[156334,691897],[156477,692223],[156625,692441],[156881,692694],[157191,692944],[157484,693119],[158027,693346],[158247,693458],[159375,694277],[159884,694621],[160061,694719],[160587,694960],[161116,695321],[161536,695516],[161660,695593],[161735,695674],[161955,696024],[162264,696442],[162458,696637],[162881,696984],[163166,697423],[163344,697624],[163486,697750],[163646,697850],[163861,697939],[164061,697979],[164449,698000],[164555,698038],[164692,698114],[164875,698232],[165039,698364],[165345,698698],[165497,698829],[165643,698915],[166002,699072],[166216,699209],[166423,699417],[166565,699610],[166621,699755],[166670,699975],[166829,700879],[166868,701274],[166856,701771],[166788,702764],[166742,703155],[166651,703669],[166647,703823],[166665,703986],[166777,704332],[166898,704613],[166994,704774],[167095,704885],[167232,704992],[167744,705281],[167863,705377],[167955,705497],[168046,705661],[168222,706095],[168329,706472],[168502,707239],[168581,707624],[168628,707967],[168637,708405],[168607,709079],[168577,709456],[168525,709718],[168453,709866],[168398,709928],[168256,710029],[168001,710151],[166615,710676],[166344,710732],[166178,710720],[165962,710623],[165763,710434],[165530,710125],[164859,709155],[164631,708895],[164373,708686],[164067,708484],[163836,708379],[163616,708345],[163499,708359],[163400,708390],[163302,708440],[163198,708521],[163108,708617],[163002,708768],[162896,709004],[162866,709208],[162899,709413],[162987,709622],[163157,709897],[163304,710084],[163489,710278],[164554,711237],[165711,712399],[166057,712687],[166307,712831],[167118,713165],[167477,713288],[167842,713375],[167998,713391],[168150,713382],[168338,713333],[168525,713234],[168701,713092],[169190,712598],[169398,712415],[169539,712336],[169611,712320],[169683,712325],[169828,712381],[169976,712473],[170726,713065],[171049,713283],[172924,714097],[173164,714228],[173288,714333],[173330,714396],[173364,714545],[173354,714715],[173322,714896],[172463,718416],[172351,719006],[172350,719237],[172394,719441],[172581,719843],[172715,720063],[172976,720350],[173422,720739],[173664,720904],[173875,720986],[174025,721007],[174211,721001],[175696,720811],[175983,720814],[176161,720857],[176491,721032],[177368,721639],[177740,721855],[178016,721950],[178811,722111],[178990,722171],[179120,722238],[179285,722372],[179415,722531],[179571,722780],[179637,722952],[179687,723238],[179717,723634],[179777,724734],[179764,725121],[179718,725297],[179627,725451],[179504,725589],[179289,725777],[179052,725927],[178897,725983],[178739,726006],[178661,726001],[178490,725948],[178159,725748],[177265,725076],[176932,724847],[176704,724733],[176507,724696],[176351,724719],[176211,724790],[176091,724917],[176017,725070],[175990,725223],[176007,725387],[176066,725546],[176168,725718],[177063,726867],[177401,727264],[177750,727553],[178618,728169],[178880,728399],[179139,728792],[179386,729112],[179767,729788],[179907,729967],[180049,730100],[180239,730231],[180494,730374],[181637,730946],[182039,731097],[183258,731495],[183530,731600],[183699,731686],[183913,731859],[184388,732406],[184733,732684],[184979,732842],[185174,732941],[185350,733001],[185650,733066],[185761,733129],[185883,733272],[186174,733756],[186331,733945],[186546,734116],[186934,734321],[187141,734450],[187270,734582],[187305,734704],[187280,734862],[187217,735034],[186655,736214],[186576,736430],[186486,736746],[186434,736818],[186338,736865],[186198,736896],[186065,736904],[185685,736874],[184407,736682],[183666,736521],[183432,736489],[182970,736487],[181893,736533],[181509,736524],[181246,736468],[180945,736325],[180444,736013],[179319,735252],[178452,734766],[176140,733387],[175840,733161],[175735,733025],[175705,732949],[175669,732648],[175669,731797],[175607,731412],[175520,731149],[175379,730806],[174670,729285],[174480,728731],[174325,728081],[174193,727760],[174036,727524],[173823,727322],[173159,726933],[172794,726761],[172690,726677],[172384,726158],[172175,725705],[171936,725272],[171817,725091],[171401,724542],[171207,724360],[170973,724190],[170025,723621],[169308,722975],[168983,722643],[168807,722505],[168581,722381],[167998,722105],[166897,721450],[166563,721227],[166268,720979],[166130,720887],[165960,720818],[165572,720723],[165382,720634],[165026,720383],[164397,719994],[163364,719268],[163144,719146],[162944,719075],[162698,719050],[162426,719099],[162155,719198],[161167,719621],[160371,719894],[160022,720064],[159774,720211],[159605,720346],[159451,720522],[159294,720770],[159232,720906],[159197,721032],[159196,721250],[159270,721449],[159359,721565],[159490,721670],[159964,721893],[160177,722027],[160576,722365],[160637,722444],[160656,722506],[160623,722628],[160532,722756],[160136,723152],[159849,723404],[159706,723507],[159563,723575],[159478,723585],[159367,723557],[159212,723460],[159028,723302],[158798,723070],[158598,722820],[158288,722387],[157710,721521],[157269,721018],[157042,720842],[156698,720690],[156289,720562],[155061,720126],[152812,719591],[152432,719490],[152155,719399],[151940,719297],[151514,719052],[150981,718645],[150333,718240],[150086,718103],[149874,718020],[149599,717969],[149332,717967],[149091,718002],[148869,718071],[148668,718166],[148456,718300],[147842,718823],[147789,718852],[147688,718875],[147567,718857],[147184,718740],[146956,718708],[146414,718690],[145891,718651],[145659,718670],[145327,718729],[145247,718733],[145136,718712],[144985,718619],[144795,718431],[144647,718236],[144446,717898],[144266,717697],[144126,717589],[143996,717514],[143856,717460],[143725,717433],[142849,717435],[142076,717533],[141208,717590],[139227,717559],[138741,717522],[138469,717444],[138138,717252],[136872,716323],[136241,715805],[136047,715694],[135831,715648],[135556,715671],[134508,715939],[134220,715992],[133841,716000],[133563,715962],[133298,715859],[133046,715707],[131654,714716],[131318,714495],[131074,714380],[130856,714344],[130667,714376],[130494,714471],[130344,714640],[130263,714807],[130223,714946],[130172,715231],[130039,716497],[129985,716876],[129909,717138],[129817,717287],[129691,717413],[129545,717528],[128106,718483],[127436,719013],[126410,719750],[126176,719884],[126026,719932],[125954,719933],[125819,719877],[125691,719772],[125566,719640],[124811,718720],[124654,718588],[124490,718513],[124385,718496],[124279,718502],[124176,718529],[124077,718576],[123844,718765],[123621,719020],[123517,719244],[123487,719506],[123520,719870],[123620,720327],[123848,720907],[124683,722822],[125116,723774],[125211,724042],[125235,724211],[125198,724361],[125041,724558],[124829,724742],[123897,725466],[123732,725621],[123605,725782],[123554,725881],[123523,725984],[123514,726090],[123528,726194],[123564,726295],[123620,726387],[123799,726557],[123979,726657],[124179,726711],[124346,726716],[124534,726681],[124721,726615],[124993,726490],[126323,725803],[126579,725714],[126741,725705],[126847,725742],[126957,725821],[127412,726309],[127547,726432],[127694,726532],[127875,726617],[128278,726725],[129248,726894],[129635,726934],[129909,726917],[130081,726879],[130359,726787],[131736,726249],[132371,726030],[133167,725674],[133423,725626],[134517,725528],[134774,725470],[134977,725363],[135309,725087],[135630,724886],[136095,724635],[136442,724407],[136531,724387],[136576,724397],[136666,724472],[136822,724759],[136921,724891],[137075,725023],[137243,725117],[137486,725200],[137725,725241],[138579,725276],[138700,725326],[138894,725502],[139128,725809],[139577,726465],[139723,726714],[139793,726883],[139817,727029],[139806,727199],[139691,727692],[139670,727885],[139682,728053],[139733,728334],[139758,728682],[139788,728830],[139846,729002],[140034,729431],[140158,729649],[140388,729980],[140516,730129],[140907,730451],[141379,730879],[141676,731087],[142269,731372],[142823,731710],[143052,731882],[143203,732069],[143319,732332],[143402,732615],[143455,732902],[143459,733093],[143424,733279],[143363,733464],[143014,734289],[142917,734568],[142782,735293],[142649,735555],[142364,735952],[141813,736650],[141684,736790],[141544,736909],[141452,736961],[141342,736999],[140942,737046],[140461,737068],[140181,737024],[139912,736914],[139649,736777],[137955,735803],[137813,735752],[137681,735729],[137555,735728],[137414,735754],[137214,735847],[137025,736017],[136788,736327],[136488,736830],[136303,737050],[136100,737259],[135036,738270],[134737,738518],[134373,738771],[134221,738935],[134169,739030],[134131,739151],[134118,739425],[134358,740980],[134363,741234],[134317,741890],[134324,742052],[134351,742191],[134397,742310],[134455,742401],[134529,742480],[134627,742552],[134866,742655],[135350,742744],[135412,742777],[135503,742893],[135563,743050],[135642,743420],[135767,744207],[135798,744588],[135779,744762],[135751,744843],[135685,744954],[135604,745027],[135422,745093],[135026,745154],[134868,745201],[134702,745286],[134454,745464],[134299,745540],[134097,745600],[133604,745711],[133465,745718],[133296,745682],[133128,745613],[132795,745431],[131800,744834],[131482,744623],[131324,744490],[131141,744283],[130622,743553],[130369,743243],[130216,743105],[129812,742835],[129591,742646],[129100,742162],[128695,741730],[128443,741395],[128080,740758],[127971,740622],[127843,740501],[127617,740332],[127272,740104],[125213,738830],[125035,738742],[124825,738675],[124680,738667],[124527,738704],[124440,738510],[124220,738360],[124110,738240],[124010,738100],[124040,738270],[124040,738400],[124100,738550],[124110,738670],[124150,738750],[124339,738858],[124290,738954],[124266,739070],[124271,739173],[124298,739276],[124413,739464],[124639,739678],[126177,740782],[126403,740964],[126536,741098],[126638,741246],[126710,741408],[126976,742257],[127193,742777],[127362,743035],[127677,743355],[128314,743872],[129884,745006],[130260,745237],[130807,745485],[131049,745646],[132211,746576],[132573,746899],[132692,747040],[132751,747141],[132892,747580],[132922,747784],[132912,748192],[132950,748394],[133049,748596],[133213,748801],[133477,749006],[133795,749167],[134131,749253],[134648,749325],[134852,749382],[134977,749436],[135074,749499],[135179,749596],[135601,750063],[135641,750174],[135646,750244],[135631,750336],[135593,750401],[135481,750465],[135033,750603],[134800,750734],[134685,750831],[134589,750948],[134522,751074],[134471,751230],[134437,751473],[134421,752281],[134393,752463],[134270,752970],[134230,753446],[134179,753826],[134170,754055],[134192,754300],[134255,754509],[134355,754678],[134486,754795],[134647,754858],[134841,754859],[135018,754808],[135451,754620],[135715,754585],[135973,754607],[136459,754749],[136751,754759],[137142,754700],[137570,754552],[137706,754537],[137799,754580],[137878,754669],[137943,754797],[138063,755103],[138188,755283],[138271,755352],[138381,755411],[138503,755447],[138643,755463],[138809,755448],[138986,755386],[139493,755065],[139620,754999],[139825,754962],[140002,754978],[140045,755004],[140079,755051],[140129,755234],[140130,755693],[140182,756201],[140174,756607],[140222,756935],[140263,757100],[140326,757246],[140410,757361],[140504,757441],[140632,757503],[140792,757536],[141602,757524],[141630,757580],[141680,757570],[141687,757536],[141736,757551],[141876,757623],[141962,757710],[142154,758076],[142261,758224],[142370,758322],[142516,758402],[142762,758468],[143069,758497],[143279,758476],[143747,758371],[143940,758359],[144099,758377],[144248,758446],[145322,759138],[145544,759255],[145690,759305],[145834,759326],[145976,759321],[146226,759283],[146329,759289],[146412,759329],[146684,759535],[146810,759591],[146930,759619],[147130,759616],[147340,759557],[147590,759438],[147818,759267],[147926,759145],[148017,758997],[148092,758810],[148220,758355],[148277,758256],[148359,758184],[148507,758116],[148860,758004],[149643,757706],[150417,757544],[150597,757490],[150767,757416],[150979,757286],[151210,757099],[151371,756935],[151839,756394],[151969,756284],[152036,756247],[152105,756228],[152251,756251],[152481,756377],[153344,757038],[153564,757230],[153693,757368],[153781,757498],[154158,758210],[155045,759423],[155293,759819],[155342,759970],[155342,760042],[155320,760112],[155227,760244],[155022,760432],[154463,760849],[154300,760952],[154134,761031],[154028,761061],[153914,761068],[153447,761003],[153278,760998],[153113,761026],[152945,761096],[152764,761225],[152450,761523],[151915,762193],[151761,762350],[151646,762436],[151535,762493],[151223,762580],[150957,762591],[150112,762471],[149933,762404],[149558,762194],[149438,762157],[149315,762146],[149209,762158],[149089,762194],[148646,762421],[148215,762499],[147843,762635],[147742,762650],[147685,762635],[147596,762579],[147190,762135],[146917,761925],[146757,761834],[146613,761777],[146435,761737],[146274,761727],[146134,761735],[145898,761782],[145204,762031],[143991,762224],[143752,762285],[143552,762368],[143303,762542],[142958,762906],[142462,763219],[142194,763446],[141783,763955],[141532,764318],[141387,764583],[141223,764995],[140977,765515],[140910,765758],[140872,765999],[140867,766156],[140883,766309],[141032,766965],[141083,767397],[141138,767565],[141229,767706],[141350,767812],[141475,767882],[141811,768016],[141924,768098],[142188,768572],[143378,770391],[143501,770527],[143636,770634],[143835,770745],[144009,770816],[144271,770875],[144743,770903],[144956,770859],[145286,770713],[145373,770705],[145433,770717],[145512,770763],[145724,770989],[145898,771127],[146212,771297],[146554,771446],[146754,771498],[147153,771544],[147996,771717],[148350,771765],[148647,771760],[149250,771669],[149524,771606],[149977,771464],[150738,771340],[150959,771268],[151374,771069],[151576,771026],[151667,771041],[151790,771090],[152264,771382],[152488,771464],[152724,771466],[153094,771367],[153238,771349],[153333,771359],[153725,771466],[154114,771496],[154221,771566],[154388,771814],[154494,771929],[154623,772013],[154755,772053],[154960,772049],[155406,771919],[156224,771823],[156367,771825],[156461,771858],[156548,771918],[156936,772273],[157064,772477],[157258,772904],[157385,773076],[157550,773200],[157672,773250],[157799,773276],[157948,773278],[158110,773253],[158256,773204],[158417,773122],[158695,772930],[159228,772451],[159362,772268],[159647,771744],[160069,771116],[160297,770853],[160757,770457],[160895,770301],[160989,770120],[161091,769802],[161154,769705],[161193,769685],[161248,769683],[161391,769736],[161551,769852],[161712,770006],[161799,770131],[161855,770257],[161883,770390],[161893,770556],[161865,770763],[161724,771143],[161676,771342],[161666,771590],[161698,771944],[161755,772171],[161995,772858],[162086,773508],[162136,773746],[162380,774396],[162478,774726],[162638,775474],[162740,776282],[162801,776491],[162890,776662],[163002,776809],[163205,777019],[164151,777889],[164462,778152],[164709,778304],[165190,778485],[165895,778694],[166255,778730],[166840,778721],[167121,778733],[167293,778768],[167440,778847],[167561,778970],[167669,779117],[168113,779859],[168268,780184],[168300,780334],[168294,780404],[168224,780533],[168102,780649],[167547,781024],[166635,781596],[165901,782005],[165012,782575],[164769,782699],[164595,782745],[164462,782739],[164318,782694],[164240,782646],[164158,782560],[164062,782406],[163981,782231],[163694,781479],[163573,781208],[163465,781036],[163325,780897],[163230,780839],[163109,780792],[162987,780768],[162813,780760],[162637,780773],[162456,780808],[162319,780854],[162186,780927],[162010,781091],[161801,781418],[161038,782917],[160793,783448],[160724,783650],[160637,784044],[160534,784380],[160400,784706],[160107,785337],[160005,785609],[159973,785759],[159967,785890],[159990,786048],[160026,786156],[160121,786337],[160347,786640],[160906,787299],[161169,787573],[161315,787694],[161588,787878],[162650,788502],[162934,788721],[163250,789016],[164273,790063],[164533,790348],[164646,790497],[164734,790656],[164785,790834],[164863,791622],[164975,792054],[165576,793612],[165945,794504],[165980,794643],[166037,795046],[166101,795257],[166233,795483],[166540,795818],[166613,795938],[166646,796096],[166678,796480],[166714,796701],[166776,796936],[166861,797179],[166982,797385],[167142,797545],[167267,797625],[167879,797939],[168299,798086],[168736,798192],[169229,798229],[169779,798235],[170612,798359],[170832,798361],[171325,798298],[171523,798292],[172318,798391],[173184,798464],[173613,798433],[173867,798368],[174010,798286],[174117,798185],[174219,798035],[174309,797844],[174403,797576],[174522,797146],[174771,796503],[175000,795621],[175082,795418],[175202,795235],[175299,795140],[175456,795033],[175850,794900],[176041,794792],[176152,794691],[176394,794412],[176588,794219],[176895,793945],[177042,793841],[177240,793757],[177370,793748],[177470,793782],[177558,793859],[177637,793990],[177687,794138],[177699,794287],[177676,794378],[177581,794513],[177331,794765],[177152,794992],[176568,796047],[176032,797221],[175911,797548],[175857,797751],[175830,797948],[175834,798155],[175873,798385],[175948,798651],[176024,798801],[176129,798928],[176253,799027],[176509,799189],[176522,799233],[176460,799337],[176174,799614],[176032,799711],[175915,799765],[175688,799837],[175518,799871],[175258,799896],[175068,799885],[174495,799737],[174304,799657],[174171,799581],[174073,799488],[173874,799184],[173722,799000],[173554,798848],[173389,798755],[173170,798695],[172902,798674],[172696,798704],[172503,798783],[172363,798870],[172262,798957],[172165,799075],[172083,799216],[171974,799493],[171840,800011],[171630,800503],[171513,800687],[171454,800733],[171388,800754],[170959,800738],[170816,800764],[170691,800811],[170560,800888],[170433,800989],[170167,801235],[170044,801383],[169764,801897],[169673,802109],[169474,802765],[169448,802927],[169444,803088],[169469,803294],[169522,803505],[169591,803684],[169676,803830],[169888,804097],[170149,804485],[170673,805051],[171083,805542],[171673,806073],[172018,806330],[172205,806448],[172380,806533],[172841,806676],[173013,806755],[173243,806937],[173487,807218],[173630,807427],[173805,807807],[174083,808738],[174175,808987],[174319,809256],[174465,809428],[174623,809537],[174769,809601],[175005,809660],[175309,809698],[176376,809764],[176634,809733],[176983,809656],[177218,809637],[177432,809673],[177592,809732],[177936,809922],[178038,810015],[178102,810119],[178154,810289],[178181,810475],[178194,810956],[178151,811223],[178110,811314],[178049,811400],[177833,811609],[177407,811921],[177219,812098],[177019,812358],[176800,812782],[176684,812944],[176104,813613],[175828,813881],[175588,814034],[175325,814152],[173767,814738],[173586,814790],[173409,814817],[173273,814805],[173142,814755],[172993,814639],[172819,814419],[172161,813321],[171888,812806],[171687,812195],[171507,811812],[171213,811340],[171087,811188],[170848,810947],[170736,810794],[170377,810102],[170166,809625],[170056,809450],[169929,809312],[169592,809022],[169299,808637],[169089,808403],[168791,808135],[168556,807982],[168348,807899],[168141,807870],[167811,807907],[167275,808030],[167168,808014],[167091,807954],[166735,807432],[166388,806736],[165881,805850],[165640,805579],[165448,805418],[165121,805190],[165005,805055],[164501,804027],[164465,803850],[164457,803392],[164398,803166],[164334,803043],[164256,802939],[163839,802505],[163628,802354],[163216,802178],[162986,802012],[162820,801812],[162562,801357],[162429,801198],[162278,801070],[162031,800926],[161429,800653],[160907,800444],[160705,800335],[160538,800210],[160427,800105],[160091,799669],[159973,799565],[159875,799505],[159722,799454],[159560,799445],[159373,799478],[158970,799608],[158861,799614],[158722,799592],[158394,799489],[158197,799398],[157772,799133],[157395,798840],[157214,798751],[157056,798715],[156716,798686],[156381,798555],[156223,798519],[156028,798527],[155864,798590],[155752,798678],[155647,798815],[155576,798969],[155520,799178],[155479,799404],[155458,799625],[155502,800228],[155473,800394],[155391,800513],[155185,800687],[155088,800788],[155014,800908],[154973,801025],[154954,801200],[154986,801514],[154979,801645],[154936,801824],[154800,802203],[154760,802421],[154748,803047],[154759,803224],[154796,803379],[154866,803539],[155062,803849],[155440,804561],[155678,804904],[155840,805081],[156012,805214],[156206,805313],[156526,805414],[156582,805452],[156617,805509],[156634,805606],[156699,806747],[156729,806992],[156774,807183],[156837,807347],[157059,807817],[157377,808704],[157498,808874],[157740,809082],[157722,809105],[157514,809184],[157387,809263],[157289,809361],[157209,809494],[157157,809680],[157152,809828],[157186,810018],[157251,810209],[157403,810545],[157584,810847],[158058,811447],[158655,812334],[158914,812656],[159096,812799],[159352,812933],[160773,813445],[161019,813568],[161142,813678],[161537,814110],[161620,814205],[161620,814250],[161654,814246],[161929,814569],[162116,814703],[162437,814857],[162597,814988],[162663,815099],[162684,815191],[162672,815269],[162614,815363],[162472,815496],[162316,815585],[162139,815634],[161963,815634],[161708,815590],[161268,815485],[160061,815074],[159818,815029],[159555,815010],[159295,815019],[159050,815063],[158648,815189],[158440,815299],[158314,815412],[158219,815548],[158128,815770],[158090,815963],[158093,816257],[158190,816755],[158214,816991],[158222,817291],[158190,817517],[158010,818106],[157785,818606],[157652,818981],[157602,819067],[157551,819117],[157491,819139],[157439,819129],[157394,819081],[157356,818964],[157109,817600],[157058,817400],[156998,817243],[156859,817009],[156670,816803],[156413,816599],[156023,816380],[155921,816270],[155841,816089],[155681,815604],[155382,814986],[155156,814360],[155034,814122],[154738,813626],[154565,813069],[154466,812826],[153847,811770],[153729,811599],[153329,811096],[153089,810848],[152867,810659],[152690,810551],[152510,810485],[152329,810459],[152148,810476],[152009,810526],[151888,810601],[151793,810691],[151696,810821],[150977,812152],[150889,812355],[150840,812565],[150832,812742],[150859,812960],[151102,813809],[151161,814116],[151229,814766],[151448,815508],[151509,815789],[151528,815959],[151525,816122],[151493,816279],[151289,816853],[151237,817054],[151215,817278],[151221,817632],[151203,817795],[151171,817828],[151112,817812],[150901,817668],[150694,817574],[150533,817550],[150368,817568],[150185,817631],[149856,817798],[149469,817965],[149306,818081],[149087,818308],[149045,818328],[149007,818322],[148938,818254],[148904,818163],[148854,817542],[148767,817181],[148678,816988],[148414,816531],[148124,815910],[147896,815370],[147666,814714],[147490,814293],[147306,814024],[147183,813898],[147028,813776],[146817,813669],[146294,813506],[146199,813450],[146176,813369],[146211,812986],[146193,812795],[146126,812601],[145983,812395],[145771,812214],[145162,811817],[144928,811706],[144676,811632],[144252,811581],[143360,811570],[143018,811608],[142895,811648],[142799,811699],[142715,811767],[142645,811850],[142546,812050],[142446,812452],[142272,813444],[142195,813797],[142144,813957],[142081,814090],[141904,814303],[141609,814552],[140904,815090],[140587,815313],[140425,815404],[140258,815463],[140104,815477],[139869,815461],[139469,815379],[139315,815362],[139121,815371],[138884,815419],[138625,815501],[138428,815619],[138291,815769],[138205,815967],[138187,816093],[138193,816220],[138219,816328],[138272,816446],[138388,816612],[138672,816925],[138963,817358],[139068,817470],[139185,817564],[139752,817898],[139949,818084],[140124,818302],[140582,819019],[140688,819220],[140752,819380],[140790,819542],[140798,819652],[140780,819724],[140737,819750],[140683,819743],[140441,819624],[140171,819454],[139452,818956],[138955,818671],[138710,818560],[138329,818439],[137903,818361],[137582,818361],[137357,818414],[137124,818533],[136886,818733],[136659,818961],[136246,819432],[136094,819653],[135920,820028],[135750,820342],[135400,820861],[135230,821065],[134345,822006],[134094,822313],[133975,822507],[133852,822767],[133312,824118],[133120,824558],[132993,824787],[132760,825104],[132670,825269],[132605,825482],[132529,825985],[132450,826199],[132371,826333],[132243,826503],[131849,826929],[131664,827158],[131491,827415],[131376,827644],[131314,827823],[130878,829424],[130824,829688],[130782,830076],[130757,830157],[130696,830227],[130635,830261],[130252,830374],[130052,830477],[129867,830648],[129774,830772],[129701,830909],[129644,831092],[129625,831283],[129680,831947],[129759,832490],[129752,832728],[129694,833013],[129574,833274],[129421,833523],[128185,835319],[128061,835533],[127997,835690],[127961,835855],[127955,836041],[127977,836329],[127958,836505],[127914,836684],[127647,837404],[127531,837649],[127444,837779],[127342,837852],[127282,837856],[127147,837811],[126849,837617],[126391,837255],[126179,837062],[126011,836847],[125805,836326],[125647,836085],[125391,835841],[125249,835742],[125034,835650],[124863,835614],[124671,835610],[124450,835647],[124292,835699],[124154,835770],[124036,835855],[123782,836080],[123416,836304],[122462,836991],[122237,837186],[121876,837573],[121789,837629],[121687,837658],[121528,837630],[121290,837502],[119831,836425],[119559,836242],[119389,836157],[119174,836111],[118979,836139],[118897,836174],[118778,836253],[118652,836389],[118575,836523],[118504,836742],[118376,837598],[118286,837971],[118048,838517],[117385,839854],[117233,840092],[117096,840230],[116988,840291],[116589,840443],[116367,840549],[116170,840688],[115992,840880],[115845,841095],[115732,841303],[115247,842429],[115058,842805],[115020,842927],[115004,843044],[115025,843241],[115112,843440],[115361,843800],[115394,843938],[115395,844064],[115368,844247],[115221,844856],[115104,845532],[114988,845856],[114858,846091],[114756,846225],[114604,846369],[114248,846612],[113915,846896],[113766,846965],[113648,846964],[113538,846911],[113422,846800],[113203,846538],[113092,846436],[112976,846360],[112821,846304],[112642,846294],[112462,846347],[112309,846465],[112206,846636],[112167,846789],[112164,846983],[112283,847528],[112295,847708],[112280,848130],[112348,848589],[112433,848926],[112501,849084],[112581,849216],[112798,849492],[112861,849643],[112850,849848],[112754,850225],[112725,850462],[112733,850651],[112784,850850],[112841,850971],[112928,851097],[113099,851269],[113314,851396],[113557,851469],[113840,851506],[114126,851501],[114505,851438],[114975,851314],[115095,851301],[115152,851306],[115202,851335],[115224,851401],[115224,851477],[115123,852126],[115031,852993],[115011,853382],[115024,853733],[115114,854303],[115135,855061],[115176,855363],[115217,855494],[115301,855664],[115404,855811],[115611,856047],[115875,856301],[116284,856651],[116625,856895],[116853,857012],[117127,857122],[117364,857189],[117523,857214],[117720,857213],[117855,857186],[118025,857115],[118156,857026],[118302,856875],[118400,856736],[118562,856403],[118687,855991],[118883,855192],[118969,855032],[119066,854893],[119143,854815],[119195,854786],[119261,854772],[119412,854789],[119578,854842],[119931,854991],[120819,855404],[121044,855548],[121149,855668],[121193,855816],[121195,856071],[121148,856412],[121035,856899],[121009,857188],[121115,859153],[121123,859633],[121094,860252],[121133,860918],[121196,861155],[121311,861358],[121456,861497],[121741,861671],[121837,861752],[121919,861863],[121994,862032],[122167,863011],[122349,863650],[122532,864143],[122576,864376],[122686,865345],[122676,865523],[122567,866144],[122566,866357],[122601,866590],[122693,866929],[122785,867128],[122931,867300],[123031,867370],[123164,867424],[123327,867446],[123536,867420],[123966,867270],[124345,867166],[124536,867080],[124666,866988],[124779,866877],[125498,865989],[125610,865907],[125753,865848],[125902,865823],[126186,865831],[128252,866145],[128583,866176],[128799,866165],[128951,866130],[129115,866065],[129623,865776],[130321,865411],[130585,865252],[130756,865099],[130839,864986],[130901,864864],[130972,864605],[131019,864023],[131021,863729],[131003,863495],[130949,863275],[130891,863146],[130818,863031],[130599,862807],[130389,862676],[130123,862594],[129903,862593],[129811,862615],[129694,862667],[129538,862801],[129460,862926],[129406,863090],[129377,863280],[129341,863875],[129285,864156],[129214,864308],[129068,864505],[128953,864606],[128819,864666],[128745,864672],[128598,864626],[128379,864474],[127728,863878],[127403,863533],[127310,863387],[127266,863211],[127306,862673],[127288,862179],[127307,861704],[127288,861066],[127302,860894],[127343,860689],[127407,860546],[127497,860440],[127695,860284],[127850,860206],[127952,860203],[128262,860308],[128435,860335],[128613,860315],[128788,860240],[128932,860139],[129168,859924],[129515,859479],[129694,859306],[129803,859233],[130300,858967],[130776,858649],[130962,858465],[131087,858297],[131411,857683],[131525,857561],[131829,857321],[132013,857107],[132125,856904],[132279,856536],[132378,856345],[132765,855671],[132900,855487],[133032,855380],[133124,855364],[133264,855416],[133451,855553],[133723,855836],[134013,856243],[134141,856393],[135678,857775],[135866,857978],[135967,858142],[136089,858410],[136301,858971],[136535,859631],[136616,859916],[136657,860262],[136610,860837],[136623,861182],[136660,861356],[136722,861545],[136806,861749],[136896,861911],[137043,862071],[137218,862169],[137417,862213],[137822,862228],[137939,862262],[138088,862333],[138203,862411],[138300,862514],[138398,862687],[138420,862788],[138407,862842],[138380,862874],[138260,862921],[138062,862948],[137540,862971],[137285,863033],[137173,863094],[137090,863166],[136999,863292],[136949,863425],[136930,863605],[136960,863938],[136957,864090],[136844,864485],[136815,864709],[136827,864886],[136895,865277],[136864,865994],[136923,866464],[136886,866708],[136811,866978],[136683,867310],[136345,868055],[136174,868343],[135828,868812],[135629,869168],[135491,869531],[135421,869829],[135416,870020],[135457,870216],[135574,870484],[135695,870672],[135853,870845],[135991,870949],[136102,871009],[136511,871179],[136589,871263],[136612,871404],[136533,871802],[136419,872151],[135606,874089],[135470,874446],[135435,874581],[135423,874711],[135436,874838],[135469,874942],[135532,875048],[135632,875146],[135753,875212],[135872,875240],[135994,875238],[136113,875205],[136222,875144],[136329,875045],[136414,874921],[136489,874769],[137291,872880],[137432,872627],[137488,872553],[137606,872444],[137779,872358],[137904,872329],[138030,872323],[138609,872336],[138751,872366],[138901,872428],[139053,872518],[139188,872625],[139254,872696],[139353,872855],[139492,873219],[139891,874562],[139992,874947],[140040,875228],[140076,875863],[140142,876286],[140109,876640],[140118,876824],[140179,877032],[140280,877200],[140417,877332],[140578,877417],[140767,877450],[140949,877425],[141136,877339],[141316,877206],[141795,876722],[141892,876644],[141957,876615],[142056,876599],[142148,876612],[142232,876649],[142328,876718],[142426,876820],[142616,877120],[142869,877657],[143426,878921],[143554,879140],[143744,879336],[143936,879449],[144078,879485],[144187,879488],[144394,879440],[144517,879374],[144614,879298],[144782,879094],[144892,878829],[144934,878592],[144934,878080],[144834,876428],[144789,875951],[144706,875471],[144713,875395],[144749,875319],[145437,874480],[145583,874333],[145757,874229],[146160,874057],[146423,873922],[147943,873059],[148147,872924],[148293,872803],[148448,872636],[148562,872483],[148685,872230],[148858,871504],[149043,871043],[149595,869867],[150025,869077],[150501,868145],[150657,867801],[150833,867324],[151109,866761],[151195,866474],[151300,865883],[151405,865414],[151453,865236],[151526,865050],[151630,864879],[151977,864415],[152083,864244],[152163,864048],[152280,863621],[152361,863469],[152407,863420],[152484,863375],[152844,863314],[152967,863276],[153061,863229],[153143,863165],[153209,863085],[153257,862994],[153288,862875],[153284,862667],[153240,862484],[153112,862164],[152884,861693],[152770,861359],[152736,861175],[152686,860697],[152680,860465],[152754,859915],[152771,859178],[152865,858471],[152881,858191],[152841,857887],[152688,857366],[152628,857061],[152618,856840],[152670,856169],[152664,855881],[152607,855477],[152507,854984],[152465,854579],[152466,854327],[152513,853944],[152948,851654],[152969,851400],[152951,851188],[152870,850876],[152643,850220],[152561,849935],[152387,848843],[152128,847413],[151951,846693],[151658,845281],[151564,844979],[151392,844635],[151265,844445],[151161,844319],[150919,844120],[150376,843843],[150193,843713],[150063,843576],[149956,843428],[149837,843224],[149823,843149],[149897,843130],[150344,843144],[150915,843107],[151256,843063],[151485,842996],[151651,842911],[151792,842805],[151934,842655],[152275,842211],[152371,842132],[152486,842087],[152661,842074],[152849,842089],[153839,842269],[154202,842366],[154341,842442],[154389,842494],[154426,842598],[154432,842722],[154331,843506],[154326,843792],[154340,844021],[154689,845500],[154931,846232],[155133,846720],[155268,846985],[155377,847156],[155682,847565],[155896,847982],[156084,848291],[156423,848732],[156599,848996],[157382,850360],[157654,850878],[157750,851146],[157837,851712],[157934,852013],[158131,852418],[159044,854153],[159209,854510],[159355,854880],[159825,856195],[159919,856540],[160084,857307],[160138,857492],[160208,857661],[160345,857857],[160498,857986],[160711,858090],[161060,858175],[161123,858238],[161139,858336],[161116,858701],[161125,859568],[161071,860034],[161075,860288],[161113,860471],[161195,860719],[161602,861706],[161732,861961],[161871,862151],[162034,862277],[162222,862342],[162405,862348],[162615,862305],[162951,862176],[163279,862003],[163549,861832],[163733,861678],[163871,861519],[163964,861336],[164013,861056],[164025,860527],[164065,860048],[164052,859761],[163983,859452],[163663,858609],[163510,858139],[163345,857723],[163305,857310],[163269,857116],[163019,856361],[162923,855966],[162893,855768],[162876,855414],[162844,855225],[162388,853537],[162134,851779],[161850,850790],[161715,850229],[160968,848232],[160770,847781],[160386,847059],[160153,846745],[159609,846213],[159420,846064],[159075,845868],[158921,845740],[158793,845573],[158661,845349],[158596,845192],[158569,845044],[158570,844903],[158592,844771],[158778,844247],[158886,843892],[158998,843427],[159077,842953],[159113,842390],[159130,841320],[159102,840606],[159115,840426],[159162,840202],[159356,839641],[159528,839269],[159691,839017],[159854,838809],[160167,838527],[160276,838401],[160371,838220],[160427,838001],[160451,837723],[160443,837292],[160414,836933],[160367,836667],[160242,836299],[159919,835701],[159868,835498],[159874,835317],[159924,835034],[160227,833887],[160292,833720],[160376,833588],[160431,833543],[160572,833509],[160741,833523],[160924,833561],[162074,833885],[162457,833969],[162737,833980],[162998,833922],[163505,833696],[164125,833350],[165567,832342],[165954,832044],[166407,831577],[166514,831440],[166580,831324],[166633,831164],[166647,830978],[166635,830864],[166580,830681],[166446,830468],[166350,830369],[166197,830247],[165846,830033],[164542,829320],[164297,829163],[164119,829004],[164054,828918],[163989,828783],[163965,828578],[164019,828243],[164080,828068],[164161,827911],[164271,827791],[164343,827751],[164606,827694],[165305,827685],[166207,827716],[166399,827747],[166621,827825],[166820,827932],[167174,828167],[167427,828280],[167669,828328],[167793,828317],[167893,828286],[168027,828201],[168147,828066],[168673,827109],[168946,826716],[169734,825736],[169920,825545],[170047,825458],[170173,825435],[170351,825507],[170993,825925],[171434,826241],[171849,826486],[172236,826745],[172627,827050],[173696,827955],[174128,828359],[174244,828512],[174329,828681],[174587,829522],[174717,829851],[175632,831326],[175786,831512],[175989,831702],[176498,832070],[177222,832519],[177419,832607],[177732,832702],[177816,832754],[177865,832841],[177889,832977],[177853,833508],[177859,833712],[177891,833874],[177951,834020],[178062,834168],[178220,834292],[178418,834400],[178951,834648],[179113,834747],[179250,834874],[179362,835030],[179508,835289],[179894,836103],[179968,836348],[179954,836480],[179917,836529],[179795,836602],[179635,836656],[178888,836818],[178514,836869],[178335,836866],[178212,836840],[178072,836776],[177917,836680],[177111,836078],[176963,835941],[176567,835510],[176366,835335],[176169,835203],[175867,835050],[175211,834791],[174952,834714],[174621,834650],[173589,834495],[173268,834425],[172583,834241],[172221,834101],[171595,833829],[170051,833122],[169738,833019],[169386,832953],[169254,832954],[169123,832977],[168960,833036],[168832,833104],[168524,833333],[168317,833577],[168171,833864],[167969,834469],[167659,835269],[167579,835537],[167556,835732],[167587,835998],[167696,836282],[167881,836602],[168658,837845],[168792,838103],[168896,838368],[169261,839556],[169432,840204],[169760,841890],[169909,842888],[169978,843183],[170146,843679],[170254,843925],[170631,844590],[170835,844889],[170860,844952],[170840,844978],[170807,844984],[170291,844924],[169865,844894],[169494,844890],[169258,844908],[168992,844969],[168805,845044],[168635,845154],[168480,845307],[168358,845479],[168241,845689],[168079,846121],[168012,846434],[167969,846777],[167961,847038],[167981,847475],[167953,847756],[167891,847958],[167808,848155],[167600,848491],[167517,848662],[167464,848835],[167431,849097],[167435,849233],[167464,849430],[167635,849971],[167680,850201],[167719,850963],[167828,851447],[167864,851710],[167873,851884],[167857,852331],[167900,852658],[167987,852964],[168156,853379],[168354,854003],[168675,854738],[168794,855063],[168832,855256],[168888,855857],[168982,856467],[169010,857316],[169037,857547],[169118,857803],[169343,858213],[169365,858360],[169374,858820],[169395,858948],[169438,859082],[169498,859194],[169582,859302],[169685,859396],[169895,859545],[169951,859630],[169962,859757],[169908,860400],[169925,860548],[169968,860681],[170022,860776],[170104,860874],[170332,861032],[170627,861170],[171136,861345],[171598,861691],[171798,861808],[171989,861871],[172185,861879],[172404,861818],[172518,861752],[172617,861672],[172748,861525],[172958,861247],[173384,860777],[173472,860698],[173629,860612],[174032,860478],[174201,860366],[174284,860272],[174349,860164],[174516,859744],[174622,859601],[174742,859478],[174895,859367],[175053,859277],[175474,859091],[175737,859024],[176021,859022],[176504,859088],[177673,859293],[177943,859368],[178093,859445],[178221,859576],[178284,859715],[178271,859779],[178212,859856],[178001,860032],[177767,860185],[177332,860425],[177098,860601],[176926,860787],[176771,861038],[176638,861361],[176430,862024],[176371,862289],[176364,862544],[176449,863186],[176440,863386],[176406,863496],[176326,863653],[176081,863999],[175965,864107],[175881,864154],[175620,864224],[175237,864265],[173375,864385],[173137,864435],[172960,864530],[172866,864617],[172788,864721],[172613,865060],[171828,866868],[171723,867146],[171677,867337],[171664,867531],[171682,867798],[171785,868429],[171902,868747],[172148,869110],[172207,869234],[172300,869777],[172394,870087],[172574,870426],[173108,871211],[173594,872019],[173681,872219],[173703,872382],[173659,872847],[173678,873171],[173764,873572],[173873,873823],[173992,873961],[174145,874059],[174281,874111],[174801,874254],[174960,874325],[175107,874435],[175564,874831],[175706,874934],[175876,875028],[176158,875109],[176775,875156],[176908,875194],[177006,875243],[177100,875326],[177149,875394],[177269,875637],[177423,876089],[177503,876439],[177501,876590],[177478,876653],[177419,876720],[177303,876787],[177075,876866],[176792,876933],[176234,876984],[175708,876976],[174737,876889],[174266,876809],[173881,876676],[173693,876631],[173455,876612],[173189,876637],[173002,876694],[172844,876769],[172361,877098],[172236,877219],[172144,877343],[172078,877467],[172028,877604],[171994,877802],[171998,877988],[172043,878216],[172126,878490],[172635,879936],[172784,880263],[173040,880707],[173100,880873],[173113,881050],[173047,881551],[173061,881852],[173207,882456],[173454,883250],[173524,883826],[173567,884434],[173548,884793],[173460,885375],[173264,886426],[173202,886670],[173095,886977],[173050,887178],[173032,887544],[173060,888087],[172976,888664],[172982,888804],[173015,888974],[173269,889690],[173323,889954],[173304,890668],[173232,891328],[173245,891511],[173293,891699],[173393,891924],[173549,892169],[173709,892327],[173872,892422],[174107,892485],[174384,892490],[174700,892430],[175241,892243],[175341,892231],[175485,892247],[175586,892289],[175695,892360],[176049,892666],[176662,893135],[176869,893238],[177164,893325],[179059,893710],[179557,893778],[179772,893773],[179989,893736],[180725,893504],[180994,893496],[181363,893568],[182205,893799],[182565,893911],[182796,894016],[182886,894093],[182935,894183],[182921,894585],[182970,894824],[183060,895006],[183324,895441],[183384,895606],[183436,895984],[183491,896184],[183945,897052],[184261,897551],[184392,897696],[184797,898077],[184889,898194],[185088,898529],[185195,898662],[185311,898767],[185446,898854],[185569,898907],[185728,898947],[185940,898972],[186161,898968],[186338,898937],[186549,898871],[187390,898480],[188174,898069],[188326,898005],[188410,897992],[188876,898021],[189094,897978],[189211,897922],[189326,897841],[189605,897556],[189790,897336],[189885,897193],[189952,897037],[189990,896852],[190005,896532],[189946,896053],[189971,895919],[190087,895529],[190112,895318],[190099,895088],[190022,894715],[190001,894524],[190022,893910],[190076,893653],[190178,893434],[190508,892899],[190573,892711],[190640,892377],[190697,892265],[190808,892177],[191004,892087],[191446,891924],[191842,891798],[191963,891787],[192053,891813],[192234,891967],[192462,892260],[192909,892899],[193118,893221],[193205,893386],[193265,893556],[193282,893678],[193262,894494],[193271,894684],[193298,894846],[193361,895053],[193437,895218],[193535,895352],[193648,895447],[193797,895527],[193905,895565],[194334,895646],[194709,895751],[196553,896420],[196831,896506],[197016,896543],[197205,896548],[197400,896504],[197555,896431],[197883,896227],[198074,896163],[198288,896153],[198344,896168],[198407,896219],[198435,896334],[198446,896617],[198420,897010],[198343,897250],[198028,897736],[197907,898009],[197873,898154],[197864,898306],[197882,898438],[197925,898579],[198024,898772],[198159,898940],[198336,899084],[198527,899174],[198704,899212],[198877,899211],[199050,899181],[199419,899082],[199601,899072],[199740,899100],[199858,899149],[199934,899204],[199988,899274],[200057,899432],[200127,899709],[200389,901196],[200509,901731],[200919,902772],[201358,903969],[201498,904407],[201526,904558],[201519,904691],[201460,904800],[201404,904852],[201262,904940],[201009,905055],[199919,905465],[199664,905521],[199511,905508],[199440,905474],[199255,905295],[199035,904976],[198398,903958],[198059,903377],[197694,902836],[197064,901805],[196940,901652],[196797,901530],[196648,901450],[196462,901395],[196177,901352],[195234,901268],[193217,901141],[192213,900987],[192038,900981],[191891,900994],[191754,901032],[191642,901090],[191546,901171],[191457,901287],[191130,901980],[191083,902165],[191076,902324],[191117,902578],[191205,902863],[191981,905025],[192093,905281],[192259,905519],[192362,905616],[192489,905699],[192641,905765],[192817,905813],[193213,905872],[194317,905987],[194508,906019],[194684,906068],[194829,906152],[194882,906210],[194995,906436],[195095,906793],[195173,907164],[195206,907440],[195198,907619],[195151,907792],[195079,907961],[194668,908708],[194587,908877],[194522,909061],[194492,909222],[194487,909374],[194514,909790],[194550,910024],[194667,910494],[195177,912301],[195601,914246],[195764,915277],[195905,915833],[196007,916112],[196300,916736],[196504,917249],[196617,917419],[196850,917696],[197094,918062],[197208,918194],[197376,918323],[197526,918394],[197726,918447],[197941,918464],[198144,918447],[198349,918391],[198571,918297],[198752,918186],[199206,917851],[199838,917311],[199999,917127],[200263,916731],[200499,916495],[200659,916384],[201036,916232],[201194,916111],[201269,916012],[201328,915881],[201410,915419],[201462,915284],[201529,915188],[201616,915103],[201780,914979],[201878,914928],[201931,914922],[201980,914940],[202193,915087],[202351,915166],[202929,915325],[203178,915370],[204561,915509],[204802,915575],[204913,915656],[204945,915717],[204962,915789],[204966,915955],[204918,916330],[204682,917597],[204634,917781],[204566,917954],[204408,918188],[204144,918475],[203229,919378],[202547,920018],[202470,920122],[202421,920219],[202383,920420],[202392,920526],[202429,920648],[202566,920877],[202749,921098],[203465,921887],[203635,922115],[203724,922282],[203877,922743],[204242,924182],[204405,924753],[204522,925042],[204733,925359],[204750,925410],[204746,925462],[204715,925520],[204636,925565],[204231,925620],[204100,925666],[203989,925729],[203827,925879],[203517,926299],[203382,926564],[203207,927070],[203150,927365],[203123,927808],[203087,927917],[203004,927984],[202723,928121],[202585,928221],[202468,928346],[202344,928569],[202289,928748],[202252,928936],[202201,929756],[202173,929924],[202123,930053],[201649,930758],[201297,931237],[201182,931366],[201027,931482],[200192,931981],[200062,932079],[199961,932188],[199868,932362],[199834,932541],[199848,932755],[199906,932985],[199992,933166],[200176,933423],[200267,933583],[200330,933779],[200398,934147],[200460,934366],[200592,934671],[200704,934854],[200816,934984],[201050,935207],[201284,935478],[201432,935614],[201786,935839],[201933,935902],[202058,935932],[202218,935933],[202352,935893],[202475,935816],[202572,935711],[202668,935527],[202867,934862],[202937,934737],[203019,934677],[203171,934616],[203436,934537],[203625,934504],[203911,934498],[204638,934531],[206132,934561],[206422,934589],[206606,934635],[206844,934755],[207208,935035],[207405,935234],[207824,935752],[208030,935957],[208269,936097],[208386,936135],[208523,936152],[208710,936135],[208930,936068],[210060,935598],[210386,935396],[210987,934924],[211286,934715],[211607,934551],[211968,934447],[212246,934415],[212441,934425],[212734,934473],[213321,934602],[213700,934704],[213870,934774],[214011,934873],[214063,934939],[214141,935097],[214198,935277],[214346,935953],[214390,936319],[214372,936471],[214342,936532],[214233,936612],[213994,936676],[212590,936820],[212340,936868],[212130,936930],[211812,937063],[211660,937170],[211535,937325],[211473,937513],[211466,937676],[211486,937817],[211530,937978],[211611,938183],[212971,940737],[213130,941080],[213270,941550],[213554,942701],[213633,943083],[213652,943273],[213642,943460],[213577,943735],[213310,944460],[212197,946798],[212049,947155],[211992,947371],[211978,947583],[212015,947962],[212066,948221],[212139,948396],[212258,948559],[212788,949004],[213026,949115],[213557,949202],[213723,949257],[213899,949342],[214308,949592],[215034,950078],[215332,950311],[215468,950461],[215693,950862],[215780,951078],[215851,951431],[216232,953700],[216325,953996],[216391,954112],[216462,954200],[216595,954309],[216714,954371],[217085,954480],[217030,954480],[217000,954540],[217020,954570],[217050,954580],[217080,954570],[217090,954481],[218331,954700],[218607,954768],[218778,954834],[218924,954930],[219104,955127],[219312,955433],[219450,955678],[219524,955847],[219576,956025],[219606,956206],[219616,956381],[219594,956541],[219565,956613],[219460,956734],[219316,956835],[219065,956966],[217992,957435],[217720,957521],[217215,957597],[217014,957675],[216868,957787],[216743,957952],[216653,958139],[216601,958354],[216585,958545],[216591,958835],[216624,959067],[216685,959265],[216906,959694],[217821,961210],[217943,961472],[218020,961745],[218161,962684],[218269,963134],[218291,963321],[218277,963788],[218127,965720],[218136,966021],[218184,966261],[218237,966380],[218300,966470],[218391,966559],[218484,966621],[218600,966669],[218707,966689],[218816,966688],[218939,966665],[219105,966599],[219349,966444],[220124,965829],[220439,965612],[220692,965511],[221185,965431],[221376,965442],[221569,965527],[222004,965813],[222134,965924],[222247,966049],[222395,966252],[222649,966704],[222823,967152],[222911,967331],[223312,967922],[223362,968084],[223401,968433],[223461,968629],[223681,969042],[223911,969398],[223959,969511],[224058,970029],[224103,970460],[224157,970726],[224246,970946],[224438,971261],[224479,971395],[224493,971590],[224459,971939],[224461,972173],[224493,972350],[224600,972695],[224639,972884],[224638,973058],[224596,973454],[224602,973677],[224652,973927],[224775,974271],[224902,974563],[225121,974981],[225311,975284],[225560,975591],[226024,976115],[226236,976323],[226413,976452],[226635,976536],[226856,976544],[226981,976517],[227095,976465],[227182,976402],[227266,976307],[227349,976145],[227395,975958],[227468,974969],[227522,974703],[227599,974564],[227660,974515],[227813,974448],[228186,974376],[229585,974201],[229901,974119],[230826,973820],[231199,973747],[231389,973748],[231677,973783],[232737,973989],[233121,974047],[233285,974053],[233417,974040],[233536,974008],[233655,973953],[233820,973835],[234031,973630],[235370,972138],[235985,971485],[236129,971295],[236326,970946],[236397,970866],[236481,970812],[236622,970806],[236780,970853],[237020,970975],[237167,971080],[237284,971207],[237426,971487],[237505,971609],[237620,971723],[237743,971796],[237880,971844],[238262,971937],[238704,972138],[238923,972204],[239173,972223],[239278,972202],[239375,972162],[239496,972070],[239611,971892],[239790,971220],[239840,971240],[239880,971230],[239880,971140],[239820,971140],[239803,971161],[239852,970765],[239903,970630],[240420,970083],[240508,970017],[240765,969893],[240885,969815],[240994,969709],[241084,969569],[241162,969352],[241196,969150],[241196,968954],[241164,968581],[241171,968456],[241210,968340],[241282,968283],[241369,968272],[241808,968288],[242382,968202],[242858,968208],[244399,968342],[244686,968388],[245424,968559],[245580,968566],[245724,968544],[245850,968494],[245951,968421],[246040,968321],[246106,968208],[246218,967887],[246453,967008],[246519,966834],[246607,966690],[246664,966638],[246810,966583],[246985,966570],[247175,966578],[247667,966631],[247952,966681],[248122,966734],[248258,966820],[248308,966883],[248376,967040],[248497,967585],[248563,967789],[248641,967956],[248746,968123],[248999,968472],[249177,968656],[249366,968789],[249756,968995],[249990,969085],[250125,969107],[250252,969102],[250442,969047],[250755,968871],[250880,968826],[251136,968790],[251369,968777],[251562,968808],[251841,968953],[251976,969004],[252130,969032],[252297,969032],[252716,968968],[253430,968787],[253933,968717],[254111,968654],[254716,968371],[254922,968241],[255086,968102],[255282,967882],[255530,967547],[255708,967387],[256096,967187],[256794,966947],[257174,966791],[257336,966696],[257514,966521],[257705,966180],[257792,966096],[257865,966086],[258190,966123],[258443,966088],[258698,966001],[259473,965678],[259951,965535],[260527,965392],[260715,965361],[260898,965355],[260985,965368],[261144,965431],[261443,965640],[262381,966451],[262579,966589],[262771,966670],[262976,966703],[263263,966696],[263943,966614],[264425,966536],[264757,966440],[265096,966258],[266568,965258],[266970,964949],[267299,964622],[267928,963878],[268344,963530],[268493,963376],[268727,963016],[268934,962554],[268966,962514],[268995,962506],[269031,962533],[269055,962601],[269112,963074],[269156,963262],[269232,963426],[269351,963559],[269507,963643],[269694,963672],[269876,963646],[270162,963554],[270272,963548],[270346,963576],[270430,963658],[270641,963948],[270717,964086],[270749,964203],[270820,964666],[270884,964864],[270979,965018],[271114,965143],[271305,965246],[271506,965303],[273514,965579],[273796,965632],[274053,965711],[274127,965750],[274239,965852],[274477,966256],[274614,966443],[274740,966558],[274899,966644],[275076,966690],[275238,966704],[275403,966696],[275682,966653],[275783,966658],[275905,966707],[276179,966885],[276347,966960],[276556,967004],[276888,967017],[277076,966994],[277299,966924],[278079,966490],[278347,966400],[278629,966371],[279010,966380],[279284,966422],[279448,966484],[279585,966587],[279763,966790],[279980,967096],[280181,967416],[280295,967632],[280609,968344],[280790,968835],[280958,969099],[281454,969630],[281999,970162],[282243,970341],[282364,970398],[282510,970436],[282740,970441],[282868,970413],[282982,970366],[283091,970294],[283201,970189],[283286,970072],[283345,969955],[283409,969713],[283462,969191],[283614,968436],[283692,967820],[283932,966804],[283963,966735],[283996,966711],[284086,966712],[284401,966800],[284639,966844],[285392,966927],[285530,966976],[285885,967173],[286040,967239],[286217,967276],[286380,967276],[286629,967227],[287014,967089],[287162,967081],[287608,967100],[287764,967073],[287902,967019],[288051,966920],[288211,966764],[288392,966519],[288586,966173],[288670,966095],[288742,966089],[288824,966105],[289242,966265],[289533,966352],[289744,966389],[289908,966395],[290191,966355],[291241,966073],[291549,966021],[291729,966017],[292334,966132],[292720,966287],[292905,966344],[293797,966492],[294493,966641],[294970,966804],[295168,966849],[295368,966853],[295620,966789],[295735,966735],[295913,966620],[296178,966395],[296249,966388],[296596,966729],[296885,966947],[297351,967196],[297945,967464],[298377,967781],[298523,967908],[298669,968065],[299113,968635],[299272,968814],[299487,969005],[299940,969358],[300955,970052],[301158,970173],[301397,970288],[302159,970583],[302321,970667],[302449,970797],[302792,971319],[302936,971464],[303092,971580],[303233,971655],[303405,971719],[303670,971785],[303864,971811],[304065,971811],[304259,971769],[304414,971698],[304732,971481],[304937,971377],[305115,971327],[305356,971309],[308195,971630],[308787,971763],[308988,971830],[309389,972000],[309643,972060],[309884,972065],[310498,972026],[310745,971995],[311010,971909],[311104,971851],[311190,971772],[311297,971594],[311324,971488],[311334,971358],[311299,971085],[311228,970832],[311117,970548],[310842,969987],[310783,969810],[310776,969695],[310815,969605],[310950,969476],[311146,969364],[311410,969252],[311541,969222],[311677,969226],[311818,969266],[312005,969349],[312126,969420],[312573,969766],[312802,969923],[313545,970363],[313736,970450],[313920,970498],[314230,970535],[314720,970625],[315079,970671],[315300,970677],[315964,970564],[316464,970549],[316777,970489],[316977,970397],[317141,970260],[317256,970100],[317458,969716],[317557,969623],[317696,969540],[317875,969474],[318038,969444],[318706,969437],[318898,969416],[319101,969367],[319295,969298],[319498,969202],[320151,968832],[320279,968786],[320380,968791],[320543,968889],[320702,969061],[320871,969300],[321041,969591],[321203,969900],[321259,970049],[321276,970202],[321231,970328],[321118,970403],[320656,970577],[320257,970815],[320057,970987],[319830,971303],[319725,971405],[318656,972083],[317894,972626],[317738,972786],[317614,972992],[317554,973167],[317526,973377],[317543,973655],[317639,974183],[317913,975298],[318020,975593],[318179,975885],[318354,976112],[318560,976317],[319156,976731],[319331,976830],[319557,976928],[319968,977051],[320186,977085],[320425,977095],[320663,977085],[320830,977060],[321089,976963],[321231,976869],[321350,976765],[321631,976450],[321835,976150],[321978,975833],[322200,975116],[322359,974717],[322469,974564],[322611,974497],[322821,974470],[323209,974497],[323397,974483],[323563,974439],[324086,974237],[324258,974194],[324421,974182],[324641,974212],[324789,974272],[325124,974483],[325476,974752],[325698,974872],[325928,974957],[326199,975015],[326409,975022],[326929,974969],[327513,975037],[327764,975030],[328051,974961],[328460,974759],[328549,974741],[328652,974746],[328757,974787],[329036,975012],[329214,975104],[329411,975151],[330047,975192],[330303,975244],[330428,975311],[330707,975530],[330929,975643],[331379,975795],[332983,976277],[333250,976383],[333420,976483],[333758,976807],[333886,976992],[333923,977107],[333971,977438],[334012,977603],[334204,978071],[334441,978795],[334541,979158],[334626,979352],[334787,979555],[334948,979674],[335155,979750],[335356,979755],[335499,979719],[335674,979627],[335802,979513],[335901,979386],[336051,979111],[336230,978626],[336532,978140],[336642,977891],[336683,977709],[336683,977522],[336651,977370],[336526,977007],[336479,976826],[336454,976657],[336454,976522],[337006,974762]]],[[[338243,983448],[338208,983443],[338198,983538],[338218,983558],[338298,983553],[338288,983473],[338243,983448]]],[[[338854,983736],[338829,983716],[338769,983721],[338810,983816],[338840,983811],[338875,983771],[338854,983736]]],[[[338369,983728],[338259,983698],[338059,983713],[337983,983649],[337933,983634],[337918,983689],[337974,983839],[338074,983883],[338314,983933],[338390,983968],[338440,984037],[338485,984157],[338486,984633],[338938,984976],[338923,985267],[339099,985486],[339259,985511],[339309,985460],[339314,985375],[339249,985221],[339203,985161],[339258,985020],[339222,984595],[339146,984200],[339091,984101],[338875,983886],[338369,983728]]],[[[367228,1015731],[367070,1015720],[366980,1015810],[367020,1015970],[366950,1016280],[366970,1016860],[367010,1016960],[367070,1017020],[367130,1017020],[367180,1016990],[367450,1016700],[367695,1016581],[367850,1016545],[367886,1016509],[367910,1016341],[367946,1016293],[367934,1016246],[367898,1016198],[367755,1016150],[367575,1016042],[367228,1015731]]],[[[256255,1017676],[256213,1017655],[256170,1017719],[256148,1017806],[256148,1017935],[256191,1018021],[256255,1018021],[256277,1017935],[256255,1017676]]],[[[262159,1024184],[262051,1024141],[261966,1024163],[261923,1024227],[261987,1024378],[262051,1024399],[262073,1024464],[262137,1024550],[262116,1024636],[262116,1024744],[262180,1024765],[262288,1024744],[262353,1024701],[262439,1024550],[262439,1024464],[262310,1024249],[262159,1024249],[262159,1024184]]],[[[161860,1029710],[161810,1029690],[161790,1029700],[161790,1029750],[161820,1029780],[161870,1029740],[161860,1029710]]],[[[161910,1030840],[161880,1030840],[161840,1030870],[161850,1030940],[161920,1030930],[161910,1030840]]],[[[162200,1030600],[162170,1030560],[162100,1030570],[162070,1030600],[162030,1030600],[161880,1030410],[161830,1030400],[161800,1030430],[161810,1030470],[162020,1030830],[162130,1030950],[162270,1031010],[162330,1031010],[162340,1030990],[162310,1030930],[162230,1030840],[162130,1030760],[162130,1030710],[162200,1030640],[162200,1030600]]],[[[161870,1031080],[161820,1031070],[161790,1031120],[161820,1031160],[161880,1031140],[161870,1031080]]],[[[181892,1030790],[181448,1030890],[180583,1031124],[180032,1031309],[179857,1031407],[179722,1031535],[179626,1031693],[179569,1031872],[179550,1032039],[179575,1032246],[179637,1032424],[179767,1032680],[180313,1033604],[180574,1034012],[180692,1034158],[180790,1034248],[180883,1034309],[180995,1034355],[181198,1034376],[181408,1034317],[181607,1034183],[181792,1033977],[181931,1033742],[181998,1033584],[182152,1032897],[182332,1032481],[182391,1032289],[182434,1032034],[182456,1031688],[182443,1031458],[182408,1031317],[182313,1031125],[182194,1030977],[182025,1030846],[181892,1030790]]],[[[339485,1035366],[339607,1035434],[339764,1035490],[339942,1035521],[340065,1035524],[340206,1035506],[340308,1035471],[340390,1035421],[340482,1035331],[340578,1035181],[340638,1035002],[340771,1033955],[340821,1033753],[340907,1033629],[341006,1033541],[341130,1033464],[341286,1033404],[341628,1033335],[342016,1033319],[342512,1033349],[342854,1033418],[343003,1033476],[343168,1033576],[343724,1034090],[343937,1034245],[344101,1034330],[344276,1034391],[344476,1034430],[344675,1034434],[344911,1034395],[345119,1034326],[346368,1033812],[347688,1033295],[347910,1033174],[348024,1033075],[348106,1032973],[348209,1032768],[348339,1032317],[348557,1031343],[348590,1030991],[348554,1030673],[348431,1030103],[348124,1028405],[348071,1027601],[347985,1027108],[347932,1026944],[347863,1026809],[347747,1026663],[347640,1026570],[347303,1026364],[346424,1025918],[346267,1025818],[346139,1025704],[346061,1025563],[346034,1025397],[346033,1025216],[346064,1024837],[346182,1023779],[346242,1023511],[346315,1023353],[346367,1023284],[346498,1023163],[346729,1023004],[347737,1022424],[348524,1021993],[348704,1021859],[348808,1021728],[348894,1021551],[349084,1020828],[349174,1020565],[349250,1020430],[349392,1020271],[349594,1020140],[349750,1020087],[350340,1020015],[350787,1019851],[350896,1019842],[351025,1019874],[351087,1019911],[351188,1020019],[351306,1020190],[351399,1020364],[351423,1020517],[351379,1020982],[351418,1021275],[351481,1021491],[351559,1021661],[351658,1021796],[351770,1021895],[351930,1021986],[352425,1022203],[352903,1022383],[353015,1022479],[353215,1022731],[353380,1022894],[353569,1023011],[353771,1023082],[354054,1023111],[354216,1023087],[354352,1023033],[354458,1022959],[354545,1022868],[354636,1022722],[354697,1022565],[354747,1022313],[354752,1022048],[354658,1020890],[354600,1020579],[354522,1020368],[354429,1020202],[354325,1020065],[354055,1019769],[353884,1019484],[353772,1019195],[353646,1018768],[353534,1018458],[353511,1018348],[353542,1018186],[353683,1017876],[353794,1017677],[354119,1017198],[354212,1017006],[354270,1016844],[354328,1016583],[354347,1016286],[354321,1016101],[354252,1015918],[354156,1015775],[354022,1015643],[353453,1015234],[352857,1014708],[352637,1014564],[352438,1014493],[352311,1014479],[352203,1014488],[352094,1014517],[351970,1014577],[351858,1014667],[351769,1014780],[351701,1014910],[351614,1015135],[351562,1015210],[351410,1015281],[351130,1015334],[350982,1015340],[350702,1015310],[349746,1015114],[349290,1014997],[349071,1014887],[348986,1014771],[348952,1014622],[348954,1013904],[348939,1013742],[348903,1013595],[348850,1013477],[348778,1013372],[348517,1013123],[348461,1013048],[348251,1012448],[348274,1012443],[348514,1012694],[348719,1012806],[348837,1012835],[348944,1012840],[349050,1012822],[349149,1012783],[349239,1012723],[349327,1012631],[349458,1012392],[349505,1012240],[349529,1012086],[349510,1011797],[349463,1011652],[349378,1011501],[349295,1011402],[349194,1011315],[348590,1010934],[347967,1010648],[347852,1010555],[347831,1010432],[347870,1009964],[347826,1009519],[347856,1009375],[347909,1009321],[348005,1009273],[348315,1009205],[348548,1009222],[348631,1009250],[348706,1009297],[348783,1009388],[348988,1009710],[349193,1009958],[349397,1010152],[349732,1010395],[349819,1010481],[349940,1010672],[350199,1011216],[350309,1011401],[350466,1011580],[350673,1011721],[350796,1011766],[350918,1011789],[351067,1011791],[351183,1011772],[351407,1011677],[351781,1011393],[351903,1011325],[352155,1011271],[352480,1011279],[352625,1011316],[352835,1011404],[353121,1011572],[353253,1011708],[353561,1012139],[353675,1012253],[353789,1012336],[353922,1012394],[354045,1012414],[354179,1012406],[354315,1012362],[354494,1012231],[354604,1012094],[354684,1011944],[354883,1011344],[355013,1010792],[355046,1010520],[355068,1009520],[355048,1009187],[355004,1008845],[354957,1008707],[354881,1008589],[354778,1008499],[354654,1008443],[354525,1008424],[354384,1008439],[354230,1008493],[353950,1008651],[353843,1008694],[353754,1008704],[353600,1008686],[353216,1008588],[353028,1008517],[352872,1008418],[352406,1008066],[352328,1007975],[352290,1007884],[352289,1007804],[352321,1007727],[352882,1007104],[352948,1007051],[353017,1007033],[353091,1007051],[353228,1007126],[353788,1007556],[354083,1007738],[354242,1007808],[354427,1007863],[354833,1007930],[354958,1007965],[355533,1008350],[356346,1008790],[357008,1009188],[357260,1009294],[357648,1009380],[357789,1009431],[357995,1009567],[358403,1009929],[358696,1010107],[358941,1010193],[359207,1010233],[359423,1010222],[359607,1010161],[359712,1010091],[359787,1010015],[359846,1009926],[359895,1009810],[359927,1009648],[359951,1009300],[360060,1008915],[360088,1008689],[360069,1008404],[359917,1007619],[359916,1007109],[359888,1006909],[359844,1006790],[359780,1006682],[359527,1006420],[359452,1006313],[359387,1006153],[359350,1005971],[359360,1005814],[359463,1005355],[359538,1004891],[359642,1004520],[359761,1004224],[359918,1003981],[360595,1003128],[360976,1002677],[361181,1002481],[361334,1002383],[361784,1002248],[361964,1002154],[362074,1002053],[362122,1001987],[362174,1001876],[362196,1001773],[362197,1001666],[362172,1001540],[362060,1001293],[361849,1001002],[361587,1000716],[361314,1000481],[361127,1000366],[360930,1000298],[360701,1000284],[360446,1000339],[359986,1000535],[359543,1000768],[359381,1000878],[359260,1000987],[359177,1001092],[359093,1001235],[358859,1001834],[358739,1002103],[358422,1002718],[358179,1003146],[358070,1003301],[357943,1003433],[357822,1003511],[357666,1003573],[357382,1003643],[357295,1003648],[357223,1003633],[357125,1003547],[356919,1003214],[356777,1003037],[356614,1002893],[356459,1002802],[356358,1002763],[356209,1002732],[356043,1002727],[355865,1002748],[355439,1002836],[355360,1002833],[355276,1002809],[355101,1002679],[354729,1002294],[354617,1002146],[354537,1001990],[354432,1001684],[354310,1001199],[354253,1001059],[354185,1000943],[353988,1000720],[353458,1000326],[353348,1000226],[353292,1000144],[353268,1000019],[353298,999545],[353293,999170],[353250,998957],[353170,998789],[353027,998627],[352563,998305],[352355,998102],[352044,997718],[351086,996448],[350832,996145],[350462,995758],[350353,995598],[350255,995335],[350193,995052],[349949,993495],[349867,992691],[349823,992509],[349751,992358],[349664,992249],[349560,992161],[349440,992093],[349297,992042],[349013,992010],[348517,992067],[348393,992036],[348283,991967],[348227,991914],[348138,991785],[348089,991651],[348026,991358],[347968,991171],[347723,990689],[347638,990570],[347532,990460],[347193,990226],[347145,990167],[347144,990074],[347272,989682],[347348,989280],[347353,989021],[347307,988700],[347206,988280],[347023,987789],[346865,987505],[346584,987171],[346535,987039],[346554,986946],[346606,986852],[346758,986687],[346927,986565],[347413,986302],[347684,986084],[347864,985865],[347952,985644],[347965,985479],[347940,985312],[347583,984267],[347524,984007],[347450,983465],[347373,983235],[347280,983096],[347151,982974],[346976,982864],[346800,982789],[346525,982739],[345833,982730],[345665,982711],[345537,982675],[344988,982462],[344702,982401],[344486,982399],[344288,982441],[344107,982536],[343985,982652],[343875,982836],[343696,983302],[343616,983392],[343331,983590],[343200,983739],[343097,983931],[342908,984395],[342609,984811],[342289,985389],[342239,985550],[342221,985732],[342239,986008],[342284,986212],[342345,986351],[342439,986496],[342810,986891],[342864,987007],[342909,987177],[342941,987494],[342930,988123],[342897,988348],[342844,988495],[342774,988609],[342685,988692],[342420,988879],[342274,989018],[342162,989163],[341903,989573],[341764,989746],[341613,989874],[341174,990127],[341064,990228],[340975,990350],[340857,990601],[340684,991091],[340636,991279],[340620,991433],[340627,991591],[340694,991996],[340679,992060],[340660,992078],[340513,992112],[340231,992115],[338732,992004],[338346,991954],[338169,991902],[338088,991862],[337950,991750],[337772,991531],[337084,990455],[336911,990238],[336712,990068],[335209,988966],[335028,988855],[334849,988768],[333993,988453],[333678,988362],[333130,988253],[332251,987927],[332037,987880],[331617,987824],[331233,987753],[329405,987349],[329219,987322],[329026,987315],[328753,987357],[328523,987462],[328278,987660],[327829,988126],[327694,988219],[327547,988266],[327311,988274],[326902,988217],[325747,987936],[325564,987930],[325366,987968],[325135,988081],[324978,988220],[324853,988384],[324577,988824],[324291,989133],[323980,989510],[323557,989930],[323408,990129],[323295,990354],[323219,990606],[323177,990852],[323143,991287],[323113,991418],[323018,991600],[322771,991935],[322663,992127],[322588,992359],[322525,992769],[322452,992907],[321992,993476],[320719,994735],[320596,994876],[320500,995028],[320336,995422],[320104,995896],[320011,996223],[319998,996434],[320035,996893],[319981,997547],[320037,998085],[320028,998183],[319979,998274],[319906,998333],[319788,998373],[319666,998381],[319191,998363],[318952,998380],[318724,998424],[318227,998559],[317643,998601],[317489,998628],[317348,998678],[317170,998800],[317042,998979],[316950,999249],[316890,999619],[316879,999920],[316902,1000138],[316953,1000354],[317115,1000874],[317214,1001092],[317474,1001433],[317560,1001608],[317597,1001780],[317634,1002323],[317701,1002632],[317924,1003222],[318097,1003770],[318219,1004036],[318353,1004246],[318945,1004991],[319152,1005183],[319339,1005311],[319513,1005386],[319686,1005423],[319855,1005430],[320219,1005405],[320461,1005454],[320939,1005671],[321373,1005895],[321571,1006011],[321767,1006155],[321965,1006350],[322234,1006743],[322829,1007747],[322953,1007999],[323006,1008164],[323014,1008291],[322983,1008414],[322924,1008514],[322821,1008620],[322627,1008738],[322223,1008856],[322035,1008944],[321867,1009089],[321757,1009277],[321705,1009534],[321730,1010022],[321719,1010142],[321676,1010281],[321482,1010752],[321387,1011093],[321343,1011427],[321342,1011851],[321313,1012134],[321249,1012509],[321125,1012953],[321105,1013141],[321120,1013331],[321290,1014254],[321291,1014420],[321242,1014854],[321234,1015099],[321265,1015500],[321312,1015825],[321461,1016338],[321547,1016758],[321591,1016905],[321696,1017093],[321924,1017346],[321967,1017453],[321942,1017651],[321768,1018077],[321710,1018260],[321677,1018471],[321688,1018659],[321756,1018865],[321850,1019033],[321966,1019183],[322287,1019511],[322338,1019595],[322353,1019656],[322354,1019763],[322290,1020202],[322254,1020657],[322262,1020915],[322321,1021479],[322320,1021646],[322295,1021817],[322176,1022333],[322136,1022672],[322142,1022924],[322199,1023421],[322186,1023806],[322140,1024123],[321936,1024624],[321903,1024769],[321897,1024899],[321912,1025030],[321953,1025174],[322171,1025629],[322280,1025963],[322392,1026537],[322682,1028382],[322761,1028689],[322857,1028892],[322963,1029019],[323082,1029106],[323208,1029164],[323404,1029216],[323911,1029264],[325270,1029327],[326071,1029402],[326554,1029487],[326751,1029557],[327188,1029816],[327467,1029952],[328394,1030304],[328822,1030558],[328978,1030631],[329234,1030695],[329731,1030757],[330162,1030831],[330408,1030834],[330848,1030809],[331448,1030824],[331638,1030798],[331823,1030738],[331969,1030654],[332094,1030538],[332486,1030007],[332704,1029766],[332949,1029578],[333140,1029508],[333295,1029498],[333572,1029543],[334043,1029683],[334695,1029902],[334868,1029977],[335021,1030069],[335086,1030126],[335183,1030269],[335284,1030525],[335387,1030896],[335615,1031843],[335725,1032404],[335770,1032549],[335911,1032799],[336234,1033163],[336374,1033362],[336459,1033563],[336606,1034039],[336678,1034180],[336769,1034302],[336909,1034435],[337475,1034870],[337632,1035047],[337916,1035489],[338083,1035649],[338261,1035751],[338352,1035781],[338529,1035807],[338660,1035801],[338790,1035770],[339116,1035621],[339485,1035366]]],[[[351306,1053494],[351397,1052036],[351383,1051755],[351313,1051427],[351167,1051060],[350599,1049921],[350333,1049241],[349972,1048459],[349437,1047190],[349277,1046742],[349248,1046568],[349256,1046445],[349374,1046111],[349501,1045841],[350040,1045239],[350149,1045081],[350215,1044943],[350253,1044806],[350275,1044582],[350224,1043796],[350245,1043687],[350277,1043630],[350338,1043580],[350442,1043540],[350949,1043428],[351186,1043359],[351362,1043283],[351521,1043184],[351679,1043042],[351805,1042872],[352139,1042197],[352249,1042026],[352377,1041885],[352673,1041634],[353618,1040923],[353858,1040759],[354104,1040635],[354190,1040612],[354365,1040603],[354639,1040646],[356227,1041088],[356640,1041182],[356976,1041209],[357276,1041167],[357622,1041055],[357957,1040914],[358137,1040813],[358288,1040693],[358460,1040495],[358811,1040023],[359183,1039356],[359275,1039259],[359357,1039201],[359520,1039122],[359787,1039032],[361102,1038678],[361444,1038613],[361541,1038617],[361623,1038649],[361744,1038778],[361819,1038917],[361895,1039165],[361974,1039595],[362057,1039782],[362143,1039904],[362290,1040047],[362618,1040280],[362882,1040511],[363306,1040843],[363801,1041380],[364007,1041578],[364247,1041757],[364717,1042067],[364758,1042117],[364783,1042184],[364848,1042610],[364947,1042821],[365034,1042928],[365143,1043018],[365259,1043082],[365464,1043163],[365499,1043194],[365487,1043248],[365424,1043329],[364868,1043843],[364774,1043967],[364700,1044103],[364623,1044343],[364477,1045176],[364226,1046313],[364199,1046503],[364192,1046696],[364224,1046898],[364267,1047012],[364344,1047136],[364447,1047236],[364558,1047301],[364712,1047347],[364839,1047352],[364982,1047326],[365122,1047270],[365263,1047186],[365573,1046942],[366395,1046223],[366625,1046072],[366785,1046022],[366922,1046030],[366999,1046056],[367126,1046125],[367249,1046216],[367473,1046432],[367778,1046852],[367923,1047018],[368097,1047147],[368312,1047229],[368463,1047248],[368633,1047235],[368827,1047183],[369278,1047013],[369461,1046980],[369760,1046963],[369929,1046936],[370122,1046860],[370259,1046758],[370338,1046659],[370394,1046544],[370430,1046405],[370444,1046260],[370437,1046135],[370405,1045971],[370354,1045831],[370286,1045705],[370110,1045475],[369756,1045098],[369539,1044951],[369189,1044809],[369042,1044733],[368952,1044651],[368871,1044492],[368843,1044244],[368886,1043705],[368890,1043175],[368920,1043100],[368972,1043041],[369031,1043003],[369175,1042957],[369331,1042952],[369485,1043005],[369628,1043104],[370014,1043427],[370566,1043739],[371334,1044365],[371553,1044577],[372022,1045079],[372154,1045185],[372335,1045299],[372571,1045395],[372803,1045433],[373033,1045422],[373471,1045343],[373655,1045346],[373808,1045392],[373951,1045479],[374050,1045593],[374112,1045727],[374145,1045908],[374166,1046341],[374195,1046537],[374255,1046717],[374353,1046879],[374920,1047478],[375161,1047691],[375346,1047814],[375495,1047890],[375660,1047951],[375828,1047986],[375963,1047992],[376111,1047976],[376333,1047903],[376533,1047767],[376664,1047590],[376732,1047361],[376740,1047181],[376721,1047006],[376617,1046500],[376612,1046334],[376673,1046138],[376798,1045961],[376936,1045833],[377167,1045655],[378928,1044442],[379087,1044299],[379197,1044143],[379273,1043959],[379313,1043741],[379306,1043532],[379254,1043351],[379168,1043214],[379045,1043106],[378895,1043035],[378702,1042990],[378274,1042959],[377593,1042962],[377213,1042985],[376763,1043044],[376586,1043021],[376133,1042909],[375984,1042898],[375860,1042913],[375698,1042979],[375565,1043097],[375475,1043234],[375319,1043561],[375224,1043691],[375130,1043751],[374974,1043787],[374792,1043788],[374542,1043755],[373765,1043571],[373510,1043475],[373290,1043319],[373124,1043136],[372976,1042896],[372777,1042308],[372615,1041981],[372347,1041584],[371868,1041009],[371128,1039822],[371039,1039662],[370976,1039498],[370951,1039276],[370990,1039100],[371059,1038996],[371363,1038699],[371472,1038557],[371572,1038353],[371626,1038108],[371630,1037795],[371574,1037536],[371524,1037436],[371452,1037338],[371286,1037210],[371134,1037161],[370972,1037160],[370811,1037204],[370651,1037299],[370536,1037408],[370456,1037509],[369967,1038246],[369835,1038384],[369754,1038442],[369633,1038482],[369360,1038504],[369199,1038538],[369037,1038600],[368720,1038760],[368505,1038803],[368429,1038797],[368300,1038751],[368220,1038680],[368172,1038590],[368139,1038399],[368119,1037743],[368079,1037483],[368029,1037308],[367964,1037167],[367816,1036969],[367715,1036888],[367617,1036836],[367501,1036798],[367350,1036776],[366991,1036801],[366529,1036894],[366260,1036971],[366062,1037056],[365913,1037153],[365704,1037341],[365329,1037768],[365144,1038049],[365072,1038229],[364986,1038708],[364934,1038817],[364883,1038864],[364775,1038915],[364642,1038933],[364497,1038916],[364364,1038866],[364252,1038791],[364156,1038682],[364111,1038604],[363967,1038230],[363766,1037456],[363644,1037089],[363510,1036841],[363239,1036496],[363060,1036120],[362958,1035999],[362845,1035914],[362717,1035853],[362485,1035776],[362388,1035724],[362290,1035621],[362215,1035489],[362132,1035218],[362068,1034674],[362086,1034450],[362171,1034218],[362417,1033804],[363444,1032261],[363733,1031877],[364044,1031521],[364179,1031395],[364326,1031291],[364581,1031190],[364953,1031111],[366387,1030878],[366762,1030781],[366952,1030691],[367100,1030583],[367214,1030453],[367305,1030289],[367439,1029799],[367651,1029126],[367724,1028838],[367749,1028593],[367717,1028367],[367647,1028196],[367548,1028046],[367413,1027906],[367290,1027820],[367168,1027767],[367038,1027734],[366525,1027689],[366372,1027656],[366210,1027580],[366097,1027473],[365926,1027181],[365888,1027062],[365874,1026903],[365895,1026752],[365950,1026602],[366034,1026456],[366123,1026341],[366222,1026250],[366322,1026200],[366483,1026206],[367538,1026509],[368134,1026633],[368334,1026701],[368757,1026885],[368996,1026935],[369203,1026919],[369409,1026845],[369555,1026737],[369663,1026587],[369713,1026451],[369729,1026340],[369723,1026190],[369693,1026046],[369604,1025829],[369099,1024929],[369064,1024793],[369081,1024620],[369211,1024188],[369315,1023986],[369397,1023900],[369536,1023798],[369988,1023585],[370175,1023453],[370254,1023365],[370315,1023258],[370346,1023157],[370355,1023034],[370335,1022902],[370256,1022707],[370171,1022582],[369895,1022254],[369806,1022088],[369773,1021968],[369763,1021857],[369823,1021439],[369808,1021197],[369767,1021075],[369704,1020965],[369614,1020865],[369496,1020780],[369363,1020723],[369172,1020693],[369026,1020708],[368866,1020764],[368744,1020841],[368636,1020946],[368399,1021315],[368310,1021417],[368151,1021504],[367998,1021523],[367855,1021486],[367795,1021445],[367461,1021083],[367241,1020921],[366992,1020833],[366589,1020799],[366472,1020770],[366344,1020700],[365985,1020435],[365841,1020364],[365685,1020321],[365517,1020314],[365369,1020340],[365177,1020419],[364987,1020573],[364887,1020712],[364815,1020887],[364780,1021109],[364794,1021379],[364927,1021883],[365052,1022687],[365042,1022921],[364987,1023118],[364899,1023282],[364778,1023399],[364255,1023743],[363746,1024123],[363677,1024157],[363540,1024187],[363419,1024169],[363261,1024084],[363184,1023990],[363148,1023856],[363154,1023771],[363190,1023634],[363460,1023120],[363570,1022856],[363609,1022701],[363626,1022505],[363595,1022277],[363435,1021823],[363310,1021288],[363233,1021109],[363124,1020962],[362944,1020840],[362718,1020779],[362402,1020775],[361924,1020839],[361780,1020841],[361613,1020819],[361213,1020710],[361043,1020692],[360856,1020714],[360665,1020780],[360519,1020863],[360390,1020968],[360278,1021092],[360194,1021222],[360136,1021352],[360091,1021518],[360078,1021798],[360153,1022380],[360250,1022663],[360513,1023095],[360721,1023592],[360811,1023732],[361018,1023979],[361091,1024092],[361132,1024253],[361137,1024398],[361096,1024815],[360669,1027466],[360595,1028172],[360470,1028958],[360408,1029234],[360348,1029392],[360257,1029503],[360195,1029532],[360122,1029546],[359957,1029543],[359682,1029500],[358917,1029331],[358559,1029222],[358405,1029143],[358340,1029091],[358076,1028721],[357949,1028584],[357806,1028484],[357620,1028406],[357473,1028378],[357317,1028374],[356811,1028438],[356643,1028440],[356207,1028411],[356012,1028353],[355797,1028233],[354874,1027641],[353980,1027036],[353588,1026748],[353446,1026622],[353323,1026481],[353074,1026048],[352990,1025947],[352891,1025866],[352740,1025795],[352549,1025770],[352382,1025802],[352226,1025889],[352115,1026005],[352040,1026135],[351979,1026321],[351943,1026514],[351912,1026811],[351905,1027124],[351927,1027344],[351980,1027550],[352061,1027727],[352160,1027871],[352696,1028456],[353502,1029446],[353650,1029672],[353705,1029818],[353709,1029888],[353658,1030020],[353556,1030146],[352710,1030891],[352583,1031035],[352493,1031180],[352438,1031322],[352405,1031476],[352315,1032548],[352287,1032729],[352238,1032899],[352027,1033332],[350984,1035111],[350849,1035431],[350640,1036094],[350553,1036266],[350389,1036512],[349715,1037381],[349519,1037590],[349376,1037697],[349298,1037733],[349137,1037758],[348505,1037700],[348293,1037720],[348152,1037770],[348048,1037837],[347962,1037927],[347902,1038033],[347869,1038168],[347878,1038326],[347925,1038465],[348015,1038614],[348336,1038969],[349224,1039808],[349377,1039996],[349429,1040115],[349470,1040325],[349509,1040625],[349489,1040754],[349437,1040795],[349219,1040869],[349081,1040940],[348949,1041047],[348860,1041155],[348760,1041347],[348613,1041817],[348536,1041990],[348110,1042614],[347697,1043327],[347560,1043508],[347192,1043847],[346910,1044135],[346780,1044243],[346538,1044338],[346032,1044420],[345998,1044396],[346010,1044356],[346329,1043982],[346465,1043726],[346498,1043605],[346510,1043476],[346499,1043357],[346468,1043253],[346417,1043158],[346349,1043074],[346153,1042933],[345822,1042795],[345357,1042681],[345161,1042616],[344890,1042482],[344772,1042371],[344701,1042201],[344682,1042061],[344685,1041892],[344873,1040645],[344888,1040359],[344867,1040190],[344824,1040056],[344775,1039964],[344696,1039867],[344612,1039802],[344530,1039761],[344396,1039729],[344291,1039731],[344189,1039755],[344078,1039810],[343979,1039891],[343888,1040002],[343802,1040148],[343647,1040515],[343143,1041925],[343029,1042192],[342911,1042398],[342285,1043067],[342098,1043211],[341538,1043558],[341403,1043680],[341318,1043799],[341249,1043994],[341244,1044228],[341288,1044424],[341448,1044896],[341479,1045100],[341469,1045298],[341370,1045874],[341408,1046452],[341335,1046738],[341207,1046975],[340988,1047225],[340869,1047317],[340537,1047481],[340340,1047604],[339709,1048104],[339358,1048449],[339053,1048823],[338916,1049059],[338816,1049294],[338738,1049553],[338690,1049818],[338679,1050091],[338707,1050247],[338765,1050379],[338853,1050488],[338969,1050566],[339104,1050610],[339246,1050620],[339400,1050599],[339703,1050485],[340202,1050198],[340364,1050121],[340896,1049968],[341154,1049923],[341289,1049943],[341624,1050109],[341820,1050167],[342056,1050184],[342591,1050150],[342783,1050185],[342940,1050255],[343619,1050650],[343687,1050701],[343738,1050769],[343769,1050882],[343774,1050992],[343721,1051534],[343734,1051688],[343773,1051861],[344085,1052583],[344215,1052751],[344394,1052887],[344857,1053106],[345297,1053373],[345525,1053461],[345756,1053509],[346004,1053524],[346307,1053506],[347979,1053304],[348245,1053310],[348321,1053328],[348431,1053396],[348507,1053536],[348638,1054230],[348870,1054869],[349000,1055521],[349072,1055743],[349186,1055936],[349333,1056081],[349518,1056199],[349779,1056294],[349935,1056317],[350086,1056315],[350217,1056291],[350380,1056228],[350577,1056080],[350694,1055937],[350793,1055777],[351080,1055141],[351223,1054698],[351306,1053494]]],[[[379170,1056324],[379231,1056221],[379374,1055766],[379450,1055422],[379451,1055313],[379418,1055167],[379360,1055052],[379263,1054931],[379087,1054808],[378896,1054757],[378694,1054768],[378352,1054860],[378235,1054877],[377997,1054860],[377727,1054797],[377527,1054703],[377406,1054603],[377273,1054425],[377206,1054270],[377163,1054107],[377140,1053860],[377155,1053682],[377213,1053468],[377324,1053190],[377430,1053034],[377696,1052715],[377767,1052581],[377807,1052442],[377809,1052283],[377772,1052143],[377702,1052019],[377588,1051902],[377436,1051804],[377078,1051654],[376947,1051575],[376615,1051208],[376440,1051067],[376256,1050992],[376073,1050980],[375963,1051001],[375863,1051041],[375755,1051110],[375667,1051192],[375547,1051357],[375361,1051729],[375301,1051811],[375245,1051854],[375114,1051884],[374737,1051882],[374551,1051917],[374307,1052027],[374137,1052175],[374050,1052314],[374007,1052452],[374001,1052616],[374033,1052787],[374091,1052942],[374293,1053353],[374429,1053854],[374499,1054046],[374597,1054236],[374815,1054567],[374889,1054729],[374920,1054884],[374911,1055300],[374946,1055538],[375038,1055762],[375115,1055874],[375221,1055978],[375331,1056052],[375455,1056111],[375990,1056241],[376347,1056421],[376513,1056479],[376655,1056496],[376796,1056481],[376921,1056442],[377204,1056305],[377348,1056293],[377503,1056347],[378059,1056631],[378220,1056692],[378413,1056737],[378601,1056735],[378797,1056662],[378967,1056543],[379170,1056324]]],[[[419790,1068990],[419720,1068980],[419690,1069010],[419720,1069060],[419780,1069080],[419810,1069030],[419790,1068990]]],[[[422554,1074531],[422661,1074452],[422764,1074233],[422878,1073862],[422946,1073385],[423183,1072982],[423261,1072748],[423265,1072506],[423173,1071980],[423129,1071816],[423054,1071650],[422725,1071209],[422519,1070720],[422406,1070554],[422315,1070466],[422167,1070372],[421822,1070253],[421737,1070199],[421634,1070059],[421509,1069767],[421439,1069647],[421332,1069516],[421181,1069389],[420961,1069249],[420825,1069182],[420666,1069126],[420453,1069084],[419867,1069074],[419664,1069112],[419519,1069177],[419414,1069249],[419319,1069339],[419235,1069455],[419175,1069574],[418914,1070388],[418889,1070532],[418890,1070661],[418920,1070803],[418991,1070953],[419088,1071083],[419269,1071272],[419349,1071409],[419420,1071831],[419529,1072289],[419538,1072445],[419520,1072763],[419542,1072946],[419603,1073122],[419829,1073582],[419867,1073727],[419925,1074091],[420004,1074284],[420092,1074393],[420175,1074458],[420271,1074505],[420440,1074546],[420606,1074553],[421156,1074511],[421481,1074512],[421677,1074530],[421993,1074610],[422156,1074623],[422343,1074604],[422554,1074531]]],[[[396635,1135629],[396424,1135652],[396212,1135748],[396095,1135846],[396014,1135940],[395784,1136318],[395707,1136401],[395577,1136468],[395132,1136638],[394930,1136769],[394847,1136853],[394762,1136973],[394708,1137084],[394547,1137514],[394465,1137658],[394320,1137842],[394187,1137937],[394019,1138010],[393832,1138059],[393459,1138125],[393277,1138208],[393170,1138302],[393079,1138439],[393039,1138544],[393012,1138694],[393015,1138862],[393095,1139286],[393101,1139647],[393128,1139812],[393198,1140006],[393307,1140228],[393441,1140433],[393623,1140601],[394016,1140850],[394255,1141026],[394539,1141273],[394883,1141619],[395187,1141847],[395678,1142139],[395826,1142200],[396032,1142246],[396185,1142249],[396391,1142222],[396680,1142154],[397061,1142040],[397243,1141971],[397410,1141885],[397520,1141802],[397595,1141721],[397655,1141629],[397711,1141492],[397806,1141029],[397975,1140446],[398267,1139741],[398330,1139445],[398326,1139258],[398301,1139116],[398118,1138515],[398058,1138119],[397928,1137757],[397762,1136948],[397581,1136454],[397488,1136281],[397405,1136164],[397105,1135850],[396899,1135705],[396762,1135650],[396635,1135629]]],[[[451860,1152730],[451810,1152710],[451790,1152790],[451860,1152830],[451890,1152810],[451860,1152730]]],[[[453300,1155490],[453240,1155490],[453210,1155530],[453250,1155580],[453310,1155570],[453320,1155540],[453300,1155490]]],[[[454870,1156870],[454800,1156840],[454770,1156890],[454800,1156940],[454850,1156940],[454870,1156870]]],[[[456090,1158370],[456070,1158330],[456020,1158340],[456000,1158400],[456030,1158420],[456090,1158410],[456090,1158370]]],[[[459030,1161840],[458990,1161840],[458980,1161890],[459010,1161900],[459050,1161880],[459030,1161840]]],[[[409660,1164990],[409600,1164980],[409580,1165050],[409650,1165080],[409670,1165050],[409660,1164990]]],[[[410420,1165320],[410340,1165300],[410300,1165380],[410260,1165490],[410310,1165580],[410410,1165520],[410430,1165480],[410380,1165390],[410420,1165370],[410420,1165320]]],[[[410240,1165780],[410160,1165680],[410100,1165690],[410100,1165750],[410140,1165850],[410260,1165870],[410240,1165780]]],[[[465270,1168170],[465210,1168160],[465180,1168200],[465220,1168240],[465290,1168250],[465300,1168200],[465270,1168170]]],[[[453140,1173810],[453100,1173790],[453080,1173850],[453120,1173880],[453140,1173860],[453140,1173810]]],[[[465771,1171481],[465960,1171479],[466136,1171496],[466214,1171518],[466315,1171576],[466469,1171759],[466992,1172531],[467105,1172666],[467279,1172821],[467441,1172919],[467662,1173014],[467834,1173060],[468114,1173100],[468426,1173097],[469010,1173028],[469392,1172947],[469620,1172857],[470025,1172608],[470395,1172313],[470504,1172194],[470574,1172083],[470639,1171876],[470633,1171694],[470583,1171536],[470485,1171364],[470354,1171226],[470106,1171073],[469845,1170962],[469503,1170858],[468937,1170737],[468776,1170683],[468615,1170593],[468391,1170421],[468105,1170162],[467052,1169153],[466867,1168939],[466497,1168433],[466336,1168250],[466176,1168126],[466061,1168072],[465904,1168044],[465780,1168055],[465569,1168138],[465268,1168367],[465250,1168330],[465190,1168340],[465190,1168380],[465237,1168393],[463642,1169820],[463404,1170054],[463276,1170222],[463183,1170417],[463028,1170955],[462924,1171233],[462190,1172884],[462082,1173164],[462031,1173367],[462022,1173526],[462060,1173703],[462119,1173814],[462238,1173940],[462328,1173999],[462441,1174044],[462564,1174064],[462671,1174057],[462824,1174006],[462917,1173948],[463012,1173860],[463151,1173672],[463329,1173325],[464075,1171626],[465771,1171481]]],[[[464550,1203260],[464540,1203240],[464480,1203270],[464500,1203330],[464550,1203340],[464570,1203310],[464550,1203260]]],[[[460160,1219210],[460127,1219123],[463295,1219118],[463570,1218803],[463754,1218521],[463878,1218216],[463958,1217880],[464049,1217898],[464212,1217900],[464771,1217839],[465277,1217922],[465783,1217926],[466633,1217868],[466870,1217831],[467020,1217784],[467140,1217721],[467284,1217601],[467438,1217370],[467620,1216917],[467898,1216067],[467957,1215731],[467957,1215595],[467933,1215438],[467839,1215243],[467753,1215150],[467657,1215081],[467464,1214995],[467237,1214942],[465962,1214782],[465840,1214759],[465810,1214737],[466121,1214596],[466224,1214523],[466330,1214419],[466802,1213808],[466896,1213603],[466932,1213440],[466940,1213268],[466919,1212690],[466951,1212133],[466944,1211704],[466896,1211385],[466515,1209448],[466456,1208963],[466472,1208713],[466634,1208123],[466696,1207681],[466688,1207414],[466604,1207143],[466463,1206860],[466355,1206700],[466182,1206517],[466016,1206379],[464971,1205622],[463688,1204637],[463426,1204487],[463265,1204424],[462927,1204333],[462814,1204260],[462734,1204151],[462658,1203951],[462546,1203515],[462422,1202942],[462412,1202797],[462454,1202714],[462558,1202653],[462864,1202527],[463077,1202471],[463447,1202499],[463598,1202488],[463729,1202454],[463836,1202405],[463954,1202321],[464030,1202241],[464109,1202117],[464155,1202007],[464206,1201799],[464244,1201529],[464307,1200751],[464247,1198440],[464226,1198151],[464188,1197945],[464126,1197790],[464065,1197699],[463976,1197609],[463857,1197531],[463673,1197458],[462735,1197246],[462376,1197139],[462227,1197068],[462169,1197024],[462127,1196970],[462097,1196834],[462116,1196671],[462159,1196494],[462310,1196036],[462422,1195776],[462516,1195623],[462574,1195558],[462715,1195459],[462880,1195384],[463606,1195150],[463881,1195028],[464156,1194841],[464367,1194606],[464669,1194148],[464782,1193907],[464920,1193399],[464974,1192955],[465020,1192720],[465089,1192549],[465160,1192479],[465312,1192424],[465426,1192444],[465513,1192539],[465697,1192836],[465887,1193033],[466045,1193138],[466350,1193290],[466683,1193518],[466855,1193602],[467068,1193651],[467287,1193636],[467492,1193558],[467647,1193430],[467765,1193239],[467856,1192960],[467994,1192273],[468041,1191862],[468036,1191665],[468002,1191425],[467858,1190848],[467783,1190381],[467740,1190257],[467661,1190108],[467439,1189789],[466968,1189048],[466808,1188489],[466638,1188079],[466522,1187863],[466385,1187694],[466205,1187550],[465976,1187423],[465782,1187374],[465674,1187374],[465551,1187400],[465428,1187454],[465320,1187529],[465192,1187657],[464976,1187918],[464657,1188133],[464496,1188265],[464100,1188650],[463811,1188955],[463716,1189035],[463644,1189069],[463586,1189077],[463181,1189030],[462975,1189077],[462779,1189206],[462272,1189721],[462183,1189761],[462091,1189737],[462020,1189684],[461984,1189623],[461985,1189562],[462019,1189455],[462124,1189203],[462225,1189014],[462559,1188580],[462883,1188041],[462924,1187927],[462945,1187801],[462941,1187693],[462910,1187571],[462836,1187430],[462726,1187302],[462568,1187177],[462387,1187073],[461918,1186872],[461234,1186629],[461088,1186594],[460940,1186585],[460820,1186599],[460678,1186639],[460512,1186719],[460374,1186819],[460245,1186958],[460018,1187277],[459598,1187707],[459447,1187894],[459354,1188050],[459271,1188240],[459067,1188792],[458870,1189441],[458629,1190011],[458389,1190469],[458288,1190621],[458201,1190714],[458069,1190799],[457988,1190831],[457812,1190872],[457530,1190905],[456568,1190949],[456303,1190925],[456150,1190869],[456085,1190819],[455975,1190685],[455836,1190440],[455346,1189360],[455179,1188903],[455039,1188293],[455017,1188137],[455024,1188001],[455100,1187538],[455100,1187394],[455079,1187267],[454982,1187047],[454622,1186578],[454582,1186505],[454563,1186425],[454566,1186290],[454636,1185972],[454650,1185784],[454608,1185419],[454539,1185186],[454461,1185046],[454366,1184932],[454248,1184838],[454105,1184764],[453936,1184710],[453776,1184681],[453614,1184672],[453383,1184687],[453342,1184664],[453398,1184531],[453562,1184293],[453892,1184066],[454044,1183915],[454135,1183757],[454181,1183559],[454168,1183266],[454051,1182646],[454068,1182085],[454048,1181922],[453970,1181584],[453999,1181214],[453986,1181050],[453953,1180931],[453898,1180820],[453635,1180489],[453601,1180410],[453581,1180292],[453597,1180151],[453820,1179549],[453991,1178895],[454014,1178591],[453991,1178453],[453946,1178335],[453865,1178220],[453739,1178123],[453594,1178067],[453427,1178048],[453274,1178059],[453000,1178115],[452638,1178224],[452160,1178399],[452002,1178434],[451876,1178442],[451759,1178428],[451472,1178325],[451240,1178202],[450998,1178047],[449564,1177070],[449204,1176804],[448530,1176234],[448180,1175907],[448029,1175698],[447996,1175550],[448042,1175316],[448148,1175080],[448297,1174862],[448436,1174728],[448755,1174494],[449677,1173890],[450004,1173704],[450159,1173650],[450289,1173655],[450386,1173715],[450467,1173810],[450659,1174101],[450830,1174278],[451252,1174604],[451987,1175221],[452218,1175386],[452360,1175461],[452501,1175507],[452628,1175522],[452754,1175509],[452868,1175470],[452980,1175402],[453070,1175315],[453160,1175176],[453210,1175018],[453221,1174794],[453177,1174504],[452865,1173294],[452694,1172781],[452449,1172262],[452271,1171993],[451874,1171528],[451541,1170992],[451119,1170521],[451022,1170372],[450826,1169998],[450640,1169728],[449986,1169050],[449850,1168942],[449567,1168766],[449447,1168660],[449371,1168544],[449374,1168502],[449403,1168465],[449504,1168407],[449860,1168278],[450247,1168059],[450377,1168003],[450519,1167972],[450952,1167934],[451167,1167868],[451306,1167791],[451678,1167532],[452092,1167289],[453285,1166645],[453720,1166446],[454125,1166346],[455897,1166069],[455983,1166081],[456064,1166115],[456123,1166159],[456176,1166227],[456235,1166363],[456345,1166771],[456403,1166891],[456488,1167015],[456723,1167244],[457011,1167434],[457191,1167508],[457470,1167589],[459272,1168015],[459550,1168102],[460108,1168315],[460307,1168333],[460479,1168291],[460581,1168235],[460681,1168152],[460837,1167938],[461284,1167025],[461464,1166575],[461513,1166340],[461526,1166050],[461509,1165660],[461462,1165142],[461471,1164960],[461538,1164682],[461633,1164404],[461848,1163852],[461967,1163590],[462115,1163364],[462248,1163261],[462498,1163175],[463166,1163045],[463307,1162991],[463414,1162923],[463512,1162820],[463581,1162678],[463606,1162529],[463597,1162391],[463530,1162177],[463476,1162076],[463372,1161938],[463193,1161769],[462934,1161587],[461123,1160500],[460772,1160305],[460592,1160230],[460460,1160197],[460332,1160190],[460207,1160209],[460036,1160292],[459916,1160418],[459847,1160580],[459832,1160789],[459859,1160939],[459915,1161096],[460290,1161810],[460403,1162075],[460436,1162253],[460413,1162430],[460315,1162696],[460184,1162960],[460038,1163206],[459928,1163344],[459800,1163435],[459727,1163454],[459475,1163436],[459109,1163334],[458365,1163080],[458103,1162962],[457902,1162830],[457730,1162645],[457460,1162249],[457173,1161867],[456927,1161318],[456746,1161029],[456639,1160919],[456496,1160812],[455969,1160524],[455735,1160444],[455387,1160390],[455081,1160322],[454891,1160306],[454670,1160319],[454298,1160378],[453840,1160486],[453596,1160575],[453262,1160756],[453134,1160795],[453055,1160796],[452891,1160757],[452722,1160686],[451946,1160259],[451629,1160049],[451507,1159928],[451463,1159858],[451423,1159702],[451428,1159437],[451568,1158587],[451667,1158173],[452280,1156004],[452338,1155722],[452350,1155501],[452330,1155368],[452290,1155247],[452151,1155034],[451937,1154834],[450972,1154015],[450791,1153812],[450714,1153663],[450694,1153497],[450712,1153319],[450919,1152473],[450965,1152209],[450966,1151958],[450912,1151755],[450848,1151647],[450762,1151556],[450657,1151484],[450537,1151429],[448678,1150896],[448224,1150737],[448061,1150654],[447841,1150508],[447632,1150342],[447422,1150146],[447253,1149952],[447039,1149638],[446749,1149146],[446586,1148813],[446537,1148667],[446472,1148334],[446383,1148018],[446348,1147475],[446269,1147224],[446201,1147109],[446106,1146994],[445687,1146581],[445615,1146462],[445591,1146349],[445613,1146336],[445660,1146365],[446375,1147050],[446580,1147213],[446836,1147342],[447312,1147488],[448769,1147859],[448963,1147896],[449180,1147914],[449356,1147899],[449533,1147846],[449728,1147747],[450051,1147532],[451561,1146441],[451802,1146252],[451942,1146117],[452058,1145962],[452178,1145750],[452993,1143986],[453123,1143727],[453273,1143483],[453460,1143265],[453882,1142862],[454825,1142012],[455432,1141532],[455581,1141362],[455659,1141212],[455713,1141026],[455761,1140749],[455775,1140553],[455728,1139846],[455619,1139164],[455554,1138944],[455475,1138786],[455376,1138666],[455245,1138573],[455127,1138528],[454986,1138503],[454802,1138501],[454413,1138539],[454313,1138530],[454135,1138485],[453780,1138337],[452893,1137896],[452640,1137755],[452422,1137588],[452324,1137447],[452264,1137282],[452095,1136483],[452066,1136265],[452065,1135891],[452029,1135682],[451970,1135549],[451894,1135450],[451793,1135367],[451679,1135311],[451577,1135288],[451453,1135287],[451329,1135314],[451208,1135366],[451053,1135465],[450686,1135756],[449953,1136111],[449356,1136456],[449135,1136624],[448757,1136967],[448569,1137081],[448391,1137133],[448105,1137165],[446712,1137179],[446323,1137155],[445865,1137080],[445707,1137088],[445439,1137135],[445377,1137119],[445308,1137044],[445240,1136905],[445047,1136257],[444965,1136047],[444879,1135881],[444736,1135699],[444371,1135394],[444207,1135224],[444130,1135121],[444112,1135062],[444128,1134998],[444448,1134533],[444537,1134340],[444596,1134122],[444622,1133902],[444620,1133710],[444505,1133199],[444478,1132909],[444490,1132721],[444571,1132302],[444561,1131736],[444591,1131578],[444652,1131415],[444932,1131024],[445042,1130764],[445116,1130382],[445121,1130173],[445100,1129904],[445116,1129776],[445155,1129711],[445213,1129656],[445445,1129528],[445624,1129472],[445950,1129444],[446116,1129408],[446329,1129311],[446459,1129212],[446588,1129051],[446670,1128858],[446710,1128628],[446716,1128271],[446680,1127992],[446597,1127784],[446460,1127628],[446370,1127571],[446269,1127532],[446106,1127512],[445912,1127534],[445204,1127751],[444890,1127810],[444775,1127805],[444644,1127774],[444210,1127597],[444041,1127490],[443905,1127381],[443788,1127252],[443690,1127108],[443612,1126957],[443563,1126803],[443555,1126711],[443576,1126583],[443621,1126472],[443676,1126391],[443737,1126330],[443888,1126225],[444149,1126094],[444609,1125898],[445073,1125717],[445529,1125561],[445705,1125481],[445947,1125332],[447019,1124560],[447285,1124341],[447432,1124148],[447497,1123939],[447500,1123810],[447483,1123685],[447397,1123414],[447323,1123274],[447224,1123143],[447060,1123000],[446597,1122738],[446381,1122566],[446044,1122211],[444928,1120913],[444700,1120718],[444584,1120657],[444475,1120622],[444258,1120611],[444066,1120670],[443879,1120798],[443677,1121018],[443563,1121200],[443488,1121398],[443454,1121605],[443447,1121920],[443411,1122005],[443359,1121984],[443161,1121769],[443014,1121670],[442818,1121606],[442617,1121610],[442473,1121652],[442327,1121726],[442199,1121816],[442075,1121934],[441989,1122047],[441926,1122161],[441822,1122512],[441781,1122575],[441740,1122575],[441669,1122532],[441577,1122450],[441515,1122368],[441496,1122249],[441542,1122155],[441913,1121907],[442006,1121818],[442071,1121730],[442153,1121538],[442181,1121300],[442161,1121037],[442067,1120644],[442045,1120395],[442055,1120216],[442143,1119705],[442157,1119463],[442148,1119226],[442121,1119065],[442075,1118922],[441855,1118542],[441817,1118408],[441830,1118271],[441936,1117841],[441984,1117535],[441995,1117303],[441969,1117008],[441923,1116828],[441869,1116702],[441792,1116578],[441623,1116362],[441572,1116258],[441505,1116012],[441396,1115486],[441338,1115305],[441236,1115115],[441031,1114831],[440986,1114721],[441023,1114599],[441231,1114318],[441317,1114162],[441371,1113983],[441397,1113771],[441399,1113509],[441360,1112995],[441241,1112458],[441256,1112341],[441360,1111949],[441374,1111712],[441243,1111029],[441267,1110916],[441430,1110563],[441469,1110349],[441443,1109361],[441495,1108584],[441445,1108121],[441370,1107855],[441316,1107742],[441228,1107609],[441054,1107442],[440817,1107317],[440594,1107252],[440306,1107198],[438848,1106982],[438559,1106951],[438288,1106959],[438128,1107004],[437989,1107085],[437848,1107226],[437743,1107386],[437612,1107643],[437055,1108891],[436802,1109416],[436095,1110695],[435943,1110939],[435778,1111148],[435624,1111283],[435493,1111322],[435394,1111313],[435111,1111239],[434963,1111216],[434780,1111219],[434673,1111238],[434529,1111286],[434404,1111361],[434323,1111435],[434246,1111539],[434142,1111754],[434090,1111935],[434064,1112107],[434059,1112438],[434033,1112643],[433934,1113065],[433792,1113535],[433643,1114258],[433636,1114474],[433657,1114632],[433712,1114822],[433809,1115061],[434570,1116632],[434764,1116968],[435013,1117303],[435077,1117464],[435098,1117613],[435109,1117905],[435036,1120435],[435037,1120727],[435059,1121014],[435097,1121186],[435157,1121349],[435481,1121998],[435587,1122265],[435776,1122928],[435833,1123307],[435801,1123586],[435679,1123953],[435070,1125408],[434763,1126056],[434678,1126317],[434595,1126788],[434270,1129257],[434266,1129431],[434281,1129590],[434315,1129761],[434371,1129936],[434527,1130301],[435162,1131663],[435346,1132120],[435404,1132382],[435414,1132773],[435445,1132981],[435502,1133166],[435656,1133488],[435688,1133606],[435664,1133757],[435543,1133994],[434667,1135209],[434445,1135539],[434311,1135798],[434229,1136093],[433986,1137796],[433955,1138079],[433948,1138359],[433967,1138512],[434013,1138681],[434327,1139415],[434419,1139687],[434443,1139868],[434437,1139955],[434397,1140126],[434330,1140290],[434245,1140439],[434140,1140559],[434005,1140626],[433842,1140640],[433571,1140609],[432910,1140472],[432253,1140323],[431506,1140127],[430108,1139913],[429866,1139902],[429695,1139924],[429554,1139966],[429292,1140086],[427097,1141382],[426775,1141605],[426631,1141754],[426453,1141987],[425518,1143380],[425332,1143600],[425185,1143721],[425018,1143820],[424751,1143947],[423274,1144563],[422824,1144772],[422597,1144910],[422295,1145153],[421941,1145405],[421788,1145545],[421445,1145911],[420530,1146643],[420384,1146789],[420130,1147090],[419621,1147444],[419239,1147768],[419117,1147917],[419006,1148111],[418748,1148743],[418657,1148861],[418514,1148986],[418094,1149287],[417893,1149401],[417644,1149492],[417300,1149534],[417157,1149567],[417008,1149636],[416875,1149743],[416737,1149935],[416665,1150103],[416611,1150315],[416502,1150937],[416354,1151331],[416251,1151716],[416084,1152035],[416026,1152241],[416021,1152368],[416038,1152511],[416154,1152965],[416179,1153344],[416022,1155964],[416027,1156172],[416069,1156540],[416019,1156798],[415877,1157146],[415324,1158283],[415105,1158717],[414957,1158966],[414661,1159346],[413627,1160510],[413381,1160843],[413299,1161019],[413254,1161192],[413238,1161380],[413257,1161537],[413307,1161678],[413398,1161826],[413518,1161959],[413738,1162152],[414526,1162745],[414749,1162869],[414950,1162930],[415441,1162969],[415665,1162960],[415828,1162922],[416200,1162787],[416658,1162741],[417019,1162647],[417240,1162610],[417391,1162607],[417975,1162649],[418270,1162639],[418468,1162593],[418629,1162504],[418787,1162350],[418942,1162123],[419061,1161867],[419169,1161462],[419377,1160301],[419484,1159811],[419589,1159432],[419704,1159182],[419822,1159056],[420062,1158930],[420614,1158760],[420984,1158695],[421133,1158697],[421519,1158756],[421990,1158747],[422272,1158779],[422745,1158883],[424258,1159265],[425044,1159520],[426090,1159806],[426367,1159896],[426619,1160021],[426762,1160145],[426890,1160290],[427528,1161180],[427692,1161429],[427856,1161724],[428832,1164148],[428909,1164422],[428923,1164561],[428914,1164666],[428864,1164819],[428637,1165208],[428536,1165443],[428499,1165653],[428521,1165855],[428621,1166092],[428791,1166323],[428971,1166488],[429283,1166670],[429392,1166759],[429688,1167119],[429818,1167349],[429884,1167540],[429944,1167825],[430095,1168902],[430142,1169382],[430123,1169648],[430044,1169826],[429777,1170193],[429652,1170472],[429593,1170693],[429549,1171082],[429476,1171486],[429264,1172118],[429155,1172353],[428987,1172580],[428722,1172859],[427673,1173875],[427179,1174328],[427070,1174455],[426918,1174673],[426823,1174762],[426751,1174795],[426598,1174823],[426008,1174842],[425860,1174876],[425718,1174934],[425312,1175194],[423996,1176182],[423763,1176326],[423606,1176387],[423449,1176391],[423291,1176340],[423052,1176211],[422491,1175847],[422245,1175705],[421988,1175605],[421782,1175575],[421567,1175580],[421194,1175629],[420633,1175728],[420361,1175793],[420186,1175858],[420040,1175944],[419932,1176047],[419836,1176186],[419734,1176430],[419689,1176687],[419687,1176966],[419722,1177621],[419715,1178061],[419733,1178228],[419817,1178453],[420144,1178924],[420359,1179360],[420613,1180112],[420701,1180481],[420777,1180650],[420879,1180786],[421011,1180899],[421173,1180988],[421348,1181040],[421546,1181060],[421794,1181051],[422432,1180957],[422583,1180968],[422719,1181012],[422868,1181114],[423009,1181286],[423158,1181547],[423215,1181732],[423228,1181886],[423209,1182047],[423143,1182215],[423044,1182376],[422807,1182686],[421672,1184058],[421496,1184294],[421397,1184458],[421326,1184645],[421307,1184831],[421341,1185035],[421423,1185212],[421529,1185342],[421656,1185441],[421807,1185513],[421982,1185557],[422173,1185575],[422466,1185578],[423933,1185530],[424215,1185547],[424392,1185587],[424627,1185717],[425121,1186139],[425257,1186240],[425388,1186312],[425509,1186354],[425636,1186375],[426088,1186379],[426449,1186476],[427718,1186999],[427978,1187129],[428195,1187280],[428526,1187631],[429516,1188851],[429744,1189161],[429875,1189407],[429995,1189810],[430120,1190151],[430196,1190325],[430352,1190612],[430407,1190793],[430405,1190917],[430328,1191530],[430256,1192327],[430245,1192724],[430270,1192933],[430334,1193120],[430439,1193277],[430595,1193426],[430786,1193550],[431024,1193648],[431249,1193691],[431458,1193677],[431743,1193599],[432051,1193447],[433031,1192804],[433180,1192741],[433562,1192630],[433952,1192422],[434167,1192345],[434338,1192318],[434529,1192335],[434797,1192401],[434947,1192477],[435027,1192570],[435082,1192699],[435219,1193370],[435360,1193868],[435468,1194097],[435579,1194256],[435753,1194459],[436712,1195483],[436833,1195635],[436933,1195794],[436970,1195878],[437006,1196048],[437013,1196319],[436968,1196786],[436859,1197399],[436850,1197583],[436866,1197725],[436939,1197917],[437083,1198098],[437263,1198229],[437450,1198300],[437612,1198312],[437770,1198276],[437915,1198194],[438056,1198064],[438290,1197754],[438551,1197336],[438692,1197054],[438761,1196810],[438780,1196554],[438751,1196288],[438382,1194777],[438328,1194525],[438311,1194360],[438318,1194243],[438345,1194127],[438628,1193615],[438704,1193395],[438735,1193228],[438739,1193007],[438630,1191881],[438612,1191420],[438623,1191217],[438675,1191076],[438782,1190937],[438916,1190808],[439768,1190130],[440165,1189844],[440418,1189726],[440596,1189698],[440876,1189701],[442034,1189825],[442487,1189906],[442635,1189970],[442693,1190017],[442737,1190078],[442792,1190230],[442831,1190499],[442861,1191179],[442852,1191909],[442889,1192176],[443004,1192493],[443253,1192991],[443486,1193387],[443749,1193747],[443808,1193874],[443861,1194061],[443896,1194272],[443912,1194540],[443908,1194971],[443929,1195100],[443971,1195222],[444035,1195342],[444225,1195605],[444355,1195818],[444910,1196863],[445114,1197193],[445449,1197594],[446501,1198725],[446675,1198948],[446812,1199212],[446936,1199823],[446960,1200086],[446946,1200226],[446838,1200721],[446831,1200919],[446873,1201347],[446815,1201727],[446710,1202681],[446717,1202967],[446756,1203349],[446903,1204401],[447048,1205023],[447250,1205538],[447541,1206147],[447723,1206483],[447863,1206676],[447991,1206791],[448152,1206872],[448330,1206900],[448606,1206857],[449847,1206479],[450323,1206375],[450514,1206369],[450704,1206389],[451657,1206580],[451879,1206604],[452040,1206599],[452210,1206564],[452400,1206494],[453347,1206017],[453518,1205955],[453689,1205929],[453775,1205936],[453945,1205981],[454458,1206222],[455393,1206730],[455628,1206892],[455758,1207012],[455932,1207213],[456034,1207358],[456118,1207512],[456185,1207693],[456272,1208077],[456558,1209743],[456582,1210035],[456571,1210227],[456516,1210511],[456345,1211172],[456294,1211543],[456299,1211835],[456325,1212125],[456366,1212413],[456426,1212657],[456506,1212853],[456905,1213596],[457029,1213752],[457379,1214100],[457452,1214205],[457460,1214312],[457341,1214637],[457311,1214835],[457342,1215067],[457427,1215247],[457614,1215457],[457841,1215661],[458004,1215780],[458189,1215860],[458558,1215914],[458659,1215961],[458765,1216116],[458877,1216447],[458957,1216613],[459368,1217136],[459397,1217228],[459397,1217323],[459305,1217775],[459301,1218114],[459379,1218616],[459511,1219128],[459929,1219124],[459960,1219150],[459987,1219124],[460032,1219124],[460060,1219220],[460160,1219430],[460230,1219460],[460240,1219410],[460160,1219210]]],[[[460370,1219300],[460310,1219300],[460300,1219370],[460390,1219550],[460460,1219650],[460510,1219680],[460560,1219670],[460520,1219550],[460530,1219470],[460560,1219410],[460490,1219340],[460370,1219300]]],[[[461303,1220201],[461264,1220201],[461198,1220241],[461145,1220294],[461132,1220333],[461237,1220373],[461408,1220373],[461487,1220346],[461487,1220294],[461395,1220267],[461303,1220201]]]]}},{"type":"Feature","properties":{"name":"South East England","operator":"UK Power Networks"},"geometry":{"type":"MultiPolygon","coordinates":[[[[578235,179751],[578719,179749],[579164,179698],[579676,179718],[580006,179673],[580934,179421],[581190,179316],[581655,179094],[581815,179045],[581974,179051],[582470,179153],[583337,179277],[583618,179296],[583825,179276],[584262,179185],[584796,179126],[585257,178989],[585546,178936],[585713,178936],[586054,178990],[586316,179008],[586590,178989],[586882,178924],[587638,178710],[587891,178592],[588166,178367],[588632,177892],[589149,177420],[589424,177189],[589740,176957],[590785,176227],[591194,175961],[591454,175827],[592247,175505],[592443,175442],[592659,175399],[592847,175385],[593616,175388],[593887,175350],[594069,175295],[594337,175154],[594969,174701],[595642,174271],[596010,174086],[596408,173943],[596693,173893],[597696,173817],[599473,173556],[599698,173549],[600306,173588],[600718,173565],[601146,173455],[601736,173260],[601973,173160],[602086,173095],[602242,172973],[602409,172782],[602513,172610],[602745,172139],[602872,171939],[603022,171756],[603284,171512],[603932,171012],[604260,170728],[604585,170386],[604879,170004],[604993,169812],[605422,168957],[605702,168496],[605793,168291],[605840,168107],[605854,167893],[605791,167361],[605824,167194],[605893,167027],[606234,166443],[606660,165790],[606845,165595],[606979,165522],[607117,165490],[607336,165479],[607711,165499],[608294,165576],[608689,165694],[609063,165882],[609252,166012],[609475,166220],[609952,166883],[610186,167287],[610274,167411],[610410,167539],[610572,167632],[610853,167721],[611240,167800],[611513,167825],[612206,167850],[612589,167897],[612865,167982],[613348,168224],[613595,168292],[613820,168311],[614570,168299],[614797,168316],[614948,168347],[615022,168375],[615131,168446],[615683,168975],[616334,169532],[616627,169721],[616855,169793],[617109,169796],[617354,169739],[619003,169092],[619282,169027],[619527,169023],[619741,169053],[620147,169149],[620600,169283],[621293,169516],[622319,169807],[622652,169875],[623078,169935],[623420,169962],[623756,169967],[625099,169911],[625462,169875],[626152,169743],[626397,169722],[626594,169734],[627171,169818],[627784,169861],[627922,169895],[628070,169960],[628398,170213],[628602,170337],[628767,170404],[628939,170449],[629218,170489],[629522,170509],[629727,170497],[630145,170434],[630545,170449],[631027,170528],[631263,170590],[631376,170646],[631716,170878],[631846,170934],[631985,170971],[632191,170991],[632578,170994],[633061,171105],[633227,171129],[633402,171132],[633810,171099],[633987,171119],[634162,171183],[634300,171259],[634648,171532],[634906,171678],[635258,171801],[635631,171867],[636530,171908],[637057,171951],[637571,171951],[637764,171977],[638148,172075],[638395,172080],[638539,172047],[638681,171990],[639613,171454],[639816,171298],[639953,171133],[640219,170680],[640424,170248],[640493,170062],[640548,169817],[640565,169533],[640550,169272],[640519,169019],[640406,168491],[640414,167882],[640400,167718],[640177,166792],[640052,166415],[639738,165634],[639378,164867],[639344,164730],[639298,164337],[639256,164154],[639097,163717],[639032,163579],[638912,163414],[638800,163314],[638702,163254],[638483,163179],[638137,163153],[637874,163172],[637675,163212],[637479,163278],[637154,163422],[637027,163457],[636282,163550],[635747,163638],[635480,163646],[635288,163586],[635166,163516],[635082,163447],[634970,163283],[634930,163112],[634937,163045],[634975,162954],[635328,162498],[635418,162338],[635496,162153],[635582,161876],[635666,161510],[635838,160410],[636141,159352],[636382,158708],[636814,157797],[636944,157469],[637600,155647],[637890,154770],[638089,154122],[638271,153390],[638321,153264],[638466,152990],[638530,152762],[638532,152628],[638505,152488],[638353,152152],[638282,151907],[638253,151719],[638240,151476],[638260,150973],[638370,149999],[638465,148907],[638464,148007],[638482,147319],[638472,147079],[638439,146814],[638284,146164],[638068,145617],[637718,144891],[637300,144242],[637050,143699],[636928,143481],[636755,143242],[636596,143063],[636085,142606],[635827,142322],[634233,140239],[633971,139978],[633671,139718],[633435,139542],[633276,139451],[633114,139391],[632959,139360],[632781,139343],[632510,139343],[632186,139386],[631605,139549],[631450,139552],[631304,139526],[631119,139452],[630674,139193],[630098,138905],[629312,138288],[629122,138171],[628962,138104],[628691,138047],[627780,137943],[627606,137940],[627136,137972],[626636,137952],[626362,137909],[626064,137817],[625577,137626],[625377,137531],[625111,137357],[624895,137141],[624783,136940],[624630,136417],[624421,135961],[624376,135598],[624328,135434],[624236,135289],[624159,135220],[624069,135169],[623846,135116],[623329,135132],[623003,135098],[622805,135052],[622235,134852],[622011,134797],[621651,134747],[621119,134720],[620819,134688],[619239,134422],[618281,134237],[617353,133999],[616874,133838],[616071,133526],[615650,133340],[615028,133024],[614655,132804],[614012,132384],[613634,132104],[613385,131885],[612853,131276],[612542,130946],[611857,130268],[611137,129618],[610812,129275],[610551,128956],[610199,128390],[609763,127574],[609550,127014],[609337,126249],[609121,125233],[608706,123600],[608671,123375],[608663,123120],[608755,122047],[608809,121630],[608880,121268],[609509,119198],[609892,118169],[609971,117860],[610019,117584],[610036,117394],[610032,117194],[610005,117020],[609957,116867],[609887,116728],[609808,116620],[609683,116498],[609569,116414],[609278,116267],[609008,116180],[608731,116128],[608402,116098],[608012,116078],[607668,116084],[607044,116124],[606430,116188],[604250,116511],[603297,116687],[602405,116879],[601127,117114],[599423,117467],[598366,117637],[596896,117985],[596241,118123],[595755,118173],[595563,118149],[595477,118085],[595272,117778],[595122,117644],[594500,117316],[594197,117132],[592854,116249],[592576,116049],[592407,115906],[592032,115542],[591566,115132],[590696,114244],[589985,113590],[589567,113165],[589309,112842],[588963,112270],[588633,111877],[588340,111460],[588220,111319],[587942,111087],[587493,110828],[587225,110709],[586938,110607],[586167,110403],[585946,110327],[585630,110160],[585169,109833],[584934,109720],[584707,109645],[584111,109507],[583863,109429],[583621,109313],[583127,109033],[582930,108951],[582644,108883],[582098,108808],[581893,108758],[581763,108700],[581473,108515],[581306,108447],[581108,108413],[580738,108409],[580082,108311],[579150,108236],[578529,108145],[578199,108080],[577849,107981],[577591,107882],[576712,107425],[576239,107209],[575501,106977],[575027,106773],[574811,106699],[574427,106611],[573590,106485],[572621,106309],[570909,105924],[570153,105706],[569875,105609],[569529,105460],[568844,105107],[567392,104439],[566902,104164],[566612,103959],[566309,103694],[566057,103427],[565873,103173],[565697,102885],[565150,101852],[564970,101447],[564822,100983],[564678,100744],[564554,100619],[564438,100537],[563804,100211],[563465,100006],[563256,99846],[562777,99417],[562636,99239],[562498,99000],[562424,98812],[562334,98465],[562219,98263],[562086,98128],[561828,97955],[561647,97808],[561044,97268],[560789,97001],[560634,96792],[560473,96530],[560059,95678],[559839,95380],[559607,95191],[559465,95116],[559228,95029],[558482,94824],[558301,94789],[558047,94766],[557748,94770],[557180,94821],[556646,94889],[556234,94961],[555782,95086],[555408,95250],[555130,95439],[554656,95838],[554265,96066],[554034,96164],[553305,96411],[552593,96742],[551798,97064],[551656,97090],[551554,97085],[551013,96916],[550867,96890],[550676,96880],[550307,96930],[549783,97074],[549348,97249],[548900,97504],[548533,97764],[547812,98342],[546895,99028],[546428,99333],[546120,99480],[545953,99507],[545834,99468],[545756,99392],[545550,99119],[545381,98994],[545215,98947],[545041,98958],[544802,99055],[544449,99307],[544285,99384],[544082,99436],[543370,99549],[542611,99799],[541931,99952],[541387,100111],[539733,100703],[538094,101392],[537840,101470],[537144,101624],[536849,101706],[536563,101810],[535560,102223],[535220,102337],[535054,102368],[534929,102366],[534473,102232],[534184,102185],[533674,102169],[533451,102185],[533294,102233],[533140,102330],[533034,102434],[532796,102743],[532669,102856],[532511,102938],[532249,103021],[532069,103054],[531892,103062],[531780,103048],[531433,102962],[531228,102965],[531126,102991],[530986,103059],[530742,103259],[530658,103308],[530562,103335],[530294,103360],[530117,103399],[529963,103461],[529649,103629],[529488,103687],[529188,103763],[528922,103809],[527743,103954],[526440,104074],[525222,104218],[524653,104241],[524161,104217],[523974,104188],[523604,104070],[523418,104036],[523238,104032],[522498,104076],[522153,104077],[521638,104047],[521182,103965],[519987,103632],[519162,103369],[518292,103125],[517767,102958],[516822,102555],[515954,102215],[515643,102048],[515293,101796],[515160,101737],[515038,101707],[514891,101697],[514535,101724],[514374,101718],[513347,101549],[511865,101402],[511434,101335],[510120,101081],[509696,101023],[508742,100974],[506916,101015],[504644,100977],[503663,100910],[503408,100865],[503146,100779],[502959,101007],[502792,101142],[502810,101160],[502740,101400],[502650,101550],[502600,101670],[502430,101910],[502170,102140],[501840,102260],[501579,102380],[501490,102470],[501430,102590],[501420,102890],[501380,103010],[501330,103090],[501270,103110],[501180,103100],[501100,103040],[500920,102840],[500810,102800],[500697,102819],[500621,102937],[500477,103324],[500530,103620],[500500,103720],[500370,103890],[500320,104000],[500350,104100],[500400,104170],[500480,104240],[500640,104250],[500677,104236],[500725,104263],[501062,104302],[501181,104199],[501331,104206],[501446,104279],[501835,104340],[502240,104357],[502819,104454],[502864,104448],[503073,104551],[503272,104545],[503666,104495],[503793,104502],[504281,104308],[504291,104175],[504609,104068],[504619,104035],[504675,104008],[504905,104292],[505053,104324],[505099,104405],[505321,104673],[505343,104726],[505612,104960],[505701,105164],[505705,105335],[505654,105334],[505258,105450],[505105,105475],[505084,105489],[505083,105517],[505094,105652],[505192,106049],[505570,106128],[505834,106298],[505894,106578],[505925,106642],[505888,107004],[506007,107179],[506012,107273],[505902,107362],[505833,107610],[505863,108208],[505966,108373],[506114,108485],[506133,108533],[506115,108599],[506076,108660],[506134,108751],[506202,108836],[506333,108894],[506360,108942],[506350,109190],[506369,109250],[506436,109346],[506490,109365],[506558,109366],[506574,109380],[506597,109457],[506597,109592],[506724,109637],[506871,109643],[506986,109612],[507038,109649],[507083,109782],[507077,110006],[507152,110252],[507171,110252],[507319,110537],[507413,111161],[507409,111605],[507356,111638],[507100,111689],[507017,111685],[507065,111762],[507079,111873],[507032,112095],[506869,112180],[506861,112137],[506802,112066],[506605,112002],[506595,111942],[506561,111926],[506413,111645],[506260,111583],[506206,111464],[506120,111395],[506120,111348],[506190,111189],[506220,110921],[506303,110660],[506187,110614],[506127,111004],[505960,111551],[505687,112170],[505617,112183],[505158,111542],[504676,111047],[504580,111003],[504387,111104],[504322,111103],[504273,110930],[504203,110803],[504144,110764],[504037,110739],[504019,110401],[503994,110350],[503958,110329],[503824,110347],[503695,110273],[503663,110186],[503582,110212],[503460,110187],[503387,110129],[503345,110241],[503340,110302],[503266,110488],[503165,110630],[503077,110663],[502996,110657],[502874,110619],[502696,110531],[502474,110528],[502348,110462],[502335,110434],[502351,110334],[502415,110238],[502535,110116],[502539,110048],[502522,110009],[502219,109998],[502051,110023],[501732,110217],[501703,110244],[501474,110671],[501454,110887],[501502,110992],[501867,111194],[502153,111294],[502210,111329],[502303,111312],[502327,111287],[502339,111087],[502387,111003],[502450,110978],[502572,111034],[502644,111127],[502662,111432],[502536,112081],[502502,112116],[502396,112143],[502100,112099],[501767,112626],[501765,112803],[501893,113053],[502000,113540],[502052,113670],[502215,113755],[502452,113736],[502674,113667],[503089,113686],[503097,113713],[503083,113772],[502998,113923],[502991,114129],[502955,114186],[502606,114327],[502413,114471],[502127,114651],[501693,114783],[501665,114840],[501650,115058],[501549,115398],[501516,115424],[501255,115487],[501003,115678],[500937,115753],[500774,116042],[500754,116121],[500771,116915],[500951,117200],[501013,117523],[501039,117583],[501190,117680],[501251,117769],[501452,117781],[501485,117868],[501565,117895],[501902,117944],[501960,118076],[502191,118186],[502242,118182],[502283,118066],[502272,117929],[502332,117874],[502317,117619],[502406,117464],[502508,117478],[502827,117472],[502917,117589],[503065,117632],[503105,117685],[503243,118080],[503227,118161],[503131,118198],[503071,118280],[503059,118534],[503215,118657],[503300,118837],[503451,118894],[503539,119049],[503547,119212],[503625,119280],[503333,119583],[503327,119673],[503371,119787],[503451,120281],[503514,120354],[503516,120408],[503383,120584],[503325,120858],[503351,120899],[503420,120940],[503724,121235],[503741,121269],[503746,121311],[503673,121362],[503653,121744],[503659,121855],[503718,121914],[503726,122053],[503832,122061],[503884,122199],[504022,122207],[504037,122251],[504100,122231],[504196,122155],[504231,122154],[504446,122236],[504740,122209],[504744,122237],[504878,122305],[504892,122544],[504844,122643],[504834,122811],[504805,122903],[504853,122927],[504922,122999],[505006,122996],[505247,122880],[505247,122867],[505325,122875],[505375,122982],[505485,123022],[505553,123214],[505640,123260],[505749,123242],[505854,123129],[506039,123126],[506155,122914],[506325,122924],[506423,122843],[506555,122832],[506705,122931],[506826,122939],[506864,122923],[506918,122842],[507159,122776],[507221,122787],[507295,122918],[507329,122918],[507514,122852],[508044,122710],[508113,122529],[508076,122179],[508273,122173],[508468,122083],[508489,122085],[508655,122404],[508727,122748],[508740,122769],[508794,122764],[508991,122691],[509132,122506],[509376,122117],[509563,122472],[509598,122514],[509730,122515],[509835,122492],[509935,122692],[509979,122730],[510028,123135],[510082,123217],[510085,123382],[510190,123538],[510247,123688],[510409,123872],[510530,124163],[510605,124177],[510909,124143],[510944,124109],[511029,124187],[511118,124154],[511135,124125],[511103,124001],[511120,123871],[511196,123883],[511205,123820],[511294,123778],[511442,123771],[511449,123697],[511688,123579],[511764,123585],[511802,123624],[512091,124013],[512117,124168],[511977,124503],[511953,124817],[511858,124904],[511849,124942],[511862,125119],[511898,125136],[511953,125340],[511991,125359],[512021,125431],[512132,125514],[512197,125773],[512218,125784],[512460,126144],[512793,126276],[512829,126356],[513009,126353],[513198,126282],[513202,126253],[513403,126225],[513447,126122],[513645,126074],[513660,126528],[513696,126676],[513873,126916],[513828,127120],[513879,127345],[513919,127400],[513970,127407],[513970,127445],[513995,127445],[514297,127769],[514461,128115],[514556,128430],[514630,128528],[514611,128905],[514792,129249],[514794,129390],[514769,129442],[514656,129537],[514577,129714],[514596,129972],[514534,130031],[514481,130238],[514362,130322],[514288,130445],[514257,130626],[514176,130641],[514000,130888],[513987,130953],[514033,131431],[514017,131495],[513908,131564],[513882,131719],[513885,131744],[514041,131787],[514258,131769],[514419,131850],[514419,131870],[514321,131992],[514310,132412],[514268,132447],[514143,132458],[514093,132797],[514249,132763],[514305,132716],[514320,132738],[514524,132831],[514572,132954],[514586,133049],[514570,133138],[514196,133208],[513967,133194],[513769,133117],[513620,133138],[513577,133193],[513405,133543],[513316,133628],[513124,133714],[512473,133738],[512247,133936],[512240,133968],[512000,133989],[511995,134448],[512014,134484],[512417,134499],[512870,135496],[512543,135593],[512485,135423],[512263,135432],[512189,135328],[511988,135491],[511826,135486],[511681,135416],[511463,135459],[510739,135174],[510499,134941],[510252,134871],[510124,134727],[509691,134630],[509534,134452],[509353,134351],[509262,134338],[509195,134420],[508974,134507],[508894,134630],[508716,134654],[508662,134634],[508493,134507],[508175,134595],[508111,134595],[507836,134428],[507237,134375],[507180,134355],[506871,134177],[506705,134221],[506419,134188],[505867,133831],[505681,133854],[505440,133793],[505389,133764],[505150,133437],[504992,133408],[504928,133252],[504856,133231],[504646,133227],[504121,133410],[504035,133418],[504000,133517],[503944,133530],[503532,133528],[503484,133390],[503353,133337],[503247,133345],[503230,133397],[503307,133488],[503303,133519],[503110,133585],[502742,133765],[502670,133749],[502623,133679],[502586,133519],[502588,133388],[502629,133073],[502788,132924],[502657,132677],[502557,132650],[502439,132564],[502434,132542],[502315,132543],[502315,132568],[501986,132645],[501806,132613],[501802,132597],[501625,132599],[501496,132672],[501241,132732],[501114,132719],[501046,132602],[500962,132591],[500821,132654],[500509,132691],[500248,132856],[500176,132855],[500129,132829],[500006,132851],[500007,133541],[498628,133551],[498609,133653],[498685,133850],[498651,134417],[498770,134895],[498751,135158],[498883,135506],[498999,136056],[499094,136093],[498943,136513],[498993,136793],[498970,137079],[498986,137095],[499112,137083],[499284,137494],[499326,137822],[499282,137972],[499289,138038],[499397,138178],[499446,138431],[499739,139229],[499445,139267],[499382,139618],[499330,139705],[499417,139778],[499346,139951],[499545,139996],[499539,140084],[499621,140072],[499846,140224],[499998,140598],[499999,140746],[499939,140757],[499842,140812],[499783,140963],[499561,141078],[499488,141232],[499469,141419],[499557,141582],[499568,141844],[499381,141924],[499297,142038],[499367,142119],[499400,142116],[499475,142226],[499460,142326],[499411,142337],[499420,142390],[499409,142417],[499340,142416],[499305,142556],[499272,142548],[499230,142600],[499185,142590],[499182,142600],[499169,142737],[499265,142764],[499250,142914],[499260,142968],[499457,142962],[499467,142992],[499560,143034],[499578,143017],[499676,143057],[499684,143039],[499700,143044],[499700,143700],[499277,143700],[499318,143829],[499155,144000],[499005,144240],[498911,144261],[498911,144248],[498890,144252],[498777,144324],[498596,144334],[498585,144363],[498423,144423],[498363,144526],[498362,144564],[498393,144601],[498451,144796],[498616,144998],[498655,145027],[498783,144968],[498810,144975],[498860,145205],[498956,145263],[498962,145355],[498688,145531],[498637,145538],[498545,145612],[498444,145795],[498294,145857],[498039,146174],[496005,147544],[495986,148096],[494933,148728],[494967,149092],[494887,149445],[495108,149492],[495113,149668],[494562,149826],[494551,149995],[494483,150058],[494363,150099],[494147,150694],[494105,151036],[493901,151220],[493862,151436],[493698,151667],[493709,151883],[493730,151912],[493869,151864],[493966,151920],[494376,152433],[494706,152653],[494719,152687],[494716,152844],[494834,152936],[495030,153002],[495412,153012],[495465,153039],[495520,153286],[495633,153487],[495646,153596],[495555,153756],[495584,153958],[495574,154060],[495534,154056],[495430,153940],[495165,153922],[495140,153877],[494964,153778],[494864,153798],[494846,153911],[494779,153917],[494733,153898],[493724,153351],[493638,153292],[493483,153111],[493275,152946],[493216,152925],[493140,152935],[493031,153008],[492201,153355],[492193,153379],[491769,153662],[491422,153822],[491401,153844],[491377,154676],[491364,154708],[491151,155018],[490791,155301],[490732,155379],[490725,155658],[490749,156169],[491144,156137],[491151,156661],[491009,156702],[491014,156727],[491222,157152],[491310,157406],[491482,157805],[491532,157894],[491620,157974],[492437,158170],[492782,158354],[493434,158121],[493549,158099],[493573,158078],[493766,158090],[494112,158192],[494198,158359],[494223,158499],[494220,158725],[494163,158770],[494145,158919],[494316,159323],[494343,159531],[494466,159728],[494583,160088],[494792,160186],[494851,160357],[494952,160359],[495028,160322],[495065,160255],[495074,160136],[495096,160123],[495226,160168],[495433,160140],[495614,160245],[495812,160401],[495891,160412],[495895,160383],[496014,160353],[496118,160423],[496178,160425],[496190,160397],[496245,160354],[496419,160340],[496288,160607],[496275,160607],[496289,160709],[496484,160986],[496710,161045],[496743,161044],[496898,160910],[496920,160909],[497219,160954],[498417,160964],[498508,160903],[498568,160791],[498631,160715],[499009,160565],[499067,160559],[499303,160611],[499321,160652],[499508,160829],[499485,161153],[499521,161232],[499724,161357],[499996,161429],[500299,161420],[500355,161477],[500387,161480],[500392,161514],[500463,161502],[500582,161608],[500683,161618],[500754,161656],[500892,161662],[501058,161783],[501104,161846],[501116,161912],[501225,161938],[501249,161967],[501242,162047],[501139,162272],[500996,162500],[500989,162612],[501064,162697],[501071,162724],[500955,163042],[500934,163045],[500854,162975],[500785,162980],[500688,163124],[500671,163272],[500770,163359],[500708,163474],[500667,163499],[500343,163511],[499923,163358],[499739,163309],[499694,163318],[499514,163731],[499475,164189],[499399,164421],[498126,165046],[498085,165072],[498059,165168],[498132,165308],[498326,165443],[498523,165680],[498646,165758],[499058,165896],[499787,165967],[499990,166057],[500235,166358],[500399,166438],[500618,166880],[500631,166918],[500613,167080],[500566,167099],[500428,167097],[500421,167196],[500845,167536],[501276,167760],[501552,167925],[501675,168086],[501804,168132],[502110,167967],[502900,167862],[503633,167679],[503576,167780],[503607,167909],[503631,167939],[503576,168075],[503572,168127],[503662,168231],[503667,168389],[504135,168429],[504178,168916],[504379,168951],[504392,168998],[504385,169282],[504393,169304],[504479,169320],[504454,169605],[504479,169879],[504437,169974],[504555,170182],[504756,170223],[504875,170318],[505175,170392],[505183,170530],[505118,170829],[505125,170910],[505468,170856],[505561,170788],[506207,170833],[506334,170783],[506403,170659],[506473,170662],[506870,170527],[506978,170505],[507000,168734],[507698,168817],[507793,168578],[507798,168239],[507947,168121],[508148,168053],[508232,167835],[508267,167800],[508439,167728],[509146,167749],[509235,167724],[509514,167571],[509623,167371],[509985,167031],[509992,167232],[510088,167398],[510085,167430],[510111,167437],[510147,167522],[510347,167823],[510545,168278],[510722,168423],[511269,168632],[511530,168795],[511854,168936],[512344,168957],[512586,168878],[512631,168894],[512523,169405],[512436,169419],[512406,169504],[512346,169515],[512322,169714],[512236,169961],[512223,169961],[512222,170089],[512240,170126],[512397,170338],[512433,170366],[512454,170420],[512223,170943],[512168,171184],[512188,171188],[512630,171675],[512778,171820],[513239,172109],[513361,172406],[513568,172644],[513573,172677],[513372,172760],[513330,172840],[513165,172907],[513108,172904],[513060,172825],[512889,172826],[512873,172795],[512780,172780],[512636,172938],[512317,173076],[512262,173224],[512219,173232],[512208,173374],[512396,173499],[512451,173552],[512669,173913],[513054,174344],[513107,174351],[513631,174296],[513833,174404],[513989,174435],[513989,174454],[514066,174513],[514318,174531],[514343,174521],[514414,174327],[514440,174327],[514452,174343],[514853,174377],[515037,174479],[515231,174497],[515273,174464],[515315,174533],[515404,174473],[515565,174264],[515707,174252],[515909,174326],[516130,174553],[516190,174553],[516308,174491],[516419,174496],[516439,174661],[516455,174668],[516641,174695],[516909,174619],[516953,174622],[517006,174656],[517112,174804],[517123,174875],[516950,175070],[516700,175420],[516670,175560],[516700,175810],[516750,175860],[516850,176090],[516900,176100],[517340,176300],[517570,176500],[518050,177230],[518220,177450],[518390,177650],[518540,177750],[518740,177810],[518960,177820],[519150,177790],[519310,177740],[519450,177640],[519623,177473],[519750,177290],[519883,176980],[519585,176940],[519506,176876],[519451,176868],[519437,176844],[519417,176710],[519467,176580],[519540,176516],[519591,176499],[519794,176361],[519818,176329],[519794,176121],[519797,175901],[519789,175872],[519615,175838],[519329,175724],[519358,175431],[519405,175208],[519249,175112],[519407,174452],[519211,174437],[519052,174293],[519074,174280],[519095,174221],[519096,174125],[519064,174072],[519053,173874],[518902,173505],[518883,173393],[519530,173521],[519586,173401],[519967,173108],[520062,173007],[520480,172750],[520699,173009],[520794,173207],[520849,173250],[520914,173272],[520980,173271],[521165,173211],[521500,173145],[521362,172810],[521426,172634],[521389,172550],[521445,172481],[521423,172436],[521421,172370],[521256,172260],[521283,172248],[520749,171873],[520358,171541],[519902,170938],[519785,171039],[519672,171105],[519369,171356],[519286,171245],[519021,171090],[519231,170414],[519503,170537],[519569,170484],[519548,170447],[519593,170426],[519728,170440],[519799,170410],[519760,170312],[519826,170301],[519718,170034],[519694,169913],[519703,169840],[519759,169865],[519746,169646],[519770,169621],[519782,169564],[519771,169488],[519785,169378],[519722,169359],[519735,169202],[519694,169028],[519661,169014],[519604,168948],[519608,168924],[519487,168778],[519443,168813],[519447,168728],[519410,168759],[519390,168758],[519323,168728],[519292,168677],[519275,168696],[519245,168658],[519174,168657],[519176,168579],[519125,168562],[519073,168317],[519171,168313],[519401,168200],[519587,168166],[519748,168067],[519956,168127],[519999,168094],[520005,168002],[520034,167929],[520021,167880],[520060,167866],[520063,167826],[520036,167818],[520045,167759],[520081,167705],[520099,167701],[520093,167670],[520135,167626],[520138,167540],[520208,167495],[520400,167211],[520473,167008],[520495,166990],[520482,166964],[520501,166955],[520502,166932],[520482,166917],[520464,166864],[520488,166856],[520501,166808],[520532,166570],[520732,166404],[520828,166264],[521003,166169],[521096,166054],[521123,165940],[521319,165870],[521624,165858],[521755,165883],[521987,166009],[522057,166020],[522083,166009],[522149,166030],[522200,166003],[522204,166020],[522230,166015],[522236,166121],[522249,166126],[522279,166099],[522335,166177],[522313,166201],[522331,166249],[522320,166256],[522450,166504],[522567,166628],[522652,166691],[522637,166779],[522771,166828],[522998,166942],[523014,166907],[522985,166890],[523007,166866],[523400,166498],[523925,166164],[524030,166128],[524102,166077],[524306,166409],[524386,166505],[524663,166992],[524992,166762],[525117,166878],[525322,166637],[525611,166854],[525666,166878],[525769,166975],[525798,166949],[525820,166970],[525913,166870],[525929,166893],[526022,166815],[526011,166795],[526061,166784],[526156,166710],[526415,166948],[526540,167008],[526727,167189],[526736,167182],[526773,167215],[527080,167630],[527221,167547],[527318,167537],[527426,167440],[527437,167402],[527621,167317],[527686,167221],[527706,167133],[527760,167036],[527828,167051],[527916,167038],[527933,167049],[527920,167062],[528109,167118],[528112,167101],[528249,167160],[528471,166833],[528753,166895],[529009,166932],[529460,167040],[529399,167192],[529312,167170],[529333,167229],[529393,167208],[529384,167229],[529471,167274],[529747,167351],[529876,167427],[529903,167414],[529942,167457],[530209,167644],[530284,167710],[530220,167728],[530372,167890],[530589,168182],[530558,168231],[530488,168255],[530503,168327],[530448,168426],[530322,168621],[530235,168718],[530140,168795],[530086,168889],[530066,169010],[529998,169190],[529986,169365],[530022,169368],[530009,169453],[530066,169458],[530065,169487],[530122,169492],[530256,169661],[530275,169652],[530326,169819],[530407,169874],[530438,169844],[530496,169921],[530542,169940],[530545,169982],[530631,170131],[530657,170138],[530712,170227],[530840,170539],[531016,170690],[531119,170753],[531185,170840],[531249,170967],[531320,171048],[531559,171047],[531783,170988],[532312,171001],[532573,171033],[532664,171024],[532720,171002],[532798,170919],[532920,170844],[533022,170731],[533151,170661],[533247,170665],[533444,170721],[533572,170710],[533703,170728],[533541,170462],[533578,170276],[533621,170239],[533816,170164],[534057,169978],[534086,169881],[534083,169640],[534162,169432],[534359,169169],[534492,169047],[534785,168725],[534874,168595],[534991,168494],[535087,168338],[535107,168262],[535228,168229],[535304,168187],[535422,168088],[535497,167955],[535592,167896],[535737,167832],[535896,167819],[536020,167645],[536164,167376],[536208,167361],[536305,167372],[536351,167412],[536724,167312],[536806,167205],[536932,167121],[537011,167093],[537018,166952],[537090,166885],[537148,166764],[537184,166722],[537407,166592],[537482,166587],[538003,166822],[538204,167001],[538786,167281],[538773,167306],[538786,167314],[538839,167335],[538862,167314],[538887,167325],[538910,167350],[538890,167368],[539130,167622],[539296,167727],[539324,167672],[539369,167700],[539377,167684],[539463,167741],[539451,167760],[539632,167859],[539683,167903],[539669,167925],[539681,167939],[539791,168011],[539798,168000],[539845,168027],[539870,168020],[539967,168090],[540051,168109],[540128,168154],[540404,168201],[540455,167988],[540497,167989],[540564,167894],[540616,167634],[540685,167577],[540775,167439],[540859,167428],[540878,167387],[540951,167176],[540929,167059],[540928,166869],[540991,166740],[541040,166558],[541079,166506],[541235,166407],[541272,166341],[541291,166209],[541293,165942],[541459,165488],[541453,165412],[541467,165380],[541441,165282],[541491,165082],[541670,165124],[542021,165099],[542039,165120],[542103,165123],[542405,165201],[542506,165190],[542562,165214],[542575,165194],[542627,165190],[542702,165215],[542717,165446],[542944,165722],[543024,165864],[543083,166010],[543259,166241],[543241,166300],[543247,166418],[543349,166719],[543378,166770],[543539,166849],[543585,166922],[543600,166997],[543597,167142],[543709,167317],[543745,167419],[543798,167509],[543839,167697],[543750,167997],[543733,168162],[543805,168594],[543836,168675],[543908,168780],[544170,168966],[544531,169296],[544653,169253],[544682,169294],[544710,169282],[544751,169338],[544802,169478],[544811,169583],[544992,169746],[545014,169700],[545083,169722],[545062,169827],[545087,169838],[545023,170014],[544982,170096],[544856,170247],[544877,170273],[545157,170404],[545302,170447],[545347,170451],[545366,170432],[545409,170466],[545561,170677],[546012,170526],[546182,170511],[546296,170410],[546393,170400],[546422,170538],[546458,170597],[546750,170447],[546976,170360],[547525,170421],[547519,170484],[547546,170553],[547535,170685],[547556,170734],[547515,170797],[547513,170869],[547570,170949],[547579,171046],[547670,171212],[547792,171616],[547902,171781],[547864,171846],[547515,172045],[547656,172289],[547653,172336],[547637,172356],[547666,172382],[547636,172414],[547667,172443],[547646,172465],[547660,172502],[547723,172444],[547765,172481],[547792,172448],[547914,172527],[547908,172561],[547961,172570],[547964,172553],[548006,172562],[548086,172539],[548242,172528],[548322,172697],[548425,172781],[548712,172610],[548789,172662],[548853,172753],[548910,172737],[548977,172752],[549072,172920],[549234,172866],[549340,172986],[549507,172848],[549607,172857],[549645,172900],[549795,172900],[549827,172828],[549949,172703],[550062,172543],[549962,172412],[549941,172210],[549828,172039],[549799,171760],[549818,171575],[549782,171399],[549621,171195],[549679,170629],[549650,170525],[549606,170501],[549596,170407],[549547,170330],[549607,170260],[549873,170223],[549847,170118],[549834,169945],[550045,169955],[550313,169903],[550390,170090],[550465,170148],[550356,170337],[550355,170509],[550339,170597],[550170,170796],[550276,170955],[550279,171003],[550317,171056],[550334,171115],[550343,171247],[550404,171346],[550611,171543],[550708,171598],[550789,171624],[550920,171817],[551039,171935],[551371,172177],[551454,172253],[551696,172145],[551798,172417],[552014,172540],[552149,172703],[552437,172521],[552590,172545],[552733,172500],[552905,172501],[553295,172594],[553582,172730],[553903,172748],[554077,172903],[554112,172973],[554223,173049],[554265,173055],[554364,173129],[554527,173142],[554659,173200],[554668,173094],[554727,173046],[554733,173004],[554803,172904],[554797,172870],[554834,172694],[554807,172593],[554861,172560],[555092,172733],[555295,172861],[555905,172990],[556200,173069],[556682,173240],[556855,173422],[555874,173654],[555779,173875],[555676,174052],[555594,174401],[555517,174533],[555605,174612],[555677,174711],[555688,174764],[555678,174880],[555734,175100],[555782,175134],[555853,175140],[555764,175237],[555610,175364],[555335,175423],[555357,175746],[555402,175899],[555459,176301],[555452,176410],[555477,176488],[555523,176578],[555566,176609],[555586,176675],[555660,176774],[555697,176869],[555812,177011],[555949,176941],[556208,176754],[556290,176711],[556765,176559],[556930,176472],[557176,176213],[557458,175990],[557715,175740],[557798,175697],[557993,175643],[558322,175618],[558650,175644],[558844,175699],[558927,175742],[559183,175995],[559460,176228],[559685,176514],[559962,176746],[560213,176993],[560292,177033],[560475,177075],[560669,177076],[560763,177061],[560931,176996],[561183,176753],[561395,176585],[561519,176455],[561680,176237],[561870,176048],[561971,175897],[562134,175434],[562231,175280],[562380,175179],[562836,175009],[562917,174964],[563197,174744],[563282,174704],[563591,174637],[564065,174609],[566193,174616],[566543,174643],[566755,174681],[566850,174712],[566999,174795],[567494,174855],[567874,174933],[568325,175067],[568949,175281],[569200,175400],[569641,175711],[570094,176002],[570142,176112],[570094,176575],[570127,176849],[570456,177936],[570654,178410],[570929,178890],[571032,179034],[571160,179172],[571316,179305],[571557,179476],[571810,179630],[572011,179731],[572309,179825],[572652,179855],[573749,179763],[574494,179755],[574992,179720],[575266,179718],[575726,179780],[576502,179956],[576743,179973],[577014,179941],[577535,179804],[578235,179751]]]]}},{"type":"Feature","properties":{"name":"South Wales","operator":"National Grid Electricity Distribution"},"geometry":{"type":"MultiPolygon","coordinates":[[[[322590,164660],[322520,164620],[322110,164650],[321980,164870],[321980,165060],[322100,165120],[322230,165160],[322400,165180],[322490,165150],[322570,165040],[322560,164890],[322618,164731],[322590,164660]]],[[[320530,165610],[320480,165610],[320470,165650],[320510,165700],[320620,165680],[320630,165650],[320590,165610],[320530,165610]]],[[[345815,180895],[345748,180819],[345701,180836],[345777,181019],[345884,181049],[345929,181019],[345945,180927],[345815,180895]]],[[[188472,194723],[188431,194682],[188375,194709],[188375,194765],[188431,194792],[188472,194779],[188472,194723]]],[[[146726,208601],[146678,208589],[146642,208660],[146534,208684],[146474,208780],[146600,208900],[146678,208888],[146714,208756],[146726,208601]]],[[[159790,209178],[159670,209106],[159527,209130],[159455,209274],[159527,209442],[159599,209466],[159766,209585],[159838,209609],[159862,209537],[159934,209466],[159910,209346],[159862,209226],[159790,209178]]],[[[307396,283812],[308577,282846],[309358,283356],[309351,283337],[309442,283334],[309487,283350],[309560,283320],[309611,283243],[309662,283099],[309697,283069],[309699,283016],[309772,282970],[309849,282974],[309924,282926],[309983,282841],[309979,282815],[310007,282769],[310087,282781],[310153,282741],[310193,282766],[310294,282788],[310462,282877],[310547,282981],[310565,282982],[310610,282889],[310785,282620],[311007,282326],[311261,282041],[311617,281692],[312160,281264],[312696,280439],[313206,279141],[313578,278735],[313752,278425],[313815,278165],[313984,277949],[314070,277742],[314229,277484],[314301,277395],[314402,277360],[314496,277220],[314609,277161],[314645,277099],[314658,277028],[314669,276774],[314767,276699],[315032,276551],[315082,276549],[315274,276488],[315500,276483],[315797,276635],[315800,276674],[315886,276731],[316117,276756],[316277,276740],[316367,276758],[316493,276707],[316702,276484],[316787,276437],[317154,275791],[317379,275131],[317420,275093],[317547,275074],[317586,275046],[317706,274915],[317730,274836],[317789,274922],[317843,274946],[317938,274971],[318148,274988],[318205,274985],[318270,274951],[318454,274923],[318504,274897],[318531,274863],[318709,274856],[318738,274811],[318945,274795],[319038,274879],[319233,274774],[319289,274760],[319435,274781],[319587,274750],[319738,274763],[320029,274719],[320552,274781],[321000,274877],[320997,273839],[321054,273796],[321120,273708],[321297,273412],[321415,273322],[321555,273271],[321995,273255],[322804,273285],[322796,273180],[322833,273104],[322957,272941],[323113,272797],[323123,272678],[323151,272589],[323378,272607],[323466,272663],[323562,272568],[323714,272361],[323771,272322],[324072,272413],[324267,272491],[324430,272525],[324614,272529],[324772,272489],[324899,272502],[324930,272451],[325047,272333],[325069,272259],[325167,272122],[325222,271949],[325236,271837],[325312,271726],[325359,271713],[325437,271634],[325400,271606],[325257,271632],[325145,271535],[324945,271434],[324904,271439],[324914,271269],[324950,271060],[325062,270980],[325178,270952],[325194,270901],[325192,270820],[325042,270755],[324965,270702],[324838,270551],[324803,270423],[324677,270344],[324641,270305],[324777,270271],[324945,270265],[325010,270212],[325112,270190],[325147,270137],[325160,270093],[325136,270055],[324866,269869],[324842,269831],[325088,269540],[325135,269408],[325135,269290],[325099,269212],[324973,269133],[324843,268981],[324782,268949],[324666,268684],[324677,268604],[324718,268548],[324546,268360],[324324,268021],[324328,268006],[324564,267909],[324573,267873],[324613,267844],[324603,267677],[324859,267605],[324834,267478],[324876,267491],[324992,267479],[325053,267501],[325070,267498],[325071,267473],[325206,267502],[325262,267488],[325283,267515],[325324,267473],[325355,267508],[325404,267489],[325429,267496],[325473,267545],[325516,267544],[325517,267578],[325542,267589],[325556,267578],[325568,267634],[325623,267635],[325644,267602],[325736,267573],[325758,267600],[325813,267606],[325861,267554],[325910,267555],[325935,267536],[325938,267507],[326014,267505],[326008,267479],[326040,267477],[326050,267454],[326020,267430],[326047,267420],[326098,267430],[326108,267389],[326204,267393],[326237,267374],[326243,267353],[326308,267337],[326350,267352],[326446,267292],[326469,267302],[326486,267335],[326558,267261],[326602,267294],[326621,267264],[326674,267255],[326681,267148],[326767,267044],[326789,266975],[326812,266800],[326869,266808],[326893,266721],[326933,266690],[326937,266670],[326912,266656],[326899,266602],[326952,266517],[326982,266498],[326960,266469],[327014,266405],[327087,266383],[327068,266286],[327083,266279],[327105,266299],[327130,266288],[327161,266211],[327151,266194],[327206,266156],[327215,266097],[327189,266082],[327200,266018],[327219,266000],[327223,265965],[327245,265959],[327213,265900],[327305,265759],[327298,265721],[327313,265679],[327372,265628],[327391,265586],[327448,265560],[327484,265568],[327488,265536],[327553,265511],[327620,265433],[327650,265418],[327675,265303],[327717,265331],[327794,265314],[327786,265251],[327848,265180],[327899,265197],[327972,265193],[328246,265138],[328284,265145],[328336,265191],[328417,265176],[328464,265150],[328491,265184],[328506,265156],[328539,265162],[328560,265145],[328714,265188],[328733,265140],[328705,265003],[328707,264839],[328992,264834],[329005,263655],[329121,263690],[329500,263737],[329577,263735],[329604,263710],[329697,263697],[329698,263602],[329602,263491],[329623,263244],[329584,263171],[329571,263110],[329644,263065],[329686,263072],[329804,263044],[329906,263046],[330006,263099],[330022,263081],[330026,263053],[329953,262884],[329963,262830],[330020,262744],[330017,262704],[329868,262697],[329750,262641],[329666,262646],[329537,262584],[329394,262570],[329309,262504],[329235,262314],[329179,262224],[329080,262233],[328941,262228],[328883,262212],[328809,262220],[328749,262196],[328657,262074],[328596,261888],[328533,261858],[328610,261671],[328650,261612],[328735,261538],[328732,261483],[328698,261445],[328662,261443],[328635,261415],[328501,261349],[328485,261320],[328429,261299],[328418,261277],[328435,261263],[328739,261338],[328834,261333],[328833,261304],[328871,261259],[328894,261187],[328873,261025],[328818,260915],[328713,260917],[328421,260967],[328274,260958],[328146,260979],[328091,260947],[328073,260880],[328093,260727],[328095,260517],[328039,260463],[328129,260244],[328162,260009],[327745,259612],[327592,259579],[327024,259542],[326988,259529],[326944,259484],[326877,259479],[326915,259395],[326918,259340],[326893,259258],[326892,259172],[326792,258916],[326807,258898],[326855,258888],[326854,258824],[326771,258692],[326667,258585],[326621,258512],[326510,258427],[326462,258141],[326591,258136],[326590,258050],[326765,257974],[326836,257962],[326839,257743],[326807,257739],[326744,257798],[326674,257777],[326521,257777],[326237,257493],[326161,257452],[326050,257431],[325909,257291],[325811,257125],[325719,257042],[325582,256987],[325341,256745],[325197,256667],[324988,256592],[324951,256592],[324920,256565],[324899,256566],[324835,256615],[324770,256612],[324868,256488],[324918,256259],[324990,256105],[325065,256040],[325097,255870],[325156,255732],[325157,255540],[325186,255443],[325168,255347],[325196,255225],[325099,254852],[325103,254716],[325075,254654],[325085,254566],[325164,254517],[325238,254535],[325266,254516],[325989,252723],[325987,250902],[325823,250802],[325700,250761],[325531,250732],[325206,250726],[325087,250695],[324993,250629],[324990,250488],[324945,250364],[324888,250239],[324724,249999],[324334,249866],[323772,249581],[323532,249544],[323133,249532],[322871,249440],[322745,249440],[322624,249471],[322358,249462],[322347,249451],[322467,249017],[322484,248831],[322454,248691],[322509,248468],[322515,248217],[322637,248139],[322648,248016],[322724,247963],[322811,247956],[322846,247980],[322877,247967],[322916,247906],[322984,247877],[323033,247826],[323102,247711],[323166,247669],[323214,247674],[323299,247637],[323334,247655],[323505,247648],[323593,247675],[323702,247647],[323761,247614],[323838,247524],[323902,247495],[323914,247472],[324111,247408],[324133,247378],[324151,247382],[324219,247349],[324334,247354],[324360,247315],[324335,247269],[324338,247171],[324385,247095],[324440,247074],[324284,246911],[324247,246849],[324235,246786],[324260,246595],[324370,246190],[324436,246022],[324435,245921],[324382,245808],[324342,245769],[324242,245725],[323968,245735],[323571,245674],[323407,245702],[323264,245636],[323212,245583],[323197,245535],[323238,245237],[323307,244444],[323349,244260],[323415,244095],[323431,243978],[323429,243809],[323443,243795],[323654,243772],[323727,243749],[323748,243290],[323821,243116],[324323,242827],[324628,242710],[324841,242690],[324931,242647],[325245,242619],[325553,242489],[325680,242455],[325803,242763],[325887,242765],[325965,242693],[325993,242496],[326172,242327],[326198,242347],[326228,242334],[326250,242350],[326313,242338],[326388,242348],[326537,242454],[326589,242400],[326644,242273],[326700,242224],[326763,242061],[326821,241991],[326736,241919],[326710,241845],[326735,241775],[326819,241674],[326828,241565],[327006,241410],[326997,239571],[326976,239558],[326893,239568],[326857,239409],[326784,239305],[326631,239173],[326491,239102],[326413,239015],[326400,238964],[326370,238936],[326379,238903],[326353,238811],[326365,238729],[326341,238628],[326258,238559],[326223,238550],[326140,238453],[326095,238466],[326031,238435],[325999,238460],[325950,238453],[325936,238480],[325832,238478],[325798,238459],[325741,238497],[325674,238576],[325622,238596],[325589,238634],[325597,238541],[325550,238429],[325493,238358],[325353,238084],[325300,238044],[325230,237929],[325222,237879],[325155,237747],[325125,237650],[325134,237427],[325119,237285],[324943,237045],[324670,236596],[325370,235735],[325550,235068],[325868,234085],[326674,232781],[326761,232207],[327126,231804],[327306,231683],[327349,231577],[327465,231393],[327486,231295],[327513,231255],[327725,231067],[327814,231037],[327956,230848],[328327,230573],[328491,230480],[328719,230235],[328767,230148],[328790,230035],[328782,229994],[328910,229739],[328901,229583],[329335,229428],[329505,229323],[329598,229242],[329763,228809],[329851,228695],[329906,228454],[330188,228081],[330411,227901],[330453,227851],[330532,227671],[330611,227408],[330723,227226],[330763,227103],[330763,227025],[330689,226694],[330628,226524],[330633,226286],[330648,226216],[330798,225860],[331006,225695],[331199,225513],[331407,225471],[331978,225630],[332148,225692],[332210,225700],[332273,225687],[332468,225712],[332503,225748],[332619,225799],[332665,225917],[332760,225849],[332864,225871],[332893,225931],[332925,225913],[332980,225727],[333084,225631],[333082,225550],[333056,225523],[333115,225309],[333102,225049],[333147,224908],[333171,224752],[333133,224660],[333182,224565],[333195,224456],[333289,224372],[333302,224335],[333297,224308],[333211,224238],[333111,224104],[333137,224069],[333208,224077],[333222,224031],[333179,223994],[333099,223989],[333006,223878],[333024,223853],[333129,223851],[333169,223813],[333188,223690],[333167,223484],[333242,223373],[333256,223371],[333266,223409],[333295,223429],[333471,223317],[333516,223323],[333593,223375],[333700,223337],[333781,223385],[333954,223531],[334007,223555],[334116,223549],[334208,223566],[334421,223491],[334556,223477],[334640,223555],[334623,223630],[334635,223681],[334760,223737],[334836,223833],[334858,223836],[334974,223757],[335103,223856],[335209,223833],[335292,223861],[335347,223914],[335407,224014],[335546,224143],[335728,224193],[335802,224319],[335838,224439],[335869,224466],[335915,224469],[335962,224438],[336085,224443],[336129,224425],[336223,224346],[336289,224336],[336474,224460],[336564,224557],[336793,224711],[336810,224671],[336873,224704],[337118,224763],[337130,224843],[337315,225021],[337357,224966],[337389,224959],[337636,225120],[337640,225190],[337745,225275],[337832,225425],[337852,225499],[337926,225569],[337988,225563],[338152,225646],[338214,225600],[338311,225585],[338433,225594],[338636,225563],[338701,225571],[338744,225596],[338843,225725],[339027,225823],[339097,225899],[339090,225947],[339038,226047],[338970,226294],[338976,226403],[339028,226491],[339234,226554],[339385,226575],[339494,226543],[339573,226544],[339725,226512],[339913,226417],[340003,226227],[340108,226156],[340127,226096],[340123,225976],[340180,225902],[340218,225774],[340244,225750],[340304,225736],[340419,225790],[340487,225694],[340566,225690],[340752,225726],[340903,225810],[340976,225820],[341024,225810],[341088,225763],[341126,225639],[341172,225594],[341252,225465],[341311,225410],[341408,225364],[341713,225358],[341829,225334],[341909,225272],[341985,225173],[341975,225109],[341939,225067],[341564,224820],[341383,224772],[341066,224736],[340726,224649],[340680,224575],[340679,224514],[340745,224360],[340814,224284],[340876,224260],[340912,224268],[340945,224292],[340991,224367],[341065,224383],[341221,224347],[341248,224315],[341241,224264],[341257,224229],[341323,224203],[341377,224208],[341428,224254],[341458,224312],[341452,224344],[341387,224394],[341380,224451],[341400,224484],[341499,224503],[341723,224479],[341760,224581],[341807,224600],[341882,224544],[341880,224452],[341959,224403],[341983,224432],[342026,224620],[342128,224698],[342183,224690],[342212,224664],[342275,224531],[342306,224353],[342480,224288],[342509,224247],[342485,224042],[342511,223914],[342508,223859],[342566,223798],[342577,223765],[342518,223635],[342572,223512],[342544,223452],[342553,223404],[342583,223386],[342698,223386],[342763,223301],[342813,223282],[343011,223284],[343083,223270],[343150,223285],[343296,223255],[343554,223300],[343606,223289],[343655,223235],[343700,223128],[343793,223138],[343818,223124],[343903,222927],[343900,222790],[343963,222573],[344099,222433],[344200,222401],[344412,222274],[344645,222199],[344690,222172],[344877,221962],[344894,221884],[344871,221733],[344962,221606],[344984,221595],[345051,221626],[345094,221623],[345215,221415],[345286,221383],[345400,221381],[345473,221357],[345527,221304],[345567,221229],[345708,221101],[345914,220981],[346040,220966],[346098,220914],[346286,220921],[346543,220863],[346709,220854],[346727,220821],[346863,220803],[346878,220736],[346928,220707],[346934,220664],[347001,220627],[347008,220590],[347035,220562],[347124,220502],[347196,220508],[347209,220472],[347197,220453],[347125,220393],[347081,220398],[347039,220297],[347037,220239],[346901,220080],[346849,219983],[346797,219826],[346724,219761],[346643,219740],[346614,219706],[346582,219567],[346626,219416],[346621,219384],[346546,219278],[346460,219223],[346453,219192],[346469,219130],[346545,219051],[346521,219018],[346448,218972],[346517,218789],[346652,218636],[346856,218496],[346922,218468],[347084,218484],[347116,218431],[347122,218344],[347160,218284],[347263,218230],[347318,218083],[347423,217977],[347438,217905],[347431,217768],[347510,217734],[347525,217711],[347566,217629],[347570,217514],[347600,217487],[347666,217474],[347697,217332],[347882,217078],[347911,217015],[347907,216829],[347951,216673],[347974,216639],[348112,216644],[348215,216597],[348293,216605],[348379,216529],[348661,216497],[348751,216393],[348829,216349],[348865,216310],[348881,216200],[348900,216181],[348945,216170],[349022,216252],[349074,216185],[349102,216094],[349213,216037],[349360,215928],[349454,215890],[349560,215962],[349594,215874],[349622,216020],[349690,216113],[349726,216060],[349766,216057],[349811,215988],[349967,215976],[350093,216383],[350499,216926],[350531,216944],[350639,216889],[350657,216851],[350665,216765],[350626,216676],[350641,216460],[350711,216312],[350764,216246],[350840,216102],[350928,215972],[351000,215906],[351176,215860],[351285,215902],[351368,215888],[351386,215900],[351408,215945],[351389,216028],[351382,216289],[351409,216381],[351520,216581],[351629,216463],[351718,216443],[351798,216376],[351881,216347],[351899,216349],[351980,216441],[352049,216481],[352071,216458],[352093,216354],[352165,216213],[352214,216025],[352265,215903],[352276,215803],[352321,215695],[352340,215557],[352774,215535],[352846,215613],[353046,215763],[353049,215710],[353065,215695],[353261,215663],[353354,215604],[353457,215571],[353467,215528],[353560,215537],[353816,215522],[354175,215447],[354413,215306],[354588,215228],[354709,215144],[354768,215052],[354777,215012],[354784,214900],[354753,214659],[354764,214542],[354799,214482],[354896,214411],[354985,214376],[355142,214357],[355279,214377],[355313,214234],[355307,214197],[355274,214154],[354554,213996],[354680,213668],[354620,213540],[354532,213478],[354540,213410],[354607,213265],[354629,213122],[354680,212965],[354669,212747],[354625,212662],[354553,212622],[354445,212597],[354289,212616],[354065,212536],[353975,212488],[353724,212458],[353696,212420],[353662,212294],[353511,212209],[353494,212106],[353447,212063],[353407,211966],[353312,211815],[353316,211743],[353376,211609],[353370,211477],[353433,211327],[353554,211174],[353650,211097],[353772,210942],[353654,210662],[353620,210482],[353593,210476],[353557,210402],[353580,210373],[353536,210281],[353536,210245],[353481,210158],[353550,209945],[353635,209808],[353653,209735],[353579,209539],[353485,209389],[353450,209285],[353444,209229],[353515,208987],[353500,208812],[353346,208495],[353183,208304],[353144,208197],[353129,208096],[353137,208001],[353194,207854],[353270,207710],[353425,207476],[353458,207323],[353581,207063],[353710,206921],[353897,206837],[354185,206623],[354334,206453],[354352,206314],[354134,205679],[353940,205359],[353862,205093],[353746,204902],[353722,204776],[353705,204475],[353672,204399],[353556,204274],[353458,204210],[352721,203918],[352660,203869],[352624,203809],[352613,203677],[352647,203580],[352697,203497],[352838,203348],[352999,203214],[353093,203096],[353100,203046],[353019,202830],[353010,202726],[353111,202237],[353142,201939],[353188,201856],[353293,201749],[353468,201629],[353636,201476],[353808,201235],[353876,201096],[353896,201001],[353857,200593],[353995,200545],[354083,200603],[354122,200613],[354209,200760],[354252,200879],[354287,200916],[354817,201332],[354973,201412],[355102,201361],[355218,201405],[355491,201041],[356404,200741],[356393,200699],[356309,200608],[356151,200475],[356353,200419],[356674,200226],[356657,200155],[356605,200083],[356609,200040],[356584,200000],[356568,199911],[356448,199794],[356450,199445],[356546,199393],[356560,199342],[356500,199159],[356592,199111],[356633,199064],[356762,199046],[356895,198870],[356967,198829],[356958,198791],[356882,198683],[356961,198623],[357005,198534],[357052,198484],[357132,198431],[357181,198524],[357406,198515],[357407,198472],[357677,198313],[357719,198203],[357896,198073],[357960,197917],[358030,197806],[358272,197486],[358260,197448],[358148,197337],[358162,197282],[358589,196848],[358654,196787],[358712,196733],[358759,196686],[358903,196540],[358994,196448],[359168,196273],[359516,195913],[359208,195918],[358797,195881],[358248,195765],[358005,195692],[357836,195666],[357790,195666],[357600,195571],[357423,195411],[357171,194918],[357137,194858],[357098,194795],[357060,194736],[357047,194716],[357018,194662],[356985,194607],[356964,194570],[356826,194308],[356803,194256],[356391,193459],[356349,193393],[356303,193314],[356247,193217],[356187,193114],[356139,193033],[356127,193016],[356012,192859],[355971,192808],[355844,192666],[355814,192637],[355767,192581],[355732,192535],[355704,192496],[355661,192427],[355505,192133],[355484,192084],[355412,191912],[355392,191868],[355379,191821],[355368,191772],[355348,191630],[355356,191402],[355395,191265],[355507,191076],[355554,191025],[355752,190898],[355822,190820],[355896,190694],[355918,190623],[355945,190494],[355944,190420],[355903,190235],[355857,190143],[355786,190052],[355771,190031],[355734,189959],[355700,189896],[355470,189483],[355451,189455],[355429,189421],[355392,189370],[355361,189341],[355305,189297],[355245,189261],[355175,189229],[355051,189188],[355012,189175],[354884,189092],[354645,189343],[354475,188844],[353930,189381],[353721,189546],[353649,189583],[353533,189611],[353433,189603],[353275,189545],[353116,189454],[352920,189309],[352573,188980],[352172,188417],[351839,187843],[351448,187273],[351263,187066],[351063,186931],[350921,186872],[350707,186825],[350031,186813],[349544,186744],[348285,186443],[347969,186338],[347397,186058],[346799,185791],[346071,185395],[345303,185086],[345112,184954],[344626,184552],[344124,184205],[343499,183838],[343048,183596],[342438,183223],[341971,182985],[341581,182824],[341307,182743],[340172,182533],[339878,182458],[338660,181972],[338026,181779],[337659,181585],[337521,181532],[337305,181507],[337056,181556],[336848,181650],[336378,181911],[336176,181975],[335977,181975],[335303,181915],[334555,181897],[334076,181907],[333754,181951],[333405,182061],[332897,182295],[332708,182402],[332253,182710],[332069,182810],[331927,182859],[331829,182843],[331778,182792],[331727,182696],[331588,182267],[331413,181927],[331322,181792],[331178,181618],[331054,181505],[330894,181389],[329907,180827],[329418,180489],[329097,180291],[328804,180161],[328236,179990],[327800,179710],[327255,179436],[326722,179128],[325983,178661],[325367,178193],[324775,177717],[324405,177474],[324041,177325],[322983,177042],[322875,176990],[322767,176892],[322625,176680],[322328,176100],[322061,175702],[321906,175432],[321836,175263],[321764,174904],[321710,174728],[321612,174520],[321447,174253],[321135,173854],[320505,173131],[320228,172853],[319884,172588],[319827,172527],[319788,172454],[319761,172352],[319729,171996],[319686,171761],[319371,170767],[319298,170405],[319261,169886],[319249,169469],[319290,168277],[319268,168110],[319211,167958],[319114,167829],[318982,167724],[318390,167436],[318016,167217],[317857,167078],[317491,166705],[317368,166606],[317237,166534],[317053,166484],[316808,166477],[314654,166719],[314268,166738],[314010,166714],[313772,166658],[313581,166579],[313009,166133],[312399,165813],[312199,165748],[311779,165691],[311431,165582],[311232,165552],[311033,165565],[310324,165691],[310095,165798],[309788,166033],[309604,166150],[309390,166222],[309229,166221],[309018,166144],[308320,165752],[307899,165496],[307595,165335],[307234,165186],[306934,165122],[306780,165121],[306627,165142],[306115,165290],[305783,165364],[305271,165415],[304696,165408],[304038,165362],[303372,165280],[302940,165255],[302608,165255],[302434,165287],[302281,165352],[302149,165450],[301823,165798],[301646,165890],[301476,165936],[301289,165956],[300792,165965],[300219,166034],[299605,166032],[299267,166063],[298986,166124],[298738,166198],[297888,166527],[297732,166561],[297394,166578],[297206,166609],[296517,166827],[295782,166965],[295151,167142],[294538,167290],[294303,167328],[294042,167333],[293231,167192],[292991,167174],[292785,167184],[292616,167212],[292434,167265],[291537,167617],[291360,167725],[291252,167814],[291151,167924],[291050,168068],[290940,168295],[290764,168858],[290701,169003],[290641,169099],[290548,169206],[290192,169507],[290048,169682],[289944,169883],[289682,170545],[289611,170659],[289353,170993],[289084,171570],[288881,171874],[288782,171979],[288669,172068],[288313,172234],[288142,172347],[288002,172509],[287812,172860],[287682,173000],[287543,173117],[287196,173356],[286631,173706],[286469,173823],[286150,174139],[285762,174593],[285638,174799],[285566,175006],[285521,175289],[285473,175807],[285430,175922],[285363,176033],[285216,176191],[285015,176331],[284846,176420],[284658,176471],[284453,176471],[284320,176434],[284221,176381],[283879,176028],[283776,175955],[283662,175904],[283444,175877],[283026,175953],[282775,175946],[282622,175903],[282282,175714],[282145,175680],[282021,175678],[281825,175725],[281657,175811],[281002,176241],[280522,176613],[280385,176743],[280283,176880],[280105,177226],[279882,177574],[279656,177994],[279520,178191],[279116,178674],[278750,178973],[278585,179134],[278390,179361],[278294,179525],[278232,179763],[278248,180188],[278222,180367],[278018,181033],[277672,182398],[277592,182774],[277520,183279],[277481,183443],[277359,183744],[276834,184844],[276626,185371],[276377,186093],[276273,186307],[276124,186489],[275968,186572],[275260,186624],[274901,186698],[274547,186815],[274390,186898],[274242,187006],[274101,187134],[273908,187345],[273775,187538],[273695,187731],[273664,187937],[273676,188215],[273720,188377],[273799,188524],[274186,188941],[274212,189007],[274191,189117],[274119,189232],[274019,189352],[273399,189983],[272749,190720],[272561,190893],[272109,191224],[271870,191444],[271616,191770],[271413,192169],[271347,192234],[271233,192285],[271029,192300],[270266,192152],[269537,192150],[269269,192105],[269115,192028],[268696,191761],[267746,191360],[267506,191228],[267224,191028],[267024,190952],[266831,190952],[266631,191025],[266508,191108],[266342,191254],[266066,191569],[265990,191635],[265859,191685],[265727,191697],[264692,191590],[264437,191546],[264270,191500],[264123,191441],[263895,191318],[263413,191033],[263189,190880],[262958,190683],[262745,190460],[262546,190215],[262418,190008],[262313,189758],[262208,189405],[262145,189114],[262130,188869],[262155,188716],[262206,188579],[262288,188449],[262397,188346],[262704,188164],[263645,187723],[263829,187596],[263950,187458],[264004,187345],[264029,187225],[264025,187101],[263988,186966],[263924,186852],[263840,186755],[263738,186674],[263597,186601],[263334,186518],[263058,186463],[262164,186362],[261864,186378],[261349,186500],[261120,186529],[260572,186445],[259972,186410],[259805,186433],[259649,186488],[259298,186729],[259210,186773],[259125,186793],[259027,186792],[258183,186527],[258040,186430],[257764,186110],[257595,185970],[257348,185860],[257221,185836],[257091,185833],[256922,185860],[256781,185907],[256402,186109],[256256,186168],[255635,186269],[255410,186332],[255239,186410],[254913,186592],[254445,186735],[254252,186818],[254090,186919],[253788,187156],[253636,187228],[253449,187245],[252963,187183],[252490,187237],[252270,187221],[251967,187126],[251587,186931],[251285,186716],[251192,186611],[251165,186557],[251148,186466],[251157,186399],[251227,186239],[251595,185783],[251753,185495],[251817,185286],[251836,184999],[251808,184850],[251759,184729],[251668,184594],[251581,184503],[251328,184330],[251152,184250],[250970,184198],[250719,184182],[250488,184232],[250304,184311],[249964,184502],[249644,184645],[249275,184790],[248994,184874],[248668,184943],[248232,184967],[248032,184963],[247833,184913],[247753,184854],[247728,184816],[247711,184739],[247719,184409],[247698,184266],[247630,184099],[247530,183973],[247382,183870],[247206,183808],[247003,183783],[246798,183807],[246567,183896],[246212,184129],[246048,184209],[245859,184266],[245127,184427],[244925,184502],[244676,184625],[244050,185026],[243434,185449],[242798,185937],[242496,186118],[242161,186343],[241672,186617],[241583,186643],[241481,186650],[241142,186589],[240954,186576],[240540,186624],[239588,186844],[238893,187066],[238261,187170],[238130,187217],[238034,187271],[237940,187353],[237879,187438],[237837,187533],[237816,187652],[237825,187772],[237857,187870],[237911,187959],[237983,188036],[238105,188117],[238259,188178],[238497,188230],[239090,188323],[239239,188374],[239403,188461],[239794,188738],[240559,189338],[240763,189528],[240868,189665],[240903,189739],[240927,189919],[240888,190193],[240778,190567],[240633,190892],[240405,191201],[239616,192071],[239504,192224],[239435,192350],[239392,192488],[239385,192630],[239412,192749],[239475,192874],[239571,192984],[239692,193074],[239874,193168],[240133,193270],[240980,193568],[241191,193609],[241540,193641],[241700,193684],[241811,193756],[241921,193868],[242230,194314],[242470,194552],[242669,194676],[243156,194852],[243323,194957],[243436,195072],[243537,195205],[243628,195350],[243753,195597],[243894,195944],[244078,196558],[244172,196782],[244319,196989],[244528,197164],[244700,197243],[244858,197273],[245019,197260],[245171,197202],[245320,197093],[245893,196548],[246015,196358],[246128,196032],[246181,195949],[246264,195931],[246743,195939],[247055,195924],[247275,195886],[247459,195822],[247633,195730],[247816,195602],[248759,194809],[248902,194726],[249057,194697],[249608,194747],[249789,194807],[249961,194920],[250304,195254],[250519,195417],[250867,195591],[251367,195745],[251489,195832],[251748,196069],[251926,196177],[252120,196233],[252596,196280],[252795,196339],[252925,196397],[253017,196461],[253127,196580],[253467,197023],[253551,197173],[253513,197201],[253415,197197],[253083,197110],[252870,197085],[252381,197108],[252294,197068],[252074,196908],[251947,196836],[251792,196777],[251632,196747],[251477,196741],[251317,196761],[251131,196812],[250974,196876],[250748,197020],[250455,197291],[250178,197611],[249896,197999],[249456,198447],[249285,198730],[249012,199366],[248927,199514],[248836,199626],[248642,199762],[248359,199884],[247918,200026],[247498,200119],[247071,200162],[246726,200143],[246526,200079],[246078,199819],[245782,199718],[245215,199630],[244954,199613],[244506,199613],[244237,199573],[244047,199484],[243717,199114],[243567,198999],[243423,198919],[243220,198846],[243050,198806],[242436,198723],[242136,198715],[241920,198732],[241399,198811],[241032,198889],[240243,199133],[239871,199265],[239602,199393],[239375,199535],[239183,199692],[238979,199910],[238102,200941],[237516,201704],[236877,202613],[236287,203546],[235476,204634],[235278,204971],[235141,205284],[235063,205604],[235062,205926],[235135,206207],[235201,206339],[235278,206445],[235456,206597],[235665,206678],[235910,206692],[236329,206634],[236378,206645],[236388,206664],[236340,206761],[236033,207102],[235876,207332],[235744,207600],[235676,207881],[235658,208181],[235675,208508],[235726,208866],[235867,209598],[235902,209879],[235902,210019],[235732,209722],[235505,209488],[235078,209206],[234637,208823],[234488,208741],[234269,208673],[234011,208662],[233812,208697],[233644,208748],[233281,208901],[232797,209208],[232622,209294],[232418,209352],[232314,209353],[232265,209338],[232245,209313],[232263,209250],[232376,209112],[232578,208923],[233007,208576],[233313,208273],[233431,208129],[233508,207988],[233548,207829],[233545,207683],[233504,207523],[233434,207372],[233317,207202],[233142,207035],[233000,206937],[232736,206812],[232094,206570],[231359,206169],[231132,206083],[230980,206045],[230667,206004],[230269,205986],[229901,205995],[229583,206029],[229051,206149],[228109,206446],[227796,206526],[227444,206590],[226138,206777],[224225,207168],[223770,207211],[223596,207202],[223435,207163],[223309,207104],[223037,206929],[222887,206854],[222545,206746],[222218,206607],[222080,206572],[221935,206559],[221717,206583],[221184,206733],[220700,206829],[220031,206913],[219584,206930],[219357,206892],[218921,206740],[218640,206678],[217907,206674],[217122,206604],[216885,206569],[216494,206448],[215416,206001],[215277,205928],[215155,205839],[214945,205606],[214656,205116],[214444,204797],[214388,204596],[214391,204445],[214425,204314],[214482,204188],[214569,204050],[214751,203846],[215080,203602],[215153,203523],[215226,203409],[215262,203311],[215275,203209],[215242,203023],[215147,202852],[214839,202514],[214258,201745],[214148,201563],[214037,201288],[213991,201119],[213996,200991],[214034,200911],[214205,200662],[214276,200452],[214275,200278],[214218,200105],[214115,199954],[213967,199816],[213741,199661],[213438,199488],[213276,199358],[213069,199107],[213001,198972],[212984,198904],[212989,198800],[213045,198683],[213159,198553],[213300,198428],[213772,198069],[214178,197786],[214431,197640],[214772,197481],[214946,197367],[215229,197103],[215346,196934],[215406,196779],[215426,196640],[215413,196476],[215377,196353],[215292,196180],[215027,195744],[214926,195609],[214787,195473],[214609,195354],[214429,195276],[214283,195245],[214122,195245],[213882,195309],[213412,195509],[212912,195626],[212752,195698],[212529,195854],[211970,196369],[211754,196546],[211511,196675],[211233,196743],[209657,196919],[209306,196934],[208996,196907],[208708,196848],[208536,196778],[208315,196613],[207999,196317],[207842,196216],[207617,196147],[207368,196137],[207090,196199],[206738,196341],[206154,196528],[205917,196621],[205681,196746],[205349,197017],[205216,197080],[204597,197202],[204441,197258],[204207,197369],[204103,197400],[203547,197422],[202953,197499],[202812,197499],[202740,197475],[202694,197435],[202521,197054],[202431,196944],[202314,196852],[202130,196767],[201724,196667],[201561,196605],[201415,196509],[201174,196239],[201016,196114],[200829,196033],[200313,195892],[200223,195850],[200118,195769],[200072,195706],[200032,195604],[199923,195063],[199937,194885],[200056,194504],[200089,194316],[200071,194070],[200036,193971],[199982,193882],[199838,193760],[199635,193696],[199486,193688],[199076,193716],[198937,193700],[198751,193621],[198489,193454],[198317,193310],[198215,193154],[198082,192727],[197966,192507],[197896,192426],[197787,192338],[197659,192278],[197556,192255],[197343,192266],[196937,192365],[196127,192349],[195954,192362],[195827,192392],[195691,192452],[195576,192531],[195014,193062],[194836,193199],[194627,193301],[194061,193492],[193650,193729],[193460,193809],[193165,193897],[192807,193940],[192601,193925],[192049,193817],[191824,193823],[191632,193858],[191412,193935],[191234,194026],[190761,194378],[190600,194475],[189813,194850],[189355,194997],[189059,195067],[188872,195095],[188374,195130],[188199,195161],[188045,195208],[187913,195278],[187813,195361],[187719,195477],[187644,195610],[187590,195753],[187558,195917],[187549,196066],[187585,196383],[187663,196651],[187777,196891],[187936,197118],[188211,197420],[188320,197589],[188406,197794],[188429,197982],[188395,198144],[188273,198448],[188170,198806],[188046,199143],[187939,199622],[187882,199754],[187779,199908],[187643,200024],[187487,200086],[186471,200321],[185929,200476],[185483,200579],[184376,200890],[183979,201034],[183777,201148],[183510,201346],[182021,202603],[181872,202707],[181725,202780],[181574,202795],[181466,202754],[181112,202357],[180975,202252],[180823,202173],[180650,202124],[180489,202112],[180346,202135],[180192,202205],[180068,202305],[179939,202475],[179600,203093],[179374,203458],[179304,203612],[179247,203872],[179213,204370],[179167,204762],[179169,204957],[179207,205214],[179210,205333],[179153,205464],[179049,205551],[178939,205609],[178222,205900],[177384,206207],[177110,206285],[176932,206306],[176845,206300],[176761,206279],[176597,206202],[176359,206041],[174801,204804],[174589,204623],[174251,204298],[174106,204199],[173896,204087],[173639,203987],[173464,203947],[173257,203924],[173013,203925],[172773,203961],[172597,204019],[172437,204115],[172347,204205],[172273,204329],[172232,204457],[172222,204643],[172261,204805],[172338,204955],[172445,205094],[172953,205614],[173126,205747],[173256,205826],[173531,205943],[173828,205996],[174222,206003],[174387,206051],[174549,206133],[175192,206571],[175734,206985],[175901,207179],[175930,207250],[175935,207395],[175857,207620],[175764,207756],[175662,207850],[175502,207953],[175236,208084],[174959,208196],[174678,208278],[174491,208298],[174305,208290],[173537,208183],[173379,208149],[172931,207967],[172773,207935],[172583,207924],[172365,207951],[172092,208037],[171336,208439],[171224,208515],[171110,208619],[170969,208812],[170870,209067],[170843,209291],[170862,209523],[170951,209827],[171066,210060],[171259,210338],[171504,210623],[171739,210819],[171942,210899],[172154,210903],[172273,210875],[172429,210810],[172890,210528],[173131,210407],[173580,210264],[175462,209880],[176384,209732],[177307,209608],[177568,209540],[177954,209393],[178088,209385],[178159,209424],[178214,209487],[178273,209614],[178341,209834],[178389,210146],[178378,210664],[178391,210839],[178460,211077],[178585,211325],[178858,211678],[180247,213208],[180523,213479],[180694,213598],[180923,213677],[181169,213686],[181470,213632],[182482,213357],[183038,213326],[183489,213354],[183684,213342],[183931,213269],[184413,213001],[184515,212959],[184654,212956],[184768,213006],[184907,213135],[185169,213518],[185361,213865],[185419,214041],[185437,214264],[185433,214537],[185358,215280],[185352,215477],[185467,216371],[185480,216688],[185471,216993],[185387,217301],[185268,217640],[184954,218318],[184865,218612],[184845,218904],[184913,219320],[184927,219583],[184910,219849],[184857,220138],[184798,220341],[184558,220990],[184321,221706],[184245,221850],[184168,221953],[184029,222092],[183907,222176],[183721,222224],[183355,222231],[183084,222185],[182702,222071],[182505,222063],[182389,222088],[182244,222156],[181921,222399],[181825,222437],[181733,222450],[181593,222428],[181091,222255],[180444,222132],[179790,222050],[179605,222053],[179457,222080],[179339,222122],[179225,222187],[179045,222361],[178886,222591],[178508,223252],[178337,223493],[178175,223615],[177931,223677],[177629,223675],[177245,223589],[176917,223484],[176369,223224],[176130,223156],[175652,223071],[174104,222856],[173633,222751],[172689,222328],[170957,221630],[170244,221287],[170103,221245],[169942,221237],[169804,221269],[169656,221347],[169545,221444],[169451,221570],[169317,221832],[169022,222581],[168696,223300],[168618,223442],[168528,223557],[168242,223811],[167521,224326],[167290,224458],[167152,224498],[167090,224492],[166989,224415],[166905,224280],[166607,223578],[166439,223273],[166161,222889],[165736,222379],[165507,222182],[165318,222090],[165101,222054],[164984,222065],[164864,222103],[164712,222207],[164612,222351],[164582,222434],[164564,222556],[164588,222748],[164652,222908],[164730,223043],[165300,223835],[165451,224085],[165655,224537],[165901,225185],[165972,225468],[165991,225752],[165906,227203],[165918,227585],[165963,227771],[166035,227920],[166131,228054],[166331,228246],[166552,228405],[166709,228491],[166855,228546],[167008,228570],[167191,228551],[167307,228503],[167412,228424],[167515,228279],[167576,228075],[167586,227845],[167552,227441],[167454,226631],[167436,226341],[167448,226165],[167468,226087],[167503,226019],[167554,225965],[167696,225882],[167867,225821],[168932,225564],[169318,225500],[169504,225501],[169631,225527],[169767,225588],[169887,225674],[170005,225792],[170125,225943],[171554,228163],[171750,228361],[172140,228651],[172509,228883],[173328,229303],[173589,229404],[173739,229431],[173901,229433],[174400,229345],[174634,229338],[175324,229442],[175543,229506],[175668,229563],[176148,229926],[176709,230280],[176840,230402],[177136,230747],[177361,230924],[177515,230999],[177746,231079],[178309,231177],[178443,231219],[178559,231282],[178638,231362],[178890,231719],[179261,232057],[179470,232379],[179607,232549],[179989,232939],[180206,233093],[180461,233182],[180749,233199],[181548,233153],[181818,233109],[182258,232987],[182442,232973],[182575,232993],[182715,233065],[183158,233402],[183252,233550],[183379,233952],[183490,234133],[183611,234271],[183821,234455],[183987,234569],[184135,234643],[184279,234692],[184466,234729],[186258,234953],[187020,235090],[187204,235100],[187493,235078],[187571,235096],[187617,235165],[187619,235339],[187520,235925],[187343,236371],[187240,236775],[187095,237119],[187045,237377],[187048,237597],[187081,237889],[187353,239556],[187427,239852],[187546,240135],[187837,240636],[188202,241209],[188386,241452],[188589,241658],[188773,241792],[188966,241876],[189168,241916],[189438,241932],[189710,241921],[189913,241892],[190183,241798],[190665,241508],[190880,241423],[191205,241344],[191591,241306],[191780,241270],[192444,241060],[193109,240878],[193265,240866],[193388,240876],[193758,240995],[193978,241027],[194430,240993],[194815,240996],[194975,240968],[195089,240926],[195254,240813],[195391,240641],[195495,240433],[195636,239994],[195686,239906],[195739,239857],[195880,239784],[196311,239652],[196481,239580],[196626,239471],[196716,239343],[196761,239177],[196747,239014],[196700,238894],[196616,238782],[196517,238704],[196386,238644],[196247,238611],[195997,238584],[195946,238572],[195911,238540],[195921,238496],[195963,238433],[196074,238340],[196230,238285],[196433,238249],[196585,238242],[196751,238262],[197176,238358],[197409,238436],[197596,238527],[197978,238775],[198599,239050],[199050,239275],[199194,239378],[199353,239562],[199422,239745],[199428,239872],[199378,240186],[199374,240394],[199425,240701],[199499,240918],[199604,241100],[199941,241549],[200110,241689],[200297,241768],[200532,241793],[200843,241760],[201093,241682],[201327,241544],[201686,241264],[201846,241105],[201967,240913],[202151,240450],[202280,240297],[202420,240211],[202642,240181],[203160,240201],[203754,240296],[204350,240304],[204574,240345],[204633,240385],[204688,240455],[204722,240548],[204724,240663],[204671,240788],[204429,241093],[204317,241292],[204265,241502],[204277,241737],[204367,242021],[204506,242290],[204769,242680],[205055,243042],[205219,243204],[205437,243347],[205960,243639],[206383,243808],[206637,243874],[206948,243922],[207835,243953],[208050,243977],[208233,244038],[208454,244183],[208553,244285],[208754,244581],[208902,244749],[209071,244885],[209389,245080],[209500,245178],[209916,245704],[210292,246096],[210413,246244],[210869,246995],[211107,247525],[211200,247659],[211381,247868],[211431,247956],[211445,248087],[211366,248386],[211349,248562],[211373,248721],[211447,248890],[211542,249019],[211636,249112],[212012,249380],[212137,249491],[212262,249670],[212430,250004],[212577,250231],[212794,250446],[213049,250619],[215262,251849],[215743,252080],[216053,252179],[216275,252207],[216571,252220],[218348,252227],[218554,252265],[218973,252489],[219139,252546],[219324,252582],[219713,252612],[220600,252633],[221596,252741],[221741,252736],[221911,252707],[222306,252580],[222567,252516],[222736,252487],[222883,252486],[223010,252519],[223148,252583],[223543,252842],[223748,252944],[224096,253059],[224309,253094],[224541,253085],[224730,253050],[224929,252990],[225089,252918],[225317,252762],[225623,252445],[225803,252298],[226030,252167],[226360,252044],[226691,251975],[227056,251954],[227423,251993],[227650,252076],[228345,252432],[228712,252686],[228841,252810],[228937,252932],[229215,253416],[229348,253583],[230067,254210],[230539,254592],[230630,254713],[230695,254853],[230757,255280],[230824,255512],[230960,255777],[231108,255945],[231305,256074],[231588,256188],[233512,256750],[233790,256848],[234042,256981],[234197,257119],[234595,257542],[235615,258485],[236732,259649],[237023,260061],[237141,260204],[237288,260338],[237504,260489],[237835,260665],[238173,260791],[238377,260847],[238607,260863],[238851,260814],[239090,260689],[239216,260583],[239330,260461],[239602,260062],[239688,260022],[239858,260056],[240181,260226],[240417,260303],[240568,260317],[240980,260287],[241076,260298],[241230,260344],[241468,260462],[241726,260635],[242256,261076],[242860,261616],[243361,261927],[243860,262283],[244659,262958],[245048,263339],[245691,263831],[245889,263940],[246109,264021],[246299,264061],[246715,264103],[247009,264174],[247218,264261],[247362,264347],[247861,264739],[248697,265322],[249038,265540],[249172,265659],[249350,265907],[249639,266425],[250062,266941],[250167,267099],[250309,267419],[250500,267966],[250574,268114],[250684,268272],[250811,268406],[251011,268562],[251559,268850],[251721,269003],[251807,269127],[251961,269009],[252222,268755],[252295,268918],[253122,268606],[254083,267649],[254759,267860],[255887,266088],[258425,264746],[261420,267753],[262494,271029],[264698,271653],[265233,271083],[265394,270439],[266468,270116],[266307,268881],[267381,268451],[267543,269687],[268456,270922],[269100,270922],[269476,271728],[272269,272318],[272753,271942],[273719,272104],[273880,272748],[274901,272963],[276620,273124],[278124,274145],[278701,274363],[279842,274306],[281830,275004],[282689,275648],[283495,275111],[285858,275810],[286610,274359],[287254,274359],[288758,275917],[291014,274628],[292088,274521],[291605,276024],[292948,276024],[294290,278280],[295633,279516],[297101,280385],[297835,279838],[298594,279380],[298748,278227],[299608,278065],[302347,279354],[304119,282309],[305140,282470],[304710,283114],[307396,283812]]]]}},{"type":"Feature","properties":{"name":"South West England","operator":"National Grid Electricity Distribution"},"geometry":{"type":"MultiPolygon","coordinates":[[[[84030,5210],[83980,5180],[83940,5190],[83910,5260],[83910,5300],[84040,5350],[84080,5300],[84080,5250],[84030,5210]]],[[[84880,5460],[84830,5450],[84720,5510],[84730,5580],[84770,5630],[84850,5630],[84920,5580],[84940,5530],[84920,5490],[84880,5460]]],[[[84160,5530],[84130,5510],[84050,5540],[84000,5590],[84010,5630],[84060,5660],[84160,5630],[84160,5530]]],[[[83940,5830],[83870,5800],[83770,5850],[83730,5890],[83790,5970],[83860,5990],[83990,5930],[83990,5860],[83940,5830]]],[[[84970,5980],[84880,5990],[84850,6050],[84860,6080],[84950,6130],[85020,6070],[85020,6020],[85000,5990],[84970,5980]]],[[[86160,6180],[86120,6180],[86080,6220],[86080,6420],[86100,6440],[86150,6450],[86250,6400],[86270,6370],[86240,6230],[86160,6180]]],[[[80740,6270],[80670,6270],[80620,6310],[80590,6360],[80590,6400],[80600,6430],[80660,6480],[80750,6500],[80810,6460],[80850,6380],[80800,6310],[80740,6270]]],[[[80400,9010],[80390,9000],[80380,9010],[80399,9029],[80400,9010]]],[[[80350,9080],[80340,9070],[80330,9090],[80350,9080]]],[[[80350,9220],[80320,9230],[80340,9240],[80350,9220]]],[[[80500,9530],[80490,9510],[80470,9520],[80490,9540],[80500,9530]]],[[[127043,11967],[127010,11947],[126984,11974],[127000,12000],[127036,12007],[127056,11987],[127043,11967]]],[[[95800,14960],[95750,14970],[95790,15030],[95820,15030],[95850,15000],[95800,14960]]],[[[89093,6668],[89049,6615],[80185,6618],[80267,6741],[80374,6841],[80545,6939],[80721,7004],[81013,7082],[82583,7425],[82950,7526],[83236,7636],[83570,7827],[85111,8851],[85401,9096],[85555,9306],[85718,9655],[86146,10862],[86215,11131],[86225,11299],[86210,11377],[86129,11518],[86003,11644],[85214,12234],[85017,12420],[84897,12586],[84774,12859],[84628,13334],[84476,13912],[84425,14262],[84433,14413],[84469,14560],[84587,14787],[84886,15161],[85546,15871],[85822,16093],[86307,16384],[88665,17709],[89014,17890],[89321,18011],[89597,18089],[90064,18190],[90552,18237],[92005,18260],[92312,18237],[92579,18175],[92720,18120],[92902,18017],[93279,17712],[94619,16476],[94924,16124],[95840,14840],[96000,14593],[96101,14400],[96169,14178],[96187,14016],[96175,13747],[96127,13513],[96025,13292],[95922,13158],[95785,13019],[94310,11840],[93952,11514],[93806,11298],[93594,10673],[93456,10369],[93314,10160],[92989,9777],[92800,9619],[92628,9519],[92445,9449],[92152,9394],[91982,9306],[91365,8737],[90111,7803],[89733,7499],[89596,7364],[89476,7216],[89093,6668]]],[[[181990,20460],[181970,20450],[181920,20460],[181880,20490],[181910,20560],[181970,20550],[181990,20510],[181990,20460]]],[[[182100,20620],[182070,20610],[182030,20660],[182060,20720],[182080,20730],[182140,20720],[182150,20680],[182100,20620]]],[[[105200,22990],[105180,22990],[105160,23020],[105180,23050],[105220,23010],[105200,22990]]],[[[104910,23650],[104890,23630],[104860,23660],[104880,23690],[104910,23650]]],[[[105250,24070],[105200,24060],[105230,24120],[105260,24110],[105250,24070]]],[[[104980,24140],[104970,24100],[104930,24120],[104960,24150],[104980,24140]]],[[[104830,24220],[104810,24220],[104810,24270],[104830,24220]]],[[[105050,24250],[105030,24230],[105020,24240],[105030,24270],[105050,24250]]],[[[104990,24360],[104990,24380],[105000,24370],[104990,24360]]],[[[158400,25837],[158323,25837],[158262,25868],[158277,25899],[158431,25899],[158431,25853],[158400,25837]]],[[[238210,33959],[238174,33947],[238138,33959],[238138,34007],[238162,34031],[238210,34031],[238222,33995],[238210,33959]]],[[[295750,62900],[295680,62910],[295700,62970],[295740,62980],[295770,62970],[295790,62920],[295750,62900]]],[[[183590,76110],[183540,76090],[183510,76140],[183520,76160],[183580,76150],[183590,76110]]],[[[183270,76050],[183230,76050],[183200,76090],[183200,76140],[183250,76170],[183270,76160],[183290,76110],[183290,76070],[183270,76050]]],[[[191520,80990],[191420,81000],[191410,81040],[191470,81070],[191560,81040],[191560,81010],[191520,80990]]],[[[213532,142689],[213361,142734],[213157,142861],[212997,143021],[212862,143227],[212675,143696],[212509,144215],[212418,144618],[212383,144892],[212389,145084],[212420,145278],[212607,145782],[212643,145984],[212660,146582],[212638,146812],[212568,147218],[212553,147458],[212565,147736],[212612,148130],[212687,148337],[212821,148509],[213013,148630],[213134,148668],[213263,148685],[213401,148679],[213547,148648],[213703,148588],[213837,148513],[213942,148430],[214035,148326],[214181,148063],[214363,147506],[214565,146987],[214727,146432],[215285,144207],[215359,143763],[215348,143550],[215285,143361],[215177,143215],[215020,143096],[214869,143023],[214594,142934],[213532,142689]]],[[[323330,160670],[323300,160600],[323230,160580],[323120,160590],[323010,160630],[322850,160550],[322730,160570],[322620,160610],[322590,160670],[322650,160730],[322860,160850],[322990,160880],[323240,160830],[323320,160790],[323330,160670]]],[[[356123,188078],[356158,188075],[356187,188049],[356183,188034],[356075,187978],[356117,187925],[356110,187873],[356021,187772],[355988,187671],[355994,187593],[356030,187515],[356190,187482],[356442,187496],[356575,187611],[356559,187756],[356576,187804],[356614,187833],[356671,187837],[356720,187815],[356785,187671],[356875,187543],[356913,187530],[356981,187535],[357024,187567],[357071,187731],[357091,187749],[357293,187727],[357316,187680],[357300,187559],[357321,187479],[357370,187422],[357492,187330],[357521,187282],[357791,187440],[357786,187467],[357713,187491],[357696,187615],[357776,187641],[357783,187704],[357760,187777],[357794,187917],[357807,187941],[357915,187971],[357951,188011],[357979,188079],[358010,188103],[357988,188169],[358000,188225],[358024,188252],[358082,188243],[358131,188261],[358211,188235],[358324,188254],[358373,188237],[358501,188039],[358646,187864],[358892,187432],[358959,187467],[359051,187412],[359082,187428],[359247,187393],[359373,187419],[359582,187542],[359688,187665],[359831,187763],[359897,187850],[360092,188013],[360150,187913],[360650,187908],[360772,187934],[360875,187928],[361186,187993],[361130,188195],[361330,188266],[361459,187824],[361564,187597],[361525,187570],[361516,187540],[361538,187411],[361597,187380],[361663,187278],[361792,187243],[361912,187086],[362028,186968],[362461,186701],[362591,186675],[362601,186619],[362762,186580],[362723,186491],[362812,186429],[363048,186187],[363161,186034],[363277,185831],[363423,185673],[363321,185421],[363478,185349],[363738,185269],[363985,185260],[364217,185312],[364225,185285],[364187,185193],[364201,185177],[364154,184821],[364490,184821],[364524,184612],[364517,184557],[364421,184428],[364388,184410],[364295,184253],[364243,184258],[363884,184044],[363850,184039],[363646,183858],[363556,183710],[363571,183655],[363952,183613],[363995,183563],[364058,183549],[364170,183430],[364172,182914],[364154,182572],[364053,182406],[363859,182193],[363742,181965],[363740,181821],[363786,181800],[363920,181835],[363965,181815],[363990,181765],[364026,181766],[364050,181800],[364061,181902],[364274,182127],[364586,182336],[364731,182415],[364776,182422],[365207,182143],[365470,182003],[365677,181845],[365713,181838],[365766,181853],[365880,181816],[365849,181778],[365865,181763],[365902,181766],[365940,181732],[365891,181677],[365896,181657],[366154,181431],[366239,181319],[366164,181305],[366154,181264],[366111,181251],[366073,181172],[366034,181162],[366027,181119],[366049,181065],[366161,181050],[366200,181030],[366235,180949],[366324,180903],[366306,180804],[366187,180658],[366121,180601],[366053,180392],[366033,180363],[365998,180349],[365982,180283],[365923,180246],[365906,180166],[365815,180130],[365783,180105],[365766,180053],[365684,180025],[365642,179988],[365704,179835],[365678,179720],[365685,179687],[365743,179585],[365784,179563],[365840,179566],[365747,179477],[365810,179417],[365875,179423],[365903,179390],[365878,179324],[365840,179320],[365833,179303],[365885,179122],[365911,178937],[365868,178869],[365775,178811],[365728,178737],[365728,178526],[365768,178444],[365720,178414],[365693,178366],[365599,178311],[365545,178242],[365536,178206],[365562,178137],[365598,178096],[365729,178008],[365815,178077],[365780,178130],[365807,178158],[365945,178028],[366223,177964],[366282,177919],[366368,177818],[366514,177753],[366571,177745],[366588,177760],[366584,177804],[366541,177943],[366616,178004],[366775,178019],[366835,178208],[366838,178254],[366805,178304],[366845,178315],[366841,178454],[366905,178424],[366880,178361],[366880,178298],[366900,178289],[366899,178267],[366965,178342],[367123,178396],[367280,178530],[367462,178467],[367476,178372],[367515,178322],[367637,178310],[367681,178334],[367757,178437],[367749,178512],[367696,178583],[367750,178626],[367916,178646],[367934,178603],[367954,178603],[368023,178676],[368076,178476],[368112,178491],[368146,178482],[368245,178649],[368252,178776],[368276,178871],[368433,178871],[368614,178791],[368668,178717],[368733,178689],[368810,178622],[368902,178573],[369018,178471],[369123,178418],[369129,178404],[369042,178230],[369117,178177],[369137,178177],[369247,178332],[369301,178370],[369449,178349],[369465,178290],[369491,178262],[369727,178200],[369752,178217],[369758,178250],[369904,178271],[370011,178262],[370078,178291],[370322,178286],[370285,178192],[370284,178123],[370379,178112],[370394,178134],[370394,178035],[370419,177972],[370554,177820],[370597,177802],[370623,177750],[370609,177473],[370619,177458],[370683,177445],[370704,177265],[370963,177271],[370971,177018],[370843,177038],[370788,177019],[370734,176919],[370742,176730],[370781,176686],[370885,176455],[371109,176261],[371123,176205],[371282,176000],[371268,175900],[371241,175853],[371261,175795],[371210,175756],[371207,175674],[371173,175639],[371132,175670],[371030,175694],[371001,175765],[370900,175778],[370623,175785],[370215,175766],[370226,175654],[370158,175638],[370124,175670],[370045,175665],[370020,175753],[369765,175802],[369259,175804],[369009,175776],[368854,175791],[368718,175735],[368719,175661],[368646,175643],[368637,175589],[368610,175608],[368579,175606],[368341,175570],[368291,175610],[368119,175656],[368021,175648],[367934,175614],[367904,175697],[367943,175737],[367934,175778],[367830,175791],[367609,175956],[367535,175928],[367498,175820],[367447,175767],[367411,175669],[367297,175714],[367249,175621],[367094,175496],[367013,175390],[366868,175381],[366809,175399],[366741,175352],[366636,175324],[366582,175276],[366533,175256],[366473,175251],[366341,175302],[366233,175285],[366216,175216],[366121,175188],[366144,175030],[366167,175020],[366195,174920],[366197,174833],[366180,174822],[366210,174793],[366181,174747],[366201,174708],[366190,174644],[366300,174527],[366334,174268],[366357,174204],[366487,174023],[366531,174006],[366679,174003],[366704,173974],[366761,173726],[366740,173639],[366759,173629],[366758,173579],[366792,173574],[366790,173531],[366618,173480],[366503,173388],[366504,173369],[366484,173354],[366472,173363],[366401,173322],[366288,173241],[366216,173137],[366184,173003],[366121,173019],[366048,173007],[366039,173043],[366013,173030],[366016,172998],[365928,172918],[365893,172954],[365826,172918],[365837,172859],[365760,172832],[365740,172869],[365720,172870],[365723,172815],[365703,172808],[365692,172855],[365659,172811],[365659,172857],[365595,172855],[365587,172789],[365518,172783],[365510,172824],[365473,172807],[365470,172774],[365454,172769],[365434,172770],[365404,172815],[365384,172797],[365288,172775],[365287,172716],[365248,172612],[365204,172595],[365221,172562],[365208,172546],[364998,172541],[365002,172586],[364948,172600],[364914,172501],[364946,172492],[364945,172456],[364888,172442],[364856,172331],[364903,172316],[364904,172271],[364972,172257],[364936,172226],[364970,172043],[364949,171993],[364897,171946],[364719,172087],[364698,172078],[364669,171998],[364566,171882],[364157,172050],[364127,172029],[364037,172057],[363899,171971],[363756,171921],[363717,171878],[363612,171822],[363517,171824],[363478,171801],[363495,171640],[363466,171473],[363468,171239],[363441,170974],[363505,170812],[363573,170696],[363689,170529],[363836,170415],[364107,170339],[364354,170214],[364566,170141],[364717,170065],[364753,170021],[364769,169959],[364775,169838],[364745,169675],[364762,169638],[364811,169641],[364935,169747],[365069,169796],[365151,169898],[365425,170071],[365486,170094],[365535,170072],[365606,170078],[365725,170151],[365764,170158],[365924,170108],[366023,169962],[366100,169883],[366123,169820],[366112,169720],[365987,169555],[365828,169265],[365839,169032],[365813,168913],[365859,168872],[366010,168833],[366102,168920],[366211,169094],[366264,169153],[366316,169170],[366372,169163],[366484,169241],[366617,169269],[366670,169256],[366715,169182],[366838,169080],[366951,168937],[367027,168888],[367145,168892],[367243,168768],[367360,168707],[367441,168633],[367481,168639],[367565,168708],[367715,168742],[367801,168788],[368025,168718],[368201,168727],[368244,168755],[368309,168878],[368405,168919],[368485,168903],[368646,168812],[368775,168784],[369053,168862],[369102,168928],[369202,168903],[369270,168804],[369292,168797],[369315,169386],[369389,169360],[369468,169366],[369637,169434],[369992,169471],[370163,169545],[370300,169562],[370640,169510],[370823,169572],[371186,169766],[371259,169785],[371373,169736],[371474,169747],[371553,169775],[371904,170040],[371999,170134],[372073,170252],[372088,170360],[372338,170390],[372487,170319],[372533,170404],[373245,170390],[373297,170404],[373365,170460],[373392,170460],[373536,170535],[373652,170621],[373868,170481],[373991,170600],[374164,170668],[374315,170787],[374451,170839],[374565,170936],[374769,170974],[374804,170950],[374954,170971],[374972,170916],[375043,170862],[375111,170829],[375216,170818],[375320,170870],[375435,170971],[375499,170979],[375541,171039],[375545,171165],[375565,171193],[375776,171186],[376139,171233],[376340,171185],[376497,171067],[376625,171032],[376733,170975],[377042,171006],[377199,170948],[377483,170930],[377554,170687],[377609,170632],[377695,170471],[377857,170362],[377967,170259],[378010,170181],[378186,170103],[378259,170043],[378279,169953],[378250,169908],[378249,169870],[378315,169776],[378301,169707],[378310,169663],[378273,169563],[378271,169415],[378307,169342],[378352,169305],[378544,169372],[378696,169551],[378989,169607],[379140,169688],[379133,169742],[379336,170016],[379490,170031],[379616,170019],[379558,169746],[381194,169194],[380442,167529],[379959,166133],[380335,163501],[379690,162104],[377542,161245],[375877,158076],[376790,155874],[374910,155874],[371902,153940],[372708,151685],[373997,151094],[374803,148354],[371473,146582],[371741,144971],[368948,142070],[369002,140942],[367283,139277],[367283,137827],[364866,135840],[366370,134819],[363792,133477],[361643,132402],[359817,132080],[359119,133101],[358475,131973],[359388,131973],[359495,131489],[358636,131436],[358636,130093],[360193,129609],[359065,127246],[358260,127139],[357937,126172],[356648,126924],[354124,125581],[353802,123862],[353211,124668],[351761,122949],[350794,123272],[351546,121177],[350579,120049],[351653,119727],[351577,118722],[353243,118330],[353598,114543],[354989,114632],[354842,113768],[357132,112422],[357991,109683],[356917,108985],[355252,109737],[353103,108609],[352244,108770],[350525,107534],[350472,106675],[348323,105279],[348914,104312],[350633,104634],[351009,103130],[351922,103130],[351116,101787],[351438,100874],[352728,100659],[353265,100015],[353479,98941],[354661,99102],[354983,98028],[354446,97168],[355574,94268],[354446,95020],[353103,94483],[353318,90186],[352244,89971],[351628,87357],[351503,87429],[351436,87251],[351235,86999],[349062,88230],[348398,88566],[347800,88921],[346450,89640],[345172,90277],[344481,90581],[344302,90633],[344084,90670],[343402,90713],[343045,90718],[342855,90744],[342604,90829],[342015,91141],[341677,91259],[341371,91314],[340831,91307],[340516,91354],[340000,91512],[338823,91941],[337894,92221],[337414,92330],[336635,92472],[336296,92508],[336052,92498],[335864,92461],[335639,92387],[335484,92312],[335305,92187],[335183,92055],[334830,91575],[334586,91196],[334484,91094],[334362,91014],[334145,90935],[333804,90880],[333695,90850],[333547,90765],[333266,90540],[333105,90440],[332884,90354],[332460,90261],[332272,90197],[331804,89947],[331318,89653],[331122,89559],[330980,89513],[330793,89478],[330294,89459],[330143,89431],[329975,89362],[329351,89045],[328896,88900],[328362,88798],[327936,88790],[327613,88835],[326341,89126],[326002,89183],[324947,89253],[324494,89220],[324322,89182],[324144,89107],[324015,89010],[323858,88843],[323708,88653],[323621,88511],[323536,88305],[323361,87778],[323286,87628],[323184,87506],[323108,87446],[322908,87361],[322666,87331],[322269,87341],[321417,87466],[321002,87489],[319839,87435],[319128,87342],[318299,87381],[317664,87336],[316986,87348],[316772,87333],[316413,87285],[315609,87126],[314647,87020],[313546,86801],[313142,86686],[312432,86406],[311648,86161],[311423,86054],[311237,85898],[310683,85165],[310485,84880],[310163,84493],[310068,84342],[310004,84203],[309684,83276],[309528,82923],[309383,82689],[309115,82311],[308771,81888],[308565,81660],[308353,81484],[308165,81393],[307963,81342],[307364,81263],[306742,81131],[305773,80807],[305352,80595],[305022,80361],[304925,80264],[304849,80160],[304774,79962],[304684,79483],[304630,79324],[304576,79230],[304506,79149],[304376,79056],[304195,78992],[304036,78973],[303815,78995],[303470,79103],[303313,79122],[302535,79027],[302224,79035],[300904,79341],[300629,79443],[300128,79688],[300009,79696],[299957,79669],[299834,79530],[299505,79029],[298896,78319],[298767,78126],[298563,77752],[298432,77570],[298269,77400],[297803,77012],[297571,76792],[297335,76530],[297122,76226],[297013,75975],[296933,75723],[296889,75479],[296828,74843],[296791,74687],[296741,74566],[296660,74442],[296551,74326],[296174,74042],[295916,73789],[295622,73433],[295376,73049],[295282,72870],[295110,72458],[294915,72129],[294764,71782],[294479,71250],[294078,70202],[293815,69589],[293612,68923],[293477,68282],[293447,68011],[293411,67418],[293425,66818],[293392,66414],[293399,66231],[293426,66104],[293473,66020],[293534,65961],[294109,65574],[294268,65439],[294390,65286],[294574,64953],[295018,64365],[295106,64276],[295361,64093],[295471,63979],[295551,63841],[295591,63651],[295579,63515],[295509,63317],[295390,63125],[295223,62956],[295053,62851],[294695,62696],[294506,62633],[294355,62606],[294203,62602],[293824,62630],[293663,62613],[293542,62561],[293160,62319],[292979,62242],[292833,62200],[292663,62181],[292486,62194],[292266,62249],[291822,62408],[291407,62488],[291322,62492],[291252,62475],[291186,62427],[290961,62165],[290660,61891],[290568,61782],[290332,61359],[290225,61079],[290198,60869],[290203,60693],[290317,60229],[290331,59975],[290278,59727],[290119,59355],[290106,59182],[290332,58020],[290389,57886],[290488,57776],[290662,57658],[290828,57619],[291535,57648],[292129,57579],[292243,57593],[292571,57679],[292732,57686],[292838,57669],[292992,57613],[293358,57397],[293516,57329],[294516,57173],[294795,57108],[294941,57053],[295113,56951],[295221,56848],[295290,56745],[295332,56630],[295344,56527],[295332,56423],[295292,56305],[295230,56200],[295159,56111],[294321,55247],[294256,55160],[294236,55044],[294306,54762],[294318,54589],[294282,54417],[294215,54286],[294109,54162],[294006,54083],[293553,53841],[293409,53744],[293205,53555],[293103,53401],[292992,52965],[292739,52235],[292746,52099],[292919,51694],[292957,51511],[292961,51340],[292942,51189],[292900,51041],[292821,50858],[292644,50523],[292460,50295],[292246,50123],[291854,49911],[291736,49823],[291407,49418],[291281,49298],[291141,49205],[290929,49120],[290734,49075],[290570,49055],[290419,49057],[290153,49116],[289709,49301],[289585,49322],[289499,49308],[289365,49212],[289089,48926],[289001,48790],[288880,48506],[288796,48359],[288674,48216],[288531,48107],[288361,48019],[288180,47961],[287544,47886],[287367,47848],[287236,47778],[286938,47503],[286750,47384],[286501,47305],[286040,47230],[285889,47170],[285576,46899],[285047,46333],[284656,45958],[284479,45746],[284312,45513],[284055,45101],[283870,44736],[283680,44295],[283500,43755],[283113,42259],[282977,41557],[282781,40772],[282526,39458],[282467,39078],[282457,38772],[282481,38534],[282542,38295],[282600,38169],[282673,38061],[282832,37898],[283445,37440],[283533,37336],[283597,37220],[283636,37049],[283623,36911],[283571,36777],[283477,36651],[283316,36535],[283180,36479],[282853,36385],[282476,36184],[282353,36139],[282157,36106],[281915,36129],[281408,36319],[280985,36408],[280675,36437],[280448,36403],[280321,36340],[280209,36258],[279933,35954],[279790,35827],[279264,35503],[278905,35116],[278681,34928],[278482,34823],[278094,34695],[277757,34508],[277638,34461],[277441,34434],[277257,34463],[277108,34523],[276949,34628],[276354,35163],[276246,35299],[276018,35642],[275862,35822],[275690,35963],[275337,36192],[275102,36298],[274019,36632],[273895,36646],[273837,36637],[273751,36577],[273353,35810],[273198,35592],[273013,35455],[272892,35407],[272765,35384],[272490,35403],[272105,35527],[271868,35628],[271524,35828],[271413,35876],[271264,35912],[270790,35981],[270578,36037],[270343,36130],[269960,36338],[269770,36501],[269391,37046],[269081,37388],[268918,37540],[268700,37687],[268221,37906],[267772,38177],[267439,38334],[267273,38430],[266783,38839],[266664,38970],[266516,39194],[266437,39366],[266402,39507],[266398,39650],[266420,39755],[266470,39869],[266563,39994],[266673,40091],[266944,40276],[267010,40340],[267059,40417],[267114,40615],[267209,41316],[267206,41407],[267165,41494],[266763,41792],[266425,42165],[266173,42375],[265832,42572],[264761,43100],[264458,43277],[264096,43566],[262757,44758],[262378,45072],[262139,45226],[261737,45382],[261547,45499],[261386,45675],[261304,45818],[261144,46179],[261089,46263],[261015,46327],[260902,46347],[260534,46298],[260315,46298],[260015,46351],[259623,46488],[259453,46530],[259061,46556],[258629,46539],[258461,46480],[258007,46213],[257758,46102],[257569,46052],[257225,46015],[257130,45991],[257076,45960],[257007,45887],[256824,45619],[256714,45494],[256583,45394],[256429,45324],[256208,45272],[255886,45237],[255545,45167],[255358,45147],[255070,45159],[254508,45241],[254145,45363],[253879,45493],[253470,45765],[253060,46117],[252871,46229],[252738,46281],[252522,46336],[252131,46406],[249884,46721],[249705,46768],[249573,46831],[249412,46977],[249293,47195],[249205,47471],[249004,48234],[248890,48495],[248779,48648],[248364,49056],[247618,49698],[247376,49848],[247213,49905],[247044,49934],[246795,49920],[246630,49854],[246472,49756],[246167,49522],[244967,48533],[244765,48388],[244615,48306],[244472,48258],[244292,48233],[243409,48257],[243169,48235],[243028,48194],[242853,48103],[242465,47781],[242303,47683],[242077,47621],[241874,47638],[241693,47716],[241530,47858],[241432,48001],[241344,48242],[241323,48432],[241336,48950],[241399,49163],[241590,49524],[241604,49629],[241545,49809],[241372,50061],[240952,50490],[240277,51058],[239483,51581],[239092,51816],[238240,52450],[237863,52672],[237607,52779],[237055,52964],[236667,53072],[236229,53164],[235707,53190],[235496,53216],[234892,53358],[234682,53374],[234529,53365],[234088,53245],[233905,53222],[233702,53244],[233277,53358],[233056,53383],[232816,53384],[232194,53324],[231952,53327],[231507,53401],[230719,53650],[230420,53724],[229248,53784],[228922,53783],[228236,53671],[227561,53591],[227274,53527],[227060,53454],[226924,53385],[226807,53306],[226664,53169],[226612,53096],[226555,52970],[226525,52729],[226553,52353],[226653,51588],[226664,51392],[226650,51242],[226618,51128],[226549,50999],[226465,50908],[226312,50812],[226171,50764],[225779,50693],[224701,50581],[224311,50560],[224126,50568],[223935,50597],[223235,50772],[223096,50784],[222969,50774],[222847,50732],[222464,50472],[222228,50363],[222065,50320],[221376,50194],[221011,50075],[220156,49754],[219617,49646],[219411,49638],[218881,49654],[218546,49712],[218337,49791],[217631,50134],[216846,50442],[216545,50516],[216334,50509],[216169,50455],[215969,50324],[215558,49997],[215409,49927],[215246,49898],[215015,49925],[214591,50074],[214483,50095],[214369,50081],[214015,49972],[213840,49939],[213461,49932],[213176,49950],[212715,50028],[212167,50242],[212007,50269],[211866,50232],[211498,50026],[211070,49847],[210906,49753],[210790,49646],[210539,49255],[210420,49136],[210309,49059],[210190,48999],[210038,48952],[209915,48937],[209750,48954],[209628,48997],[209524,49054],[209306,49228],[208826,49713],[208735,49836],[208678,49952],[208641,50093],[208634,50213],[208654,50380],[208732,50701],[208766,50976],[208781,51459],[208766,51700],[208716,51885],[208634,52020],[208485,52169],[208414,52213],[208350,52232],[208241,52214],[207773,52009],[207156,51809],[206919,51751],[206023,51584],[205611,51474],[205365,51382],[204960,51183],[204474,51056],[204358,51006],[204257,50938],[204124,50818],[203942,50578],[203806,50320],[203786,50224],[203785,50088],[203845,49754],[203927,49532],[204031,49388],[204332,49091],[204400,48991],[204471,48839],[204524,48617],[204585,48070],[204580,47879],[204537,47725],[204495,47648],[204415,47555],[204315,47484],[204207,47437],[204013,47399],[203655,47400],[203490,47385],[203390,47359],[203268,47302],[203092,47173],[202574,46676],[202512,46593],[202468,46457],[202481,46335],[202631,45971],[202652,45759],[202606,45556],[202459,45247],[202415,45118],[202332,44447],[202340,44249],[202378,44149],[202461,44051],[202950,43757],[203072,43648],[203162,43528],[203231,43379],[203266,43214],[203267,42991],[203233,42802],[203145,42606],[202972,42407],[202742,42240],[202350,42035],[202208,41909],[202158,41812],[202147,41721],[202263,41297],[202265,41147],[202219,40976],[202118,40818],[201940,40653],[201774,40547],[201362,40342],[201220,40208],[201150,40060],[201083,39650],[200983,39271],[200885,39053],[200759,38886],[200647,38792],[200556,38739],[200348,38674],[200131,38668],[199936,38718],[199736,38838],[199487,39085],[199266,39383],[199001,39873],[198914,39956],[198779,39997],[198338,40032],[198134,40077],[197677,40265],[197247,40480],[197071,40536],[196716,40587],[196206,40588],[196016,40540],[195847,40421],[195706,40256],[195494,39909],[195371,39749],[195220,39612],[194874,39367],[194627,39099],[194484,38881],[194342,38621],[193445,36841],[193339,36677],[193243,36561],[193128,36463],[193008,36393],[192874,36346],[192738,36321],[192393,36325],[191826,36406],[191635,36456],[191496,36514],[191359,36608],[191241,36746],[191169,36878],[191034,37198],[190904,37399],[190775,37536],[190620,37630],[190471,37669],[190234,37665],[189994,37610],[189743,37504],[189582,37398],[189383,37207],[188949,36622],[188850,36450],[188707,35883],[188528,35495],[188492,35375],[188449,35014],[188335,34400],[188325,34144],[188343,33709],[188301,33447],[188242,33306],[188159,33182],[187736,32766],[187647,32649],[187596,32523],[187515,32126],[187409,31898],[187275,31744],[187122,31639],[186961,31571],[186606,31470],[186422,31370],[185590,30669],[185343,30524],[185180,30478],[185002,30471],[184827,30503],[184562,30603],[184398,30697],[184281,30792],[184176,30914],[184081,31095],[184030,31316],[184015,31831],[183967,32062],[183898,32183],[183646,32487],[183532,32672],[183455,32855],[183409,33081],[183413,33262],[183452,33446],[183511,33603],[183711,34030],[183811,34366],[183864,34922],[183862,35162],[183821,35282],[183642,35606],[183573,35813],[183524,36115],[183434,36999],[183381,37262],[183331,37412],[183244,37551],[183146,37613],[183073,37619],[182970,37599],[182806,37519],[182735,37458],[182624,37317],[182548,37172],[182490,37004],[182459,36766],[182497,36396],[182564,36072],[182687,35725],[182782,35597],[183012,35346],[183128,35152],[183185,34959],[183199,34750],[183169,34445],[183094,34190],[182970,33958],[182669,33521],[182623,33419],[182608,33308],[182637,33212],[182882,32673],[183136,32185],[183244,31925],[183304,31654],[183301,31534],[183273,31411],[183209,31285],[183113,31183],[182992,31108],[182831,31059],[182671,31046],[182499,31068],[182308,31123],[181936,31267],[181747,31296],[181592,31287],[181369,31234],[181210,31156],[181070,31031],[180980,30880],[180896,30483],[180788,30258],[180654,30103],[179884,29396],[179795,29265],[179730,29087],[179701,28857],[179742,28676],[179817,28562],[180106,28257],[180175,28146],[180221,28037],[180245,27931],[180248,27824],[180231,27719],[180189,27604],[180049,27411],[179537,26929],[179336,26766],[178944,26508],[178855,26417],[178826,26349],[178877,26271],[179159,26060],[179416,25794],[179519,25716],[179666,25663],[179994,25656],[180170,25623],[180338,25535],[180461,25406],[180515,25310],[180569,25159],[180601,24992],[180611,24836],[180584,24591],[180436,23991],[180438,23867],[180458,23802],[180553,23693],[180906,23460],[181059,23302],[181154,23160],[181381,22742],[181503,22442],[181672,21679],[181686,21499],[181668,21341],[181631,21216],[181567,21086],[181476,20957],[181275,20729],[181200,20597],[181013,20004],[180931,19599],[180871,19433],[180740,19245],[180648,19166],[180532,19094],[180236,18977],[179368,18737],[179259,18686],[179148,18591],[179098,18502],[179080,18398],[179088,17964],[179130,17562],[179115,17416],[179075,17282],[178987,17122],[178750,16809],[178365,16104],[178215,15940],[178039,15828],[177528,15660],[177324,15631],[177195,15636],[177083,15657],[176929,15711],[176797,15785],[176463,16022],[176268,16102],[176086,16112],[175784,16060],[175600,16055],[175436,16082],[175063,16191],[174847,16214],[174241,16184],[174065,16161],[173922,16117],[173747,16009],[173608,15846],[173489,15627],[173426,15411],[173351,14968],[173237,14687],[173110,14494],[172762,14084],[172361,13433],[172288,13287],[172230,13094],[172215,12952],[172279,12487],[172278,12278],[172234,12064],[172105,11761],[171951,11567],[171774,11440],[171562,11352],[171189,11242],[170895,11099],[170712,11035],[170559,11004],[170358,10989],[170106,10992],[169870,11015],[169546,11076],[169402,11130],[169259,11213],[168957,11466],[167845,12578],[167233,13127],[167115,13252],[167031,13378],[166956,13535],[166878,13757],[166781,14228],[166543,14592],[166452,14786],[166410,14943],[166379,15254],[166352,15357],[166262,15464],[165977,15685],[165822,15840],[165692,16044],[165591,16319],[165533,16597],[165493,16910],[165474,17602],[165507,17967],[165714,19431],[165726,19839],[165677,20035],[165557,20228],[165418,20363],[165162,20532],[165034,20639],[164927,20772],[164850,20936],[164813,21101],[164815,21267],[164853,21429],[164969,21756],[164991,21919],[164973,22149],[164915,22369],[164840,22545],[164692,22794],[164083,23578],[163524,24236],[163087,24677],[162886,24836],[162524,25062],[162169,25318],[161921,25537],[161605,25875],[161411,26017],[161255,26086],[161021,26131],[160819,26129],[160106,25974],[159844,25950],[159608,25973],[159409,26047],[159288,26128],[159061,26332],[158733,26586],[158615,26723],[158373,27075],[158236,27217],[158027,27366],[157830,27451],[157677,27470],[157352,27419],[157169,27417],[156974,27454],[156606,27573],[156480,27580],[156380,27545],[155907,27306],[155312,27101],[155145,27060],[155016,27047],[154891,27057],[154774,27092],[154620,27202],[154512,27376],[154470,27560],[154452,27949],[154403,28080],[154141,28447],[154050,28544],[153951,28619],[153778,28701],[153177,28867],[151654,29202],[151226,29330],[150930,29498],[149665,30409],[149333,30593],[149160,30639],[148911,30639],[148736,30597],[148600,30517],[148557,30459],[148533,30391],[148501,30070],[148466,29901],[148411,29761],[148338,29644],[148227,29516],[148090,29402],[147652,29139],[147546,29025],[147484,28918],[147465,28837],[147467,28730],[147548,28209],[147723,27666],[147956,27133],[148044,26819],[148114,26361],[148117,26192],[148098,26041],[148025,25830],[147881,25598],[146959,24469],[146815,24266],[146571,23854],[146359,23621],[146222,23521],[146061,23443],[145647,23347],[145565,23314],[145083,22975],[144723,22745],[144498,22623],[144335,22563],[144150,22532],[143771,22521],[143334,22460],[142803,22515],[142609,22470],[142255,22332],[142037,22292],[141846,22292],[141398,22335],[141210,22326],[141124,22299],[141026,22238],[140742,21974],[140588,21854],[140258,21640],[140093,21559],[139954,21523],[139822,21519],[139668,21548],[139398,21640],[139328,21642],[139266,21625],[139145,21555],[139022,21454],[138290,20714],[137443,19899],[137226,19728],[137016,19623],[136805,19592],[136617,19634],[136513,19695],[136432,19767],[136318,19935],[136242,20112],[136128,20493],[135599,22546],[135495,22772],[135248,23114],[135162,23194],[135044,23261],[134247,23612],[132738,24307],[132190,24581],[131997,24717],[131838,24885],[131705,25096],[131647,25255],[131631,25466],[131652,25573],[131691,25674],[131823,25851],[132025,25989],[132427,26129],[134243,26626],[134725,26743],[135274,26850],[135452,26930],[135544,27019],[135587,27088],[135644,27263],[135647,27430],[135512,27813],[135439,28093],[135407,28350],[135371,28963],[135312,29205],[135220,29366],[135036,29590],[134041,30581],[133772,30892],[133697,31022],[133655,31144],[133638,31281],[133654,31424],[133696,31545],[133791,31700],[134049,31980],[134993,32823],[135534,33226],[135691,33373],[135782,33539],[135955,34171],[136118,34476],[136312,34717],[136893,35345],[137279,35837],[137484,36161],[137579,36270],[137693,36363],[137859,36444],[138046,36483],[138804,36467],[139317,36598],[139567,36635],[139986,36662],[140542,36608],[140713,36628],[140881,36690],[140982,36770],[141095,36900],[141325,37273],[141444,37425],[142086,38057],[142353,38352],[142602,38592],[142707,38719],[142878,38975],[142989,39092],[143123,39177],[143292,39225],[143442,39230],[143740,39199],[143863,39215],[144007,39282],[144351,39501],[144581,39693],[145979,41078],[146265,41338],[146534,41517],[146696,41577],[146855,41608],[147240,41633],[149464,41642],[150104,41723],[150508,41803],[150678,41819],[150849,41806],[150963,41779],[151308,41624],[151458,41583],[151580,41584],[152007,41672],[152128,41670],[152250,41644],[152355,41598],[152472,41511],[152555,41415],[152627,41287],[152708,41012],[152752,40572],[152784,40431],[153000,40045],[153168,39598],[153237,39490],[153371,39398],[153795,39248],[154167,39032],[154318,38967],[154589,38902],[154718,38892],[154845,38911],[155014,39010],[156331,40085],[156647,40405],[156844,40690],[156930,40947],[156966,41234],[157052,43567],[157087,43723],[157138,43840],[157214,43944],[157323,44038],[157435,44098],[157555,44137],[157867,44174],[158752,44155],[159231,44108],[159412,44058],[159559,43980],[159679,43880],[159932,43584],[160004,43535],[160089,43513],[160242,43531],[160772,43662],[160986,43733],[162422,44376],[162685,44506],[162933,44656],[163296,44978],[164316,46040],[164525,46220],[164732,46356],[165264,46625],[166261,47078],[166546,47180],[167073,47319],[167196,47372],[167641,47734],[167803,47824],[168218,48011],[168423,48173],[168613,48398],[168727,48616],[169023,49235],[169275,49815],[169338,49991],[169377,50252],[169367,50976],[169558,52838],[169636,53249],[169695,53386],[169782,53505],[169887,53594],[170016,53658],[170161,53691],[170332,53698],[170753,53654],[172538,53392],[172820,53375],[172991,53394],[173114,53444],[173186,53503],[173388,53914],[173465,54011],[173561,54094],[173726,54183],[174273,54340],[174563,54473],[174824,54640],[175006,54782],[175129,54904],[175208,55018],[175294,55234],[175581,56163],[175704,56721],[175743,57059],[175723,57213],[175698,57276],[175415,57676],[175322,57902],[175304,58108],[175352,58481],[175279,58879],[175283,59092],[175348,59271],[175422,59367],[175501,59433],[175480,59440],[175500,59490],[175560,59500],[175570,59475],[175908,59597],[176005,59659],[176037,59715],[176040,59832],[175952,60257],[175957,60533],[176032,60839],[176101,60980],[176179,61083],[176364,61226],[176848,61424],[177396,61719],[177733,61940],[177906,62019],[178153,62074],[178708,62079],[179233,62137],[179377,62178],[179432,62235],[179468,62342],[179487,62504],[179492,62873],[179548,63103],[179608,63214],[179690,63306],[179775,63366],[179888,63411],[179970,63426],[180107,63423],[180312,63356],[180462,63248],[180750,62955],[181260,62568],[181376,62514],[181488,62536],[181766,62741],[182084,63050],[182480,63358],[182673,63536],[182850,63756],[183129,64199],[183597,64990],[183682,65198],[183748,65427],[183781,65607],[183787,65743],[183719,66344],[183715,66528],[183761,66968],[183841,67252],[184049,67686],[184057,67794],[184027,68128],[184042,68313],[184305,69170],[184358,69475],[184357,69674],[184317,69848],[184269,69967],[184183,70093],[183889,70330],[183752,70487],[183702,70582],[183666,70711],[183670,70904],[183752,71125],[184013,71555],[184157,71725],[184548,72116],[184730,72343],[184823,72501],[184872,72658],[184919,72915],[184932,73418],[184964,73638],[185291,74559],[185342,74766],[185322,74963],[185244,75137],[185098,75283],[184610,75641],[184459,75808],[184402,75920],[184369,76060],[184368,76168],[184399,76320],[184507,76541],[184740,76845],[184958,77011],[185429,77211],[185571,77295],[185722,77415],[186142,77836],[187227,79015],[187432,79208],[187625,79330],[187766,79378],[187906,79398],[188113,79392],[188398,79351],[190308,78982],[190690,78942],[191267,78952],[191473,78916],[191634,78863],[191740,78809],[191853,78719],[191954,78580],[192000,78461],[192022,78332],[192020,78187],[191932,77626],[191919,77457],[191934,77370],[191966,77317],[192002,77285],[192075,77263],[192122,77294],[192147,77378],[192117,77810],[192134,77954],[192171,78093],[192244,78260],[192437,78611],[192781,79191],[192817,79320],[192777,79409],[192668,79528],[192182,79907],[192032,80070],[191972,80182],[191939,80303],[191934,80421],[191963,80570],[192055,80762],[192224,80953],[192611,81232],[192829,81471],[192990,81616],[193150,81726],[193406,81865],[193694,81964],[193938,81978],[194753,81806],[196124,81610],[196608,81576],[197149,81607],[197536,81573],[197717,81616],[198269,81869],[198414,81904],[198570,81912],[198795,81870],[199157,81721],[199349,81672],[199641,81632],[200503,81570],[200889,81608],[201478,81700],[201789,81775],[201908,81823],[201998,81880],[202292,82169],[202603,82547],[202960,83108],[203299,83593],[203486,83929],[203602,84261],[203637,84677],[203680,84909],[203881,85551],[204025,86159],[204140,86415],[204379,86739],[204431,86862],[204437,86920],[204419,87016],[204261,87317],[204214,87441],[204184,87577],[204174,87748],[204198,87994],[204299,88574],[204285,88973],[204298,89150],[204356,89356],[204464,89529],[204619,89663],[204802,89756],[205608,89969],[205988,90218],[206155,90299],[206386,90353],[206752,90365],[206855,90395],[206946,90482],[207236,90915],[207324,91009],[207504,91159],[207823,91369],[208871,91994],[210642,93201],[211339,93569],[211671,93854],[212053,94135],[212218,94297],[212327,94476],[212664,95452],[212683,95624],[212668,95834],[212546,96371],[212532,96536],[212567,96721],[212613,96819],[212688,96916],[212783,96994],[212898,97055],[213264,97149],[213381,97202],[213438,97264],[213601,97520],[213717,97664],[213966,97916],[214158,98060],[214382,98170],[214841,98298],[214952,98355],[215095,98514],[215518,99151],[215639,99278],[215791,99393],[216030,99529],[216302,99648],[216890,99813],[217145,99912],[217312,100011],[217803,100364],[218166,100598],[218556,100968],[218859,101196],[219053,101370],[219198,101534],[219339,101780],[219444,102092],[219495,102434],[219478,102679],[219386,103076],[219385,103321],[219458,103812],[219618,104398],[219707,105528],[219705,105865],[219652,106210],[219643,106379],[219665,106585],[219757,107022],[219773,107709],[219829,108227],[219817,108728],[219826,110191],[219808,110571],[219747,111024],[219616,111512],[219548,111861],[219486,112027],[219254,112448],[219193,112653],[219190,112810],[219221,112948],[219279,113076],[219457,113357],[219486,113537],[219471,113734],[219424,113956],[219372,114095],[219221,114388],[219172,114526],[219151,114653],[219154,114800],[219187,114961],[219300,115281],[219436,115757],[219648,116168],[219978,116674],[220032,116819],[220084,117150],[220138,117311],[220258,117485],[220551,117722],[220616,117814],[220634,117897],[220618,118026],[220477,118377],[220434,118537],[220426,118683],[220454,118844],[220572,119100],[220818,119402],[220900,119537],[220953,119735],[220973,120171],[221042,120419],[221362,121057],[221652,121544],[221728,121732],[221764,121966],[221772,122225],[221664,122811],[221649,122997],[221678,123197],[221824,123575],[221857,123759],[221848,123880],[221759,124268],[221735,124587],[221750,124809],[221861,125242],[221884,125439],[221885,125798],[221830,126157],[221830,126346],[221860,126492],[221915,126636],[222127,126986],[222183,127108],[222316,127548],[222395,127888],[222484,128086],[222564,128180],[222694,128269],[222820,128314],[223003,128334],[223857,128226],[224420,128131],[225013,128191],[225723,128117],[226530,128146],[226856,128131],[227262,128028],[227574,127900],[227890,127717],[228263,127440],[228474,127350],[229510,127188],[229988,127153],[230246,127090],[230637,126928],[230784,126839],[230935,126718],[231546,126137],[231968,125760],[232132,125571],[232491,125095],[232685,124914],[232850,124802],[233371,124514],[233602,124410],[233737,124371],[233966,124338],[234619,124288],[235404,124195],[235616,124184],[235801,124195],[237121,124443],[237446,124522],[237930,124723],[238197,124902],[238372,125074],[238733,125537],[239080,125938],[239469,126508],[239988,127053],[240128,127262],[240921,128577],[241134,128873],[241451,129252],[241627,129402],[241831,129506],[242139,129587],[242823,129722],[242947,129774],[243037,129846],[243128,129984],[243193,130150],[243430,131083],[243557,131473],[243706,131788],[243905,132067],[244061,132199],[244253,132293],[244444,132341],[244786,132366],[244814,132382],[244777,132455],[244583,132664],[244468,132811],[244288,133131],[244207,133398],[244078,134158],[244056,134355],[244052,134598],[244150,136643],[244142,136908],[244089,137140],[244051,137203],[243953,137289],[243470,137546],[243278,137677],[243130,137820],[243001,138003],[242929,138177],[242900,138364],[242921,138629],[243016,139034],[243013,139093],[242957,139189],[242855,139281],[242568,139487],[241988,139808],[241763,139976],[241617,140132],[241515,140278],[241444,140433],[241415,140576],[241418,140684],[241447,140808],[241502,140925],[241582,141040],[241838,141312],[241961,141400],[242085,141460],[242284,141507],[242534,141507],[243466,141335],[243887,141295],[244156,141295],[244338,141338],[244459,141415],[244598,141591],[244709,141797],[244817,142053],[244911,142327],[244979,142604],[245027,142882],[245069,143410],[245010,143845],[244881,144406],[244829,144516],[244754,144620],[244668,144707],[244506,144823],[244008,145100],[243863,145227],[243787,145342],[243737,145517],[243754,145688],[243834,145850],[243964,145981],[244111,146069],[244256,146125],[244991,146313],[245216,146403],[245331,146505],[245913,147167],[246062,147278],[246224,147346],[246341,147372],[246534,147385],[247011,147377],[247734,147331],[248071,147354],[248612,147542],[248971,147617],[249314,147712],[249936,147832],[250740,148128],[251167,148258],[251574,148446],[251734,148500],[251971,148525],[252351,148484],[252641,148475],[252843,148484],[252976,148510],[253579,148698],[253945,148962],[254077,149022],[254215,149057],[254481,149077],[255434,149058],[255607,149041],[255788,149000],[255976,148933],[256176,148828],[257164,148188],[257245,148155],[257334,148151],[257449,148183],[257567,148252],[257872,148568],[258036,148699],[258192,148783],[258414,148850],[258657,148870],[259271,148867],[259606,148891],[259893,148926],[260256,149007],[260439,149031],[261245,149005],[261699,149045],[262360,149145],[262535,149146],[263056,149106],[263232,149122],[263452,149171],[263660,149240],[263801,149317],[264075,149528],[264374,149790],[264544,149903],[265046,150101],[265437,150309],[265631,150361],[265870,150350],[266256,150252],[267003,150132],[267457,150027],[267716,149911],[268102,149609],[268206,149564],[268300,149552],[268418,149569],[268530,149614],[268853,149803],[269516,150134],[269701,150180],[270188,150244],[270797,150473],[271189,150556],[271503,150568],[271772,150539],[271970,150476],[272376,150284],[272996,150158],[273265,150137],[273572,150172],[273789,150240],[273964,150363],[274185,150604],[274536,151076],[274996,151498],[275141,151591],[275300,151658],[275443,151695],[275570,151703],[275746,151668],[275904,151582],[276029,151470],[276346,151095],[276490,150960],[276686,150831],[276949,150717],[277268,150654],[277968,150614],[278604,150495],[279665,150396],[279933,150321],[280532,150059],[280725,150018],[281167,149963],[281656,149858],[281848,149792],[282260,149603],[282487,149535],[284214,149207],[285058,149022],[285742,148913],[286177,148889],[286346,148863],[286479,148820],[286622,148746],[286757,148644],[287072,148352],[287161,148304],[287250,148289],[287379,148305],[287830,148445],[288466,148606],[288817,148737],[288971,148826],[289138,148963],[289260,149117],[289434,149391],[289546,149514],[289698,149617],[289876,149680],[290251,149731],[290959,149738],[291517,149817],[291773,149831],[292471,149754],[292947,149650],[293410,149485],[294225,149136],[294686,148987],[295109,148819],[295325,148764],[295822,148706],[296024,148646],[296170,148581],[296914,148155],[297245,147918],[297410,147761],[297627,147521],[297750,147348],[297905,147060],[297960,147006],[298007,146984],[298184,146966],[298653,147008],[298959,146997],[299252,146937],[299410,146880],[299600,146786],[299837,146596],[300025,146371],[300200,146093],[300417,145621],[300510,145454],[300651,145267],[300855,145044],[301007,144902],[301438,144562],[301729,144291],[301891,144169],[302095,144072],[302422,144007],[302782,143988],[303045,144004],[304010,144210],[304239,144236],[304384,144236],[304659,144207],[304968,144147],[305638,143912],[305863,143865],[306157,143870],[307047,143981],[307324,143992],[307580,143960],[307823,143903],[308069,143828],[308439,143680],[308637,143645],[308900,143661],[309559,143800],[309848,143818],[310244,143774],[310824,143638],[311049,143641],[311262,143722],[311794,144092],[312154,144269],[312371,144334],[312756,144392],[312996,144451],[313683,144695],[314925,145076],[315077,145152],[315899,145674],[316105,145776],[316373,145879],[316689,145952],[316987,145973],[317205,145950],[317690,145844],[317911,145842],[318148,145872],[318343,145916],[318541,145988],[318658,146059],[319047,146360],[319229,146454],[319402,146519],[319824,146611],[320535,146690],[321138,146779],[321389,146781],[321616,146750],[321871,146675],[322282,146514],[322452,146476],[322621,146466],[323235,146505],[323401,146490],[323583,146451],[323812,146369],[324038,146261],[324703,145879],[325071,145737],[325324,145727],[325508,145764],[325686,145822],[326124,146010],[326594,146267],[326789,146399],[326921,146516],[327110,146723],[327494,147199],[328174,148257],[328421,148670],[328506,148840],[328572,149019],[328637,149300],[328783,150266],[328858,150844],[328861,151217],[328820,151387],[328583,151880],[328505,152103],[328460,152362],[328462,152652],[328538,153155],[329142,156027],[329244,156720],[329299,157224],[329314,157551],[329295,157865],[329242,158080],[329188,158164],[329139,158204],[329015,158263],[328579,158387],[328315,158484],[328052,158624],[327872,158765],[327744,158913],[327658,159081],[327627,159240],[327645,159398],[327713,159547],[327834,159674],[327995,159753],[328193,159783],[328516,159753],[329148,159606],[330442,159405],[330596,159418],[330638,159446],[330708,159536],[330830,159853],[330928,160285],[331000,160855],[330991,161165],[330948,161297],[330908,161357],[330450,161868],[330066,162347],[330009,162462],[329979,162582],[329977,162704],[330005,162823],[330058,162927],[330137,163018],[330222,163081],[330335,163133],[330800,163216],[331338,163383],[332050,163533],[332353,163635],[332475,163719],[332583,163880],[332648,164083],[332697,164359],[332714,164624],[332701,164808],[332670,164949],[332610,165090],[332503,165225],[332339,165360],[332222,165421],[331853,165561],[331744,165629],[331661,165707],[331579,165839],[331548,165986],[331565,166119],[331633,166257],[331786,166404],[332001,166515],[332873,166791],[333501,166960],[333693,167049],[334158,167310],[334487,167436],[334737,167479],[334984,167467],[335167,167415],[335574,167235],[335683,167210],[335833,167202],[336060,167229],[336235,167274],[336416,167353],[336573,167448],[336814,167638],[337065,167882],[337254,168099],[337351,168261],[337420,168439],[337499,168721],[337882,170486],[337961,170695],[338076,170871],[338345,171147],[339997,172680],[340254,172945],[340612,173369],[340797,173557],[341572,174256],[342684,175160],[343048,175562],[343703,176347],[343917,176563],[344383,176910],[344690,177082],[344925,177162],[345531,177294],[345787,177399],[346037,177568],[346123,177655],[346311,177892],[346420,177995],[346544,178074],[346697,178131],[346850,178161],[347111,178181],[347311,178178],[347496,178152],[347789,178054],[348193,177841],[348411,177782],[348577,177785],[348678,177805],[348826,177862],[348934,177940],[349047,178072],[349125,178207],[349236,178689],[349299,178824],[349373,178926],[349560,179074],[349930,179226],[350053,179310],[350384,179635],[350746,179914],[351009,180161],[351231,180410],[351406,180667],[352122,181929],[352793,183032],[352997,183420],[353137,183743],[353225,183999],[353286,184284],[353322,185121],[353373,185660],[353482,186069],[353589,186351],[353710,186538],[353825,186657],[354358,187032],[354600,187256],[354892,187610],[355030,187810],[355133,188015],[355156,188121],[355416,188117],[355533,188081],[355562,188033],[355575,187963],[355574,187731],[355770,188010],[356009,188276],[355992,188219],[356088,188095],[356123,188078]]]]}},{"type":"Feature","properties":{"name":"Yorkshire","operator":"Northern Powergrid"},"geometry":{"type":"MultiPolygon","coordinates":[[[[385706,483951],[386005,483869],[386112,483807],[386139,483661],[386270,483589],[387209,483538],[387413,483376],[387395,483308],[387497,483182],[387644,483059],[387866,482675],[387900,482584],[387935,482558],[388039,482525],[388268,482254],[388853,481457],[388899,481428],[389162,481461],[389207,481408],[389234,481412],[389619,481749],[389617,481840],[389724,482006],[389885,482117],[390216,482219],[390155,482085],[390275,481883],[390723,482156],[390758,482070],[390771,481957],[390735,481766],[390741,481601],[390829,481186],[390940,481072],[391237,481089],[391342,481072],[391718,481116],[391866,481195],[391969,481363],[392189,481436],[392393,481550],[392533,481664],[392702,481877],[392824,481827],[393008,481798],[393577,481810],[393605,481744],[393630,481598],[393714,481505],[393902,481365],[394196,480882],[394219,480877],[394331,480702],[394665,480472],[394668,480404],[394718,480333],[394846,480334],[394935,480296],[394966,480231],[395130,480018],[395460,479710],[395535,479669],[395659,479655],[396128,479399],[396149,479343],[396156,479227],[396141,479120],[396109,479047],[396088,478775],[396097,478540],[396158,478379],[396196,477987],[396219,477885],[396234,477850],[396431,477731],[396558,477682],[396813,477138],[396763,477037],[396875,476667],[397110,476233],[397203,476309],[397722,476137],[397867,476072],[397831,475555],[398049,475445],[398338,475596],[398540,475590],[398585,475676],[398760,475577],[398887,475598],[399137,475221],[399319,475204],[399804,475231],[400123,474696],[400216,474258],[400215,473852],[400496,473290],[400546,473253],[400855,473263],[400887,473340],[400951,473415],[401904,473563],[402323,473048],[402484,472933],[403114,471874],[403006,471252],[402873,471080],[402958,470701],[403529,469941],[403591,469900],[404220,469750],[404434,469623],[404670,469640],[404919,469482],[405064,469413],[405186,469385],[405278,469450],[405526,469418],[405770,469499],[406299,469636],[406500,469040],[406558,468930],[406889,468739],[406909,468620],[406951,468523],[406978,468288],[407078,468205],[407225,467618],[407465,467402],[407960,467376],[408125,467119],[408206,467091],[408551,467068],[408751,466826],[409166,465000],[409488,464710],[410157,464213],[410411,463943],[410528,463860],[410445,463787],[410390,463620],[410130,463200],[409854,462797],[409714,462432],[409674,461934],[409248,461836],[409120,461730],[408970,461690],[408830,461620],[408680,461510],[408590,461400],[408520,461360],[408350,461170],[408587,460954],[408607,460904],[408556,460835],[408656,460648],[408636,460551],[408510,460300],[408385,459984],[409148,459534],[409630,459310],[410058,457614],[410056,457527],[410763,457677],[410867,457592],[411130,457121],[411213,456485],[411200,456380],[411414,456167],[411493,455984],[411582,456007],[411575,455890],[411607,455877],[411645,455807],[411708,455780],[411716,455723],[411759,455708],[411803,455724],[411827,455716],[411902,455619],[412009,455585],[412165,455611],[412950,455940],[413701,456300],[413765,456313],[413851,456298],[414133,456146],[414216,456127],[414326,456172],[414624,456402],[414698,456441],[414879,456445],[415506,456397],[415732,456401],[415758,456430],[415757,456477],[415668,456614],[415641,456695],[415666,456829],[415708,456870],[415833,456905],[416110,456928],[416555,457095],[416644,457077],[417253,456843],[417716,456586],[417874,456544],[418594,456435],[418939,456398],[420064,456314],[420118,456322],[420173,456382],[420311,456671],[420344,456691],[420387,456691],[420514,456639],[420717,456526],[420753,456424],[420784,456116],[420835,456023],[421587,455492],[421698,455440],[422521,455249],[422576,455220],[422602,455178],[422602,455133],[422547,455079],[422252,454908],[421785,454675],[421759,454637],[421759,454598],[421946,454468],[421997,454399],[422119,453962],[422300,453752],[422696,453354],[422731,453281],[422797,452825],[422823,452718],[422849,452688],[422892,452688],[422934,452709],[423226,452980],[423263,453000],[423314,453000],[423364,452964],[423749,452269],[423804,452198],[423877,452139],[424879,451878],[425244,451805],[425905,451716],[426305,451716],[426533,451782],[426805,451896],[426973,451896],[427790,451781],[428276,451494],[428721,451189],[428793,451162],[429382,451256],[429437,451219],[429591,451034],[429741,450892],[429792,450892],[430105,451109],[430207,451160],[430316,451160],[430677,451058],[430742,451058],[430793,451080],[430836,451157],[430968,451498],[431005,451526],[431065,451538],[431549,451491],[431741,451456],[432113,451350],[432219,451363],[432546,451733],[433025,452119],[433246,452219],[433711,452370],[434366,452407],[434506,452430],[435219,452653],[435735,452991],[436131,453291],[436231,453335],[436276,453335],[436343,453308],[436839,453079],[437355,453079],[437499,453097],[437592,453132],[437623,453169],[437527,453535],[437499,453669],[437506,453731],[437716,454017],[438180,454220],[438480,454330],[438800,454480],[438920,454510],[438980,454480],[438980,454330],[438920,454260],[438850,454220],[438790,454260],[438670,454200],[438660,454170],[438690,454100],[438680,453990],[438720,453900],[438950,453760],[438990,453680],[439140,453540],[439230,453710],[439300,453790],[439400,453790],[439520,453720],[439580,453630],[439740,453530],[439750,453450],[439780,453390],[439890,453420],[440190,453370],[440320,453420],[440360,453510],[440450,453570],[440560,453540],[440590,453410],[440570,453230],[440540,453140],[440570,453100],[440710,453160],[440790,453160],[441040,453350],[441070,453400],[441120,453440],[441160,453410],[441290,453100],[441380,452970],[441440,452920],[441540,452930],[441570,452950],[441650,452950],[441650,452850],[441620,452800],[441640,452710],[441710,452650],[441840,452660],[441940,452640],[441990,452570],[442090,452530],[442250,452500],[442480,452490],[442500,452580],[442440,452660],[442360,452710],[442340,452770],[442390,452860],[442670,452980],[442950,453150],[443190,453210],[443310,453110],[443430,452850],[443510,452810],[443660,452800],[443810,452830],[444000,452910],[444220,452940],[444260,452990],[444150,453120],[444100,453240],[444140,453290],[444210,453290],[444360,453220],[444630,453270],[444880,453340],[444930,453390],[444890,453600],[444920,453700],[444910,453800],[444680,453890],[444650,453930],[444980,454120],[445050,454100],[445090,453930],[445140,453830],[445260,453810],[445470,453850],[445560,453930],[445460,454100],[445560,454400],[445610,454460],[445740,454440],[445840,454280],[445910,454210],[446050,454120],[446290,454070],[446360,454120],[446370,454210],[446250,454290],[446150,454490],[446110,454610],[446020,454750],[446070,454820],[446170,454820],[446370,454920],[446510,454920],[446840,454870],[446900,454790],[446930,454590],[446960,454530],[446950,454460],[446900,454380],[446900,454340],[446970,454350],[447270,454460],[447560,454470],[447620,454510],[447640,454440],[447630,454380],[447570,454270],[447570,454220],[447650,454200],[447730,454250],[447750,454330],[447810,454430],[447810,454490],[447740,454570],[447730,454650],[447790,454700],[447950,454780],[448000,454830],[448020,454880],[448000,454910],[447910,454920],[447860,454970],[447660,455010],[447620,455080],[447610,455380],[447640,455520],[447750,455690],[447820,455720],[448180,455670],[448220,455610],[448210,455430],[448220,455370],[448240,455320],[448290,455300],[448340,455360],[448400,455590],[448450,455640],[448652,455639],[449152,455556],[449754,455325],[449789,455262],[449751,454707],[449750,454394],[449784,453939],[449803,453856],[449833,453830],[449894,453828],[450466,453966],[450512,453989],[450733,454257],[450861,454273],[451079,454261],[451126,454243],[451148,454214],[451090,453700],[451060,453600],[451000,453510],[451110,453190],[451180,452930],[451290,452740],[451370,452560],[451370,452490],[451270,452320],[451250,452210],[451300,452120],[451440,452010],[451700,451620],[451770,451420],[451790,451290],[451860,451210],[452070,450790],[452070,450540],[452110,450320],[452290,450140],[452330,450000],[452390,449930],[452340,449810],[452350,449750],[452430,449630],[452440,449540],[452494,449450],[452519,449313],[452588,449161],[452591,449091],[452628,449008],[452639,448828],[452614,448768],[452800,448400],[452600,448300],[452600,448000],[452900,447600],[452900,447700],[453218,447684],[453295,447559],[453324,447552],[453379,447435],[453514,447226],[453508,447207],[453583,446963],[453787,447012],[453873,447050],[454002,447060],[454181,446652],[454232,446709],[454313,446559],[454419,446440],[454593,446143],[454970,446342],[454983,446212],[455053,446019],[455111,445735],[455111,445611],[455177,445344],[455247,445220],[455320,445190],[455400,445080],[455500,445000],[455655,444787],[455800,444710],[455869,444650],[455900,444650],[455920,444570],[455914,444499],[456169,444606],[456420,444350],[456710,444590],[456800,444776],[456955,444630],[456990,444388],[457055,444221],[457337,443994],[457500,443800],[457500,443700],[457600,443600],[457600,443400],[457570,443311],[457876,443295],[458035,443160],[458116,443044],[458238,442970],[458472,442892],[458569,442844],[458676,442717],[458936,442529],[458900,442520],[458640,442300],[458440,442000],[458280,441920],[458150,441770],[457820,441470],[457540,441370],[457490,441270],[457440,441100],[457490,440950],[457590,440810],[457760,440670],[457950,440470],[458050,440340],[458002,440084],[458030,440048],[458825,440117],[459531,439871],[459927,439633],[459989,439633],[460512,439853],[461051,440042],[461258,440084],[461740,440053],[461880,440000],[461870,439890],[461850,439840],[461860,439720],[461820,439600],[461950,439520],[461980,439400],[462520,439460],[462570,439340],[462630,438940],[462640,438780],[462616,438733],[462710,438650],[462910,438520],[463160,438490],[463350,438500],[463470,438570],[463650,438830],[463690,438960],[463690,439060],[463760,439300],[463770,439440],[463800,439550],[463850,439610],[463970,439650],[464140,439680],[464280,439730],[464410,439810],[464510,439930],[464620,440010],[464690,440120],[464760,440190],[464900,440210],[465080,440290],[465130,440350],[465410,440560],[465460,440720],[465570,440810],[465870,440860],[466020,440950],[466160,441080],[466160,441200],[466250,441500],[466270,441670],[466250,441760],[466150,441870],[466120,441970],[466190,442110],[466280,442190],[466330,442280],[466350,442400],[466340,442560],[466300,442690],[466320,442770],[466410,442820],[466840,442870],[467180,442990],[467530,443210],[467990,443530],[468047,443484],[468221,443462],[468393,443519],[468624,443626],[468852,443663],[469215,443695],[469205,443831],[469431,443933],[469480,444170],[469590,444070],[469700,444020],[469760,444020],[470040,443610],[470090,443480],[470060,443260],[470036,443210],[470147,443148],[470263,443114],[470408,443120],[470449,443319],[470550,443442],[470570,443409],[470588,443409],[470642,443461],[470773,443372],[470720,443660],[470760,443910],[470730,444010],[470740,444100],[470850,444210],[470845,444374],[469390,444930],[469530,445080],[469710,445430],[469710,445830],[469840,446210],[469910,446280],[470070,446290],[470190,446330],[470230,446410],[470220,446810],[470250,447120],[470290,447250],[470360,447400],[470470,447540],[470535,447718],[470830,447770],[470870,447820],[470910,447960],[470180,447959],[470204,448792],[470560,449010],[470620,449180],[470680,449250],[470730,449350],[470640,449400],[470600,449490],[470640,449860],[470580,450000],[470460,450190],[470460,450260],[470590,450420],[470620,450510],[470590,450570],[470590,450710],[470640,450800],[470660,450950],[470650,451150],[470560,451250],[470530,451400],[470590,451540],[470830,451770],[470880,452230],[470850,452480],[470680,452600],[470130,452930],[470090,453080],[470090,453270],[470150,453410],[470240,453530],[470270,453720],[470340,453920],[470410,454200],[470490,454650],[470470,454790],[471033,454785],[471070,454767],[471080,454421],[471119,454379],[471557,454151],[471608,454159],[472075,454425],[472716,454690],[473580,454910],[473720,455050],[473960,455240],[474101,455769],[474128,456100],[474129,456426],[474019,456470],[473534,456468],[473095,456403],[473040,456417],[472932,456491],[472740,456750],[472870,457220],[473090,457210],[473180,457180],[473329,457190],[473408,457256],[473384,457535],[473332,457803],[473480,457990],[473640,458090],[473680,458220],[473650,458350],[473570,458440],[473310,458610],[473150,458790],[473030,458990],[472990,459270],[472910,459380],[472940,459570],[472940,459900],[472970,460150],[472970,460310],[473060,460430],[473170,460510],[473280,460640],[473440,460790],[473540,460910],[473640,461100],[473880,460950],[474180,460820],[474380,460770],[475040,460690],[475370,460750],[476120,460700],[476240,459890],[476110,459950],[476050,459960],[475960,459910],[475680,459510],[475610,459500],[475890,459060],[476000,459060],[476130,459030],[476330,459070],[476324,458987],[476695,458996],[476817,458982],[476950,458998],[477178,458952],[477385,458961],[477691,459066],[478161,459140],[478497,459255],[478500,459324],[478732,459340],[478810,459750],[478890,459990],[479080,460130],[479250,460310],[479340,460520],[479500,460990],[479760,461310],[479839,461716],[479773,461760],[479450,461784],[479384,461815],[479395,462308],[479432,462387],[480183,462694],[480249,462694],[480259,462398],[480276,462360],[480359,462391],[480858,462753],[481160,462600],[481220,462480],[481190,462240],[481200,462080],[481410,461860],[481480,461740],[481770,461700],[481980,461730],[482320,461722],[482413,461891],[482554,462256],[482606,462287],[483300,462315],[483807,462298],[484027,462257],[484044,462171],[483817,461806],[483814,461757],[484120,461840],[484199,461826],[485292,461327],[485431,461303],[485913,461273],[485985,461333],[486251,461731],[486299,461773],[487577,461009],[487693,460974],[487890,460961],[487924,461097],[488019,461269],[488090,461350],[488020,461420],[487956,461669],[488121,461752],[488082,461887],[488192,461937],[488254,461946],[488832,462985],[487831,463891],[487996,463942],[488212,464064],[488574,464184],[488912,464251],[489610,464509],[489919,464524],[489898,464675],[490162,464623],[490506,464646],[490697,464724],[490831,464818],[491072,465040],[491181,465217],[491269,465474],[491313,465549],[491364,465599],[491413,467387],[491435,467457],[491476,467489],[491569,467503],[492641,467503],[492721,467510],[492766,467550],[492740,469502],[492503,470005],[491950,471052],[491919,471121],[491922,471187],[491978,471235],[492628,471571],[492682,471613],[492743,471713],[492743,471747],[492697,471798],[492276,472046],[492162,472142],[492160,472174],[492185,472227],[492254,472300],[492392,472392],[492451,472396],[493100,472134],[493173,472121],[493224,472129],[493274,472156],[493631,472568],[493637,472615],[493480,473013],[493480,473066],[493695,473664],[493706,473733],[493227,473805],[493192,473843],[493220,473905],[494008,474469],[494232,474750],[494438,475050],[494451,475145],[494438,475260],[494320,475660],[494370,475890],[494461,476503],[494235,478370],[494187,478532],[494199,478605],[494360,478590],[494610,478450],[494700,478430],[494890,478344],[495334,478368],[495400,478413],[495379,478878],[495340,479125],[495447,479188],[495485,479281],[495503,479279],[495524,479238],[495588,479291],[495660,479317],[495745,479305],[495824,479216],[496220,479320],[496428,479238],[496473,479196],[496485,479149],[496529,479168],[496575,479141],[496569,479099],[496621,479072],[496628,479022],[496650,479010],[496727,479103],[496747,479093],[496743,479066],[496812,479097],[496815,479134],[496897,479137],[496926,479209],[496889,479274],[496971,479275],[496969,479350],[497029,479321],[497075,479391],[497098,479398],[497158,479288],[497182,479288],[497206,479316],[497241,479307],[497434,479561],[497555,479682],[497583,479770],[497622,479794],[497606,479836],[497615,479856],[497687,479859],[497713,479893],[497764,479841],[497803,479880],[497820,479839],[497927,479856],[497927,479917],[497969,479909],[497998,479921],[498035,479944],[498044,479986],[498059,479990],[498134,479959],[498132,479905],[498154,479908],[498164,479893],[498151,479847],[498215,479818],[498238,479711],[498321,479650],[498360,479730],[498420,479790],[498520,479850],[498770,479960],[498850,480060],[499060,480200],[499180,480450],[499380,480470],[499951,480647],[500320,480810],[500367,480857],[500456,480841],[500606,480891],[500720,480957],[500801,480971],[500835,480941],[500933,480956],[500966,480930],[501034,480951],[501160,480924],[501239,481054],[501312,480981],[501358,480960],[501431,480996],[501454,480970],[501488,480963],[501524,481016],[501634,481095],[501796,481117],[501993,481046],[502010,480944],[502330,481020],[502981,480864],[503289,481063],[503660,481350],[504080,481240],[505060,480870],[505720,480670],[507390,480670],[507870,480730],[508390,481004],[509594,481371],[509738,481395],[510269,481244],[510293,480949],[510365,480623],[510486,480412],[511124,480044],[511985,480001],[511975,480111],[512478,480109],[512520,479661],[512557,479488],[512625,479285],[512769,478955],[512891,478725],[513041,478482],[513213,478243],[513511,477891],[513865,477546],[514447,477028],[514908,476644],[515419,476279],[515933,475987],[516168,475876],[516415,475790],[517339,475567],[518546,475323],[518862,475242],[519070,475169],[519564,474969],[519944,474786],[520146,474660],[520519,474346],[520708,474220],[520880,474133],[521434,473915],[522146,473479],[522442,473323],[522654,473236],[522882,473171],[523809,472975],[524030,472899],[524310,472777],[524604,472619],[524922,472424],[525750,471824],[525867,471721],[526003,471567],[526255,471177],[526337,470957],[526364,470700],[526326,470461],[526201,470180],[526083,470018],[525847,469792],[525536,469568],[525137,469328],[524677,469099],[524167,468876],[523844,468771],[523621,468723],[523339,468708],[522053,468769],[521892,468763],[521656,468725],[521283,468596],[520894,468411],[520450,468226],[520233,468107],[519985,467876],[519725,467546],[519527,467221],[519216,466623],[519045,466366],[518874,466191],[518448,465865],[518336,465731],[518193,465506],[517811,464685],[517715,464373],[517652,464041],[517584,463335],[517572,461660],[517552,460973],[517587,460318],[517651,459747],[517745,459290],[517904,458673],[518123,457365],[518338,456448],[518452,456096],[519191,454087],[519961,451839],[520284,451093],[520632,450121],[521055,449147],[521411,448102],[521604,447598],[522038,446662],[522367,446018],[523622,443874],[524582,442340],[524914,441873],[525807,440717],[526788,439304],[527405,438365],[528294,437115],[528974,436201],[529302,435646],[529515,435318],[530165,434451],[530616,433794],[531699,432366],[532430,431447],[533019,430622],[533949,429492],[534731,428478],[535424,427449],[535667,427159],[536298,426474],[536861,425797],[537197,425358],[537622,424701],[538111,424040],[538535,423504],[539019,422980],[539440,422460],[539747,422053],[540000,421669],[540201,421337],[540391,420982],[541217,419178],[541378,418685],[541461,418172],[541549,417876],[541725,417408],[542264,416244],[542484,415637],[542589,415254],[542708,414695],[542758,414379],[542766,414037],[542702,413648],[542645,413468],[542543,413225],[542419,412992],[542256,412740],[541935,412306],[541486,411791],[541066,411273],[540513,410482],[540350,410302],[540163,410162],[539984,410089],[539875,410073],[539766,410077],[539616,410118],[539506,410179],[539391,410291],[539323,410409],[539285,410532],[539273,410679],[539292,410814],[539343,410966],[539509,411236],[539800,411573],[540514,412485],[540790,412805],[541185,413197],[541418,413501],[541536,413739],[541600,413966],[541615,414189],[541567,414437],[541499,414586],[541410,414726],[541174,414996],[540461,415618],[540037,415961],[539549,416401],[539053,416741],[538566,417036],[537855,417448],[537377,417682],[537108,417796],[536851,417879],[536120,417999],[535679,418093],[534848,418345],[534682,418366],[534518,418362],[534288,418299],[533655,417920],[533410,417812],[533143,417741],[532406,417613],[531986,417469],[530810,416915],[529617,416414],[529068,416112],[528853,416044],[528568,416031],[527949,416070],[527056,416167],[526626,416247],[526070,416377],[525777,416479],[525522,416593],[525052,416852],[524687,417111],[524456,417313],[524070,417703],[523403,418285],[522145,419524],[521717,420066],[521190,420664],[520402,421641],[520025,422057],[519704,422360],[518926,423010],[517813,424064],[517094,424595],[516832,424832],[516695,424992],[516581,425158],[516337,425611],[516164,426079],[516030,426726],[515964,426857],[515848,426988],[515595,427183],[515231,427348],[514862,427546],[513908,427988],[513612,428088],[513411,428135],[513055,428183],[512745,428198],[512470,428196],[512044,428161],[511688,428101],[510632,427808],[510009,427567],[509374,427274],[507976,426517],[506876,426071],[506367,425905],[505580,425736],[505085,425595],[504668,425444],[503586,424990],[503017,424819],[502652,424754],[502361,424766],[502129,424827],[501719,425008],[501489,425082],[501170,425133],[500732,425138],[500357,425105],[499945,425026],[499171,424809],[498645,424637],[498422,424538],[498299,424455],[498242,424392],[498181,424244],[498152,423977],[498157,423587],[498192,423005],[498243,422760],[498316,422650],[498372,422623],[498514,422610],[498859,422671],[499312,422813],[499551,422934],[499807,423112],[500670,423804],[500896,423928],[501152,424008],[501529,424036],[502738,423998],[503646,424077],[504891,424139],[505271,424198],[505887,424329],[506490,424550],[507077,424731],[507320,424857],[507638,425114],[507858,425208],[508075,425234],[508429,425196],[508638,425215],[509040,425327],[509939,425660],[510171,425726],[511458,425902],[512074,426038],[512439,426054],[512932,426023],[513102,425983],[513268,425924],[513505,425791],[513695,425648],[513942,425415],[514201,425125],[514422,424836],[515043,423863],[515148,423655],[515365,423126],[515554,422730],[515703,422459],[516079,421849],[516550,421157],[516890,420763],[517290,420342],[517474,420118],[517676,419810],[518202,418912],[518477,418520],[518658,418308],[518755,418230],[518870,418173],[519205,418113],[519381,418056],[519516,417985],[519656,417881],[519771,417758],[519857,417618],[519907,417481],[519967,417228],[520018,417120],[520156,416970],[520341,416859],[520507,416806],[520638,416804],[521013,416975],[521135,417005],[521261,417010],[521388,416991],[521515,416947],[521661,416871],[521792,416774],[521912,416635],[521983,416471],[522005,416293],[521980,415896],[522015,415790],[522085,415691],[522596,415243],[523127,414673],[523298,414532],[523634,414292],[523807,414144],[524372,413531],[525521,412470],[525959,412112],[526508,411710],[526786,411559],[526902,411529],[527048,411527],[527116,411546],[527206,411602],[527459,411859],[527641,412001],[527811,412070],[528002,412088],[528183,412056],[528387,411968],[528565,411850],[528889,411595],[529099,411403],[529504,410980],[529796,410706],[530093,410456],[530717,409980],[530915,409788],[531132,409504],[531490,408927],[531598,408785],[532821,407500],[533148,407112],[533463,406797],[533601,406634],[533815,406295],[534028,405814],[534304,405276],[534399,405127],[534488,405039],[534575,405016],[534647,405057],[534734,405154],[534934,405434],[535085,405564],[535268,405638],[535460,405648],[535624,405615],[535815,405537],[536610,405063],[536837,404952],[537069,404863],[537302,404800],[537537,404759],[538247,404732],[538417,404710],[538563,404670],[538758,404560],[538909,404399],[539042,404152],[539106,403914],[539095,403670],[539005,403402],[538878,403219],[538616,402975],[538569,402878],[538571,402747],[538616,402616],[538693,402500],[538801,402412],[538963,402348],[539552,402183],[539636,402166],[539684,402173],[539679,402212],[539504,402451],[539423,402640],[539402,402859],[539449,403059],[539501,403158],[539581,403260],[539673,403342],[539795,403421],[540008,403501],[540244,403511],[540469,403458],[540786,403305],[541788,402723],[542293,402354],[542397,402315],[542716,402253],[542904,402177],[543179,401995],[543407,401793],[543535,401634],[543906,401054],[544303,400496],[544478,400193],[544689,399752],[545112,399017],[545339,398570],[545833,397748],[546068,397452],[546166,397295],[546252,397082],[546337,396696],[546582,396206],[546685,395951],[546819,395440],[546868,395315],[547007,395093],[547344,394658],[547559,394325],[548630,392512],[548856,392073],[548977,391755],[549098,391157],[549272,390710],[549387,390342],[549437,390074],[549458,389697],[549484,389558],[549860,388668],[549659,388512],[549495,388302],[549402,388403],[549375,388499],[548867,388191],[548792,388155],[548687,388154],[548661,388141],[548653,388051],[548587,387899],[548692,387821],[548736,387723],[548795,387674],[548799,387573],[548862,387524],[548916,387431],[548894,387373],[548993,387329],[549010,387276],[549073,387270],[549103,387240],[549089,387155],[549026,387122],[549050,387057],[549118,387007],[549214,386998],[549214,386811],[549058,386808],[548904,386584],[548904,386416],[548792,386416],[548549,386057],[548121,385514],[547531,384873],[546975,384519],[546615,384461],[546411,384302],[546411,383607],[545640,383607],[544992,383067],[544960,382979],[544738,382592],[544632,382455],[544613,382453],[544608,382406],[544518,382215],[544439,382077],[544316,381912],[544261,381804],[544134,381524],[543985,381100],[543933,380992],[543935,380944],[543906,380898],[543889,380722],[543781,380505],[543294,380505],[543294,380200],[543022,380085],[542703,379994],[542353,379980],[542233,379846],[542193,379752],[542096,379673],[542413,379596],[542435,379598],[542462,379634],[543019,379476],[543073,379419],[543124,379413],[543136,379336],[543231,379228],[543343,379051],[543378,378838],[543403,378778],[543422,378545],[543564,378513],[543585,378470],[543667,378475],[543613,378243],[543618,378210],[543555,378141],[543548,378014],[543566,377722],[543483,377537],[543372,377506],[543352,377481],[543218,377487],[543169,377433],[543205,377362],[543196,377315],[543140,377245],[542977,377148],[542814,376963],[542677,376967],[542493,376814],[542476,376780],[542479,376714],[542298,376506],[542279,376477],[542295,376468],[542273,376434],[541997,376111],[542100,375882],[542189,375623],[542129,375487],[542205,375325],[542196,375254],[542047,374975],[541973,374774],[541866,374802],[541302,374783],[540954,374822],[540983,374889],[540875,374991],[540773,375053],[540694,375220],[540766,375280],[540714,375370],[540653,375548],[540651,375673],[540698,375822],[540413,375892],[540179,375903],[539908,376006],[539770,376020],[539610,376007],[539330,376094],[539320,376083],[539259,376123],[539149,376244],[539086,376224],[539074,376184],[539000,376114],[538985,376081],[538997,376056],[538973,376033],[538956,376051],[538924,376043],[538784,376143],[538753,376137],[538726,376172],[538731,376204],[538598,376284],[538445,376345],[538275,376358],[538177,376392],[538081,376344],[538069,376358],[537998,376343],[537940,376362],[537892,376354],[537861,376361],[537856,376377],[537676,376366],[537658,376405],[537645,376542],[537604,376636],[537693,376743],[537609,376801],[537659,376928],[537736,377056],[537763,377164],[537862,377169],[537859,377190],[537849,377217],[537775,377266],[537711,377276],[537637,377311],[537357,377465],[537100,376942],[536907,377071],[536806,376876],[536782,376878],[536665,376942],[536654,376995],[536577,377051],[536522,377130],[536398,377205],[536361,377260],[536345,377249],[536296,377279],[536209,377279],[536210,377205],[536086,377295],[536011,377386],[535989,377449],[535868,377454],[535797,377538],[535797,377559],[535652,377573],[535652,377589],[535616,377591],[535609,377665],[535493,377673],[535385,377742],[535398,377771],[535335,377804],[535286,377782],[535253,377803],[535180,377790],[534931,377597],[534863,377564],[534850,377582],[534786,377567],[534703,377525],[534787,377111],[534824,376816],[534849,376767],[534923,376699],[534676,376683],[534477,376615],[534250,376566],[533991,376541],[533440,376305],[533375,376296],[533192,376318],[532761,376199],[532015,376084],[531860,376101],[531519,376230],[531320,376278],[531147,376361],[530996,376379],[530934,376412],[530923,376402],[530558,376809],[530350,377112],[530188,377238],[529939,377325],[529864,377385],[529830,377426],[529682,377721],[529644,377908],[529682,378183],[529674,378261],[529709,378788],[529698,378948],[529659,379127],[529654,379281],[529636,379323],[529499,379475],[529279,379617],[528939,379952],[528702,380122],[528502,380356],[528098,380935],[528016,381020],[527503,381455],[527376,381344],[527224,381242],[527288,381131],[527247,381117],[527158,381119],[527015,380827],[526260,381019],[526189,380682],[526152,380614],[526065,380649],[526012,380599],[525868,380510],[525885,380491],[525952,380537],[526078,380432],[525849,380249],[525741,380256],[525641,380411],[525609,380388],[525593,380409],[525541,380370],[525440,380443],[525249,380470],[524988,380365],[524829,380232],[524521,380597],[524473,380570],[524458,380575],[524394,380470],[524406,380456],[524273,380350],[524276,380331],[524301,380319],[524281,380291],[524310,380266],[524309,380232],[524347,380178],[524329,380153],[524340,380125],[524241,380055],[524231,380033],[524212,380042],[524200,379988],[524170,379977],[524171,379942],[524215,379901],[524224,379839],[524247,379845],[524247,379780],[524115,379656],[523946,379566],[523853,379421],[523668,379214],[523640,379127],[523618,379102],[523551,379092],[523460,379101],[523105,379171],[523000,379163],[523000,379330],[522023,379330],[521856,379253],[521779,379370],[521692,379451],[521456,379577],[521286,379701],[521289,379734],[521264,379766],[521103,379940],[520991,380026],[520900,380034],[520885,380052],[520690,379919],[520545,379885],[520454,379805],[520352,379820],[520230,379802],[520020,379645],[519931,379628],[519905,379582],[519744,379569],[519701,379546],[519669,379494],[519645,379503],[519524,379459],[519472,379479],[519390,379447],[519375,379418],[519341,379417],[519289,379440],[519258,379492],[519203,379495],[519162,379570],[519191,379628],[519272,379692],[519313,379790],[519327,379873],[519385,379905],[519321,379961],[519283,380026],[519215,380095],[519024,380360],[519175,380436],[519212,380473],[519097,380636],[519157,380652],[519037,380766],[518893,380868],[518847,380821],[518746,380919],[518737,381059],[518647,381303],[518667,381312],[518454,381823],[519078,382158],[516951,384000],[514810,384000],[514797,383970],[514810,383954],[514686,383812],[514669,383838],[514639,383820],[514644,383797],[514604,383800],[514590,383785],[514568,383798],[514566,383760],[514469,383708],[514397,383648],[514364,383648],[514352,383603],[513905,383266],[513824,383221],[513749,383309],[513468,382974],[513404,382920],[513493,382764],[513337,382437],[513412,382316],[513363,382287],[513318,382293],[513073,382515],[512902,382621],[512768,382759],[512473,383016],[512321,382862],[512096,382731],[511797,382612],[511705,382552],[511450,382431],[511301,382384],[511115,382298],[510862,382136],[510301,381933],[510276,382070],[510084,382398],[510033,382535],[509969,382626],[509976,382650],[509905,382790],[509854,382851],[509428,383635],[509436,383661],[509399,383707],[509412,383785],[509395,383863],[509325,383902],[509301,383936],[509065,383840],[508939,383751],[508819,384013],[508569,383868],[508389,383910],[508067,383835],[507935,383760],[507899,383705],[507672,383520],[507460,383852],[507422,383819],[507305,383998],[507122,383952],[507122,383935],[507078,383927],[506998,383950],[506889,383945],[506715,383854],[506571,383835],[506553,383836],[506539,383932],[506477,383947],[506237,383867],[506210,383854],[506207,383831],[505991,383783],[505857,383804],[505765,383793],[505696,383813],[505274,383744],[504986,383727],[504880,383741],[504855,383778],[504634,383743],[504414,383812],[504293,383818],[504128,383746],[503855,383703],[503823,383659],[503773,383717],[503726,383919],[503172,384176],[503066,384271],[503005,384305],[503005,384495],[502000,384495],[502000,383757],[501606,383671],[501540,383684],[501390,383667],[500958,383579],[500369,383496],[500369,383479],[500336,383469],[500017,383408],[499089,383275],[498618,383056],[498524,383049],[498391,383102],[498251,383083],[497835,382930],[497655,382881],[497470,382793],[497208,382738],[497083,382715],[497067,382985],[496135,382905],[495688,382845],[495332,382815],[494980,382810],[494594,382772],[494085,382753],[493396,382698],[493097,382703],[492253,382604],[492249,382584],[491700,382514],[491209,382483],[491209,381491],[490762,381491],[490700,381382],[490677,381251],[490680,381132],[490643,381112],[490555,381143],[490517,381053],[490433,380982],[490434,380947],[490476,380856],[490471,380767],[490498,380664],[490489,380459],[490524,380409],[490621,380333],[490678,380198],[490822,380114],[490792,379987],[490807,379884],[490791,379768],[490765,379701],[490695,379684],[490688,379572],[490654,379442],[490613,379364],[490600,379281],[490541,379216],[490424,379159],[490411,379076],[490380,379018],[490382,378973],[490466,378889],[490463,378809],[490480,378779],[490462,378753],[489878,378787],[489820,378893],[489697,378979],[489375,379009],[489132,379111],[488931,379153],[488691,379156],[488573,379139],[488449,379152],[487802,379110],[487729,379092],[487481,378977],[487208,378884],[486932,378828],[486930,378695],[486962,378529],[487015,378436],[487035,378355],[487003,378128],[487032,377980],[487020,377965],[487041,377621],[487077,377495],[487277,377166],[487390,376747],[487560,376741],[487744,376641],[487731,376584],[487803,376558],[487935,376524],[488129,376515],[488227,376433],[488244,376327],[488280,376253],[488295,376028],[488227,375884],[488216,375816],[488247,375462],[488276,375367],[488224,375337],[488258,375275],[487925,375119],[487932,375059],[488071,374832],[487827,374700],[487577,374598],[487503,374470],[487371,374359],[487359,374317],[487375,374236],[487270,374257],[487255,374237],[487173,374290],[487111,374295],[486000,374243],[486000,375294],[485499,375294],[485499,375000],[484496,375000],[484496,373450],[484541,373325],[484562,373198],[484519,373046],[484505,372624],[484319,372594],[484146,372593],[483686,372666],[483425,372671],[482836,372746],[482797,372784],[482612,372812],[482350,372836],[482109,372835],[482106,372897],[482064,372885],[481987,372902],[481777,372895],[481704,372909],[481725,372985],[481726,373090],[481622,373344],[481599,373469],[481634,373531],[481680,373558],[482042,373549],[482117,373571],[482156,373605],[482162,373635],[482139,373692],[482047,373797],[481984,373908],[481943,374282],[481945,374486],[481980,374594],[482121,374873],[482283,375246],[482490,375626],[482520,375753],[482513,375850],[482450,375948],[482216,376086],[481914,376349],[481775,376627],[481595,376804],[481565,376878],[481557,377015],[481618,377147],[481883,377460],[482257,377847],[482379,378056],[482435,378207],[482450,378308],[482417,378589],[482445,378680],[482524,378773],[482601,378790],[482671,378777],[482732,378734],[482786,378664],[482838,378480],[482825,378126],[482878,378048],[482946,378017],[483013,378009],[483221,378045],[483328,378101],[483392,378195],[483433,378377],[483474,378744],[483512,378925],[483504,379085],[483534,379196],[483588,379277],[483591,379314],[483576,379381],[483522,379484],[483241,379834],[483190,379936],[483143,380069],[483108,380435],[483109,381045],[483160,381181],[483355,381383],[483375,381471],[483361,381524],[483326,381565],[483229,381625],[483161,381640],[483062,381631],[482847,381552],[482769,381549],[482673,381580],[482600,381668],[482516,381850],[482314,382049],[482254,382146],[482247,382188],[482267,382284],[482335,382351],[482512,382440],[482589,382510],[482631,382631],[482640,382806],[482663,382906],[482805,383087],[482874,383236],[482865,383355],[482780,383492],[482689,383581],[482411,383763],[482341,383870],[482320,383933],[482336,384117],[482388,384288],[482441,384401],[482500,384472],[482661,384564],[482705,384625],[482729,384751],[482703,384839],[482609,384911],[482383,384952],[482325,384982],[482253,385057],[481798,385819],[481732,385921],[481674,385969],[481567,385983],[481514,385958],[481425,385867],[481366,385706],[481324,385664],[481248,385629],[481131,385646],[480880,385772],[480603,385810],[480554,385858],[480550,385916],[480600,386032],[480616,386122],[480564,386344],[480577,386442],[480715,386685],[480865,387087],[480925,387155],[481033,387234],[481288,387354],[481540,387408],[481569,387441],[481576,387478],[481553,387532],[481446,387635],[481105,388031],[480980,388117],[480719,388211],[480621,388262],[480552,388333],[480564,388382],[480604,388413],[480925,388437],[481024,388478],[481157,388562],[481295,388669],[481432,388826],[481452,388870],[481465,388984],[481447,389071],[481370,389060],[481274,389143],[481340,389144],[481349,389174],[481391,389174],[481407,389082],[481441,389094],[481415,389228],[481416,389511],[481362,389677],[481309,389759],[481230,389836],[480923,390056],[480792,390199],[480675,390418],[480489,390901],[480449,391049],[480457,391227],[480478,391290],[480616,391443],[480635,391518],[480628,391588],[480589,391631],[480540,391635],[480273,391537],[480156,391544],[479579,391833],[479471,391908],[479248,392121],[478990,392441],[478703,392735],[478653,392802],[478615,392900],[478621,392998],[478734,393383],[478739,393492],[478521,393981],[478423,394337],[478423,394396],[478457,394468],[478560,394531],[479015,394669],[479125,394721],[479222,394829],[479420,395131],[479506,395279],[479506,396224],[479359,396288],[479050,396381],[479044,396358],[478862,396401],[478574,396506],[474968,397213],[474862,396680],[474692,396664],[474612,396682],[474455,396682],[474046,396731],[473810,396694],[473552,396682],[473347,396691],[473095,396595],[472756,396574],[472470,396583],[472309,396519],[472151,396563],[472096,396541],[472055,396493],[472018,396590],[471933,396677],[471901,396760],[471789,396919],[471754,397002],[471805,397106],[472107,397378],[472107,399389],[471214,400502],[467972,400502],[467361,400111],[467431,399930],[467428,399819],[467279,399567],[467221,399595],[467127,399429],[467054,399479],[467020,399390],[466973,399390],[466591,399540],[466209,399592],[466117,399637],[466117,399567],[466036,399561],[466037,399537],[465973,399536],[465973,399718],[465928,399742],[465665,399741],[465677,399186],[465674,399172],[465630,399183],[465625,399075],[465493,399081],[465252,399126],[465181,399003],[465179,398921],[465129,398718],[465222,398659],[465304,398575],[465440,398378],[465583,398355],[465655,398317],[466002,398272],[466002,398000],[466873,398000],[467052,397971],[467118,397862],[467199,397795],[467412,397690],[467598,397282],[467450,396539],[466926,395603],[467093,395449],[466891,395149],[466858,395039],[466865,394964],[466851,394920],[466768,394738],[466697,394627],[466690,394505],[466718,394445],[466664,394085],[466639,394025],[466683,394012],[466800,393934],[466808,393809],[466503,393597],[466339,393571],[466220,393475],[466184,393463],[466064,393457],[465963,393476],[465878,393344],[465741,393350],[465709,393331],[465690,393277],[465712,393146],[465703,393108],[465568,393109],[465464,393018],[465422,393007],[465372,392940],[465418,392874],[465527,392834],[465592,392726],[465600,392620],[465364,392674],[465194,392626],[465194,392000],[465000,392000],[465002,391803],[464799,391803],[464799,391514],[464665,391561],[464630,391560],[464606,391538],[464572,391407],[464476,391381],[464492,391303],[464492,391102],[464298,391102],[464266,391054],[464157,391060],[464156,390997],[464116,390951],[464081,390947],[464061,390922],[464072,390828],[463979,390841],[463973,390826],[464008,390758],[463940,390776],[463913,390740],[463940,390682],[463963,390719],[464007,390681],[464004,390631],[463967,390648],[463929,390596],[463990,390596],[463963,390552],[464006,390554],[463996,390476],[464042,390406],[464074,390399],[464077,390424],[464117,390429],[464111,390327],[464130,390327],[464132,390348],[464154,390347],[464146,390303],[464193,390225],[464234,390194],[464198,390152],[464261,390036],[464295,390020],[464410,390070],[464531,389914],[464546,389850],[464525,389705],[464476,389560],[464387,389428],[464383,389398],[464402,389368],[464277,389205],[464133,388975],[464022,388675],[463949,388182],[463793,387733],[463693,387285],[463693,387194],[463668,387148],[463661,387090],[464018,386679],[463978,386541],[463988,386503],[463940,386390],[463960,386380],[463924,386282],[463914,386138],[463812,385944],[463696,385871],[463541,385683],[463317,385534],[463445,385330],[463660,385102],[464067,384625],[464476,383971],[464295,383932],[464217,383923],[464204,383936],[463825,383890],[463694,383862],[463582,383816],[463606,383763],[463562,383715],[463559,383683],[463614,383671],[463572,383633],[463598,383621],[463625,383566],[463573,383574],[463557,383546],[463472,383540],[463390,383495],[463346,383447],[463307,383305],[463201,383224],[463093,383189],[462934,383215],[462722,383190],[462602,383201],[462510,383174],[462424,383125],[462381,383059],[462434,382960],[462523,382922],[462563,382745],[462602,382655],[462689,382482],[462781,382359],[462324,382116],[462111,381967],[461867,381871],[461491,381655],[461373,381607],[461096,381434],[460900,381401],[460568,381473],[460231,381480],[459924,381459],[459800,381403],[459769,381586],[459615,381588],[459482,381620],[459061,381804],[458976,381911],[458771,381994],[458253,382267],[458171,382471],[457878,382441],[457821,382526],[457803,382615],[457818,382625],[457827,382900],[457732,382889],[457730,382966],[457586,382964],[457583,382862],[457448,382870],[457408,382693],[457228,382638],[457107,382627],[456785,382702],[456761,382719],[456622,382609],[456467,382553],[456172,382286],[456024,382129],[455976,382007],[455960,381901],[455784,381701],[455648,381681],[455508,381585],[455455,381572],[455458,381558],[455423,381536],[455395,381477],[455346,381450],[455313,381459],[455285,381380],[455236,381424],[455214,381381],[455152,381360],[455136,381296],[455041,381283],[455029,381159],[455052,381154],[455122,381046],[455073,380947],[454819,380943],[454743,380897],[454612,380896],[454551,380880],[454466,380818],[454402,380800],[454376,380649],[454395,380271],[454378,380203],[454319,380176],[454330,380151],[454268,380130],[454260,380025],[454197,379879],[454051,379861],[454053,379718],[454098,379614],[454040,379599],[453880,379492],[453717,379350],[453547,379278],[453462,379287],[453322,379209],[453315,379099],[453340,378998],[453328,378962],[453369,378899],[453115,378875],[453012,378882],[452896,378951],[452684,379015],[452608,379018],[452562,379014],[452477,378960],[452160,378859],[452059,378894],[451504,379267],[451504,379593],[451002,379593],[451002,379124],[450934,379072],[450823,378879],[450705,378766],[450612,378630],[450573,378618],[450524,378565],[450491,378558],[450465,378575],[450420,378574],[450352,378644],[450300,378670],[450213,378685],[450114,378654],[450077,378620],[450021,378600],[449804,378589],[449737,378664],[449647,378696],[449549,378761],[449393,378791],[449156,378954],[448931,378964],[448861,378991],[448827,379025],[448783,379167],[448686,379365],[448495,379532],[448466,379538],[448403,379455],[448328,379392],[448295,379381],[448015,379420],[447901,379411],[447807,379431],[447624,379362],[447314,379383],[447324,379417],[447304,379494],[447271,379546],[447084,380052],[447018,380551],[447020,380651],[447051,380779],[447121,380866],[447176,380901],[447338,380960],[447405,381022],[447434,381074],[447442,381131],[447464,381141],[447487,381266],[447459,381293],[447427,381299],[447426,381324],[447399,381326],[447362,381395],[447331,381386],[447306,381456],[447274,381449],[447260,381484],[447229,381484],[447156,381542],[447148,381551],[447170,381556],[447174,381575],[447078,381616],[447064,381665],[447021,381687],[447018,381715],[446997,381703],[446948,381712],[446948,381740],[446911,381742],[446879,381846],[446781,381962],[446760,381943],[446565,381957],[446315,382093],[446175,382092],[445899,382133],[445775,382114],[445646,382063],[445612,382035],[445521,382015],[445418,382079],[445357,382084],[445344,382074],[445379,382000],[445381,381960],[445262,381661],[445088,381543],[444939,381545],[444872,381572],[444828,381548],[444820,381503],[444754,381516],[444735,381540],[444561,381566],[444458,381622],[444362,381724],[444204,381742],[444123,381718],[444084,381761],[443996,381813],[443927,381779],[443867,381789],[443787,381772],[443692,381704],[443534,381654],[443342,381687],[443302,381720],[443187,381737],[442983,381845],[442806,381856],[442681,381813],[442654,381951],[442625,381994],[442656,382003],[442647,382053],[442596,382187],[442530,382133],[442318,382149],[442259,382181],[442219,382254],[442214,382464],[442247,382541],[442233,382611],[442101,382669],[442077,382715],[441932,382825],[441839,382819],[441647,382759],[441506,382686],[441352,382659],[441252,382684],[441160,382655],[440992,382531],[440949,382522],[440958,382492],[440854,382422],[440766,382295],[440721,382285],[440462,382356],[440444,382395],[440168,382461],[440056,382525],[439966,382556],[439861,382587],[439808,382580],[439625,382652],[439429,382853],[439307,382927],[439287,382883],[439241,382848],[439207,382705],[439181,382670],[439051,382787],[438933,382654],[438889,382671],[438812,382574],[438798,382583],[438784,382566],[438760,382585],[438699,382537],[438607,382427],[438497,382399],[438507,382364],[438495,382249],[438519,382197],[438557,382193],[438560,382174],[438594,382159],[438659,382150],[438650,382137],[438735,382048],[438734,381956],[438781,381906],[438809,381746],[438835,381694],[438812,381655],[438836,381509],[438827,381403],[438856,381286],[438851,381225],[438895,381083],[438915,381083],[438946,381016],[438966,381017],[438963,380931],[439005,380881],[439035,380783],[439033,380737],[439084,380692],[439103,380569],[439073,380543],[439074,380517],[439150,380404],[439148,380335],[439109,380346],[439052,380321],[438994,380333],[438966,380321],[438961,380360],[438922,380323],[438915,380349],[438877,380372],[438818,380345],[438813,380374],[438784,380364],[438697,380416],[438680,380405],[438648,380437],[438645,380421],[438623,380420],[438629,380436],[438600,380453],[438537,380427],[438530,380468],[438481,380448],[438477,380365],[438446,380345],[438438,380250],[438413,380206],[438357,380150],[438303,380080],[438281,380024],[438211,379960],[438202,379935],[438143,379925],[438105,379901],[438027,379813],[438018,379739],[438105,379525],[438271,379299],[438175,379217],[437939,379201],[437783,379262],[437608,379266],[437360,379199],[437287,379212],[437243,379185],[437067,379202],[437026,379216],[437004,379251],[436882,379219],[436836,379094],[436667,378944],[436643,378892],[436598,378853],[436591,378460],[436526,378381],[436522,378304],[436467,378192],[436479,378176],[436467,378139],[436488,378113],[436478,378045],[436501,378002],[436446,378027],[436453,378007],[436440,378000],[436331,378053],[436162,378054],[436100,378077],[436033,378066],[436024,378027],[436150,377962],[436142,377907],[436044,377908],[436031,377855],[436005,377858],[435984,377724],[435895,377501],[435852,377471],[435618,377420],[435657,377252],[435660,377097],[436516,377097],[436516,376496],[435485,376496],[435484,376420],[435431,376458],[435344,376481],[435295,376517],[435302,376545],[435282,376556],[435122,376584],[435091,376702],[435002,376706],[434952,376742],[434892,376753],[434864,376782],[434809,376773],[434718,376845],[434669,376829],[434618,376843],[434597,376866],[434549,376840],[434523,376853],[434490,376819],[434439,376806],[434431,376739],[434384,376687],[434359,376686],[434356,376723],[434335,376740],[434160,376823],[434107,376827],[433962,376783],[433935,376797],[433902,376790],[433722,376817],[433652,376792],[433495,376780],[433415,376755],[433242,376657],[433195,376603],[433091,376716],[433080,376777],[433013,376846],[432988,376912],[433011,376964],[432927,377306],[432849,377431],[432745,377530],[432436,377986],[432397,378088],[432469,378183],[432306,378309],[432233,378389],[431973,378702],[431916,378797],[431867,378772],[431852,378810],[431827,378818],[431782,379043],[431755,379085],[431770,379101],[431759,379122],[431791,379132],[431785,379161],[431810,379235],[431799,379271],[431775,379291],[431782,379326],[431733,379321],[431674,379367],[431625,379348],[431583,379358],[431568,379384],[431521,379364],[431506,379406],[431466,379407],[431453,379425],[431427,379405],[431424,379376],[431405,379371],[431394,379393],[431341,379367],[431340,379391],[431308,379357],[431314,379326],[431281,379312],[431290,379193],[431199,379094],[431209,379040],[431194,379012],[431201,378977],[431218,378968],[431196,378935],[431205,378906],[431151,378883],[431118,378829],[431082,378850],[431081,378801],[431058,378811],[430994,378772],[430960,378779],[430962,378750],[430942,378735],[430819,378749],[430801,378726],[430781,378741],[430768,378723],[430709,378746],[430688,378738],[430685,378765],[430663,378736],[430639,378733],[430607,378762],[430602,378788],[430475,378833],[430474,378857],[430452,378840],[430253,378966],[430212,378962],[430181,378984],[430140,378984],[430061,378910],[429854,378870],[429826,378888],[429770,378889],[429626,378812],[429561,378800],[429127,378848],[428956,378905],[428758,378920],[428354,378685],[427230,378644],[427035,378855],[426856,378959],[426834,379109],[426825,379485],[426002,379486],[426002,380614],[425384,380180],[425034,380009],[424909,379995],[424866,380013],[424824,380094],[424605,380391],[424555,380492],[424953,381000],[424882,381057],[424923,381359],[424977,381428],[425095,381529],[425170,381565],[425171,381658],[425269,381708],[425284,381760],[425263,381859],[425267,381923],[425419,382096],[425548,382163],[425624,382225],[425690,382386],[425766,382468],[425860,382695],[425933,382828],[425916,382985],[425952,382999],[426138,382999],[426224,382939],[426454,382911],[426672,382940],[426814,383019],[427290,383190],[427315,383211],[427351,383301],[425585,383868],[425019,383972],[424841,384165],[424679,384437],[424650,384439],[422870,385307],[422724,385394],[422484,385584],[422445,385639],[422464,385872],[422496,386034],[422486,386092],[422529,386285],[422502,386421],[422568,386525],[422596,386646],[422995,387293],[423096,387501],[422503,387501],[422458,387155],[421831,385871],[422042,385405],[422013,384676],[421939,384250],[421902,384121],[421855,384032],[421880,383947],[421957,383838],[421987,383698],[422007,383678],[421922,383570],[421851,383378],[421761,383222],[421749,383154],[421713,383091],[421723,383073],[421677,383046],[421588,382836],[421520,382778],[421523,382739],[421494,382716],[421477,382672],[421392,382582],[421363,382576],[421364,382555],[421311,382504],[421292,382455],[421217,382392],[421205,382345],[421070,382206],[421029,382194],[421040,382124],[420981,382130],[420849,382186],[420652,382238],[420510,382197],[419784,382198],[419784,382493],[418503,382493],[417929,381924],[417727,382017],[417768,382048],[417816,382053],[417831,382084],[417864,382084],[417885,382141],[417946,382126],[417924,382193],[417963,382159],[417993,382167],[417995,382218],[418041,382269],[418022,382280],[417992,382263],[417972,382295],[418007,382337],[418044,382347],[418056,382438],[417917,382393],[417717,382278],[417653,382277],[417596,382232],[417515,382221],[417481,382240],[417446,382219],[417412,382239],[417325,382229],[417187,382178],[417175,382153],[417032,382153],[417014,382124],[416948,382119],[416785,382034],[416662,382071],[416521,382243],[416447,382252],[416381,382151],[416364,382148],[416297,382211],[416264,382272],[416185,382293],[416132,382381],[416035,382386],[415699,382185],[415677,382154],[415670,382071],[415510,381846],[415094,381515],[414879,381313],[414641,381137],[414484,380968],[414282,380848],[414023,380620],[413644,380325],[413522,380253],[413344,380199],[412306,382789],[412213,383349],[411009,383395],[410202,382991],[408129,386321],[409520,387886],[408699,388916],[407694,389192],[406328,390495],[407056,391346],[407676,391588],[408244,392102],[409131,392227],[409043,393332],[409899,394099],[410038,394508],[409397,395259],[409458,395825],[410127,395929],[410583,396365],[411668,396395],[412087,396602],[412515,396898],[412631,397205],[412633,398060],[412722,398262],[413090,398308],[413814,398360],[414311,398553],[414615,398766],[414757,399204],[414798,399719],[414767,400105],[414440,400503],[413270,401686],[412241,401793],[412119,402419],[411992,402792],[411714,402928],[411482,402865],[411161,402736],[410903,402693],[409659,403900],[408769,404810],[407834,404821],[407215,405612],[406574,406099],[405659,406157],[405281,406278],[404914,406897],[404668,407095],[404139,407110],[403968,407254],[403936,407810],[403708,408243],[403395,408637],[403280,408846],[402555,409020],[402327,409408],[402167,409773],[401522,410343],[401174,410866],[400937,411399],[400492,412329],[398709,413364],[398437,413663],[398283,415035],[398177,415585],[397573,416013],[397462,416409],[397555,417252],[397775,417623],[397854,417988],[397842,418342],[397732,418504],[396933,419052],[396770,419204],[396732,419926],[396807,420362],[396824,420622],[396743,420802],[396560,420837],[396349,420831],[396117,420721],[395780,420464],[395172,419957],[394644,419572],[393884,419532],[393347,419562],[392688,419562],[392232,419633],[391958,419907],[391902,420161],[391900,420589],[391849,420797],[391526,420959],[391273,420928],[390979,420685],[390776,420482],[390634,420533],[390536,420811],[390589,421592],[390584,421831],[390496,422098],[390166,422202],[389621,422439],[388943,422584],[388839,422733],[388961,422890],[389360,422948],[389412,423050],[389289,423729],[388827,425164],[388810,425428],[388916,425679],[389151,425954],[389755,426270],[390181,426392],[390505,426625],[390617,426939],[390700,427725],[391123,428115],[391349,428268],[391453,428624],[391407,430943],[391275,431520],[391364,431881],[391774,432460],[391825,433180],[391916,433683],[392549,434342],[397090,436965],[397305,437256],[397305,439153],[397202,439394],[396810,439623],[396617,439907],[396566,440252],[396216,440356],[395774,440617],[395363,440982],[395036,441358],[394552,441581],[394636,441756],[394920,442042],[394961,442296],[394859,442529],[394505,442742],[394180,443107],[393836,443756],[393724,443878],[393158,443922],[392873,443736],[392550,443469],[392219,443296],[392005,443162],[389954,443250],[389629,443372],[389386,443575],[389175,443777],[388930,443858],[388658,443830],[388246,443557],[388131,443279],[387940,443018],[387615,442741],[387166,442520],[386702,442236],[386233,442039],[385517,441981],[385091,442194],[384736,442798],[384683,443330],[385134,443655],[385559,443918],[385661,444253],[385570,444598],[384901,445703],[384546,446941],[384229,447695],[384224,448289],[384312,448746],[384871,449202],[385380,449531],[385755,449663],[386161,449704],[386764,449952],[387904,450533],[387997,450704],[387879,451020],[387525,451715],[387416,452023],[387317,453056],[387449,453898],[387487,454612],[387427,455516],[387291,456316],[387359,456845],[387797,457410],[388477,457553],[388762,457568],[389127,457533],[389497,457458],[390668,456897],[390739,456929],[390834,457205],[390818,457559],[390672,458577],[390456,458815],[389965,459238],[389858,459656],[389868,460031],[389990,460301],[391447,461706],[392316,462855],[392631,463556],[392738,464088],[392831,464338],[393005,464535],[393178,464697],[393254,464825],[393335,465039],[393358,465317],[393329,465607],[393257,465804],[393089,466071],[392828,466389],[392611,466877],[392537,467252],[392497,467577],[392405,467901],[392243,468134],[392051,468327],[391767,468540],[390856,468682],[390459,468770],[390181,468921],[389954,469170],[389416,469500],[388814,469831],[388223,470242],[387509,470891],[386232,472229],[385664,472970],[385214,473669],[384961,474285],[384926,474731],[384834,474940],[384243,475676],[383818,476506],[383412,477173],[383024,477567],[382764,477764],[382480,477961],[382058,478163],[381676,478387],[381393,478585],[381230,478796],[381215,479139],[381281,479402],[381471,479727],[381755,480102],[382069,480455],[383174,481225],[383481,481570],[383592,481928],[383606,482425],[383496,483007],[383326,483368],[383213,483508],[383186,483515],[383278,483571],[383316,483554],[383650,483763],[383709,483772],[383809,483751],[384026,483773],[384238,483638],[384324,483632],[384426,483669],[384744,483976],[385082,483874],[385163,484078],[385500,483953],[385706,483951]]]]}},{"type":"Feature","properties":{"name":"South and Central Scotland","operator":"SP Energy Networks"},"geometry":{"type":"MultiPolygon","coordinates":[[[[225860,533350],[225930,533330],[225940,533340],[225960,533280],[225930,533180],[225860,533200],[225800,533180],[225790,533290],[225810,533340],[225860,533350]]],[[[226370,534250],[226330,534240],[226280,534270],[226300,534310],[226350,534330],[226420,534310],[226420,534280],[226370,534250]]],[[[226420,534410],[226370,534410],[226370,534500],[226440,534520],[226470,534430],[226420,534410]]],[[[226600,534460],[226550,534430],[226530,534440],[226520,534480],[226550,534530],[226600,534540],[226600,534460]]],[[[227700,629200],[227630,629160],[227540,629190],[227500,629260],[227490,629360],[227510,629400],[227680,629390],[227730,629330],[227730,629260],[227700,629200]]],[[[329910,681970],[329890,681920],[329830,681960],[329780,682010],[329800,682060],[329860,682080],[329890,682040],[329910,681970]]],[[[329780,682340],[329750,682250],[329610,682340],[329380,682780],[329190,682870],[329190,682990],[329280,683070],[329390,683210],[329440,683230],[329470,683210],[329480,683060],[329700,682740],[329780,682340]]],[[[366116,698807],[366039,698794],[365678,698987],[365562,699000],[365472,699052],[365459,699129],[365485,699155],[365459,699219],[365176,699387],[365124,699477],[365189,699644],[365176,699786],[365086,699928],[365140,700080],[365234,700119],[365306,700076],[365420,699850],[365330,699837],[365498,699657],[365807,699541],[365820,699438],[366000,699348],[366129,699245],[366077,699142],[365987,699103],[366348,698910],[366309,698820],[366142,698820],[366116,698807]]],[[[376470,726910],[376410,726910],[376380,726950],[376380,727030],[376450,727150],[376500,727130],[376540,727080],[376520,726950],[376470,726910]]],[[[347386,728370],[347506,728367],[347724,728404],[348763,728736],[349389,728898],[349749,729012],[349878,729033],[350026,729032],[350169,728999],[350320,728927],[350450,728833],[350665,728632],[350938,728315],[351052,728120],[351111,727969],[351160,727696],[351147,727317],[351080,726852],[350898,725850],[350797,724934],[350645,724238],[350637,724047],[350661,723380],[350610,722976],[350492,722638],[350029,721753],[349718,720941],[349610,720747],[349403,720435],[349383,720364],[349432,720304],[349762,720157],[349982,720022],[350134,719875],[350285,719655],[350414,719415],[350522,719142],[350659,718500],[350741,718220],[350852,717948],[350965,717768],[351109,717645],[351513,717458],[351788,717276],[351959,717121],[352071,716992],[352335,716603],[352432,716515],[352572,716448],[352730,716407],[352983,716370],[353380,716335],[353759,716325],[353978,716282],[354162,716199],[354438,716001],[354608,715902],[354853,715805],[355114,715745],[355410,715724],[355855,715782],[356081,715785],[356347,715741],[356853,715601],[357416,715603],[357664,715566],[357848,715504],[358035,715406],[358397,715136],[358528,715058],[358898,714902],[359319,714762],[359533,714653],[359698,714507],[359820,714323],[359898,714134],[360033,713658],[360182,713378],[360295,713249],[360680,712902],[361005,712490],[361276,712218],[361562,711876],[361846,711665],[362364,711357],[362535,711300],[363077,711188],[363306,711093],[363482,710955],[363707,710701],[363963,710464],[364124,710290],[364212,710171],[364282,710040],[364324,709918],[364344,709789],[364322,709562],[364258,709371],[364194,709238],[364021,708932],[363651,708374],[363228,707879],[363072,707750],[362891,707643],[362579,707511],[362167,707383],[362059,707330],[361943,707242],[361772,707058],[361503,706704],[361097,706295],[360733,705870],[360173,705339],[359815,705063],[358981,704568],[358847,704477],[358734,704377],[358575,704172],[358340,703748],[358221,703566],[358124,703450],[358008,703350],[357876,703269],[357665,703174],[357079,702979],[356929,702912],[356783,702797],[356478,702474],[356356,702386],[356229,702320],[356050,702257],[355621,702158],[355175,701984],[354699,701828],[354152,701689],[353492,701345],[351881,700631],[351467,700347],[351234,700159],[350833,699758],[350301,699159],[350154,699043],[350010,698976],[349813,698946],[349611,698972],[349213,699090],[348893,699242],[348837,699255],[348779,699226],[348588,699015],[348427,698914],[348222,698857],[347948,698852],[347758,698881],[347587,698948],[347454,699041],[347255,699232],[347126,699305],[346922,699324],[346543,699268],[346355,699258],[346187,699278],[346025,699333],[345912,699398],[345814,699479],[345552,699785],[345217,700011],[345086,700172],[345035,700302],[345018,700462],[345035,700622],[345100,700916],[345104,701024],[345062,701150],[344972,701272],[344779,701429],[344560,701543],[344256,701649],[343640,701824],[343082,701958],[342818,701999],[342216,701981],[341587,701931],[341120,701855],[340703,701743],[340434,701634],[340164,701469],[339677,701076],[339446,700846],[339261,700635],[338960,700232],[338686,699704],[338434,699391],[337959,698892],[337440,698493],[337011,697953],[336559,697502],[336315,697307],[336096,697193],[335906,697135],[335504,697076],[335358,697032],[335136,696896],[334844,696644],[334603,696349],[334300,695791],[334190,695665],[333953,695467],[333834,695339],[333701,695136],[333446,694671],[333353,694546],[333242,694430],[333092,694313],[332915,694217],[332701,694150],[332288,694080],[332130,693998],[331800,693676],[331294,693227],[330893,692702],[330639,692460],[330354,692275],[330046,692119],[329831,692035],[329425,691910],[329349,691863],[329260,691773],[328975,691393],[328862,691203],[328738,690904],[328670,690664],[328623,690416],[328590,690064],[328584,689139],[328554,688667],[328502,688366],[328287,687617],[328172,687349],[327820,686764],[327588,686247],[327481,686089],[327354,685963],[327176,685841],[326917,685728],[325069,685087],[324599,684976],[323533,684801],[323140,684779],[322990,684795],[322864,684831],[322684,684930],[322367,685194],[322102,685378],[321960,685449],[321795,685481],[321435,685458],[321068,685376],[320813,685273],[320656,685148],[320594,685033],[320394,684366],[319911,683076],[319860,682895],[319834,682718],[319857,682549],[319970,682309],[320360,681758],[320370,681780],[320415,681784],[320429,681743],[320396,681710],[321046,680829],[321194,680567],[321242,680424],[321258,680241],[321218,680039],[321136,679847],[320746,679113],[320689,678892],[320697,678826],[320726,678764],[320833,678654],[320977,678555],[321576,678233],[322019,678026],[322323,677942],[322505,677937],[322732,677985],[322891,678064],[323222,678286],[323495,678395],[323770,678438],[324033,678404],[324230,678329],[324387,678222],[324561,678033],[324776,677735],[324818,677700],[324870,677686],[324944,677710],[324990,677745],[325223,677979],[325442,678150],[325754,678348],[326050,678507],[326243,678590],[326439,678639],[326602,678638],[326758,678593],[326916,678498],[327273,678206],[328003,677686],[328223,677507],[328346,677381],[328735,676913],[329514,676247],[330041,675620],[330592,675037],[330867,674771],[331267,674451],[331646,674188],[331900,674046],[332129,673963],[333176,673696],[333359,673672],[333567,673671],[333744,673700],[334004,673815],[334186,673936],[334548,674256],[334769,674380],[334954,674438],[335167,674463],[335392,674456],[335689,674413],[336300,674271],[336467,674264],[336630,674288],[336867,674367],[337336,674591],[337812,674757],[338304,675010],[338432,675097],[338588,675235],[338973,675730],[339153,675920],[339361,676075],[339523,676158],[340122,676362],[340579,676454],[340978,676480],[341869,676461],[342140,676484],[342396,676539],[342620,676623],[342822,676737],[342991,676870],[343352,677209],[343500,677392],[343609,677773],[343709,677968],[343868,678148],[344255,678468],[344361,678644],[344390,678795],[344385,678900],[344229,679465],[344197,679791],[344207,680029],[344234,680198],[344308,680388],[344370,680484],[344488,680608],[344652,680718],[344869,680809],[345078,680863],[345428,680927],[345598,680942],[345823,680924],[346075,680863],[346123,680879],[346123,680928],[346087,681021],[345900,681347],[345811,681540],[345738,681774],[345709,681937],[345695,682282],[345715,682886],[345750,683122],[345820,683291],[345883,683378],[345962,683452],[346155,683560],[346497,683663],[346973,683708],[347129,683744],[347345,683838],[347523,683983],[347668,684193],[347890,684703],[348780,686366],[348883,686523],[348982,686640],[349083,686728],[349213,686813],[349567,686979],[350683,687420],[351056,687552],[351290,687604],[351450,687613],[351743,687589],[353120,687339],[353414,687302],[353609,687297],[353996,687355],[355152,687649],[355375,687680],[355547,687678],[355757,687632],[355993,687520],[356230,687365],[357396,686524],[358118,686138],[358439,685948],[358524,685918],[358611,685913],[358678,685929],[358740,685966],[358898,686159],[359037,686410],[359568,687495],[359660,687653],[359783,687819],[359943,687956],[360146,688051],[360322,688080],[360438,688072],[360542,688044],[360667,687976],[360783,687861],[360880,687694],[360942,687526],[361032,687127],[361310,685495],[361376,685219],[361437,685046],[361505,684918],[361847,684411],[362117,683893],[362451,683406],[362817,682651],[363091,682262],[363200,682146],[363319,682052],[363518,681958],[363878,681893],[364039,681842],[364193,681749],[364301,681627],[364375,681453],[364385,681276],[364343,681099],[364159,680681],[364151,680588],[364197,680501],[364273,680459],[364598,680381],[364789,680290],[364932,680186],[365414,679763],[365629,679612],[365769,679554],[365873,679554],[366377,679779],[366822,679939],[367039,679983],[367341,679975],[368171,679855],[368351,679787],[368502,679686],[368628,679552],[368805,679274],[368890,679175],[369034,679068],[369191,678986],[369469,678875],[369690,678810],[370354,678773],[370541,678728],[370750,678652],[370900,678568],[371032,678462],[371185,678300],[371408,677999],[371507,677915],[371570,677886],[371834,677848],[372350,677861],[372493,677831],[372635,677763],[372749,677668],[372850,677532],[373078,676981],[373158,676861],[373238,676781],[373420,676651],[373619,676538],[374230,676264],[374400,676133],[374673,675847],[375182,675631],[375335,675532],[375453,675426],[375550,675307],[375644,675148],[375717,674974],[375858,674548],[376012,674252],[376221,673958],[376521,673663],[377102,673238],[378225,672661],[378712,672321],[379249,672062],[379416,671921],[379637,671644],[379748,671570],[380097,671495],[380363,671460],[381156,671516],[381431,671492],[381619,671432],[381996,671249],[382670,671036],[383099,670860],[383502,670773],[383785,670749],[384045,670775],[384308,670870],[384526,670992],[384951,671275],[385304,671426],[385627,671505],[386000,671566],[386215,671579],[386406,671561],[386896,671428],[387168,671313],[387350,671197],[387533,671054],[388055,670580],[388562,670346],[389195,669994],[389551,669837],[390029,669687],[390286,669666],[390460,669704],[390745,669854],[390918,669922],[391105,669960],[391289,669967],[391459,669944],[391632,669892],[391771,669821],[391891,669729],[392006,669598],[392146,669377],[392381,668930],[392498,668617],[392542,668384],[392572,667960],[392668,667632],[392699,667439],[392695,667251],[392631,666827],[392629,666683],[392710,666411],[392848,666139],[392938,666049],[393058,665969],[393355,665844],[393638,665802],[394628,665770],[394825,665734],[394992,665674],[395177,665556],[395367,665371],[395673,664980],[395867,664675],[396025,664317],[396108,663984],[396150,663542],[396138,662941],[396242,662170],[396349,661714],[396427,661526],[396558,661312],[396655,661192],[396917,660932],[397081,660671],[397175,660422],[397323,659865],[397520,659379],[397633,659028],[397705,658854],[397842,658639],[398587,657724],[398727,657483],[398918,657075],[399584,656145],[399860,655810],[400180,655519],[400406,655285],[400614,655007],[400706,654824],[400932,654271],[401032,653834],[401202,653311],[401308,653082],[401494,652779],[401558,652611],[401576,652469],[401565,652332],[401441,651961],[401423,651846],[401437,651715],[401494,651547],[401643,651307],[402177,650681],[402489,650241],[402839,649893],[402949,649764],[403071,649572],[403305,649134],[403480,648936],[403889,648557],[404023,648395],[404382,647901],[404897,647394],[405083,647251],[405858,646780],[406478,646360],[406782,646093],[407374,645466],[407580,645269],[407728,645155],[407984,645018],[408443,644839],[409473,644476],[409756,644390],[410237,644276],[410763,644077],[411015,644017],[411259,644007],[411618,644069],[411806,644129],[412379,644366],[412547,644415],[412712,644439],[413177,644428],[413572,644350],[413923,644320],[414096,644272],[414234,644190],[414342,644072],[414414,643939],[414471,643742],[414494,643532],[414500,643224],[414463,642406],[414480,642206],[414550,641796],[414561,641601],[414542,641344],[414434,640669],[414212,640770],[413932,640996],[413846,641037],[413646,641091],[413305,641126],[412828,641126],[412490,641089],[412294,641032],[412141,640933],[411956,640739],[411674,640517],[411426,640264],[411260,640179],[410789,640025],[410635,639928],[410430,639758],[410259,639679],[410064,639620],[410140,639500],[409896,639334],[409669,639130],[409579,638910],[409535,638628],[409390,638407],[409263,638294],[408805,638017],[408366,637787],[407969,637600],[407248,637370],[406393,637140],[406131,637088],[405849,637071],[405522,637078],[404910,637176],[404789,637225],[404741,637294],[404755,637380],[404803,637473],[404817,637545],[404799,637624],[404711,637717],[404611,637762],[404471,637755],[404340,637712],[404225,637643],[403314,636749],[403166,636652],[401906,636118],[401295,635931],[400929,635874],[400610,635897],[400456,635943],[400277,636029],[399823,636344],[399259,636927],[398885,637196],[398432,637423],[397986,637493],[397849,637490],[397769,637456],[397701,637384],[397640,637290],[397495,636960],[397503,636184],[397492,636101],[397470,636058],[397404,636024],[397145,635952],[396541,636003],[396381,635997],[396226,635940],[396200,635887],[396208,635822],[396539,635421],[396542,635352],[396261,635118],[395810,634884],[395706,634780],[395655,634629],[395603,634374],[395620,634050],[395759,633767],[395794,633635],[395798,633456],[395725,633242],[395613,633164],[395498,633156],[394864,633416],[394615,633497],[394086,633505],[393956,633435],[393801,633189],[393709,633126],[393203,633120],[392952,632859],[392838,632773],[392762,632752],[392360,632807],[392081,632817],[391847,632800],[391768,632748],[391685,632655],[391396,632057],[391340,631967],[391276,631931],[391213,631927],[391138,631961],[390826,632155],[390555,632384],[390232,632696],[390068,632889],[390029,632979],[390029,633058],[390184,633388],[390228,633716],[390194,633971],[390149,634043],[389793,634283],[389611,634317],[389432,634317],[389366,634331],[389308,634365],[388740,634895],[388602,634990],[388549,635006],[388407,635008],[388087,634972],[387942,634938],[387804,634879],[387715,634800],[387646,634679],[387519,634293],[387349,633537],[387266,633282],[387201,633144],[386974,632820],[386857,632600],[386670,632135],[386605,632077],[386453,631998],[386364,631991],[386154,632035],[386088,632035],[386009,631984],[385404,631112],[385363,631002],[385388,630281],[385350,630136],[385295,630036],[384829,629381],[384739,629163],[384780,628984],[384929,628724],[385247,628378],[385434,627948],[385347,627647],[385353,626952],[385365,626740],[385441,626544],[385468,626347],[385461,626192],[385360,625220],[385310,624990],[385290,624710],[385413,624363],[385551,624153],[385778,623970],[385862,623874],[386054,623826],[386281,623743],[386593,623132],[387287,621898],[387335,621778],[387096,621012],[387156,620904],[387275,620832],[387503,620365],[388120,620360],[388764,620084],[389040,619910],[389330,619780],[389540,619710],[389650,619580],[389640,619380],[389240,619170],[388880,619110],[388670,619050],[388147,618727],[388202,618387],[388306,618084],[388237,617904],[388030,617683],[387947,617489],[387947,617268],[387919,617130],[387919,616978],[387836,616701],[387712,616563],[387408,616328],[387297,616106],[386744,615802],[386080,615484],[386039,615387],[385748,615318],[385596,615373],[385472,615110],[385154,615276],[385071,615373],[384642,615415],[383979,615401],[383702,615456],[383661,615069],[383592,615014],[383370,615166],[383149,615207],[383011,615180],[382928,615110],[382803,614806],[382679,614848],[382486,614875],[382389,614834],[382195,614502],[381974,614350],[381587,614211],[381601,614018],[381545,613879],[381518,613603],[380546,612957],[380470,612688],[380317,612729],[380070,612730],[379850,612750],[379670,612810],[379642,612737],[379337,612728],[379053,612937],[378846,612747],[378989,612124],[378840,612150],[378640,612070],[378558,611974],[378250,611758],[378280,611630],[378410,611440],[378760,611050],[378900,610830],[378891,609951],[379185,609739],[378792,609348],[378176,608833],[378716,608151],[378416,607966],[377605,607671],[376550,607020],[376180,606600],[375900,606380],[375450,606150],[375162,606088],[374920,606190],[374912,606330],[374831,606604],[374623,606881],[374320,607149],[374018,607268],[373770,607320],[373350,607270],[373050,607160],[372830,607140],[372580,607200],[372300,607310],[371946,607338],[371620,607210],[371340,606990],[371020,606870],[370788,606851],[370511,606695],[369956,607024],[369740,606960],[369440,606800],[369111,606531],[368954,606368],[368707,606054],[368452,605443],[368245,605247],[368262,604913],[367806,604310],[367521,604085],[367107,603360],[366762,603208],[366420,603309],[365633,602968],[365165,602548],[364621,602786],[364598,602412],[364726,602066],[364278,601574],[364144,601175],[363673,600894],[363691,600461],[362935,600000],[362377,599700],[362067,599369],[361655,599194],[361405,598967],[361108,598417],[360903,598285],[360660,597840],[360402,597237],[360221,597139],[360301,596886],[360268,596630],[359270,596460],[359380,596290],[359690,596110],[360257,595486],[360412,595375],[360634,595275],[360911,595225],[361116,595137],[361225,594968],[361170,594930],[361060,594890],[360950,594910],[360898,594961],[360820,595000],[360730,594990],[360200,594830],[360040,594730],[360000,594660],[360020,594510],[359940,594200],[359970,594100],[359960,593980],[359920,593840],[359820,593650],[359840,593560],[359800,593320],[359680,593030],[359725,592541],[359928,592345],[359446,592231],[359284,592055],[358861,591929],[358119,591936],[357760,592090],[356887,590554],[356551,590052],[356590,589880],[356580,589740],[356640,589540],[356620,589400],[356420,589220],[356390,588940],[356250,588570],[356130,588490],[356050,588390],[356030,588320],[355890,588210],[355790,587940],[355660,587720],[355360,586940],[355240,586780],[355180,586750],[354700,586710],[354100,586440],[353970,586350],[353630,586330],[353410,586230],[353240,586090],[353160,585790],[353050,585690],[352870,585650],[352780,585500],[352620,585400],[352570,585310],[352400,585110],[352240,585020],[351690,584790],[351400,584600],[351260,584570],[351150,584470],[351040,584340],[350970,584290],[350870,584270],[350670,584180],[350590,584080],[350450,584010],[350330,583880],[350190,583790],[350050,583580],[350000,583460],[349860,583380],[349710,583320],[349650,583200],[349510,583230],[349380,583140],[349230,583100],[348970,583090],[348760,582900],[348550,582880],[348360,582880],[347750,583090],[347488,583154],[347464,582970],[347280,582690],[347110,582520],[347000,582340],[347030,582130],[347320,581760],[347300,581440],[347050,581160],[346930,581130],[346490,581230],[346390,581180],[346440,581010],[346580,580840],[346620,580660],[346550,580640],[346420,580700],[346270,580650],[346140,580500],[346070,580360],[346170,580200],[346110,580120],[345810,580040],[345720,579890],[345600,579790],[345430,579780],[344930,579520],[344860,579540],[344670,579540],[344470,579470],[344440,579360],[344450,578890],[344320,578560],[344090,578290],[344010,578260],[343810,578310],[343660,578320],[343550,578250],[343530,578130],[343730,578030],[343770,577920],[343656,577791],[343772,577648],[343576,577524],[343459,577541],[343450,577530],[343210,577590],[343050,577390],[343030,576920],[342780,576320],[342440,576250],[342270,576280],[342090,576250],[341850,576490],[341780,576520],[341700,576480],[341600,576330],[341340,575790],[340940,575600],[340260,575590],[340080,575450],[339910,575100],[339930,574880],[340020,574670],[340080,574570],[340110,574410],[340030,574350],[339870,574310],[339730,574240],[339630,574260],[339470,574151],[339470,574220],[339360,574420],[339180,574470],[339020,574390],[338810,574180],[338670,574160],[338530,574090],[338370,574050],[337840,574040],[337515,574072],[337119,573952],[336768,574111],[336255,574154],[336041,574274],[335734,574332],[335325,574336],[334954,574377],[334573,574543],[334192,574546],[333904,574572],[333666,574534],[333498,574395],[333320,574140],[333050,574000],[333010,573760],[332860,573270],[332850,573130],[332930,573130],[332990,573200],[333080,573200],[333140,573140],[333310,573120],[333400,573130],[333450,573070],[333380,572950],[333480,572780],[333690,572830],[333760,572830],[333770,572700],[333690,572570],[333750,572450],[333810,572470],[333880,572370],[333920,572250],[334020,572200],[334070,572270],[334140,572230],[334230,572060],[334440,571950],[334580,571830],[334550,571770],[334240,571650],[334200,571360],[334090,571300],[334000,571200],[334270,570760],[334290,570660],[334060,570590],[333910,570370],[333810,570370],[333710,570273],[333715,570222],[333756,570152],[333750,570109],[333618,570076],[333572,570047],[333560,570000],[333550,569890],[333570,569800],[333650,569660],[333570,569610],[333480,569610],[333480,569510],[333410,569420],[333320,569380],[333265,569302],[333230,569200],[333240,569080],[333210,569080],[333140,569000],[333050,568940],[333020,568890],[333020,568690],[333060,568630],[333130,568600],[333200,568650],[333290,568600],[333244,568486],[333289,567910],[333418,567875],[333454,567801],[333469,567719],[333310,567610],[333150,567590],[332900,567420],[332870,567360],[332840,567131],[332781,567018],[332704,566952],[332626,566832],[332620,566653],[332579,566367],[332461,566226],[332186,566001],[331960,565728],[331687,565500],[331462,565226],[331236,565048],[331215,565072],[331092,565042],[330951,564969],[330623,564749],[330498,564698],[330371,564673],[330261,564672],[330131,564693],[329672,564855],[329526,564883],[329290,564883],[329021,564825],[328912,564777],[328737,564665],[328223,564233],[327921,564018],[327095,563527],[326935,563460],[326768,563424],[326482,563432],[326202,563516],[325965,563647],[325248,564109],[325015,564222],[324680,564355],[323606,564682],[323235,564763],[323007,564788],[322850,564787],[322654,564752],[321666,564446],[321376,564336],[321020,564131],[320849,564082],[320726,564078],[320594,564103],[320446,564165],[320168,564330],[320090,564352],[319983,564348],[319890,564314],[319810,564260],[319547,563978],[319365,563842],[319160,563766],[318921,563748],[318731,563772],[318443,563843],[317119,564258],[316861,564389],[316405,564702],[316139,564858],[315744,565041],[315511,565106],[315360,565110],[315281,565093],[314707,564853],[314413,564772],[314206,564751],[313807,564756],[313642,564744],[313433,564694],[312997,564535],[312789,564492],[312534,564484],[312267,564520],[312022,564592],[311518,564820],[311312,564886],[310982,564945],[310216,565013],[310052,565048],[309863,565114],[309619,565242],[309356,565415],[309176,565571],[308741,566022],[308642,566103],[308526,566148],[308460,566133],[308385,566090],[308209,565938],[307741,565407],[307528,565210],[306979,564831],[306661,564655],[306478,564591],[305928,564452],[305131,564132],[304756,564012],[304469,563973],[303436,563932],[302713,563985],[302401,564036],[302080,564148],[301659,564382],[300724,565002],[300504,565172],[300305,565360],[300122,565572],[299970,565803],[299865,566015],[299756,566325],[299706,566381],[299587,565941],[299324,565474],[299259,565281],[299249,565119],[299276,564953],[299463,564509],[299517,564332],[299549,564110],[299545,563878],[299504,563634],[299362,563152],[299277,562913],[299027,562316],[298927,562004],[298874,561660],[298876,561300],[298922,560961],[298970,560807],[299028,560701],[299167,560568],[299583,560264],[299692,560135],[299782,559963],[299846,559755],[299966,559243],[300265,558296],[300292,558068],[300264,557850],[300187,557613],[300103,557422],[299844,556997],[299575,556437],[299402,556176],[299273,556028],[299149,555915],[298940,555767],[298435,555460],[298333,555377],[298278,555305],[298245,555178],[298256,554795],[298232,554515],[298163,554254],[298030,553994],[297832,553733],[296437,552035],[296238,551810],[296096,551675],[295958,551578],[295816,551514],[295649,551480],[295503,551487],[295364,551530],[295220,551616],[295086,551731],[294955,551896],[294863,552085],[294803,552314],[294584,553824],[294511,554204],[294415,554444],[294306,554547],[294163,554603],[293998,554637],[293541,554674],[292851,554683],[292002,554631],[291706,554643],[291528,554694],[291370,554788],[291250,554903],[291090,555120],[291028,555171],[290900,555187],[290683,555128],[289954,554784],[289784,554670],[289003,553939],[288849,553744],[288704,553458],[288623,553333],[288502,553201],[288348,553084],[287829,552821],[287333,552454],[287097,552316],[286886,552247],[286505,552199],[286181,552120],[285933,552023],[285764,551910],[285635,551774],[285463,551541],[284492,550046],[284174,549618],[283977,549417],[283690,549161],[282593,548216],[282290,547983],[282064,547858],[281815,547785],[281591,547766],[281004,547787],[280880,547773],[280757,547730],[280665,547663],[280597,547574],[280405,547159],[280288,546965],[280122,546782],[279912,546630],[279742,546542],[279347,546409],[278900,546205],[278267,546026],[278071,545952],[277862,545831],[277541,545583],[277274,545433],[276681,545182],[275877,544932],[275659,544841],[274980,544356],[274745,544154],[274621,543982],[274462,543674],[274369,543529],[274252,543399],[274053,543242],[273816,543105],[273575,543013],[273097,542899],[272700,542841],[272381,542843],[271997,542926],[271726,543009],[271369,543177],[271258,543211],[271134,543210],[270757,543152],[270575,543145],[269644,543243],[269405,543206],[268933,543071],[268555,542985],[266641,542633],[266161,542564],[265808,542569],[265488,542630],[265197,542714],[264557,542940],[264334,543052],[264183,543174],[264059,543325],[263962,543500],[263839,543816],[263778,543913],[263622,544044],[263427,544144],[263300,544174],[263201,544171],[262677,544011],[262506,543993],[262339,544002],[262135,544047],[261569,544227],[261251,544369],[261039,544498],[260901,544624],[260801,544759],[260591,545120],[260491,545226],[259313,546135],[257420,547642],[257215,547820],[256879,548163],[255766,549364],[254882,550279],[254468,550694],[254192,550929],[253565,551365],[253299,551502],[252849,551664],[252165,551797],[251874,551908],[251339,552265],[250749,552523],[250023,552929],[249423,553352],[248880,553671],[248210,554167],[248081,554302],[247984,554463],[247725,555229],[247610,555466],[247496,555605],[247422,555665],[247065,555842],[246944,555922],[246856,556009],[246791,556114],[246750,556232],[246731,556388],[246769,556861],[246765,557102],[246740,557239],[246676,557386],[246566,557494],[246361,557551],[246114,557549],[245854,557485],[245573,557350],[245163,557113],[244975,556972],[244850,556836],[244729,556623],[244511,556067],[244448,555870],[244417,555633],[244424,555439],[244459,555285],[244508,555184],[244709,554909],[244811,554734],[244907,554509],[245082,554004],[245118,553760],[245108,553121],[245169,552652],[245298,552125],[245527,551542],[245639,551102],[245708,550987],[245770,550925],[245858,550871],[246305,550711],[246681,550548],[247621,550241],[247789,550148],[248155,549889],[248913,549545],[249124,549414],[249272,549265],[249528,548932],[249682,548698],[249805,548472],[249907,548226],[249992,547935],[250044,547644],[250058,547417],[250043,547187],[249983,546897],[249898,546651],[249777,546433],[249649,546277],[249517,546168],[249378,546089],[249055,545949],[248957,545883],[248859,545736],[248820,545561],[248751,544667],[248787,544548],[248984,544229],[249041,544039],[249051,543853],[249011,543342],[249022,542857],[248986,542653],[248840,542158],[248567,541545],[248460,541227],[248433,540994],[248443,540482],[248350,539882],[248343,539710],[248393,539270],[248467,539060],[248562,538952],[248822,538791],[248949,538682],[249062,538531],[249133,538361],[249217,537948],[249241,537692],[249203,537341],[249137,537067],[249025,536798],[248718,536275],[248577,535852],[248493,535679],[248038,535090],[247859,534884],[247662,534697],[247296,534403],[246944,534068],[246775,533940],[246122,533612],[245959,533559],[245724,533521],[245363,533525],[245047,533564],[244772,533638],[244536,533743],[243662,534287],[242859,534952],[242102,535448],[241687,535636],[240996,535849],[240059,536180],[239730,536332],[238991,536817],[238207,537437],[237669,537838],[237334,538137],[236993,538589],[236811,538772],[236626,538888],[236161,539072],[236054,539141],[235964,539229],[235881,539366],[235834,539521],[235800,540044],[235733,540182],[235677,540241],[235521,540343],[235356,540408],[235100,540467],[234672,540528],[234477,540586],[234290,540695],[234150,540846],[234013,541094],[233883,541437],[233793,541732],[233681,542246],[233613,542461],[233284,543012],[233168,543271],[233120,543544],[233153,544034],[233126,544190],[233078,544287],[232979,544428],[232723,544751],[232592,544890],[232495,544964],[232161,545156],[231861,545399],[231710,545497],[231537,545583],[230940,545820],[230526,546068],[230259,546273],[229677,546782],[227618,548296],[227435,548466],[227198,548746],[226517,549642],[226013,550335],[225854,550509],[225664,550651],[225413,550761],[225145,550833],[224600,550933],[223943,551027],[223471,551140],[223266,551145],[222742,551059],[222600,551061],[222470,551082],[222206,551192],[221676,551515],[221241,551759],[221122,551856],[220993,551994],[220700,552399],[220567,552678],[220408,553137],[220313,553357],[220196,553527],[219897,553826],[219770,553993],[219609,554328],[219416,554820],[219299,555001],[219171,555096],[218950,555168],[218252,555275],[217797,555372],[217688,555369],[217585,555298],[217209,554817],[217093,554714],[216948,554616],[216532,554412],[215197,553849],[214656,553601],[214268,553377],[213595,552885],[213356,552731],[212843,552460],[212075,552118],[211947,552042],[211864,551964],[211794,551871],[211515,551335],[211373,551116],[210639,550251],[210517,550032],[210461,549881],[210434,549671],[210488,549489],[210879,548910],[211027,548584],[211142,548139],[211264,547420],[211343,547064],[211418,546834],[211626,546377],[211660,546118],[211634,545612],[211657,545386],[211691,545237],[211755,545096],[211959,544733],[212055,544506],[212135,544253],[212233,543835],[212304,543631],[212614,543106],[212726,542786],[212821,542156],[212967,541688],[213061,541151],[213221,540616],[213371,539996],[213507,539035],[213511,538799],[213481,538357],[213507,538188],[213972,537441],[214041,537379],[214352,537199],[214492,537090],[214611,536951],[214857,536553],[214946,536474],[215277,536252],[215589,536011],[215708,535873],[215779,535712],[215794,535608],[215785,535484],[215701,535263],[215577,535093],[215254,534760],[215097,534572],[214940,534301],[214873,534096],[214791,533519],[214669,532855],[214656,532631],[214690,532427],[214935,531441],[214989,531329],[215029,531283],[215122,531235],[215263,531222],[215621,531249],[215775,531241],[215998,531192],[216212,531097],[216371,530965],[216488,530787],[216542,530594],[216538,530448],[216463,530230],[216328,530041],[216132,529875],[215958,529790],[215782,529741],[215568,529714],[214967,529708],[214582,529741],[214312,529795],[214107,529869],[213940,529963],[213602,530227],[213423,530317],[212807,530530],[212267,530779],[211847,530848],[211644,530904],[211420,531010],[211148,531184],[210847,531423],[210434,531801],[210185,532064],[209371,533009],[209195,533191],[209049,533308],[208724,533488],[208602,533584],[208497,533713],[208426,533861],[208388,534005],[208225,535035],[208167,535222],[207951,535776],[207885,536020],[207856,536272],[207876,536483],[208005,536911],[208143,537145],[208274,537288],[208433,537421],[209132,537892],[209203,537969],[209233,538030],[209240,538137],[209188,538305],[208770,539298],[208678,539577],[208643,539742],[208629,539933],[208642,540100],[208694,540312],[208813,540623],[208824,540728],[208799,540799],[208676,540912],[208555,540975],[208436,541015],[208280,541041],[207803,541060],[207671,541088],[207547,541137],[207381,541244],[207272,541345],[207155,541504],[207081,541674],[207039,541843],[207020,542042],[207030,542198],[207133,542914],[207136,543086],[207114,543228],[207084,543294],[207025,543364],[206699,543625],[206479,543872],[206400,544005],[206316,544198],[206246,544398],[206214,544547],[206210,544796],[206256,545028],[206342,545213],[206527,545485],[206564,545585],[206566,545774],[206538,545881],[206486,545994],[206326,546244],[206118,546501],[205997,546611],[205619,546884],[205033,547494],[204863,547616],[204440,547824],[204337,547904],[204252,547996],[204139,548178],[204049,548447],[204033,548634],[204057,549030],[204035,549155],[203946,549316],[203526,549837],[203413,549939],[202978,550170],[202378,550559],[202124,550769],[201949,550968],[201841,551120],[201700,551363],[201496,551779],[201361,551949],[201280,552009],[201160,552067],[200603,552291],[200458,552383],[200326,552503],[199880,553107],[199515,553553],[199059,554057],[198721,554460],[198429,554738],[198241,554953],[198083,555178],[197835,555587],[197727,555809],[197620,556133],[197583,556359],[197600,556667],[197701,557192],[197691,557331],[197639,557523],[197251,558508],[197011,559296],[196860,559699],[196648,560125],[196283,560669],[196068,561083],[195824,561451],[195710,561655],[195587,561984],[195481,562341],[195431,562574],[195416,562906],[195435,563710],[195411,564239],[195499,565263],[195495,566186],[195508,566445],[195567,566708],[195976,567785],[196048,568060],[196066,568218],[196053,568362],[196019,568482],[195845,568844],[195781,569035],[195762,569219],[195789,569404],[195881,569650],[196005,569904],[196499,570763],[196626,571074],[196764,571548],[197094,572230],[197294,572589],[197444,572922],[197530,573037],[197624,573120],[197750,573189],[197892,573233],[198403,573298],[198670,573278],[199133,573151],[199239,573150],[199350,573175],[199754,573321],[200023,573442],[200229,573566],[200888,574021],[201076,574114],[201315,574187],[201577,574215],[201931,574207],[202155,574159],[202348,574070],[202499,573963],[202615,573855],[202742,573694],[202836,573527],[202947,573219],[203137,572463],[203331,571909],[203412,571760],[203663,571460],[203783,571272],[204074,570590],[204140,570395],[204175,570225],[204190,569575],[204252,569274],[204479,568638],[204576,568444],[204766,568129],[204845,567908],[204853,567768],[204828,567652],[204774,567547],[204679,567449],[204559,567380],[204429,567341],[204007,567315],[203940,567270],[203910,567180],[203917,567089],[204011,566716],[204040,566444],[203988,565742],[204039,564723],[204094,564440],[204228,564060],[204389,563527],[204506,563315],[204691,563083],[205169,562656],[205582,562188],[205776,562043],[205893,562009],[206139,561987],[206297,561953],[206449,561889],[206760,561710],[206934,561667],[207158,561710],[207327,561791],[207562,561942],[207745,562121],[207817,562260],[207866,562481],[207902,563116],[207890,563323],[207833,563573],[207602,564261],[207462,564540],[207231,564901],[207158,565081],[207123,565336],[207122,566006],[207103,566161],[207059,566331],[206973,566538],[206874,566703],[206448,567273],[206235,567506],[206105,567681],[206012,567849],[205897,568115],[205824,568347],[205745,568784],[205698,568959],[205472,569408],[205402,569613],[205374,569782],[205285,570717],[205226,570948],[205103,571245],[204756,571873],[204575,572258],[204365,572648],[204306,572803],[204070,573943],[204032,574202],[204020,574539],[204040,574785],[204093,575037],[204487,576217],[204523,576390],[204577,576823],[204642,577101],[204757,577460],[204876,577750],[205225,578455],[205711,579237],[205884,579547],[206266,580343],[206374,580536],[206559,580783],[207068,581256],[207221,581459],[207336,581716],[207457,582098],[207542,582435],[207630,582941],[207675,583105],[207778,583305],[208052,583664],[208168,583908],[208438,584843],[208557,585374],[208590,585797],[208545,586390],[208547,586610],[208577,586790],[208656,587023],[208769,587245],[208953,587531],[209104,587709],[209259,587847],[209781,588254],[210288,588577],[211242,589265],[211820,589748],[212019,589862],[212341,590012],[212532,590158],[212706,590379],[212878,590671],[212978,590907],[213186,591540],[213309,591794],[213501,592079],[213959,592630],[214276,593151],[214456,593397],[214598,593552],[215373,594286],[215864,594856],[216281,595269],[216514,595522],[216734,595685],[217136,595858],[217252,595965],[217387,596175],[217569,596525],[217654,596775],[217666,597038],[217578,597763],[217583,598032],[217628,598238],[217773,598635],[217879,599056],[218007,599318],[218331,599707],[218439,599879],[218524,600099],[218690,600734],[218816,601082],[218921,601310],[219039,601520],[219414,602072],[219475,602253],[219541,602576],[219591,603043],[219599,603358],[219528,604226],[219541,604708],[219534,605631],[219495,605857],[219437,606057],[219353,606257],[219202,606528],[219141,606702],[219126,606811],[219132,606940],[219187,607150],[219309,607394],[219440,607572],[219659,607787],[219916,607987],[220163,608145],[220598,608369],[221126,608533],[221238,608603],[221325,608684],[221425,608826],[221489,608990],[221517,609124],[221554,609481],[221606,609674],[221696,609837],[221838,609985],[222171,610204],[223454,610843],[223724,611022],[223830,611122],[223905,611222],[223996,611408],[224065,611616],[224114,611827],[224146,612087],[224128,612758],[224137,613374],[224102,613901],[224166,614582],[224210,614841],[224322,615312],[224420,615546],[224518,615711],[224665,615902],[225006,616269],[225120,616420],[225467,617112],[225610,617307],[226218,617907],[226485,618116],[226926,618423],[227080,618504],[227250,618569],[227681,618672],[227783,618710],[227911,618795],[228184,619034],[228294,619102],[228469,619171],[228796,619231],[229646,619296],[229885,619331],[230123,619415],[230530,619645],[230705,619715],[231444,619852],[231969,619920],[232091,619967],[232204,620065],[232319,620260],[232388,620472],[232555,621292],[232595,621594],[232604,621828],[232591,621982],[232562,622120],[232459,622426],[232439,622551],[232441,622658],[232468,622779],[232538,622920],[232670,623076],[232920,623293],[233392,623612],[233459,623678],[233533,623785],[233613,624023],[233674,624610],[233723,624849],[233812,625060],[234048,625457],[234115,625687],[234136,625884],[234117,626330],[234046,626726],[233935,627069],[233728,627557],[233583,627823],[233325,628159],[233139,628334],[232756,628640],[232577,628840],[232418,629123],[232174,629747],[232060,629957],[231967,630054],[231880,630102],[231359,630192],[231193,630252],[230982,630373],[230369,630852],[230205,631049],[230103,631270],[230069,631437],[230064,631582],[230086,631763],[230125,631915],[230184,632061],[230241,632157],[230312,632239],[230412,632315],[230509,632358],[230669,632383],[230769,632377],[230922,632340],[231131,632248],[231588,631968],[231737,631926],[231861,631954],[231958,632029],[232020,632155],[232068,632406],[232079,632692],[232019,633314],[232011,633878],[231956,634212],[231853,634569],[231617,635195],[231373,635703],[230987,636358],[230675,636798],[230506,637003],[230077,637461],[229735,637867],[229319,638236],[228342,638986],[227775,639363],[227613,639446],[227446,639507],[226976,639566],[226858,639604],[226766,639654],[226685,639721],[226607,639816],[226401,640192],[226279,640301],[226147,640382],[225931,640483],[225798,640526],[225677,640546],[225551,640546],[225301,640489],[224802,640287],[224648,640240],[224464,640225],[224284,640261],[224015,640402],[223800,640581],[223647,640798],[223529,641117],[223489,641172],[223383,641186],[223065,641107],[222872,641089],[222685,641111],[222494,641175],[222298,641272],[221976,641472],[221265,641954],[220961,642187],[220802,642351],[220696,642497],[220621,642636],[220530,642872],[220435,643257],[220090,645022],[219940,645700],[219742,646319],[219559,646689],[219465,646842],[219233,647112],[218639,647715],[218484,647842],[218377,647897],[218256,647934],[217902,647963],[217742,647991],[217538,648079],[217308,648271],[216984,648673],[216847,648799],[216526,649012],[215976,649321],[216169,649894],[216212,649976],[216431,650256],[216500,650438],[216548,650765],[216599,651589],[216669,651894],[216765,652047],[216955,652233],[217173,652515],[217424,652764],[217508,652930],[217629,653309],[217713,653475],[217963,653725],[218180,654008],[218373,654190],[218476,654337],[218669,654895],[218766,655048],[218939,655251],[219019,655421],[219175,655893],[219220,655975],[219444,656255],[219484,656341],[219538,656539],[219566,656762],[219572,657352],[219535,657691],[219481,657889],[219388,658050],[219222,658263],[219152,658444],[219101,658770],[219046,659593],[219008,659805],[218935,659983],[218693,660240],[218470,660518],[218189,660736],[217934,660982],[217765,661063],[217382,661181],[217214,661263],[216961,661510],[216675,661725],[216420,661971],[216250,662053],[215773,662207],[215623,662309],[215193,662751],[215154,662830],[215113,663012],[215129,663302],[215192,663473],[215414,663750],[215459,663831],[215657,664395],[215702,664476],[215927,664756],[215968,664841],[216023,665037],[216122,665690],[216177,665885],[216268,666044],[216432,666256],[216501,666437],[216550,666763],[216585,667853],[216620,668192],[216672,668390],[216712,668476],[216877,668686],[216967,668846],[217035,669153],[217060,669503],[217080,670357],[217099,670589],[217137,670801],[217206,670981],[217428,671260],[217472,671341],[217663,671900],[217707,671981],[217929,672259],[217970,672343],[218024,672538],[218121,673192],[218176,673387],[218266,673547],[218429,673759],[218498,673940],[218547,674266],[218601,675087],[218668,675395],[218708,675480],[218927,675761],[218970,675843],[219123,676315],[219202,676485],[219374,676689],[219471,676841],[219625,677313],[219709,677479],[219961,677728],[220187,678003],[220466,678226],[220693,678501],[220887,678685],[220985,678839],[221041,679035],[221069,679257],[221081,679611],[221064,679964],[221034,680186],[220978,680384],[220937,680470],[220767,680680],[220674,680839],[220619,681037],[220589,681258],[220565,681986],[220574,684497],[220540,685088],[220500,685299],[220429,685477],[220261,685686],[220169,685844],[220115,686041],[220085,686262],[220059,686867],[220059,687996],[220080,688479],[220131,688805],[220201,688985],[220424,689263],[220468,689344],[220624,689814],[220704,689983],[220878,690185],[220976,690336],[221165,690898],[221208,690979],[221427,691261],[221467,691346],[221521,691542],[221615,692198],[221671,692391],[221714,692474],[221959,692729],[222176,693012],[222427,693261],[222510,693427],[222664,693899],[222760,694052],[222931,694257],[222974,694339],[223126,694812],[223209,694979],[223459,695229],[223683,695506],[223959,695731],[224180,696012],[224423,696274],[224465,696358],[224520,696556],[224599,697111],[224650,697311],[224740,697466],[224808,697518],[224976,697574],[225069,697583],[225232,697571],[225200,697500],[225790,696840],[225880,696780],[225960,696660],[226020,696510],[226120,696430],[226480,696260],[226540,696110],[226640,695980],[226710,695790],[226690,695600],[226590,695380],[226530,695150],[226560,694960],[226680,694820],[227020,694230],[227180,694180],[227480,693850],[229060,692350],[230540,691650],[230670,691550],[230860,691500],[231010,691400],[231120,691280],[231230,691110],[231390,690770],[231540,690650],[231750,690580],[231930,690450],[232120,690160],[232250,689920],[232850,687200],[232900,686850],[233010,686420],[233090,686250],[233140,685980],[233240,685700],[233320,685390],[233380,684930],[233360,684790],[233400,684680],[233390,684600],[233410,684500],[233480,684410],[233600,684430],[233690,684410],[233840,684320],[233870,684360],[233780,684470],[233970,684570],[234020,684570],[234020,684520],[233970,684440],[234000,684420],[234220,684420],[234220,684480],[234170,684570],[234120,684610],[234080,684680],[234080,684730],[234140,684760],[234260,684750],[234380,684790],[234420,684740],[234540,684730],[234610,684750],[234720,684690],[234890,684660],[234920,684670],[234850,684800],[234870,684850],[234950,684890],[235060,684870],[235130,684820],[235200,684830],[235240,684960],[235190,685080],[235130,685160],[235110,685220],[235110,685310],[235230,685420],[235640,685700],[235850,685630],[236080,685610],[236250,685610],[237000,685690],[237946,683867],[238752,684108],[239215,684580],[240456,684851],[242496,684646],[243513,684469],[244447,683939],[245368,683001],[248223,682360],[249300,680711],[250390,680570],[250860,680710],[250940,680760],[250970,680810],[250950,680920],[251112,682781],[252063,683678],[253707,683298],[254390,683450],[255850,683890],[256340,683950],[257130,684160],[257950,684320],[258140,684270],[258250,684100],[258300,683930],[258390,683780],[258400,683590],[258360,683463],[258829,683406],[259128,683220],[259406,682778],[259808,682628],[260399,682666],[261502,683023],[261673,682991],[261793,682814],[262092,682680],[262542,682650],[263145,681732],[263240,681867],[263494,681981],[263521,682039],[263710,682120],[264050,682320],[264200,682480],[264280,682600],[264450,682640],[264510,682720],[264550,682850],[264570,682970],[264570,683110],[264600,683180],[264740,683350],[264770,683470],[264840,683610],[264830,683820],[264910,683860],[264950,683940],[264990,683970],[265070,683970],[265160,684030],[265210,684020],[265270,684050],[265560,683720],[265610,683590],[265630,683480],[265580,683280],[265610,682980],[265650,682840],[265650,682670],[265640,682480],[265595,682167],[265895,681547],[266760,681350],[267030,681380],[267360,681620],[267540,681670],[267670,681750],[267740,681850],[267760,681960],[267860,682020],[267870,682100],[267930,682130],[268040,682150],[268260,682240],[268380,682220],[268500,682250],[268570,682360],[268680,682480],[268900,682530],[269090,682630],[269180,682700],[269180,682780],[269290,683050],[269170,683080],[269100,683150],[269100,683260],[269230,683380],[269210,683470],[269140,683540],[269040,683570],[268890,683560],[268780,683540],[268730,683470],[268610,683430],[268430,683440],[268420,683470],[268570,683790],[268610,683940],[268670,684000],[268690,684090],[268610,684260],[268400,684450],[268170,684570],[268020,684590],[267890,684560],[267700,684570],[267620,684600],[267610,684650],[267630,684730],[267750,684940],[267740,685040],[267650,685180],[267540,685250],[267460,685270],[267440,685300],[267440,685330],[267520,685350],[267540,685400],[267500,685480],[267390,685520],[267310,685570],[267260,685640],[267270,685700],[267570,686060],[267640,686110],[267680,686160],[267720,686250],[267780,686600],[267840,686670],[267950,686720],[268090,686830],[268200,686980],[268240,687120],[268230,687250],[268200,687350],[268080,687520],[267980,687540],[267930,687570],[267890,687750],[267760,688010],[267560,688200],[267600,688230],[267630,688300],[267760,688420],[267850,688530],[267950,688800],[268240,689030],[268260,689090],[268260,689210],[268570,689560],[268670,689730],[268760,689920],[268840,690440],[268990,690710],[269080,690990],[269090,691270],[269210,691410],[269230,691530],[270330,691710],[272020,692950],[272070,692960],[272160,693100],[272220,693100],[272260,693120],[272270,693310],[272300,693370],[272270,693610],[272280,693670],[272680,694090],[272820,694130],[272850,694190],[272940,694560],[273030,694830],[273270,694770],[273340,694830],[273450,694970],[273530,694970],[273580,694900],[273600,694790],[273570,694690],[273580,694620],[273760,694570],[273880,694580],[273990,694610],[274090,694670],[274090,694740],[274110,694790],[274250,694880],[274260,695130],[274360,695130],[274450,695040],[274580,694950],[274840,694690],[274840,694580],[274790,694500],[274780,694400],[274720,694360],[274720,694260],[274770,694190],[274980,694060],[275290,693980],[275520,693960],[275910,694070],[276020,694050],[276200,693860],[276620,693860],[276720,693930],[276840,694130],[276820,694240],[276740,694470],[276740,694550],[276790,694620],[277010,694700],[277080,694760],[277100,694970],[277140,695050],[277230,695100],[277310,695180],[277320,695300],[277240,695340],[277120,695350],[277060,695410],[277010,695720],[277010,695840],[276960,696070],[276950,696220],[277100,696210],[277240,696150],[277360,696030],[277430,695800],[277570,695750],[277690,695750],[277790,695770],[277890,695880],[278240,696120],[278420,696150],[278530,696140],[278470,696430],[278540,696520],[278630,696520],[278730,696430],[278860,696360],[279000,696420],[279020,696660],[279000,696750],[278940,696830],[278940,696940],[278980,697040],[278990,697170],[278970,697320],[278930,697490],[278850,697600],[278730,697820],[278710,698100],[278850,698610],[278860,698740],[278810,699040],[278740,699230],[278830,699320],[278970,699420],[279070,699440],[279130,699490],[279160,699590],[279240,699600],[279300,699590],[279450,699720],[279660,699770],[279800,699760],[279910,699700],[280020,699610],[280090,699600],[280180,699880],[280200,700000],[280350,700170],[280960,700590],[281070,700700],[281120,700860],[281210,700890],[281470,700820],[281590,700830],[281700,700960],[281770,701090],[281870,701120],[281970,701100],[282100,701260],[282390,701510],[282430,701580],[282520,701570],[282610,701580],[282720,701620],[282830,701710],[282860,701810],[282910,701880],[283230,701980],[283370,702050],[283770,701980],[284310,701920],[284720,701900],[285180,701910],[285300,701900],[285370,701870],[285530,701660],[285680,701400],[285750,701360],[285980,701400],[286389,701378],[286583,701945],[286984,702148],[287290,702240],[287480,702330],[287612,702483],[288484,702918],[289330,703597],[289431,703624],[289600,703950],[289610,704090],[289656,704167],[290675,703672],[291222,703361],[291500,703410],[291590,703250],[291640,702830],[291710,702710],[291710,702500],[291730,702420],[291820,702350],[291970,702130],[292040,701550],[292007,701450],[292043,701408],[292039,701304],[292309,700962],[292672,701313],[292972,701403],[293487,701212],[293738,701413],[293932,701267],[295453,701641],[296149,701304],[296546,700906],[296580,700877],[296600,700880],[296650,700910],[297010,701470],[297070,701470],[297120,701540],[297160,701690],[297268,701807],[297340,701950],[297430,702050],[297625,702405],[297707,702327],[297889,702057],[298561,701755],[299182,702087],[299645,702615],[300000,702603],[300303,702543],[300680,702518],[300670,702190],[300820,701960],[300990,701790],[301180,701720],[301350,701740],[301520,701730],[301710,701640],[301950,701380],[302140,701400],[302280,701380],[302380,701320],[302450,701180],[302347,701158],[302051,701171],[301739,701027],[301710,700789],[301882,700211],[301533,700145],[301470,699768],[301250,699750],[300909,699757],[300945,699455],[301084,699486],[301272,699132],[301250,699110],[300900,698890],[300760,698850],[300750,698750],[300680,698730],[300420,698780],[300330,698730],[300250,698630],[300000,698700],[299800,698570],[299660,698500],[299380,698490],[299260,698590],[299110,698660],[299050,698640],[298990,698450],[298860,698350],[298660,698120],[298500,698030],[298240,697950],[298065,697870],[297751,697557],[297799,697312],[298113,697085],[298052,696961],[298426,696587],[298422,696453],[298170,696220],[298010,696120],[297947,696127],[297920,696100],[298100,696000],[298216,695869],[298252,695798],[298268,695688],[298280,695480],[298260,695360],[298190,695280],[298070,695190],[297990,695090],[297980,695010],[298000,694920],[298050,694820],[298150,694690],[298420,694490],[298892,694534],[299013,694490],[299079,694490],[299886,694742],[300000,694723],[300221,694738],[300438,694921],[300996,695037],[301402,695007],[301855,695193],[302027,695386],[301856,695685],[301690,695726],[301764,696483],[302658,697378],[302722,697258],[302820,697400],[303150,697300],[303280,697170],[303370,697120],[303560,697170],[304130,697220],[304392,696309],[304417,695932],[305005,696100],[305110,695847],[305318,695736],[307036,696347],[307350,696200],[307530,696240],[308310,695950],[308450,696030],[308780,696130],[308980,696150],[309100,696070],[309150,695920],[309250,695870],[309483,695876],[309620,696160],[309880,696172],[309900,696050],[309983,695874],[310279,695930],[310468,695835],[310604,695639],[310970,695634],[311063,695314],[311481,695246],[311624,695064],[312033,694879],[312260,694960],[312400,694990],[312470,694970],[312510,694940],[312650,694960],[312910,695120],[313230,695220],[313660,695270],[313980,695250],[314493,695494],[315020,695610],[315209,696653],[314914,697710],[315343,697917],[315750,697993],[316310,698250],[316385,698501],[316536,698611],[316822,698721],[317874,698485],[318350,697872],[318727,697966],[318800,697870],[318870,697930],[319000,697950],[318911,698217],[319592,698303],[319605,698485],[319824,698619],[319726,698827],[319476,698839],[319340,699010],[319494,699073],[319384,699203],[319235,699237],[319014,699237],[318866,699946],[321913,701079],[321770,701298],[321693,701447],[321701,701456],[321634,701612],[321501,701799],[321461,701840],[321310,701832],[321119,702376],[320990,703220],[321490,703280],[321450,703350],[321380,703400],[321530,703620],[321559,703727],[321443,703780],[321190,703960],[321090,704130],[320684,704210],[320097,704354],[320044,704882],[320469,705190],[320590,705240],[320640,705320],[320590,705410],[320410,705480],[320170,705550],[320070,705470],[319950,705470],[319350,705700],[319150,705750],[318940,705840],[318613,706061],[318463,706011],[318187,705823],[317693,705774],[316802,705910],[315941,706198],[315862,706101],[315805,706204],[315340,706086],[316000,707061],[316038,707331],[316140,707400],[316180,707630],[316260,707710],[316340,707750],[316440,707840],[316060,708150],[315760,708280],[315440,708350],[315190,708490],[314682,708853],[314524,709210],[314610,709310],[315039,709591],[315316,710011],[316026,710401],[316212,710598],[316411,710593],[316516,710756],[316297,710882],[316476,711178],[316658,711159],[316982,711369],[317072,711238],[317421,711575],[317722,711280],[317787,711324],[318075,710827],[318838,711083],[318977,711315],[319512,711471],[319648,711611],[319745,711610],[320110,711470],[319940,711600],[320109,711900],[319878,712432],[320032,712577],[320025,712743],[319932,713122],[319700,713610],[319682,713764],[319663,713774],[320020,714005],[319919,714106],[319630,714200],[319634,714307],[319684,714408],[319903,714475],[320289,714928],[320943,715432],[321201,715607],[321500,715620],[321783,715797],[321717,716281],[321379,716306],[321395,716461],[321675,716566],[321735,717022],[322059,716967],[322450,717128],[322308,717387],[322469,717828],[322238,717992],[321374,717996],[321178,718195],[321214,718344],[321074,718331],[321074,718481],[321098,718693],[321161,718877],[321212,718951],[321280,719010],[321449,719095],[321824,719228],[321906,719272],[322193,719489],[322280,719528],[322482,719578],[322708,719603],[323808,719629],[324151,719662],[324350,719712],[324436,719751],[324747,719985],[324811,719883],[324913,719836],[325111,719864],[325327,719949],[326188,720372],[326824,720871],[327129,721068],[328246,721631],[329114,722107],[330045,722540],[330325,722708],[330818,723053],[330971,723143],[331206,723231],[332033,723400],[332343,723494],[332555,723600],[333345,724064],[334362,724496],[334812,724752],[335059,724928],[335199,725077],[335435,725435],[335568,725608],[335754,725767],[335920,725859],[336152,725940],[336507,726025],[337331,726111],[338049,726308],[338570,726400],[338778,726464],[339009,726613],[339638,727118],[339988,727360],[340297,727521],[340790,727698],[341202,727970],[341379,728138],[341457,728279],[341653,728721],[341757,728874],[341887,729010],[342056,729140],[342284,729276],[343002,729627],[343191,729706],[343376,729755],[343622,729790],[344536,729838],[345272,729829],[345950,729790],[346132,729757],[346311,729670],[346461,729530],[346544,729405],[346750,729028],[347038,728601],[347125,728496],[347228,728418],[347386,728370]]]]}},{"type":"Feature","properties":{"name":"Southern England","operator":"Scottish and Southern Electricity Networks"},"geometry":{"type":"MultiPolygon","coordinates":[[[[460965,235711],[461066,235602],[461099,235600],[461129,235620],[461163,235614],[461188,235599],[461193,235554],[461252,235568],[461285,235534],[461381,235501],[461426,235452],[461428,235424],[461411,235404],[461430,235378],[461453,235364],[461521,235374],[461589,235308],[461639,235290],[461682,235228],[461738,235269],[461779,235249],[461869,235279],[461898,235311],[461884,235339],[461906,235382],[462037,235485],[462029,235528],[462084,235535],[462102,235558],[462158,235546],[462245,235478],[462303,235367],[462273,235336],[462249,235333],[462296,235317],[462284,235280],[462312,235274],[462274,235256],[462376,235122],[462330,235073],[462408,235072],[462461,235051],[462495,234968],[462532,234931],[462503,234900],[462514,234861],[462574,234806],[462672,234790],[462720,234763],[462667,234553],[462679,234548],[462781,234549],[462973,234622],[463008,234655],[463129,234672],[463197,234727],[463192,234773],[463294,234842],[463408,234825],[463541,234835],[463555,234808],[463551,234748],[463669,234615],[463808,234655],[463823,234685],[463852,234676],[463923,234718],[463947,234714],[463968,234741],[464096,234797],[464123,234830],[464282,234858],[464308,234875],[464389,234853],[464568,234882],[464642,234851],[464694,234806],[464733,234684],[464695,234469],[464805,234276],[464859,234278],[464896,234249],[464955,234233],[464984,234275],[465090,234215],[465109,234189],[464899,234003],[464836,233903],[464785,233858],[464710,233686],[464493,233346],[464218,232976],[464040,232686],[463569,232027],[463377,231734],[463330,231646],[463409,231623],[463340,231305],[463142,230883],[463150,230869],[463078,230831],[463000,230813],[463034,230576],[463016,230574],[463004,230553],[463005,230518],[462957,230390],[462937,230379],[462915,230393],[462808,230215],[462773,230223],[462698,229970],[462516,229722],[462399,229462],[462380,229462],[462270,229128],[462270,229117],[462382,229106],[462708,228960],[462665,228787],[462884,228617],[463114,228527],[463220,228428],[463285,228309],[463418,227980],[463307,227752],[463396,227627],[463422,227612],[463518,227587],[463610,227605],[463803,227755],[463956,227926],[464005,227891],[464113,227928],[464250,228009],[464306,228099],[464374,228158],[464468,228162],[464745,228278],[464940,228277],[465001,228259],[465016,228230],[465046,228220],[465050,228177],[465079,228139],[465061,228034],[465073,227970],[465050,227938],[465000,227923],[464998,227546],[464901,227382],[464819,227288],[464784,227174],[464683,227065],[464679,226979],[464601,226815],[464577,226723],[464456,226671],[464392,226678],[464376,226661],[464308,226645],[464121,226643],[464000,226598],[463661,226420],[463518,226323],[463519,226267],[463697,226194],[464001,226195],[464001,225838],[463493,225838],[463257,225895],[463218,225861],[463277,225846],[463227,225701],[463196,225705],[463174,225495],[463502,225495],[463502,225297],[462918,225297],[462903,225213],[462932,225039],[462972,225027],[462992,224992],[463025,224988],[463049,224927],[463148,224801],[463285,224731],[463419,224699],[463384,224587],[463326,224550],[463256,224533],[463195,224543],[463225,224113],[463197,224099],[463144,223896],[463003,223595],[462995,223478],[462958,223368],[463049,223289],[462993,223087],[462999,223019],[463028,222988],[462984,222879],[463062,222818],[463105,222727],[463083,222676],[462987,222584],[462977,222541],[462916,222497],[462833,222491],[462772,222507],[462670,222505],[462638,222519],[462622,222504],[462579,222452],[462514,222287],[462517,222183],[462476,222098],[462533,222045],[462678,221990],[462712,221929],[462895,221863],[463003,221798],[463189,221760],[463280,221776],[463353,221715],[463508,221690],[463607,221623],[463657,221528],[463609,221457],[463630,221436],[463682,221438],[463739,221489],[463857,221461],[463975,221539],[464055,221547],[464098,221475],[464102,221403],[464174,221371],[464173,221326],[464199,221296],[464135,221246],[464118,221194],[464923,221194],[464928,220949],[464907,220857],[464950,220731],[465016,220104],[465001,220090],[464924,220101],[464901,220058],[464837,220055],[464786,220019],[464698,220055],[464662,220100],[464647,220099],[464548,219991],[464514,220019],[464485,220104],[464427,220038],[464391,220042],[464263,219984],[464172,219974],[464453,219427],[464504,219287],[464506,219260],[464435,219258],[464516,219053],[464437,219014],[464468,218926],[464405,218897],[464518,218458],[464497,218450],[464545,218281],[464535,218277],[464598,218189],[464570,218170],[464591,218137],[464560,218122],[464568,218107],[464537,218084],[464618,217944],[464591,217924],[464627,217873],[464591,217836],[464614,217800],[464604,217786],[464633,217750],[464614,217738],[464620,217700],[464424,217589],[464441,217573],[464424,217550],[464737,217082],[464602,216986],[464702,216838],[464723,216570],[464867,216480],[464861,216464],[464000,216466],[463998,215453],[462639,215484],[462403,215708],[462329,215752],[462309,215795],[462083,215927],[461969,216060],[461937,216118],[461781,216181],[461611,216206],[461526,216236],[461213,216243],[460934,216487],[460727,216620],[460645,216665],[460604,216671],[460427,216353],[460229,216201],[460100,215976],[459837,215885],[459510,215614],[459373,215532],[459304,215469],[459312,215426],[459509,215338],[459636,215236],[459662,215242],[459795,215142],[460014,215078],[460022,214979],[460048,214920],[460133,214870],[460235,214852],[460283,214816],[460427,214567],[460529,214437],[460507,214385],[460527,214338],[460665,214168],[460730,214036],[460832,213920],[460929,213900],[461097,213697],[461166,213650],[461187,213663],[461447,213557],[461186,213376],[461029,213313],[460950,213204],[460933,212951],[460913,212870],[460847,212807],[460708,212758],[460599,212729],[460563,212761],[460524,212679],[460479,212494],[460430,212460],[460702,212106],[460722,212103],[460787,211655],[460835,211604],[460959,211538],[460871,211423],[460696,211274],[460541,210977],[460745,210853],[460793,210769],[460681,210559],[460592,210347],[460653,210328],[460657,210185],[461112,210171],[461463,209822],[461776,209630],[461749,209597],[462331,209470],[462306,209355],[462487,209301],[462783,209175],[462922,209040],[463047,208978],[463134,208865],[463266,208768],[463245,208739],[463278,208717],[463303,208750],[463528,208640],[463520,208561],[463656,208463],[463583,208344],[463632,208260],[463493,208019],[463394,207678],[463405,207262],[463378,207253],[463539,206828],[463567,206879],[463640,206915],[463668,206988],[463725,207011],[463748,207047],[463839,207028],[463941,207056],[463985,207025],[464087,207031],[464377,206782],[464431,206710],[464410,206669],[464416,206646],[464514,206561],[464541,206516],[464579,206538],[464623,206508],[464699,206561],[464748,206518],[465130,206374],[465239,206344],[465332,206368],[465454,206100],[465445,206047],[465478,206061],[465548,206000],[465591,205985],[465635,205937],[465812,205864],[465877,205741],[465979,205695],[465991,205675],[465982,205625],[466014,205617],[466015,205600],[465965,205577],[465994,205534],[466055,205585],[466104,205586],[466154,205527],[466213,205547],[466230,205518],[466285,205559],[466310,205536],[466344,205553],[466369,205534],[466430,205551],[466456,205548],[466456,205507],[466496,205479],[466537,205543],[466565,205489],[466659,205486],[466754,205550],[466792,205554],[466840,205512],[466858,205384],[466970,205416],[467750,204366],[467550,204240],[467621,204152],[467647,204077],[467655,203926],[467689,203923],[467685,203883],[467617,203689],[467490,203556],[467473,203503],[467430,203459],[467476,203355],[467473,203329],[467409,203263],[467409,203239],[467433,203226],[467390,203150],[467409,203122],[467327,203011],[467349,202972],[467294,202881],[467409,202816],[467416,202826],[467514,202786],[467943,202745],[468156,202631],[468297,202601],[468225,202864],[468636,203079],[468638,203101],[468725,203095],[468769,203038],[468997,202883],[469193,202775],[469321,202679],[469451,202554],[469614,202467],[469785,202402],[469850,202463],[469893,202538],[469926,202536],[469959,202424],[470046,202274],[470137,202250],[470312,202166],[470373,202120],[470399,202120],[470534,202283],[470724,202421],[470683,202484],[470667,202544],[470727,202859],[470881,202671],[470936,202636],[470990,202725],[471080,202802],[471048,202840],[471011,202965],[471166,202981],[471326,203057],[471365,203098],[471487,202962],[471568,203073],[471805,203564],[471919,203874],[471910,203888],[471984,204247],[471895,204513],[472090,204398],[472275,204327],[472418,204335],[472567,204384],[472468,204230],[472394,204184],[472432,204045],[472535,203902],[472832,203562],[473176,203212],[473254,203223],[473322,203166],[473466,202913],[473569,202520],[473562,202505],[473504,202481],[473470,202375],[473464,202250],[473519,202030],[473599,202082],[473624,202046],[473727,202117],[473896,201786],[473982,201642],[474055,201560],[474075,201506],[474058,201455],[474430,200748],[474615,200518],[474704,200423],[474753,200393],[474849,200281],[474939,200152],[475036,200000],[475174,199670],[475324,199443],[475471,199139],[475590,199021],[475679,198897],[475622,198772],[475634,198729],[475671,198720],[475568,198531],[475422,198359],[475349,198247],[475452,198066],[475478,198044],[475503,198069],[476081,197784],[476476,197643],[476491,197708],[476459,197772],[476450,197905],[476635,198147],[476663,198210],[476679,198307],[476772,198346],[476869,198455],[476964,198531],[477065,198658],[477319,198582],[477442,198566],[477472,198593],[477719,198641],[477942,198554],[477994,198486],[478044,198334],[478078,198345],[478169,198291],[478229,198289],[478332,198316],[478463,198223],[478615,198055],[478704,198066],[478751,198000],[478767,198001],[478835,197887],[478854,197689],[478900,197616],[478933,197597],[479136,197574],[479337,197457],[479511,197415],[479574,197281],[479614,197127],[479780,197013],[479797,197028],[479848,196996],[480046,196746],[480233,196557],[480258,196502],[480337,196412],[480676,196163],[480780,196057],[480807,196007],[482863,196008],[482750,196151],[483047,196302],[483054,196387],[483121,196436],[483361,196729],[483472,196918],[483584,197060],[483652,197258],[483771,197464],[483788,197594],[483767,197685],[483557,198228],[483601,198300],[483628,198532],[483715,198808],[483872,198898],[484115,199115],[484123,199144],[484096,199380],[484120,199418],[484121,199508],[484162,199631],[484239,199697],[484270,199701],[484299,199698],[484355,199645],[484413,199685],[484467,199629],[484532,199738],[484590,199730],[484653,199881],[484668,199999],[484723,200103],[484889,200246],[485001,200318],[485109,200316],[485158,200352],[485356,200428],[485632,200359],[485733,200296],[485798,200235],[485946,200202],[486085,199972],[486169,199791],[486269,199687],[486342,199732],[486424,199935],[486501,199977],[486586,199984],[486851,200127],[487015,200247],[487049,200193],[487100,200155],[487220,200098],[487323,200018],[487476,199694],[487594,199539],[487595,199265],[487637,198984],[487590,198699],[487641,198482],[487711,198410],[487770,198268],[487833,198188],[487933,198143],[488244,198167],[488423,198109],[488409,198077],[488452,198028],[488519,197790],[488672,197581],[488735,197458],[488787,197475],[488868,197437],[488928,197543],[489627,196999],[489968,196656],[490359,196231],[490390,196245],[490581,195938],[491988,195940],[491990,194998],[493002,194998],[493000,193837],[493075,193862],[493164,193853],[493441,193878],[493760,193839],[493996,193844],[494131,193812],[494194,193782],[494210,193751],[494306,193730],[494388,193732],[494518,193767],[494581,193751],[494713,193648],[494795,193619],[494929,193607],[494979,193580],[495132,193357],[495232,193289],[495312,193261],[495359,193202],[495460,193134],[495478,193141],[495521,193229],[495542,193364],[495801,193361],[496108,193316],[496185,193277],[496388,193116],[496438,193179],[496465,193268],[496477,193498],[496497,193589],[496472,193746],[496616,193801],[496811,193903],[496952,193933],[497000,193928],[497000,195510],[497999,195510],[497999,195780],[498038,195751],[498117,195767],[498202,195864],[498129,195955],[498079,196097],[498172,196217],[498274,196315],[498356,196351],[498636,196568],[498588,196677],[498638,196700],[498634,196713],[498698,196736],[498679,196822],[498729,196845],[498718,196954],[498921,197018],[498982,197077],[498925,197157],[499194,197394],[499223,197473],[499237,197485],[499262,197473],[499296,197523],[499371,197553],[499371,197580],[499430,197619],[499835,197507],[499863,197414],[499797,197337],[499879,197182],[499940,197218],[499967,197173],[499938,197132],[499940,197107],[499995,197073],[500079,197066],[500195,197098],[500243,197125],[500284,197187],[500325,197207],[500532,197200],[500568,197180],[500702,196979],[500832,196747],[500868,196736],[501353,196738],[501458,196768],[501469,196722],[501708,196763],[502245,196197],[502354,196115],[502261,195983],[502122,195848],[501904,195690],[501458,195092],[501276,194754],[501194,194445],[501186,194259],[501233,194237],[501400,194220],[501537,194173],[501514,194094],[501441,194027],[501434,193929],[501544,193314],[501722,192871],[501879,191926],[502003,191678],[502107,191630],[502141,191570],[502154,191496],[502280,191179],[502287,191105],[502376,190860],[502437,190539],[502467,190519],[502551,190272],[502623,190175],[502699,190116],[502798,190075],[503206,190029],[503699,190050],[503763,190069],[503870,190035],[503948,190048],[503931,190120],[503984,190232],[504065,190229],[504122,190185],[504160,190188],[504214,190244],[504246,190366],[504185,190425],[504156,190570],[504170,190629],[504121,190770],[504072,191003],[504024,191066],[504038,191112],[504072,191123],[504080,191144],[504048,191196],[504036,191315],[504072,191387],[504061,191421],[504104,191555],[504104,191665],[504122,191726],[504161,191746],[504264,192171],[504256,192228],[504177,192314],[504158,192369],[504072,192406],[504016,192413],[503972,192453],[503930,192533],[503936,192734],[504041,192837],[504043,192896],[504078,192949],[504089,193040],[504085,193074],[503985,193164],[503909,193274],[503904,193306],[503943,193348],[503963,193470],[504102,193604],[504163,193620],[504188,193612],[504227,193553],[504283,193538],[504319,193544],[504429,193490],[504459,193487],[504505,193512],[504632,193257],[504659,193236],[504744,193098],[505000,192902],[505530,192560],[506094,192000],[506601,191678],[506920,191520],[507221,191398],[507309,191333],[507377,191244],[507398,191161],[507256,190752],[507262,190691],[507337,190443],[507332,190195],[507358,190129],[507597,189777],[507502,189750],[507387,189747],[507096,189619],[507057,189578],[506988,189427],[506987,189396],[507024,189312],[507097,189223],[507182,189154],[507427,189027],[507462,188973],[507558,188517],[507592,188078],[507633,188002],[507653,187870],[507629,187645],[507782,187437],[507875,187379],[508174,186904],[508349,186825],[508114,186542],[508030,186358],[508027,186310],[508232,186096],[508443,185993],[508595,185843],[508623,185768],[508576,185718],[508592,185483],[508524,185342],[508542,185240],[508508,185171],[508518,185147],[508494,185099],[508463,184534],[508443,184476],[508456,184419],[508497,184356],[508568,184325],[509032,184276],[509315,184317],[509355,184385],[509420,184402],[509526,184408],[509713,184375],[509798,184335],[509858,184352],[510255,184352],[510355,184138],[510477,183743],[510689,183822],[510789,183836],[511229,183818],[511381,183847],[511364,183982],[511288,184225],[511196,184190],[511132,184437],[511396,184416],[511379,184510],[511394,184532],[511450,184524],[512058,184827],[512212,184942],[512378,185093],[512576,185230],[512696,185046],[512877,185164],[512902,185135],[512939,185166],[512968,185147],[513089,185201],[513076,185212],[513267,185278],[513334,185278],[513349,185291],[513342,185309],[513411,185332],[513463,185326],[513527,185351],[513764,185563],[514647,185823],[514672,185789],[514659,185727],[514795,185690],[514888,185627],[514988,185594],[515318,185561],[515564,185470],[515621,185440],[515764,185296],[515880,185272],[515929,185237],[515994,185146],[517095,184590],[517208,184515],[517316,184465],[517422,184386],[517489,184298],[517486,184286],[517362,184278],[517366,184251],[517407,184231],[517427,184199],[517395,184064],[517432,183999],[517533,183999],[517543,183841],[517500,183906],[517413,183814],[517402,183624],[517580,183627],[517596,183378],[517575,183018],[517525,182994],[517495,182934],[517823,182810],[518012,182935],[518096,183011],[518220,183177],[518283,183200],[518314,183190],[518336,183158],[518411,183178],[518511,183181],[518533,183157],[518568,183154],[518659,183041],[518674,183029],[518659,182988],[518728,182916],[518697,182892],[518752,182805],[519011,182533],[519114,182506],[519122,182521],[519384,182449],[519479,182486],[519627,182484],[519893,182539],[520088,182618],[520255,182654],[520350,182716],[520463,182837],[520662,182968],[520904,183030],[521032,183078],[521089,183117],[521312,183134],[521414,183112],[521423,183143],[521656,183080],[521701,183043],[521720,183004],[521711,182952],[521532,182583],[521558,182554],[521671,182510],[521856,182468],[521869,182417],[521950,182339],[521963,182194],[521948,182135],[521911,182101],[521835,181973],[521781,181937],[521734,181862],[521737,181823],[521715,181761],[521676,181721],[521629,181709],[521613,181689],[521615,181653],[521548,181642],[521502,181585],[521478,181513],[521506,181324],[521639,180726],[521694,180721],[521804,180516],[521889,180107],[521794,180103],[521858,179860],[521709,179803],[521687,179865],[521581,179840],[521479,179867],[521423,179863],[521334,179838],[521236,179778],[521331,179631],[521371,179396],[521536,179367],[521486,179314],[521491,179280],[521623,179022],[521891,179144],[521903,179166],[521926,179069],[521941,179064],[521948,178998],[521897,178267],[521936,178161],[522001,178071],[521870,177990],[521700,177850],[521630,177740],[521540,177650],[521490,177490],[521470,177330],[521461,176981],[521328,176451],[521270,176320],[521130,176200],[520930,176130],[520690,176110],[520440,176190],[520100,176470],[520050,176560],[519950,176840],[519883,176980],[519750,177290],[519623,177473],[519450,177640],[519310,177740],[519150,177790],[518960,177820],[518740,177810],[518540,177750],[518390,177650],[518220,177450],[518050,177230],[517570,176500],[517340,176300],[516900,176100],[516850,176090],[516750,175860],[516700,175810],[516670,175560],[516700,175420],[516950,175070],[517123,174875],[517112,174804],[517006,174656],[516953,174622],[516909,174619],[516641,174695],[516455,174668],[516439,174661],[516419,174496],[516308,174491],[516190,174553],[516130,174553],[515909,174326],[515707,174252],[515565,174264],[515404,174473],[515315,174533],[515273,174464],[515231,174497],[515037,174479],[514853,174377],[514452,174343],[514440,174327],[514414,174327],[514343,174521],[514318,174531],[514066,174513],[513989,174454],[513989,174435],[513833,174404],[513631,174296],[513107,174351],[513054,174344],[512669,173913],[512451,173552],[512396,173499],[512208,173374],[512219,173232],[512262,173224],[512317,173076],[512636,172938],[512780,172780],[512873,172795],[512889,172826],[513060,172825],[513108,172904],[513165,172907],[513330,172840],[513372,172760],[513573,172677],[513568,172644],[513361,172406],[513239,172109],[512778,171820],[512630,171675],[512188,171188],[512168,171184],[512223,170943],[512454,170420],[512433,170366],[512397,170338],[512240,170126],[512222,170089],[512223,169961],[512236,169961],[512322,169714],[512346,169515],[512406,169504],[512436,169419],[512523,169405],[512631,168894],[512586,168878],[512344,168957],[511854,168936],[511530,168795],[511269,168632],[510722,168423],[510545,168278],[510347,167823],[510147,167522],[510111,167437],[510085,167430],[510088,167398],[509992,167232],[509985,167031],[509623,167371],[509514,167571],[509235,167724],[509146,167749],[508439,167728],[508267,167800],[508232,167835],[508148,168053],[507947,168121],[507798,168239],[507793,168578],[507698,168817],[507000,168734],[506978,170505],[506870,170527],[506473,170662],[506403,170659],[506334,170783],[506207,170833],[505561,170788],[505468,170856],[505125,170910],[505118,170829],[505183,170530],[505175,170392],[504875,170318],[504756,170223],[504555,170182],[504437,169974],[504479,169879],[504454,169605],[504479,169320],[504393,169304],[504385,169282],[504392,168998],[504379,168951],[504178,168916],[504135,168429],[503667,168389],[503662,168231],[503572,168127],[503576,168075],[503631,167939],[503607,167909],[503576,167780],[503633,167679],[502900,167862],[502110,167967],[501804,168132],[501675,168086],[501552,167925],[501276,167760],[500845,167536],[500421,167196],[500428,167097],[500566,167099],[500613,167080],[500631,166918],[500618,166880],[500399,166438],[500235,166358],[499990,166057],[499787,165967],[499058,165896],[498646,165758],[498523,165680],[498326,165443],[498132,165308],[498059,165168],[498085,165072],[498126,165046],[499399,164421],[499475,164189],[499514,163731],[499694,163318],[499739,163309],[499923,163358],[500343,163511],[500667,163499],[500708,163474],[500770,163359],[500671,163272],[500688,163124],[500785,162980],[500854,162975],[500934,163045],[500955,163042],[501071,162724],[501064,162697],[500989,162612],[500996,162500],[501139,162272],[501242,162047],[501249,161967],[501225,161938],[501116,161912],[501104,161846],[501058,161783],[500892,161662],[500754,161656],[500683,161618],[500582,161608],[500463,161502],[500392,161514],[500387,161480],[500355,161477],[500299,161420],[499996,161429],[499724,161357],[499521,161232],[499485,161153],[499508,160829],[499321,160652],[499303,160611],[499067,160559],[499009,160565],[498631,160715],[498568,160791],[498508,160903],[498417,160964],[497219,160954],[496920,160909],[496898,160910],[496743,161044],[496710,161045],[496484,160986],[496289,160709],[496275,160607],[496288,160607],[496419,160340],[496245,160354],[496190,160397],[496178,160425],[496118,160423],[496014,160353],[495895,160383],[495891,160412],[495812,160401],[495614,160245],[495433,160140],[495226,160168],[495096,160123],[495074,160136],[495065,160255],[495028,160322],[494952,160359],[494851,160357],[494792,160186],[494583,160088],[494466,159728],[494343,159531],[494316,159323],[494145,158919],[494163,158770],[494220,158725],[494223,158499],[494198,158359],[494112,158192],[493766,158090],[493573,158078],[493549,158099],[493434,158121],[492782,158354],[492437,158170],[491620,157974],[491532,157894],[491482,157805],[491310,157406],[491222,157152],[491014,156727],[491009,156702],[491151,156661],[491144,156137],[490749,156169],[490725,155658],[490732,155379],[490791,155301],[491151,155018],[491364,154708],[491377,154676],[491401,153844],[491422,153822],[491769,153662],[492193,153379],[492201,153355],[493031,153008],[493140,152935],[493216,152925],[493275,152946],[493483,153111],[493638,153292],[493724,153351],[494733,153898],[494779,153917],[494846,153911],[494864,153798],[494964,153778],[495140,153877],[495165,153922],[495430,153940],[495534,154056],[495574,154060],[495584,153958],[495555,153756],[495646,153596],[495633,153487],[495520,153286],[495465,153039],[495412,153012],[495030,153002],[494834,152936],[494716,152844],[494719,152687],[494706,152653],[494376,152433],[493966,151920],[493869,151864],[493730,151912],[493709,151883],[493698,151667],[493862,151436],[493901,151220],[494105,151036],[494147,150694],[494363,150099],[494483,150058],[494551,149995],[494562,149826],[495113,149668],[495108,149492],[494887,149445],[494967,149092],[494933,148728],[495986,148096],[496005,147544],[498039,146174],[498294,145857],[498444,145795],[498545,145612],[498637,145538],[498688,145531],[498962,145355],[498956,145263],[498860,145205],[498810,144975],[498783,144968],[498655,145027],[498616,144998],[498451,144796],[498393,144601],[498362,144564],[498363,144526],[498423,144423],[498585,144363],[498596,144334],[498777,144324],[498890,144252],[498911,144248],[498911,144261],[499005,144240],[499155,144000],[499318,143829],[499277,143700],[499700,143700],[499700,143044],[499684,143039],[499676,143057],[499578,143017],[499560,143034],[499467,142992],[499457,142962],[499260,142968],[499250,142914],[499265,142764],[499169,142737],[499182,142600],[499185,142590],[499230,142600],[499272,142548],[499305,142556],[499340,142416],[499409,142417],[499420,142390],[499411,142337],[499460,142326],[499475,142226],[499400,142116],[499367,142119],[499297,142038],[499381,141924],[499568,141844],[499557,141582],[499469,141419],[499488,141232],[499561,141078],[499783,140963],[499842,140812],[499939,140757],[499999,140746],[499998,140598],[499846,140224],[499621,140072],[499539,140084],[499545,139996],[499346,139951],[499417,139778],[499330,139705],[499382,139618],[499445,139267],[499739,139229],[499446,138431],[499397,138178],[499289,138038],[499282,137972],[499326,137822],[499284,137494],[499112,137083],[498986,137095],[498970,137079],[498993,136793],[498943,136513],[499094,136093],[498999,136056],[498883,135506],[498751,135158],[498770,134895],[498651,134417],[498685,133850],[498609,133653],[498628,133551],[500007,133541],[500006,132851],[500129,132829],[500176,132855],[500248,132856],[500509,132691],[500821,132654],[500962,132591],[501046,132602],[501114,132719],[501241,132732],[501496,132672],[501625,132599],[501802,132597],[501806,132613],[501986,132645],[502315,132568],[502315,132543],[502434,132542],[502439,132564],[502557,132650],[502657,132677],[502788,132924],[502629,133073],[502588,133388],[502586,133519],[502623,133679],[502670,133749],[502742,133765],[503110,133585],[503303,133519],[503307,133488],[503230,133397],[503247,133345],[503353,133337],[503484,133390],[503532,133528],[503944,133530],[504000,133517],[504035,133418],[504121,133410],[504646,133227],[504856,133231],[504928,133252],[504992,133408],[505150,133437],[505389,133764],[505440,133793],[505681,133854],[505867,133831],[506419,134188],[506705,134221],[506871,134177],[507180,134355],[507237,134375],[507836,134428],[508111,134595],[508175,134595],[508493,134507],[508662,134634],[508716,134654],[508894,134630],[508974,134507],[509195,134420],[509262,134338],[509353,134351],[509534,134452],[509691,134630],[510124,134727],[510252,134871],[510499,134941],[510739,135174],[511463,135459],[511681,135416],[511826,135486],[511988,135491],[512189,135328],[512263,135432],[512485,135423],[512543,135593],[512870,135496],[512417,134499],[512014,134484],[511995,134448],[512000,133989],[512240,133968],[512247,133936],[512473,133738],[513124,133714],[513316,133628],[513405,133543],[513577,133193],[513620,133138],[513769,133117],[513967,133194],[514196,133208],[514570,133138],[514586,133049],[514572,132954],[514524,132831],[514320,132738],[514305,132716],[514249,132763],[514093,132797],[514143,132458],[514268,132447],[514310,132412],[514321,131992],[514419,131870],[514419,131850],[514258,131769],[514041,131787],[513885,131744],[513882,131719],[513908,131564],[514017,131495],[514033,131431],[513987,130953],[514000,130888],[514176,130641],[514257,130626],[514288,130445],[514362,130322],[514481,130238],[514534,130031],[514596,129972],[514577,129714],[514656,129537],[514769,129442],[514794,129390],[514792,129249],[514611,128905],[514630,128528],[514556,128430],[514461,128115],[514297,127769],[513995,127445],[513970,127445],[513970,127407],[513919,127400],[513879,127345],[513828,127120],[513873,126916],[513696,126676],[513660,126528],[513645,126074],[513447,126122],[513403,126225],[513202,126253],[513198,126282],[513009,126353],[512829,126356],[512793,126276],[512460,126144],[512218,125784],[512197,125773],[512132,125514],[512021,125431],[511991,125359],[511953,125340],[511898,125136],[511862,125119],[511849,124942],[511858,124904],[511953,124817],[511977,124503],[512117,124168],[512091,124013],[511802,123624],[511764,123585],[511688,123579],[511449,123697],[511442,123771],[511294,123778],[511205,123820],[511196,123883],[511120,123871],[511103,124001],[511135,124125],[511118,124154],[511029,124187],[510944,124109],[510909,124143],[510605,124177],[510530,124163],[510409,123872],[510247,123688],[510190,123538],[510085,123382],[510082,123217],[510028,123135],[509979,122730],[509935,122692],[509835,122492],[509730,122515],[509598,122514],[509563,122472],[509376,122117],[509132,122506],[508991,122691],[508794,122764],[508740,122769],[508727,122748],[508655,122404],[508489,122085],[508468,122083],[508273,122173],[508076,122179],[508113,122529],[508044,122710],[507514,122852],[507329,122918],[507295,122918],[507221,122787],[507159,122776],[506918,122842],[506864,122923],[506826,122939],[506705,122931],[506555,122832],[506423,122843],[506325,122924],[506155,122914],[506039,123126],[505854,123129],[505749,123242],[505640,123260],[505553,123214],[505485,123022],[505375,122982],[505325,122875],[505247,122867],[505247,122880],[505006,122996],[504922,122999],[504853,122927],[504805,122903],[504834,122811],[504844,122643],[504892,122544],[504878,122305],[504744,122237],[504740,122209],[504446,122236],[504231,122154],[504196,122155],[504100,122231],[504037,122251],[504022,122207],[503884,122199],[503832,122061],[503726,122053],[503718,121914],[503659,121855],[503653,121744],[503673,121362],[503746,121311],[503741,121269],[503724,121235],[503420,120940],[503351,120899],[503325,120858],[503383,120584],[503516,120408],[503514,120354],[503451,120281],[503371,119787],[503327,119673],[503333,119583],[503625,119280],[503547,119212],[503539,119049],[503451,118894],[503300,118837],[503215,118657],[503059,118534],[503071,118280],[503131,118198],[503227,118161],[503243,118080],[503105,117685],[503065,117632],[502917,117589],[502827,117472],[502508,117478],[502406,117464],[502317,117619],[502332,117874],[502272,117929],[502283,118066],[502242,118182],[502191,118186],[501960,118076],[501902,117944],[501565,117895],[501485,117868],[501452,117781],[501251,117769],[501190,117680],[501039,117583],[501013,117523],[500951,117200],[500771,116915],[500754,116121],[500774,116042],[500937,115753],[501003,115678],[501255,115487],[501516,115424],[501549,115398],[501650,115058],[501665,114840],[501693,114783],[502127,114651],[502413,114471],[502606,114327],[502955,114186],[502991,114129],[502998,113923],[503083,113772],[503097,113713],[503089,113686],[502674,113667],[502452,113736],[502215,113755],[502052,113670],[502000,113540],[501893,113053],[501765,112803],[501767,112626],[502100,112099],[502396,112143],[502502,112116],[502536,112081],[502662,111432],[502644,111127],[502572,111034],[502450,110978],[502387,111003],[502339,111087],[502327,111287],[502303,111312],[502210,111329],[502153,111294],[501867,111194],[501502,110992],[501454,110887],[501474,110671],[501703,110244],[501732,110217],[502051,110023],[502219,109998],[502522,110009],[502539,110048],[502535,110116],[502415,110238],[502351,110334],[502335,110434],[502348,110462],[502474,110528],[502696,110531],[502874,110619],[502996,110657],[503077,110663],[503165,110630],[503266,110488],[503340,110302],[503345,110241],[503387,110129],[503460,110187],[503582,110212],[503663,110186],[503695,110273],[503824,110347],[503958,110329],[503994,110350],[504019,110401],[504037,110739],[504144,110764],[504203,110803],[504273,110930],[504322,111103],[504387,111104],[504580,111003],[504676,111047],[505158,111542],[505617,112183],[505687,112170],[505960,111551],[506127,111004],[506187,110614],[506303,110660],[506220,110921],[506190,111189],[506120,111348],[506120,111395],[506206,111464],[506260,111583],[506413,111645],[506561,111926],[506595,111942],[506605,112002],[506802,112066],[506861,112137],[506869,112180],[507032,112095],[507079,111873],[507065,111762],[507017,111685],[507100,111689],[507356,111638],[507409,111605],[507413,111161],[507319,110537],[507171,110252],[507152,110252],[507077,110006],[507083,109782],[507038,109649],[506986,109612],[506871,109643],[506724,109637],[506597,109592],[506597,109457],[506574,109380],[506558,109366],[506490,109365],[506436,109346],[506369,109250],[506350,109190],[506360,108942],[506333,108894],[506202,108836],[506134,108751],[506076,108660],[506115,108599],[506133,108533],[506114,108485],[505966,108373],[505863,108208],[505833,107610],[505902,107362],[506012,107273],[506007,107179],[505888,107004],[505925,106642],[505894,106578],[505834,106298],[505570,106128],[505192,106049],[505094,105652],[505083,105517],[505084,105489],[505105,105475],[505258,105450],[505654,105334],[505705,105335],[505701,105164],[505612,104960],[505343,104726],[505321,104673],[505099,104405],[505053,104324],[504905,104292],[504675,104008],[504619,104035],[504609,104068],[504291,104175],[504281,104308],[503793,104502],[503666,104495],[503272,104545],[503073,104551],[502864,104448],[502819,104454],[502240,104357],[501835,104340],[501446,104279],[501331,104206],[501181,104199],[501062,104302],[500725,104263],[500677,104236],[500640,104250],[500480,104240],[500400,104170],[500350,104100],[500320,104000],[500370,103890],[500500,103720],[500530,103620],[500477,103324],[500621,102937],[500697,102819],[500810,102800],[500920,102840],[501100,103040],[501180,103100],[501270,103110],[501330,103090],[501380,103010],[501420,102890],[501430,102590],[501490,102470],[501579,102380],[501840,102260],[502170,102140],[502430,101910],[502600,101670],[502650,101550],[502740,101400],[502810,101160],[502792,101142],[502959,101007],[503146,100779],[502935,100700],[502766,100662],[502232,100655],[501962,100633],[501720,100586],[501363,100490],[501024,100373],[500446,100106],[499906,99947],[499577,99820],[499394,99738],[499054,99553],[498750,99453],[498524,99420],[497704,99366],[496789,99174],[495928,99076],[495632,99021],[495411,98943],[494958,98721],[494344,98453],[494164,98348],[493904,98162],[493724,98082],[493507,98048],[492977,98076],[492482,98029],[492209,97984],[491909,97900],[490872,97535],[490544,97403],[490217,97244],[489950,97075],[489633,96817],[488469,95720],[488318,95542],[488128,95234],[488021,95010],[487972,94845],[487903,94456],[487840,94212],[487774,94038],[487609,93702],[487463,93444],[487104,92889],[486449,92015],[486258,91824],[486114,91731],[485895,91654],[485617,91630],[485338,91675],[485140,91749],[484950,91859],[484749,92016],[484520,92234],[483890,92934],[483395,93444],[482872,93870],[482435,94309],[482172,94550],[481784,94845],[481033,95339],[480406,95723],[479942,96030],[479703,96165],[478293,96852],[477909,96998],[477570,97094],[477087,97174],[475724,97347],[475042,97428],[474447,97478],[474177,97520],[473566,97680],[472676,97961],[471756,98174],[469701,98402],[469036,98417],[468085,98396],[467781,98360],[467485,98296],[467135,98179],[466238,97807],[466011,97700],[465688,97510],[465455,97434],[465271,97423],[464886,97466],[464467,97470],[464006,97502],[463615,97485],[462436,97368],[461853,97286],[461575,97211],[461181,97052],[460955,96996],[460766,96988],[460533,97034],[460367,97107],[460122,97267],[459820,97520],[459412,97906],[459256,98027],[459097,98120],[458892,98210],[458689,98274],[457864,98422],[457650,98480],[457369,98598],[457069,98784],[456803,98998],[456584,99223],[455927,100025],[455598,100467],[455349,100766],[455156,100951],[454890,101135],[454244,101495],[453908,101651],[453619,101748],[453122,101854],[452883,101954],[452674,102101],[452139,102609],[451868,102789],[451575,102941],[450313,103517],[449975,103616],[449913,103620],[449813,103600],[449759,103563],[449674,103444],[449580,103204],[449499,102841],[449471,102397],[449438,102170],[449365,101912],[449258,101670],[449155,101505],[448995,101315],[448291,100688],[448018,100383],[447874,100180],[447758,99980],[447530,99524],[447446,99284],[447444,99149],[447465,99066],[447592,98827],[448392,97821],[448715,97454],[448856,97329],[448995,97245],[449681,97008],[450168,96780],[450240,96770],[450333,96782],[450856,96956],[451031,96995],[451205,97011],[451381,97003],[451537,96973],[451809,96866],[452058,96707],[452321,96472],[452593,96194],[452972,95737],[453576,95250],[454018,94761],[454178,94619],[454909,94244],[455175,94136],[455752,93943],[456285,93655],[456662,93508],[456906,93451],[457125,93433],[458478,93481],[458630,93499],[458739,93548],[458777,93584],[458993,93970],[459091,94077],[459195,94152],[459332,94215],[459492,94249],[459650,94237],[459780,94187],[459917,94079],[460040,93895],[460092,93741],[460133,93440],[460172,93333],[460276,93226],[460474,93100],[460750,92960],[460972,92872],[461144,92827],[461617,92747],[462346,92489],[463028,92315],[463223,92227],[463386,92103],[463509,91953],[463640,91695],[463898,90838],[464223,90122],[464350,89575],[464404,89453],[464450,89406],[464576,89336],[465065,89190],[465351,89077],[465624,88915],[465806,88774],[466082,88503],[466248,88274],[466341,88062],[466370,87933],[466382,87785],[466367,87618],[466327,87470],[466255,87312],[466140,87149],[465893,86920],[465441,86625],[465257,86487],[464788,86021],[464646,85835],[464490,85487],[464424,85373],[464320,85243],[464177,85118],[463985,85020],[463819,84979],[463536,84959],[463026,84983],[462720,84969],[462252,84882],[461850,84753],[461322,84500],[461018,84328],[460720,84135],[460524,83981],[460351,83815],[459982,83393],[459688,82969],[459603,82806],[459523,82606],[459449,82304],[459371,81695],[459086,80733],[459072,80511],[459179,80058],[459192,79833],[459155,79590],[459056,79222],[459010,78840],[458955,78561],[458879,78329],[458783,78137],[458610,77901],[458435,77735],[458002,77428],[457701,77267],[457004,76976],[456264,76788],[455987,76689],[455415,76418],[454637,76078],[454100,75774],[453889,75682],[453468,75542],[452857,75383],[452042,75288],[451786,75245],[451195,75055],[450770,74964],[450253,74814],[449978,74768],[449696,74775],[449484,74827],[449236,74935],[448973,75110],[448842,75235],[448721,75395],[448398,76011],[448079,76427],[446838,77621],[446412,77978],[446065,78208],[445669,78396],[445145,78573],[444934,78696],[444714,78910],[444329,79373],[443812,79936],[443435,80295],[443213,80481],[442972,80638],[442510,80878],[442079,81131],[441504,81419],[441208,81541],[440569,81762],[439972,82020],[439287,82273],[438908,82464],[438620,82682],[438108,83161],[437827,83367],[437693,83487],[437539,83673],[437221,84166],[436997,84423],[436664,84691],[436360,84865],[436019,84993],[435858,85029],[435619,85055],[434957,85045],[434216,84966],[433025,84776],[432155,84517],[431410,84406],[430726,84220],[430333,84155],[430079,84157],[429856,84201],[429623,84295],[429261,84497],[429112,84654],[429065,84748],[429040,84847],[429039,84949],[429062,85049],[429148,85199],[429243,85289],[429395,85382],[429879,85533],[429989,85585],[430032,85621],[430088,85715],[430238,86151],[430309,86272],[430407,86387],[430524,86486],[430712,86598],[431342,86865],[431506,86960],[431594,87054],[431642,87135],[431694,87286],[431705,87382],[431656,87642],[431551,87906],[431127,88782],[430989,89032],[430883,89186],[430738,89336],[430371,89630],[430061,89903],[429560,90414],[429299,90608],[429020,90749],[428732,90859],[425884,91833],[425444,91962],[424483,92196],[423990,92292],[422506,92476],[421991,92507],[421188,92478],[420462,92396],[420083,92330],[419782,92227],[419567,92081],[419303,91819],[419106,91543],[419023,91350],[418917,91011],[418823,90789],[418675,90528],[418527,90310],[418359,90114],[418202,89983],[418037,89893],[417866,89841],[417642,89824],[417404,89855],[416332,90180],[414842,90459],[413395,90652],[412577,90715],[412176,90706],[411544,90630],[410792,90489],[410134,90399],[409417,90263],[409061,90180],[408670,90027],[407841,89648],[406906,89135],[406615,88948],[406070,88485],[405777,88185],[404820,87050],[404659,86807],[404597,86635],[404616,86511],[404756,86249],[404812,86085],[404830,85940],[404822,85812],[404747,85560],[404326,84649],[404158,84174],[404110,83998],[404089,83816],[404096,83674],[404126,83524],[404201,83333],[404296,83190],[404419,83066],[404559,82977],[404655,82942],[404779,82920],[405438,82903],[405603,82867],[405733,82804],[405837,82712],[405902,82609],[405944,82475],[405952,82321],[405887,82039],[405739,81688],[405548,81381],[405300,81064],[405129,80900],[404945,80779],[404732,80682],[404345,80546],[404184,80452],[404013,80278],[403893,80046],[403822,79816],[403777,79597],[403765,79470],[403786,79323],[403824,79255],[403877,79207],[404188,79054],[404338,78944],[404456,78783],[404490,78685],[404502,78583],[404493,78480],[404439,78316],[404202,77969],[404131,77817],[404093,77637],[404062,77216],[404012,77064],[403931,76924],[403728,76705],[403484,76518],[403255,76399],[403016,76335],[402794,76315],[402117,76296],[401355,76223],[400800,76233],[400287,76262],[399893,76257],[399296,76187],[398893,76093],[398659,76009],[398478,75909],[398318,75776],[397816,75299],[397514,75068],[397069,74846],[396602,74706],[396349,74673],[396142,74695],[395937,74775],[395769,74902],[395617,75086],[395469,75342],[395371,75573],[395180,76110],[395076,76312],[394937,76456],[394628,76638],[394492,76694],[393490,77012],[393276,77042],[392639,77065],[392416,77110],[392203,77183],[391901,77321],[391627,77484],[390914,77995],[390522,78306],[390418,78372],[390286,78399],[389904,78371],[389692,78415],[389528,78496],[389047,78844],[388882,78929],[388692,78958],[388166,78954],[387422,79005],[387138,79036],[386956,79082],[386814,79153],[386690,79257],[386417,79644],[386315,79715],[386208,79755],[386032,79772],[385713,79755],[385507,79730],[385332,79687],[385095,79589],[384781,79376],[384647,79305],[384482,79246],[384167,79176],[383776,79138],[383003,79156],[382773,79191],[381773,79412],[381584,79476],[381136,79675],[380965,79722],[380124,79849],[379574,79874],[378870,80065],[378495,80132],[378191,80152],[377493,80136],[377250,80166],[377000,80245],[376803,80341],[376565,80499],[376211,80779],[376081,80830],[375927,80842],[375567,80822],[375173,80821],[374661,80838],[374355,80870],[373948,80976],[373569,81124],[373186,81303],[372907,81370],[372593,81407],[372295,81391],[372040,81329],[371614,81174],[371380,81131],[371147,81153],[370787,81269],[370592,81307],[370392,81298],[370235,81240],[370085,81150],[369876,80978],[369611,80718],[369389,80459],[369245,80248],[369117,80020],[369030,79799],[369014,79664],[369059,79545],[369357,79244],[369428,79141],[369475,79032],[369502,78911],[369505,78787],[369438,78390],[369473,78284],[369573,78186],[370022,77893],[370246,77691],[370880,76984],[371274,76586],[371370,76447],[371428,76311],[371460,76142],[371457,75860],[371337,74892],[371305,74483],[371305,74002],[371348,72558],[371344,72279],[371321,72073],[371201,71564],[371141,71398],[371068,71263],[370962,71123],[370833,70994],[370295,70551],[370029,70240],[369836,69944],[369561,69321],[369374,68968],[369255,68789],[368513,68025],[368349,67887],[368193,67801],[368074,67763],[367959,67745],[367834,67748],[367697,67780],[367552,67856],[367459,67936],[367361,68064],[367276,68243],[367216,68446],[367179,68669],[367171,68852],[367206,69130],[367365,69647],[367409,69864],[367517,70910],[367525,71098],[367509,71414],[367525,71595],[367562,71753],[367760,72378],[367829,72800],[367826,73063],[367796,73181],[367724,73360],[367544,73656],[366240,75242],[365778,75741],[365229,76289],[363197,78173],[359634,81227],[359327,81474],[358385,82193],[357545,82809],[355898,84072],[353163,85827],[351235,86999],[351436,87251],[351503,87429],[351628,87357],[352244,89971],[353318,90186],[353103,94483],[354446,95020],[355574,94268],[354446,97168],[354983,98028],[354661,99102],[353479,98941],[353265,100015],[352728,100659],[351438,100874],[351116,101787],[351922,103130],[351009,103130],[350633,104634],[348914,104312],[348323,105279],[350472,106675],[350525,107534],[352244,108770],[353103,108609],[355252,109737],[356917,108985],[357991,109683],[357132,112422],[354842,113768],[354989,114632],[353598,114543],[353243,118330],[351577,118722],[351653,119727],[350579,120049],[351546,121177],[350794,123272],[351761,122949],[353211,124668],[353802,123862],[354124,125581],[356648,126924],[357937,126172],[358260,127139],[359065,127246],[360193,129609],[358636,130093],[358636,131436],[359495,131489],[359388,131973],[358475,131973],[359119,133101],[359817,132080],[361643,132402],[363792,133477],[366370,134819],[364866,135840],[367283,137827],[367283,139277],[369002,140942],[368948,142070],[371741,144971],[371473,146582],[374803,148354],[373997,151094],[372708,151685],[371902,153940],[374910,155874],[376790,155874],[375877,158076],[377542,161245],[379690,162104],[380335,163501],[379959,166133],[380442,167529],[381194,169194],[379558,169746],[379616,170019],[379807,170927],[379835,171004],[380018,171930],[380090,172859],[380105,172915],[380281,173237],[380267,173242],[380177,173151],[380102,173144],[380012,173224],[379727,173247],[379550,173337],[379591,173505],[379578,173511],[379633,173907],[379642,174242],[379687,174290],[379761,174311],[379732,174431],[379734,174499],[379831,174908],[379854,174923],[379861,175129],[379885,175247],[379961,175413],[380043,175493],[379997,175571],[379978,175643],[379942,176160],[379921,176328],[379884,176433],[379921,176426],[379930,176456],[379877,176502],[379865,176532],[379822,176526],[379790,176489],[379752,176505],[379711,176490],[379589,176580],[379423,176578],[379332,176537],[379204,176515],[379131,176440],[379051,176396],[378997,176388],[378994,178409],[379318,178528],[379494,178638],[379538,178688],[379484,178823],[379540,178913],[379517,178945],[379548,179009],[379410,179209],[379610,179304],[379630,179334],[379777,179389],[379901,179433],[380000,179445],[381780,180067],[382340,180390],[382337,180453],[382416,180594],[382416,180781],[382477,180819],[382529,180897],[382580,180928],[382594,181048],[382508,181113],[382397,181093],[382348,181107],[382231,181080],[382154,181141],[382132,181197],[382058,181295],[382040,181366],[382057,181478],[382020,181485],[382028,181698],[381948,181738],[381820,181739],[381826,181769],[381778,181832],[381678,181843],[381618,181934],[381729,182100],[381844,182378],[381897,182520],[381955,182802],[381942,182886],[381855,182915],[381805,182954],[381483,183445],[381526,183544],[381580,183600],[381588,183640],[381556,183734],[381571,183757],[381557,183818],[381576,183844],[381576,183878],[381506,183979],[381481,184112],[381533,184392],[381624,184477],[381521,184597],[381558,184806],[381548,184929],[381593,184983],[381630,185065],[381611,185118],[381633,185167],[381722,185330],[381756,185360],[381743,185409],[381777,185494],[382042,185709],[382019,185738],[381829,185849],[381634,185901],[381492,185975],[381306,185989],[380970,185969],[380984,186087],[381012,186217],[381113,186240],[381200,186550],[381291,186647],[381330,186819],[381419,187023],[381462,187015],[381563,187114],[381589,187099],[381642,187131],[381750,187149],[382284,187133],[382572,187181],[382639,187174],[382687,187193],[382730,187040],[382905,187026],[383109,186976],[383115,187210],[383143,187218],[383283,187708],[383357,187869],[383378,187880],[383335,188136],[383690,188323],[383610,188576],[383676,189053],[383646,189107],[383644,189195],[383695,189267],[383666,189455],[383688,189572],[383756,189669],[383804,189770],[383802,189848],[384012,189912],[384144,190024],[384284,190086],[384448,190260],[384415,190680],[384449,190774],[384581,190966],[384598,191075],[384573,191185],[384576,191295],[384652,191441],[384701,191496],[384607,191540],[384540,191629],[384502,191630],[384419,191682],[384194,191722],[384082,191785],[383462,192037],[382924,192193],[382449,192434],[382439,192467],[382682,192966],[382700,192979],[383124,192983],[384076,192973],[385353,193010],[387082,193011],[387169,193048],[387195,193067],[387177,193191],[387367,193203],[387388,193289],[387476,193463],[387508,193573],[387555,193596],[387555,193857],[387621,193869],[387617,193938],[387640,193949],[387645,194136],[387672,194142],[387673,194310],[387650,194316],[387653,194430],[387513,194462],[387560,194666],[387595,194674],[387632,194758],[387653,194910],[387641,194973],[387492,195231],[387492,195649],[387463,195882],[387877,196111],[388020,196254],[388132,196333],[388186,196274],[388289,196283],[388373,196205],[388405,196211],[388789,196041],[389133,195812],[389363,195704],[389473,195700],[389717,195738],[389928,195635],[389944,195626],[389942,195600],[390009,195575],[390375,195634],[390412,195635],[390438,195602],[390735,195706],[390878,195735],[391085,195705],[391131,195675],[391253,195500],[391374,195394],[391374,195375],[391658,195189],[391799,195431],[391878,195403],[392196,195653],[392343,195578],[392343,195512],[392784,195440],[392923,195323],[393429,195229],[393800,195060],[393829,195223],[394518,194972],[395680,196488],[396141,197062],[396244,197013],[396326,196939],[396402,196769],[396831,196461],[396829,196426],[396905,196353],[396903,196314],[396920,196284],[397184,195998],[399414,195997],[399509,196050],[399620,196196],[399631,196343],[399659,196380],[400356,196393],[400421,196322],[400460,196396],[400501,196595],[400831,196667],[400919,196705],[400890,196764],[400926,196822],[400895,196845],[400934,196880],[400943,196930],[400897,196994],[400909,197003],[400959,196986],[400972,197013],[400952,197034],[401000,197077],[401005,198460],[401111,198497],[401058,198899],[401006,199091],[400971,199187],[400846,199407],[400870,199459],[400817,199627],[400712,199713],[400724,199809],[400542,199894],[400442,199902],[400421,199945],[400295,200043],[400218,200146],[400091,200277],[399859,200059],[399796,200013],[399783,200025],[400000,200681],[400063,200724],[400102,200779],[400160,200983],[400104,201437],[400010,201328],[399877,201357],[399782,201231],[399756,201224],[399660,201294],[399687,201351],[399662,201381],[399301,201390],[399083,201448],[399076,201480],[398953,201482],[398937,201747],[398918,201784],[398789,201800],[398605,201754],[398545,201756],[398404,201862],[398314,201892],[397661,201789],[397270,201842],[397046,201891],[396559,201907],[396411,201932],[396408,201990],[396349,202075],[396350,202312],[396323,202564],[396348,202723],[396335,202794],[396360,202832],[396378,202956],[396396,203262],[396375,203383],[396267,203736],[396241,203899],[396267,203984],[396425,204078],[396715,204170],[397097,204385],[397516,204569],[397470,204586],[397367,204666],[397112,204929],[397102,204963],[397120,204994],[397996,204997],[398000,205472],[398152,205384],[398275,205340],[398656,205261],[398828,205242],[398884,205315],[398874,205331],[399011,205463],[399024,205590],[399014,205624],[398915,205702],[398911,205720],[398733,205801],[398639,205961],[398757,206084],[398824,206244],[398921,206401],[398914,206417],[399020,206530],[399045,206515],[399216,206574],[399398,206674],[399432,206664],[399638,206809],[399737,206951],[399846,207058],[399759,207333],[399876,207358],[399898,207299],[400027,207298],[400038,207318],[400164,207323],[400166,207373],[400204,207472],[400195,207531],[400099,207609],[400057,207703],[400140,207878],[400135,207937],[400105,207995],[399926,208136],[399805,208273],[399711,208273],[399606,208297],[399300,208602],[399089,208700],[399167,208774],[399243,208935],[399270,209263],[399134,209280],[399094,209218],[399060,209236],[399068,209323],[398928,209317],[398972,209534],[398970,209589],[398839,209578],[398793,209795],[398573,209775],[398529,209961],[398591,210130],[398548,210185],[398498,210291],[398471,210429],[398378,210484],[398293,210603],[398264,210683],[398281,210720],[398441,210832],[398463,210897],[398352,211047],[398359,211269],[398420,211403],[398420,211502],[398399,211587],[398356,211659],[398374,211744],[398379,211993],[398562,212264],[398554,212375],[398811,212690],[398271,213746],[398292,214026],[398339,214134],[398483,214337],[398512,214428],[398481,214533],[398392,214666],[398377,214739],[398362,215107],[398321,215187],[398302,215299],[398385,215441],[398503,215559],[398458,215608],[398453,215734],[398282,215744],[398252,215841],[398179,215982],[398125,216003],[398090,216046],[398027,216167],[397999,216390],[398016,216448],[398067,216526],[398202,216511],[398318,216643],[398259,216694],[398133,216757],[397907,216827],[397893,216894],[397922,216942],[397919,216994],[397818,217207],[397792,217339],[397795,217402],[397843,217533],[397877,217583],[397972,217656],[398029,217767],[397983,218059],[398350,218322],[398436,218308],[398644,218320],[398745,218284],[398812,218241],[398940,218230],[399041,218372],[399145,218367],[399165,218470],[399990,218515],[399989,219759],[399798,219993],[398812,220000],[398858,220093],[398910,220127],[398970,220227],[399010,220312],[399038,220436],[399018,220533],[399062,220648],[399009,220626],[398944,220738],[398944,220775],[399190,221417],[399231,221581],[399277,221819],[399274,221888],[399224,222090],[399226,222218],[399329,222466],[399400,222727],[399400,222836],[399429,223028],[399578,223010],[399764,222949],[400000,222844],[400061,222840],[400222,223193],[400349,223706],[400451,223897],[400502,224054],[401022,223590],[401144,223506],[404399,223505],[404478,223625],[404504,223716],[404539,223738],[404590,223845],[404678,223974],[404472,224189],[404464,224341],[404483,224527],[404471,224610],[404528,224657],[404614,224792],[404710,224741],[404797,224724],[405088,224771],[405145,224769],[405251,224728],[405335,224652],[405419,224535],[405437,224082],[405428,223664],[405461,223415],[405594,223185],[405562,223136],[405645,223006],[405699,222875],[405735,222608],[405621,222452],[405535,222378],[405069,222169],[405073,222069],[405103,221988],[405242,221917],[405480,221752],[405562,221631],[405787,221406],[405965,221159],[406147,221005],[406282,221020],[406477,221012],[406523,221047],[406574,221057],[406754,220962],[406785,220982],[406857,220939],[406959,221193],[407026,221189],[407096,221283],[407131,221394],[407177,221390],[407187,221410],[407206,221410],[407294,221654],[407252,221772],[407699,221757],[408197,221766],[408116,221541],[408121,221494],[408158,221447],[408347,221367],[408664,221282],[408766,221276],[408874,221304],[408971,221194],[409050,221021],[409119,220980],[409325,220931],[409378,220890],[409391,220837],[409384,220721],[409442,220613],[409466,220399],[409499,220360],[409435,220156],[409433,220071],[409522,219828],[409599,219700],[409648,219507],[409734,219288],[409743,219217],[409761,219200],[409761,219148],[409913,219103],[409933,219085],[410085,219094],[410101,219046],[410117,219050],[410129,219034],[410179,219046],[410285,218708],[410303,218665],[410326,218670],[410336,218642],[410363,218505],[410363,218400],[410376,218402],[411218,218684],[411341,218749],[411406,218804],[411497,218844],[411515,218848],[411552,218788],[411652,218745],[411678,218770],[411702,218860],[411755,218882],[411776,218970],[411839,219109],[411865,219126],[412019,219350],[412081,219595],[412146,220049],[412439,219884],[412432,220113],[412542,220123],[412509,220194],[412707,220274],[412773,220344],[412828,220309],[412912,220379],[412996,220557],[413047,220572],[413105,220645],[413157,220744],[413167,220818],[413141,221038],[413059,221223],[412960,221366],[412972,221389],[412962,221508],[412983,221615],[413027,221736],[413094,221808],[413131,221887],[413274,221857],[413595,221832],[413739,221801],[413919,221732],[414272,221430],[414457,221316],[414625,221266],[414998,221216],[415009,220994],[416047,221002],[416080,221020],[416456,221473],[417081,222119],[417101,222177],[417141,222222],[417193,222172],[417241,222197],[417268,222240],[417360,222232],[417404,222180],[417553,222073],[417775,222282],[417926,222453],[418414,223243],[418657,223499],[420336,223498],[420390,223546],[420478,223584],[420541,223580],[420743,223614],[420859,223584],[420847,223508],[420939,223486],[421077,223421],[421082,223366],[421237,223330],[421306,223384],[421435,223439],[421583,223548],[421651,223674],[421785,223580],[421874,223648],[422129,223787],[422216,223851],[422373,223918],[422675,224194],[423115,224524],[423242,224650],[423605,224847],[423631,224835],[423765,224921],[423799,224905],[424109,225007],[424373,225122],[424389,225089],[424421,225086],[424408,225035],[424458,225026],[424451,224955],[424474,224928],[424658,225109],[424849,225236],[424998,225412],[425116,225492],[425227,225666],[425261,225705],[425276,225692],[425427,225876],[425539,225964],[425613,226097],[425662,226151],[426039,226484],[426230,226633],[426374,226612],[426432,226618],[426546,226663],[426418,226857],[426366,227023],[426229,227236],[425984,227719],[426113,227805],[426288,227973],[426765,228677],[426868,228789],[427194,229107],[427713,229574],[427775,229622],[427944,229684],[428050,229769],[428489,230267],[428679,230434],[428887,230579],[429210,230750],[429361,230811],[429775,230975],[430064,231030],[430758,231338],[430991,231462],[431342,231540],[432275,231947],[432515,232605],[432530,232712],[432591,232782],[432692,232821],[432782,233002],[432850,233248],[432952,232838],[433190,232457],[433402,232266],[433639,232091],[433916,231977],[434204,231918],[434310,231837],[434338,231806],[434336,231567],[434370,231556],[434637,231094],[434765,230977],[435388,231190],[435539,231273],[435633,231347],[435706,231434],[435803,231570],[435906,231791],[435932,231820],[436159,231836],[436363,231871],[436535,231818],[436672,231725],[437108,231584],[437328,231411],[437417,231377],[437471,231396],[437560,231382],[437596,231391],[437663,231447],[437842,231667],[437991,231766],[437982,231789],[437994,231808],[438007,231797],[438034,231834],[438076,231827],[438098,231853],[438112,231843],[438212,231859],[438263,231913],[438328,231927],[438468,232006],[438538,232086],[438690,232316],[438744,232031],[438798,231871],[439041,231485],[439054,231479],[439277,231661],[439618,231740],[439740,231744],[439877,231615],[440093,231504],[440298,231321],[440442,231274],[440588,231007],[440580,230715],[440635,230622],[440699,230848],[440819,230862],[440846,230884],[440862,230944],[440836,231192],[441013,231256],[441112,231391],[441146,231413],[441223,231417],[441327,231366],[441329,231343],[441539,231292],[441748,231361],[442107,231434],[442341,231520],[442507,231536],[442746,231597],[443139,231598],[443318,231622],[443529,231698],[443677,231726],[443659,231974],[443731,231990],[443842,231987],[443846,231782],[443909,231345],[443895,231317],[443915,231176],[444026,231228],[444168,231143],[444245,231417],[444177,231739],[444048,231724],[444049,232337],[444285,232386],[445207,232465],[445471,232502],[445410,232625],[445416,232729],[445479,232782],[445535,232865],[445581,232890],[445620,232964],[445684,232976],[445723,233002],[445725,233028],[445757,233011],[445795,233018],[445803,232991],[445826,233031],[445862,233007],[445866,233064],[445916,233023],[445954,233057],[445934,233081],[445974,233107],[446007,233089],[446022,233116],[446063,233115],[446081,233171],[446123,233148],[446138,233204],[446116,233223],[446122,233242],[446174,233278],[446195,233268],[446219,233283],[446205,233316],[446230,233341],[446201,233357],[446215,233382],[446467,233510],[446563,233485],[446680,233483],[446830,233518],[446849,233556],[446866,233531],[446857,233510],[446878,233487],[446925,233496],[446916,233462],[446968,233393],[446992,233426],[447028,233407],[447046,233421],[447092,233391],[447099,233344],[447128,233364],[447151,233329],[447167,233356],[447219,233355],[447240,233319],[447273,233353],[447573,233349],[447740,233406],[447992,233404],[447995,233693],[448012,233735],[448151,233842],[448396,233906],[448463,233903],[448629,233788],[448927,233701],[449070,233637],[449151,233641],[449296,233707],[449308,233621],[449280,233537],[449364,233380],[449373,233335],[449296,233318],[449246,233256],[449212,233170],[449217,233147],[449271,233113],[449317,233027],[449374,232980],[449315,232848],[449332,232802],[449275,232789],[449260,232718],[449167,232714],[449123,232678],[449065,232707],[449048,232670],[448954,232627],[448932,232599],[448960,232557],[449026,232585],[449062,232576],[449066,232545],[449036,232492],[449036,232381],[449083,232358],[449116,232390],[449164,232405],[449155,232354],[449119,232318],[449135,232272],[449171,232227],[449233,232223],[449247,232198],[449278,232211],[449344,232195],[449353,232176],[449322,232141],[449321,232114],[449348,232082],[449383,232083],[449396,232065],[449318,231979],[449270,232023],[449242,232010],[449230,231973],[449232,231949],[449251,231939],[449241,231813],[449307,231757],[449382,231601],[449315,231500],[449321,231475],[449342,231477],[449366,231451],[449448,231540],[449480,231716],[449466,231779],[449480,231790],[450207,231865],[450395,231828],[450719,231687],[450867,231647],[450952,231678],[451069,231759],[451109,231828],[451173,231848],[451211,231836],[451246,231853],[451266,231840],[451280,231867],[451297,231844],[451395,231915],[451423,231914],[451452,231964],[451473,231964],[451474,231998],[451524,232008],[451607,232137],[451680,232178],[451741,232168],[451792,232110],[452002,232185],[452001,233000],[452531,233000],[452532,233049],[452709,233139],[452924,233223],[453019,233000],[453330,233000],[453438,232940],[453406,232717],[453447,232707],[453448,232674],[453528,232577],[453731,232491],[453726,232422],[453758,232216],[453742,232027],[453803,231970],[453818,231863],[453782,231726],[453773,231605],[453860,231611],[454059,231569],[454166,231518],[454579,231392],[454668,231390],[454774,231428],[454830,231430],[454968,231392],[455008,231357],[455164,231293],[455229,231290],[455307,231315],[455365,231418],[455384,231533],[455436,231516],[455470,231532],[455533,231625],[455671,231760],[455841,231733],[455925,231760],[456042,231752],[456095,231785],[456212,231766],[456343,231799],[456413,231788],[456512,231845],[456626,231877],[456648,231877],[456689,231835],[456808,231987],[456832,232048],[456773,232052],[456801,232102],[456841,232077],[456966,232308],[457517,233099],[457999,232981],[458043,233107],[458215,233104],[458360,233076],[458562,233313],[458864,233512],[459115,233592],[459306,233573],[459315,233632],[459420,233617],[459433,233657],[459544,233653],[459563,233795],[459656,234081],[459679,234082],[459699,234151],[459730,234404],[459856,234439],[459910,234472],[459945,234461],[460013,234545],[460027,234545],[460067,234655],[460131,234663],[460243,235026],[460322,235227],[460365,235219],[460372,235251],[460396,235247],[460470,235456],[460497,235605],[460756,235557],[460738,235578],[460793,235603],[460829,235666],[460826,235703],[460917,235686],[460936,235717],[460965,235711]]]]}}]}