{"type":"FeatureCollection","source":"ONS International Territorial Level 1 (January 2025) Boundaries UK BUC, EPSG:27700, OGL v3.0","url":"https://services1.arcgis.com/ESMARspQHYMw9BZ9/arcgis/rest/services/ITL1_JAN_2025_UK_BUC/FeatureServer/0/query?where=1%3D1&outFields=ITL125CD,ITL125NM&outSR=27700&f=geojson","features":[{"type":"Feature","properties":{"name":"North East"},"geometry":{"type":"MultiPolygon","coordinates":[[[[421829,636031],[421822,635950],[421619,635978],[421787,636025],[421829,636031]]],[[[412668,643932],[412838,643769],[413036,643878],[413186,643856],[413343,643527],[413981,643594],[413987,643210],[413868,642613],[414002,642087],[414009,641603],[413105,641920],[412999,641642],[412526,641660],[412294,642761],[411695,643230],[410725,643341],[410010,642814],[409401,643121],[409219,643582],[409415,643864],[411002,643480],[411835,643525],[412521,643953],[412668,643932]]],[[[400100,654736],[400600,652666],[400829,652531],[400827,652496],[400866,652492],[400869,652463],[400626,652556],[400000,652480],[399835,652460],[399490,652914],[399453,652963],[399426,652998],[399277,653195],[399266,653209],[399060,653480],[398259,653128],[398218,653110],[398084,653051],[397660,652864],[397558,651922],[397491,651865],[397466,651844],[397210,651627],[397706,651864],[398113,652936],[398519,653106],[398522,653065],[398254,652834],[398431,652873],[398507,652889],[399257,653103],[399864,652047],[400000,652038],[400565,652003],[401134,650875],[401149,650845],[402408,649433],[402563,648875],[403854,647705],[403901,647647],[403959,647610],[405175,646509],[405629,645727],[407385,644561],[407631,643543],[407291,643392],[408069,643263],[408019,642459],[408517,641388],[408275,641386],[409598,640000],[409721,639871],[410103,639135],[409747,639251],[410141,638858],[410232,638767],[411861,637809],[412553,638080],[413309,639270],[413199,640000],[412980,640494],[413204,640531],[413489,640241],[413495,640000],[413697,638972],[414911,636951],[414471,635997],[413557,635844],[414059,635691],[414648,634397],[416327,636138],[417293,635988],[417490,635910],[417695,635780],[417958,635447],[419503,634771],[420000,634130],[421227,632548],[422223,632298],[421983,632194],[422651,631789],[422656,631506],[422034,630898],[422442,631225],[423231,629614],[423659,629395],[423558,629027],[424140,628787],[423293,628568],[422937,627525],[423029,627349],[423696,626072],[424184,625916],[424158,625574],[424152,625490],[424686,625399],[424178,624593],[424502,624026],[424488,623516],[424450,623490],[424483,623329],[424468,622775],[425659,622016],[425787,622076],[425932,622127],[425806,620000],[425805,619994],[425983,619279],[425989,618511],[425836,618206],[425995,617779],[426004,616625],[425828,616337],[426213,615674],[426810,615381],[426959,615256],[426571,613880],[426766,612855],[425981,612233],[425899,612167],[425646,611270],[424718,610202],[424092,610548],[424339,610655],[424309,610793],[423943,610937],[423952,610679],[424517,609617],[424569,610111],[424905,610067],[425065,608947],[425075,608918],[425080,608902],[425525,607647],[425570,607442],[425658,607272],[426192,605765],[426623,605128],[427075,605144],[427129,605092],[426613,604919],[426556,604964],[426223,605227],[425820,605546],[425842,605473],[425950,605140],[426403,604769],[426427,604749],[426491,604696],[427142,604772],[427259,604966],[427344,604884],[427363,604676],[428693,603165],[428676,602012],[428166,601552],[427484,600000],[427409,599830],[427360,598007],[428431,594880],[430284,592656],[430072,591995],[430262,591553],[430199,591417],[430241,591331],[430238,591303],[430330,591152],[430702,590398],[431137,589744],[431256,589538],[431343,589490],[431674,588948],[431605,588814],[431988,588042],[431644,587930],[431192,587815],[431185,587739],[431026,587264],[431026,587260],[431106,587184],[431036,586727],[430674,586354],[430632,585973],[430357,585470],[429534,585432],[429520,585432],[429425,585361],[429402,585344],[430368,585234],[430728,584044],[430734,583973],[430768,583910],[430939,583344],[431318,582828],[431627,582318],[431752,582234],[432066,581805],[432543,580908],[432563,580825],[432069,581678],[431717,581909],[430571,583351],[430696,582822],[430535,583144],[429855,582843],[428261,583708],[429808,582684],[428539,582304],[428080,582339],[427825,582247],[428395,582208],[428426,582206],[428633,582192],[428818,582292],[428892,582332],[429268,582276],[429184,582085],[429731,582388],[429737,582391],[429761,582405],[430213,582636],[430968,582292],[431055,582253],[431658,581802],[431687,581780],[431962,581620],[432157,581313],[432134,580489],[432278,580972],[432574,580494],[432533,580427],[432329,580558],[432120,580000],[432091,579919],[432349,578781],[432374,578744],[433409,577233],[433489,577094],[433506,577091],[433693,576818],[433730,576838],[433978,576484],[433978,576466],[434001,576450],[434031,576408],[434039,576333],[434103,576305],[434271,576065],[434450,575704],[434466,575672],[434623,575561],[434783,575333],[434826,575346],[434826,575291],[434846,575314],[434843,575287],[434956,575327],[435133,575203],[434901,574542],[435208,573377],[435210,573373],[435214,573365],[435506,572785],[436123,572009],[436487,571552],[436492,571486],[436498,571399],[436486,571381],[436500,571369],[436510,571233],[436494,571208],[436513,571200],[436541,570811],[436553,570789],[436555,570784],[437202,569518],[437456,569408],[437531,569302],[437553,569272],[438242,569064],[438135,569088],[437435,569274],[437433,569262],[437361,569280],[437388,569096],[437386,569026],[436560,568889],[436495,568703],[436405,568446],[436371,568435],[436396,568420],[436392,568409],[435849,568174],[435234,567023],[435220,566996],[435371,566636],[434876,566131],[433896,566190],[433993,566400],[433247,566081],[433122,566083],[431979,566105],[431902,566179],[431925,566101],[431918,566100],[430845,566014],[430138,565599],[430123,565591],[429860,564866],[429851,564828],[429504,563248],[428894,563004],[428656,562909],[427914,563414],[427912,563415],[426947,563574],[426161,564707],[426446,564073],[426427,564071],[425695,564022],[424399,563154],[423186,562916],[421393,563399],[421374,563405],[420333,563523],[420157,563636],[420000,563737],[419454,564086],[419452,564088],[418534,564448],[419139,564111],[418780,563840],[418616,563710],[418010,563766],[417630,564560],[416860,565007],[416856,565010],[416796,565044],[415941,565454],[414831,565222],[414815,565226],[413860,565568],[414066,565453],[414257,565347],[414281,565334],[414657,565125],[416308,565190],[417478,564519],[417584,563926],[418057,563635],[418100,563609],[418681,563546],[419120,563926],[419210,564003],[420000,563581],[420595,563264],[420610,563257],[420683,563224],[423319,562636],[423298,562548],[424696,563120],[424738,563137],[426062,563983],[426085,563998],[427059,563319],[427065,563319],[427742,563334],[428369,562866],[428409,562848],[428760,562691],[429668,562988],[429911,563460],[429924,563484],[430281,565380],[431685,565834],[431705,565833],[433288,565817],[433326,565820],[433867,565863],[433952,565591],[433898,565854],[434380,565624],[435194,565754],[435353,565780],[435693,566633],[435700,566649],[435931,567848],[436615,568232],[436676,568250],[437191,567938],[437284,567786],[437570,568013],[437771,567348],[437785,567303],[438913,566121],[439032,566082],[439723,565342],[439722,565263],[439721,565249],[440000,565038],[440021,565022],[441239,563717],[441291,563585],[441385,563235],[441044,561682],[440849,561245],[440842,561231],[440808,560601],[440736,560276],[440785,560189],[440775,560000],[440764,559785],[440907,558881],[440968,558865],[440974,558841],[440900,558857],[441022,558625],[441029,558591],[440960,558577],[441017,558370],[440746,558254],[440641,558525],[440425,557623],[440000,557483],[439668,557372],[440000,557381],[440358,557392],[441048,558252],[441052,558243],[441144,557906],[441183,557956],[441230,557855],[441290,557958],[441299,557941],[441501,558309],[441543,558379],[441308,557951],[441300,557938],[441211,557780],[441213,557777],[441210,557771],[441551,557266],[441727,557000],[441464,557178],[441683,556924],[441038,556137],[441212,555146],[441215,555135],[441283,554744],[441284,554740],[441989,551951],[442086,551716],[442234,551135],[442413,550927],[442743,550129],[442773,550086],[442777,550080],[443142,549551],[443684,549415],[443717,549404],[443173,549443],[443481,549101],[443675,549315],[443402,548814],[443613,548291],[443807,547714],[443770,547618],[444210,546720],[444276,546540],[444554,543572],[444594,543473],[444584,543363],[444552,543113],[445096,542042],[445389,541452],[445430,541260],[445546,541124],[445633,540910],[445635,540903],[445702,540806],[445704,540802],[445723,540779],[446331,540000],[448926,536677],[448889,536644],[448668,536754],[448813,536660],[448825,536653],[448868,536625],[449595,536127],[449598,536125],[450998,535166],[453226,533834],[453319,533436],[453340,533307],[453306,533346],[453144,533600],[452639,533443],[452121,534238],[451894,534021],[452469,533510],[451927,533331],[452049,533094],[452022,533038],[451803,533268],[451758,532650],[451878,532739],[451828,532636],[451748,532552],[451779,531914],[451779,531907],[451857,531751],[453256,529036],[453996,528374],[454409,528459],[454432,528458],[453740,528002],[454203,527021],[453905,527222],[453939,526848],[454292,526996],[453963,526623],[452467,526692],[451714,525617],[451415,525577],[450951,525521],[450939,525459],[450931,525434],[453468,525467],[453823,526336],[454016,526218],[453560,525496],[453873,525275],[454204,525596],[454315,524229],[453982,524203],[453880,523608],[451517,521115],[449926,521414],[449780,521478],[448858,522331],[448885,522087],[448399,522167],[448011,521770],[447966,520885],[447925,520000],[448105,521579],[448453,521976],[450791,520933],[450531,520686],[451497,520820],[451361,520458],[451568,520481],[451647,520869],[451995,521027],[454118,523313],[454928,522661],[454138,523312],[454344,523586],[455223,522990],[454515,523689],[455050,524684],[454677,526145],[454759,526447],[455226,526177],[455547,526279],[455911,526396],[455483,527342],[455757,528392],[455684,527625],[456987,526325],[459207,525411],[459945,525526],[460000,525503],[460826,525172],[460897,525110],[462342,523859],[462380,523834],[463562,523062],[463647,523006],[465708,522050],[465726,522041],[467293,521588],[468388,521925],[468705,522024],[469899,521587],[470947,520481],[471166,520559],[471287,520457],[471330,520194],[471369,520189],[472786,520000],[473028,519968],[473186,520000],[474250,520217],[474691,520000],[477132,518799],[478256,519030],[478353,518999],[478074,518790],[478133,518787],[478227,518780],[477689,517967],[475969,517660],[474608,515577],[474692,510901],[472584,511877],[467951,510800],[464636,512421],[462484,511393],[458716,512751],[457190,511786],[449912,513224],[448237,512007],[448206,510472],[446668,510817],[445432,509164],[442626,507838],[442552,508757],[441295,508027],[440761,508729],[440192,511141],[439291,510204],[438516,511082],[437819,509236],[434964,512241],[434062,511571],[435176,510967],[435000,506327],[434091,508853],[432578,509001],[433024,510213],[431765,508959],[431577,509933],[430624,510042],[431227,508521],[429533,508528],[428916,510049],[427108,511387],[427346,512288],[426527,512185],[427221,513140],[425835,512869],[425248,513924],[423830,513262],[423802,514514],[422449,514427],[422233,515532],[418193,516378],[417373,514749],[414355,515198],[414595,512401],[413511,509924],[410495,512580],[409307,512033],[409226,509620],[403824,506445],[402040,506236],[400308,507947],[397200,508869],[397300,509806],[392540,507437],[389063,506992],[389794,508529],[388942,515254],[387316,515287],[386548,517404],[380423,522377],[379122,526328],[381516,528413],[381207,529906],[378990,530677],[377420,532376],[377170,533682],[379119,536897],[379348,541051],[380253,542112],[379073,545637],[377703,545856],[375063,548643],[373671,551373],[372949,549861],[370512,548913],[368261,546276],[366452,545811],[364221,547017],[362977,549222],[363287,551122],[361258,554571],[363131,555928],[363805,558428],[365156,559523],[363732,560835],[363694,562783],[361965,563367],[361598,564245],[363413,566044],[363468,569244],[369229,571829],[367909,574333],[369067,576552],[368021,577484],[364213,576702],[363823,578129],[362229,579126],[361906,581296],[358217,582616],[356938,584782],[357136,587051],[356180,588517],[357678,592131],[359932,592345],[360029,594692],[361225,594942],[358993,596399],[360273,596630],[361401,598960],[363692,600458],[364622,602784],[367085,603343],[369956,606850],[373789,607291],[374780,606090],[376070,606192],[378704,608184],[378156,608840],[379188,609746],[378252,611762],[378847,612749],[380263,612584],[383607,615480],[385462,614972],[387772,616764],[388206,618713],[389634,619407],[387372,620179],[387294,621768],[385645,623996],[384939,629130],[381891,631889],[381875,634500],[380191,636365],[380666,637299],[379677,637002],[378944,637709],[380853,639321],[385346,638635],[384471,639874],[386356,641216],[386347,642512],[389590,645856],[388999,647266],[390641,647759],[391039,649552],[392713,649494],[393344,651843],[394725,652080],[394699,655531],[397932,657547],[397941,657537],[398145,656773],[399309,655559],[399288,655368],[399419,655318],[399835,655011],[400000,654840],[400100,654736]]]]}},{"type":"Feature","properties":{"name":"North West"},"geometry":{"type":"MultiPolygon","coordinates":[[[[341524,455205],[341196,455010],[341084,455320],[341524,455205]]],[[[323255,464033],[323298,463520],[323069,463703],[323255,464033]]],[[[318635,468642],[318817,467725],[318179,467766],[318507,467635],[318250,467440],[318524,467270],[318502,467541],[318795,467562],[318542,467168],[319056,466312],[319642,466540],[319423,466054],[320000,465755],[320220,465641],[320000,465477],[319853,465368],[320000,464374],[320034,464144],[320895,463916],[321160,462484],[321787,462081],[322947,462790],[323222,462008],[323318,462780],[323286,461872],[321808,461582],[320892,461960],[320000,463561],[317443,468148],[317418,468300],[316696,472529],[317060,473228],[317988,473713],[318325,473493],[317503,473176],[317468,472152],[317735,472143],[317716,472065],[318025,471769],[317803,471767],[318089,471413],[317847,471398],[318117,471386],[318356,470710],[318635,468642]]],[[[328563,565042],[328489,564996],[328527,565044],[328563,565042]]],[[[363823,578129],[364213,576702],[368021,577484],[369067,576552],[367909,574333],[369229,571829],[363468,569244],[363413,566044],[361598,564245],[361965,563367],[363694,562783],[363732,560835],[365156,559523],[363805,558428],[363131,555928],[361258,554571],[363287,551122],[362977,549222],[364221,547017],[366452,545811],[368261,546276],[370512,548913],[372949,549861],[373671,551373],[375063,548643],[377703,545856],[379073,545637],[380253,542112],[379348,541051],[379119,536897],[377170,533682],[377420,532376],[378990,530677],[381207,529906],[381516,528413],[379122,526328],[380423,522377],[386548,517404],[387316,515287],[388942,515254],[389794,508529],[389063,506992],[388591,507374],[387822,505969],[383918,506311],[381103,504916],[380102,502749],[380267,500221],[381156,499499],[380777,497973],[379503,497913],[377701,496065],[376200,495677],[379946,492125],[379081,490657],[379449,487994],[378879,487165],[379551,486091],[378875,482908],[377413,482511],[376490,483845],[375787,482774],[374238,482703],[373652,481097],[370052,481319],[365227,473673],[363491,473170],[363191,470258],[365826,466650],[366774,466733],[369714,464471],[369690,460885],[372210,460318],[375606,461522],[376685,458181],[377844,457086],[377011,457227],[377008,455454],[377805,454878],[379172,455355],[380780,453194],[384988,453969],[385596,453559],[384873,452817],[385291,451693],[387239,452628],[388131,448823],[391415,447826],[392669,446592],[393327,443866],[394743,442166],[394185,441332],[397063,439322],[397009,437027],[391643,433642],[391470,428418],[388663,425191],[389362,422540],[390506,421769],[390616,420234],[391239,421038],[392296,419424],[394332,419366],[394610,420184],[396713,420803],[398486,413397],[399471,413358],[403891,407225],[405869,406114],[406087,404640],[404952,402698],[405272,401475],[401982,400848],[401804,399073],[400887,398177],[401041,395384],[399550,393862],[399817,393236],[399190,393677],[398275,392828],[398522,391526],[400607,390930],[399788,387719],[397850,386519],[397826,385665],[399502,384989],[399188,381722],[399994,380220],[399468,373733],[401774,370434],[400748,369551],[400940,368503],[399980,366206],[397016,366187],[395403,363838],[392619,363506],[390717,365202],[390640,362172],[389697,362512],[383593,354815],[383138,355225],[380444,353494],[378792,353844],[376800,351046],[374539,350658],[374327,347720],[375246,346421],[374395,345675],[374575,344673],[370675,343220],[370905,341442],[367766,340269],[365088,342014],[364357,339006],[362399,340989],[360695,339943],[359950,340792],[360154,342638],[357635,344558],[354804,343359],[353161,344462],[351299,343127],[349080,343500],[348531,344445],[346173,343885],[343988,344750],[343474,347039],[342342,347629],[342718,349227],[341763,350141],[342505,351121],[341618,351617],[342363,351836],[341030,353380],[341437,354168],[339687,355360],[341132,358631],[339626,357559],[336944,358687],[333558,362338],[338076,364212],[338472,366196],[336686,368666],[331673,372856],[327373,374093],[327297,374164],[327049,374434],[326653,374864],[326641,375000],[326642,375004],[326962,375597],[327236,375308],[327260,374970],[327278,374725],[327781,374473],[327288,374741],[327426,375036],[327982,374561],[327417,375116],[327344,375188],[327475,375479],[327599,375284],[327778,375001],[327746,375420],[327743,375453],[327768,375440],[328198,375220],[327796,375467],[327544,375621],[327256,376017],[327750,375829],[327767,375847],[327296,376261],[328150,376236],[328242,375881],[328272,375767],[328254,375891],[328196,376282],[328251,376338],[328517,376135],[329131,375667],[328547,376163],[328292,376380],[327983,376583],[327827,376377],[327385,376949],[327855,377556],[327007,376932],[327210,377347],[326838,377209],[326924,377584],[326686,377223],[326466,377428],[326684,377649],[326208,377611],[326549,377731],[326137,377926],[327018,378033],[326529,378159],[327006,378361],[326381,378152],[326550,378588],[326347,378476],[326182,378384],[326153,378357],[326067,378278],[325700,379059],[326326,378925],[325741,379234],[325471,379798],[325452,380000],[325338,381210],[324323,382471],[324264,382538],[320878,386368],[320860,386398],[320364,387211],[320263,388522],[321799,389856],[324257,391166],[324282,391174],[325733,391649],[325768,391670],[325770,391671],[327677,392790],[329655,394061],[329659,394063],[329903,394220],[330997,394516],[331650,392752],[331708,392617],[332026,391876],[332035,391852],[332760,389883],[332761,389877],[333135,388155],[333137,388145],[333150,388086],[333851,386187],[333868,386142],[335320,384455],[336282,382174],[336291,382162],[337823,380000],[338210,379455],[338212,379452],[338224,379435],[339140,379135],[339806,378437],[339873,378367],[340000,378238],[340077,378160],[340984,377721],[341544,377449],[343067,377569],[343178,377930],[344140,378303],[343565,378686],[343607,379146],[343925,379285],[345725,379111],[347379,377989],[347511,377899],[349944,380000],[349965,380018],[349254,381451],[349632,382330],[349521,382388],[349575,382658],[349593,382687],[349913,383213],[350609,383417],[351092,383380],[351095,383380],[352031,383309],[352099,383370],[353539,384649],[354971,384416],[355156,384386],[355762,384741],[355916,385802],[356402,386559],[357361,386369],[357642,386940],[358734,386642],[357591,387028],[357139,386535],[356568,386749],[356176,386540],[355205,384642],[354025,385183],[353966,385210],[353953,385216],[353136,385186],[352682,384784],[352633,384768],[352588,384753],[351609,384427],[351296,383703],[349590,383912],[349517,384047],[349373,384311],[349524,383986],[349563,383902],[349536,383884],[349479,383846],[348903,383459],[348340,382352],[348268,382025],[347872,382455],[348302,381649],[347488,380893],[345553,382096],[345112,381974],[345105,381972],[345045,381955],[344390,381447],[343154,381512],[341619,382279],[341295,382548],[340000,383621],[339529,384012],[339498,384044],[339118,384447],[338705,384882],[338612,384950],[337286,385920],[337231,385960],[337167,386007],[335698,386932],[335613,386986],[334663,388100],[334586,388190],[333938,389804],[333879,389959],[333508,390937],[333501,390986],[333497,391016],[333097,393908],[333094,393925],[333086,393984],[332131,395984],[331852,395866],[331809,395918],[331252,396626],[331025,396947],[330958,397046],[331220,397358],[330848,398413],[330115,400000],[329456,401427],[329534,402060],[329539,402151],[329647,403871],[329651,403936],[329563,404297],[329605,403837],[329095,403295],[328560,403816],[328156,404668],[327103,405470],[326857,406665],[327216,408649],[328199,410632],[329826,413147],[329835,413166],[331152,416038],[331935,417286],[332828,418000],[332838,418017],[333818,419759],[333608,419898],[333301,419417],[333042,420000],[333003,420086],[333113,420772],[333884,420520],[334851,421362],[335174,421123],[334819,421666],[335072,421925],[335347,421585],[335369,421841],[335376,421922],[335580,422675],[336366,422849],[336404,422323],[335947,422183],[336512,422255],[336811,421662],[337097,422080],[336880,422047],[336557,422361],[337027,422651],[337012,422678],[336963,422762],[337198,423015],[337932,422643],[337303,423005],[337866,423047],[337140,423303],[337561,423497],[337047,423534],[337800,423937],[338235,423527],[338781,423519],[338176,423629],[338033,424299],[337607,424179],[337965,424505],[337511,424345],[338345,425852],[338573,425106],[338544,425750],[338835,425473],[338837,424811],[338914,425320],[339674,424490],[339415,424906],[339660,424884],[338776,425706],[339719,425909],[339954,424867],[340000,424974],[340080,425160],[340000,425286],[339839,425539],[340000,425564],[340136,425585],[340000,425695],[339917,425762],[340000,425870],[340226,426161],[340435,426214],[340366,425874],[340956,425549],[340678,425924],[341079,426333],[341422,426393],[341299,425843],[341462,426402],[341632,425970],[341768,426425],[342980,426719],[343057,426738],[343950,426383],[344381,426008],[344881,425574],[345158,425097],[345512,424486],[345534,424448],[345560,424402],[345543,424701],[345534,424717],[345329,425113],[345542,425174],[344973,425649],[344949,425696],[344480,426170],[344370,426297],[343708,426887],[345862,427793],[346012,427861],[348921,428846],[349047,428295],[349034,428836],[349985,429107],[350173,429160],[349725,429164],[349705,429164],[348106,428827],[347793,428711],[347743,428692],[347701,428687],[347193,428504],[346940,428722],[347106,428459],[346001,428084],[345980,428138],[345870,428412],[345838,427988],[343624,427247],[343592,427236],[343175,427130],[343127,427131],[342394,427155],[342314,427158],[342092,426899],[340000,426657],[338822,426520],[338806,426518],[338801,426518],[338765,426645],[338210,426595],[338110,426718],[338039,426602],[337469,426670],[337225,426708],[335444,426892],[335426,426896],[335387,426904],[334080,427166],[333621,427363],[332386,427892],[332372,427898],[331859,428462],[331581,428403],[330832,429724],[330546,430030],[330450,431655],[330339,432452],[330335,432486],[330491,433716],[330207,433745],[330477,433760],[330455,434095],[330456,434126],[330543,435527],[330542,435641],[330536,436372],[330535,436393],[330561,437458],[330566,437557],[330575,437733],[330631,438845],[330642,438908],[330692,439194],[330833,440000],[330942,440618],[330951,440678],[331099,441595],[331198,442663],[331199,442678],[331274,444450],[331271,444510],[331126,447518],[331644,448041],[332894,448275],[333949,448446],[334034,448460],[334083,448294],[334168,448008],[333924,447681],[333884,447628],[333727,447585],[333599,447549],[334044,447413],[334005,445689],[333838,445535],[334000,445421],[334147,444692],[334150,444675],[334173,444560],[335367,443253],[335484,443125],[335943,443074],[336400,442409],[335725,442065],[335861,441131],[335822,441075],[335892,441069],[335974,441060],[336960,440962],[337120,440838],[337173,440797],[337387,440631],[337438,440591],[337403,440641],[337058,441134],[336156,441371],[336574,442355],[336788,442861],[335348,444185],[335442,444827],[335282,444497],[335056,444693],[335259,444822],[334960,444829],[334761,445892],[334878,445951],[334895,445965],[335023,446063],[335027,446066],[335073,446102],[335095,446119],[335008,446087],[334913,446060],[334619,446324],[334664,448795],[339129,450811],[339134,450814],[339206,450846],[340000,450980],[340048,450988],[340000,450834],[339958,450699],[340000,450665],[340332,450401],[340000,450408],[339659,450415],[340000,450279],[340166,450212],[340000,450121],[339779,450000],[340000,450077],[340221,450154],[340702,449532],[340668,449762],[341010,449520],[341073,449815],[341081,449526],[341232,449821],[341589,449629],[341541,449933],[341896,449870],[341367,450303],[341715,450589],[341734,450579],[341756,450568],[342116,450385],[342110,450351],[342107,450335],[342065,450112],[342153,450326],[342159,450339],[342176,450382],[342703,450320],[342445,450506],[342594,450931],[342709,450981],[342842,451207],[342329,451242],[341910,451730],[342930,451509],[343026,451865],[343055,451877],[343307,452182],[343359,452250],[343549,452402],[343846,452172],[344054,452449],[344060,452477],[344427,452447],[344909,452534],[344570,452511],[344731,452787],[344355,452517],[344186,452690],[343923,452596],[343223,452837],[342433,454029],[343066,454522],[343181,455582],[343522,455824],[343641,455516],[343909,455620],[343564,455823],[343980,456288],[345015,455987],[345423,456169],[345531,455742],[345661,456008],[346126,455725],[345508,456151],[345745,458044],[345745,458049],[345812,460000],[345825,460362],[345820,460379],[345719,460342],[345692,460331],[345643,460313],[345631,460302],[345652,460000],[345657,459932],[345631,460000],[345532,460265],[345501,460260],[345413,460226],[345324,460459],[345713,460464],[345556,460713],[345228,460436],[345532,460744],[345189,460489],[345380,460829],[345090,460626],[345288,460865],[345000,460780],[345241,460996],[344949,460894],[344997,461413],[345125,461464],[345323,461554],[347155,462378],[347474,462162],[347540,462141],[347746,462075],[347787,462114],[347992,462311],[348047,462605],[348053,462636],[348175,463287],[347779,462328],[347742,462239],[347740,462234],[347724,462194],[347674,462220],[347617,462248],[347159,462482],[345336,461827],[345192,461776],[345160,461752],[344412,460903],[344728,461108],[344811,460723],[344564,460940],[344510,460669],[345044,460326],[344964,460000],[345051,460281],[345250,460000],[345300,459931],[344993,459498],[345276,459856],[345501,459490],[345469,458909],[344933,459229],[345091,458900],[344906,459147],[344817,458707],[345091,458582],[344994,458706],[345178,458873],[345456,458810],[345365,458227],[345207,458431],[345261,458173],[345354,458097],[345108,457872],[345364,458029],[345362,457525],[344947,457406],[345168,457259],[344896,456986],[344171,456951],[344727,457979],[343678,456769],[343289,457484],[343080,457283],[343383,457164],[343158,457015],[343415,456895],[343053,456782],[342906,457199],[342717,456893],[342946,456659],[342654,456507],[342330,455181],[342145,455771],[341818,455908],[342128,455726],[342000,455360],[341076,455484],[340854,456199],[341303,456449],[341057,456358],[340656,457158],[340907,458661],[340000,459471],[339546,459876],[339919,460000],[340000,460027],[340325,460135],[340336,460137],[340271,460337],[340000,460266],[339751,460201],[340000,460395],[340334,460654],[340392,460672],[340763,460788],[340790,461448],[340793,461505],[340809,461761],[341359,461852],[341646,462797],[341658,462838],[341884,463755],[341979,463740],[342324,463684],[342722,464271],[342691,464349],[342612,464547],[342839,464666],[343325,464495],[343977,465146],[343996,465165],[344667,464955],[346053,465980],[346092,466057],[345858,466712],[346385,466787],[345972,466820],[346020,467436],[347232,468331],[347905,469909],[348220,470393],[348281,470486],[348802,471306],[348241,470594],[347837,470505],[347398,471288],[347475,471817],[347171,471021],[345951,472417],[346025,472730],[346558,473030],[346470,473348],[346988,473789],[345992,473370],[345557,474370],[345447,475699],[344690,476330],[343664,476787],[343714,477707],[344412,477777],[345548,478744],[345606,479152],[346179,479071],[346405,479233],[346425,479248],[346717,479453],[346521,479606],[346875,480000],[347468,480660],[348310,481591],[348300,482305],[348092,483052],[347974,483472],[347914,483685],[347192,483569],[347113,483556],[347137,484097],[347144,484096],[347814,484045],[347929,484207],[347694,484116],[347548,484255],[347469,484227],[347033,484071],[347006,483533],[347334,483302],[347874,483483],[347872,482015],[347751,481334],[347632,481280],[345834,480706],[345505,480000],[345213,479374],[345145,479190],[343439,478830],[343518,479130],[343341,478796],[343245,479048],[342792,478772],[342722,478711],[342713,478703],[342301,478340],[342221,478543],[342202,478006],[341603,477495],[341302,477525],[341514,476412],[340658,476347],[341430,476039],[340000,474826],[339903,474743],[340000,474751],[340794,474814],[340152,474213],[340000,473874],[339658,473114],[338841,473065],[338238,473025],[337458,473423],[337042,473143],[334819,473510],[334777,473574],[334729,473761],[334675,475007],[334789,475195],[334998,475009],[334995,475719],[335274,475396],[335203,475706],[335081,476028],[334869,475980],[335071,475735],[334807,475860],[334757,475608],[334593,476021],[334718,475624],[334392,475631],[334193,476141],[334500,476521],[334154,476156],[334193,476803],[334004,476466],[333465,477093],[333529,477573],[333395,477148],[333084,477583],[333243,477820],[333036,477632],[332944,478046],[332329,478435],[332589,478354],[333199,478383],[333370,478850],[333570,478848],[333923,479433],[333477,480000],[333431,480059],[333417,480283],[333382,480863],[333380,480891],[333091,480882],[333032,481011],[332717,481999],[331884,481733],[331736,482454],[332710,483157],[332764,483614],[333038,483365],[333012,483208],[333147,483358],[333073,483896],[332607,483675],[332479,483186],[331797,483461],[331517,482744],[331531,482628],[331538,482565],[331549,482480],[331555,482435],[331548,482360],[331528,482142],[331431,481080],[332567,480482],[332765,480000],[332325,479385],[332638,480000],[332646,480015],[332614,480000],[332349,479877],[331950,478689],[331581,478654],[331394,478637],[331278,478098],[331266,478042],[331366,477480],[330947,477584],[331196,477337],[330810,476635],[330837,476483],[330962,475775],[330828,474540],[329697,473665],[329036,471702],[328173,470798],[327896,469912],[325375,467437],[325365,467427],[324942,467012],[323898,465883],[323397,465731],[324660,464139],[324727,464422],[324785,463816],[323456,465490],[323327,464821],[323020,464969],[323312,465912],[322468,466708],[322589,467295],[322200,468095],[321673,468085],[321667,468085],[321329,467919],[321171,467842],[320968,467743],[320838,467679],[320692,467605],[320640,467572],[320409,467342],[320369,467302],[320304,467238],[320304,467222],[320320,467173],[320346,467118],[320342,467100],[320314,467033],[320300,467023],[320219,466977],[320216,467003],[320193,467067],[320180,467103],[320147,467106],[320056,467125],[320000,467199],[319114,468234],[319064,468293],[319058,468329],[318916,469176],[318839,471029],[319071,473077],[319270,474052],[319091,474330],[318492,473942],[318065,475496],[318751,475850],[319905,475760],[320000,475845],[320653,476426],[320802,477244],[320292,477581],[320825,477335],[320552,477544],[321029,478899],[320977,479729],[321540,479981],[321176,479881],[321234,480000],[321483,480513],[321518,480586],[321718,480152],[321527,480874],[321926,481133],[322583,482639],[322029,482115],[321883,483109],[321079,484218],[321138,484692],[320857,485389],[320059,485605],[320080,485642],[320116,485669],[320126,485727],[320376,487269],[320414,487500],[320299,487538],[320152,487587],[320360,487350],[320106,486070],[320000,485899],[319834,485631],[319793,485821],[319734,485641],[320000,485268],[320420,484681],[320000,484487],[320346,484193],[320220,483373],[320423,482512],[320120,482503],[320000,482309],[319635,482548],[319381,482699],[319563,482447],[320000,482140],[320212,481991],[320000,481571],[319961,481493],[319333,481426],[319497,482056],[318893,482507],[319415,482045],[319017,481315],[318993,481772],[318841,481569],[318767,481438],[318666,481335],[318528,481181],[318512,482105],[318334,481106],[318261,480875],[318171,480619],[318489,480734],[318586,480033],[318617,480000],[319260,479306],[318277,478045],[317314,477894],[316737,478326],[316732,478330],[316085,478684],[315887,477985],[314335,477774],[313325,478659],[312585,480000],[311127,482642],[309266,485203],[307826,488196],[307494,489515],[307973,490699],[307435,493506],[307613,494734],[308448,495895],[308303,494528],[308788,494506],[308369,496668],[308575,496972],[308801,497143],[308852,497181],[308833,497186],[308127,497360],[308335,496718],[307650,496948],[307172,496522],[307970,496229],[307968,495746],[307342,495106],[306792,495153],[304391,498776],[304268,499619],[304213,499995],[304209,500000],[302767,502168],[302668,502280],[302641,502311],[300000,505904],[298996,507270],[297827,508859],[297778,508961],[296890,510808],[295939,511814],[295580,511819],[294770,512981],[294738,513068],[294630,513181],[294138,513886],[294075,514325],[295026,515252],[295584,515568],[295663,515613],[296013,516213],[296040,516239],[296057,516281],[296066,516293],[296071,516312],[296159,516463],[296209,516655],[296903,518354],[297024,518162],[297188,518434],[297269,518569],[297116,518588],[297015,518628],[297020,518641],[297157,518603],[297160,518612],[297647,519927],[297659,519962],[297660,519966],[297672,520000],[297930,520779],[297916,521062],[297930,521144],[297911,521147],[297891,521533],[298316,523672],[298506,523972],[298617,525299],[298963,525245],[298968,525245],[298773,525683],[298610,527087],[298479,528221],[298474,528266],[298473,528274],[298290,529125],[298279,529655],[299270,529042],[299612,529018],[299147,529219],[299183,529229],[299217,529238],[298686,529550],[300000,531482],[300084,531605],[301229,532948],[301244,532967],[301247,532971],[302191,534163],[302676,535637],[302698,535806],[302756,536266],[302985,536822],[303399,536625],[303014,536889],[303399,536828],[303907,537780],[304770,538426],[304861,538494],[306404,540000],[307003,540585],[307069,540649],[307556,541580],[307879,542197],[308027,543850],[307668,546142],[309524,550346],[309527,550361],[310322,553533],[310586,553487],[310615,553480],[310605,553488],[310624,553480],[310588,553504],[310583,553508],[310439,553652],[310503,553730],[311126,554304],[311603,555061],[312418,556048],[314242,556988],[314441,556835],[314477,556808],[314359,556749],[313021,556078],[313336,555517],[313306,555846],[313611,555633],[313201,555979],[313527,556261],[313586,555754],[314030,555516],[314034,555743],[313589,555807],[313680,556015],[313783,556008],[313848,556356],[313864,556357],[314175,556548],[314566,555772],[314735,555907],[314617,555697],[314887,555527],[314822,555958],[314813,556013],[314952,555944],[315270,555788],[315005,555450],[315365,555791],[315453,555470],[315969,555623],[316114,555269],[316143,555528],[316202,555092],[316560,555263],[317408,553822],[317043,554545],[317592,554153],[317359,554701],[317735,554300],[317841,554186],[317590,553520],[317494,553263],[317812,552611],[317717,552995],[317674,553168],[317654,553248],[317995,553550],[317724,553485],[318111,554417],[317742,554709],[317907,555024],[317567,555610],[317984,555113],[317484,556078],[318310,555967],[318144,555895],[318119,555366],[318295,555838],[318167,555284],[318480,555890],[318414,555466],[318869,555952],[318760,555560],[319082,555589],[318873,555281],[319280,555814],[318866,555769],[319341,556003],[318990,555985],[319233,556364],[319430,556244],[319461,556612],[319711,556354],[319592,556985],[319840,557185],[319766,556583],[320000,557023],[320034,557088],[320000,557120],[319641,557453],[319614,557986],[319920,558168],[320000,558091],[320515,557591],[320296,558005],[321066,557847],[321765,557025],[322529,557245],[322426,557305],[322224,557422],[321788,557089],[321008,558103],[320118,558400],[320060,558361],[320000,558321],[319170,557766],[318369,557229],[316550,557938],[315885,558589],[315908,559033],[316659,560000],[317889,561582],[319042,561663],[318799,561004],[319068,561674],[320000,561778],[320163,561796],[321184,562758],[322966,562800],[324137,562341],[324720,561428],[325969,560963],[326080,560353],[326764,560000],[327172,559790],[328215,559884],[328339,559640],[328349,559620],[328392,559535],[328446,559802],[329594,559853],[329332,559872],[329488,560000],[329792,560249],[331359,560802],[332013,561696],[332828,561765],[332696,561424],[333034,561722],[333377,561725],[333432,561726],[333440,561726],[334712,561739],[335428,561746],[335863,560807],[335733,560414],[335610,560042],[336292,560592],[336041,560743],[335978,560781],[335530,561841],[333479,561765],[333325,562135],[333213,561924],[332477,562260],[332849,562481],[332431,562320],[332534,562619],[331787,562076],[331125,562472],[331656,562107],[331265,562087],[331451,561832],[330726,561126],[329586,561069],[329961,560911],[328967,560421],[327709,560554],[328621,560895],[328076,560796],[328307,561227],[327788,560956],[327961,561188],[327647,562025],[328307,562494],[328675,561948],[328626,562539],[329084,562169],[328772,562644],[329440,562774],[328635,563046],[328622,563462],[329117,564040],[329994,564058],[329131,564234],[329425,564641],[331232,564193],[331632,564605],[331459,565000],[331996,565595],[332080,565287],[332364,565897],[332192,565258],[332480,565869],[332944,565236],[332651,565109],[333377,564948],[333503,564429],[333664,564875],[332839,566100],[333424,565499],[333104,566067],[332500,566285],[332499,566295],[334533,571808],[332791,573038],[332952,573643],[338853,573175],[340286,574301],[340110,575431],[342826,576303],[344545,579449],[346202,580013],[347473,582972],[350069,583330],[355291,586767],[356180,588517],[357136,587051],[356938,584782],[358217,582616],[361906,581296],[362229,579126],[363823,578129]]]]}},{"type":"Feature","properties":{"name":"Yorkshire and The Humber"},"geometry":{"type":"MultiPolygon","coordinates":[[[[496087,422477],[497504,421989],[497800,422039],[497501,421755],[496805,421528],[496900,421765],[496290,421696],[495283,422411],[496087,422477]]],[[[481341,515530],[482207,515476],[482831,515826],[482918,515841],[482924,515878],[483146,516003],[483433,516074],[484654,514683],[485389,514617],[485711,514225],[485740,513989],[486000,513872],[486033,513833],[485890,513109],[486212,512526],[488171,511998],[488184,511994],[489649,511570],[489863,511508],[489922,511824],[489931,511822],[489932,511815],[489928,511368],[489925,511056],[489951,511493],[489963,511684],[489976,511627],[489980,511737],[490026,511630],[489992,511807],[490008,511804],[490046,511728],[490144,511522],[490148,511521],[490180,511463],[491224,511186],[491264,511208],[491282,511218],[491465,511316],[491557,511282],[491758,510757],[492588,510415],[492915,510079],[493194,509581],[493632,508706],[495645,507011],[495605,505773],[495338,505533],[495399,504334],[495960,503317],[497279,502354],[498012,502430],[498416,502065],[498534,501857],[498615,501820],[498990,501545],[499029,501510],[499497,500918],[499559,500811],[500000,500009],[500002,500004],[500005,500000],[500194,499655],[500902,497878],[501012,497139],[501019,497091],[501360,496728],[501990,495143],[501999,494974],[502127,494950],[502910,494272],[503033,494031],[502751,493416],[502944,492740],[502948,492703],[503050,491698],[503404,491391],[503420,491368],[503452,491305],[503464,491307],[503470,491298],[503504,491304],[503568,491249],[503626,490900],[503598,490824],[503754,490127],[503786,489939],[503800,489927],[503858,489668],[504459,489228],[504548,489277],[504565,489263],[504567,489262],[504650,489333],[504806,489419],[504830,489433],[504885,489443],[505176,489312],[505214,489192],[505073,488822],[504456,488271],[504463,488196],[504463,488193],[504508,487712],[505095,487038],[506378,485062],[506336,484962],[506713,484500],[507603,484052],[507899,484134],[508631,483792],[510000,483122],[510091,482746],[510758,482603],[513610,481413],[512553,481586],[512252,481272],[511961,480000],[511951,479960],[512135,479061],[512643,478230],[512696,478065],[512697,478062],[512853,477886],[513379,477025],[513459,476965],[515482,475442],[516816,475006],[516937,474978],[521109,473407],[521322,473282],[521342,473271],[521823,473021],[522512,472616],[522543,472606],[522555,472600],[522743,472544],[523356,472226],[523530,472312],[523736,472251],[523817,472074],[523962,472184],[524463,472036],[525079,471436],[525728,470617],[525769,470493],[525240,470051],[523992,469226],[521689,469207],[520105,468631],[520000,468489],[518904,467011],[518902,467008],[518845,466931],[518843,466922],[518509,466538],[518432,466541],[518486,466512],[518391,466402],[518372,466404],[518318,466281],[517968,466164],[517346,464579],[517346,464572],[516943,461728],[517020,460000],[517054,459230],[517360,458206],[517365,458193],[517378,458148],[518902,453068],[518920,453021],[520000,450117],[521394,446371],[522206,445068],[523171,443298],[524368,441600],[524977,440622],[524988,440604],[524996,440591],[525411,440000],[528889,435045],[528919,435002],[539982,420498],[540000,420453],[540181,420000],[541754,416067],[542004,414830],[542101,413514],[541842,413112],[540000,410754],[539888,410610],[540022,411177],[541549,412801],[541858,413206],[542039,414279],[541991,414580],[540611,416192],[540000,416588],[538227,417736],[534572,418888],[533592,418419],[532313,419453],[533451,418378],[529062,416828],[528798,416500],[528586,416513],[525490,417093],[524046,418220],[523642,418909],[523640,418912],[523530,418809],[523473,418758],[523066,419161],[522254,420000],[521024,421271],[520724,421975],[520000,422666],[518258,424329],[517109,425020],[516419,427030],[516521,427218],[515999,427339],[516001,428367],[515983,428379],[515975,428365],[515968,428351],[515845,428105],[515523,427743],[513986,428551],[511743,428614],[511635,428583],[510175,428175],[510176,428202],[510434,428880],[510227,429197],[510210,429224],[510076,428166],[506683,426536],[505888,426390],[505872,426385],[504428,425959],[504413,425954],[503576,425629],[503430,425866],[503433,425556],[502562,425277],[501512,425576],[501434,425573],[500000,425514],[499963,425512],[496299,424541],[495234,424862],[495193,424875],[493432,426568],[491092,426862],[490025,426563],[489969,426546],[487663,425807],[486748,424293],[485908,423819],[483098,424127],[480710,423026],[480000,423622],[479702,423872],[479145,423816],[478530,423755],[480000,423136],[480980,422723],[482423,423483],[482988,423731],[483896,423845],[485928,423274],[485939,422973],[485951,422922],[486055,421690],[486196,422247],[486274,422553],[486499,423052],[491740,425136],[493569,423122],[493448,422803],[493625,423036],[495958,421327],[497492,421176],[498948,421526],[499817,422469],[499901,422560],[500000,422639],[501080,423504],[502901,423237],[502926,423452],[505205,423635],[505211,423635],[505302,423643],[506048,423820],[506163,423466],[506167,423854],[506539,424065],[508257,424295],[510159,425168],[512997,425443],[514560,423498],[514735,423069],[514458,422902],[514815,422928],[516334,420361],[516531,420008],[516533,420005],[517715,418750],[518799,417225],[518814,417204],[519840,416494],[519917,416413],[520684,415882],[520789,415734],[520981,415677],[522375,414712],[523812,413264],[523887,413189],[525096,412040],[526239,411149],[526261,411132],[526335,411074],[526360,411103],[526395,411142],[527258,410638],[527793,411252],[527879,411350],[527961,411342],[528517,411189],[529086,410653],[529146,410593],[530697,409049],[530702,409043],[531249,408341],[531252,408338],[531285,408295],[533211,406149],[533237,406119],[533664,405363],[531730,403907],[528373,404173],[527799,400902],[526467,400493],[526869,399579],[525697,398678],[527453,396642],[524972,394618],[523346,395392],[522665,398132],[520790,398415],[520296,400171],[518829,400329],[519190,403174],[518703,405381],[518085,405466],[519852,409502],[517809,409400],[516957,411409],[515854,411204],[516023,412211],[512491,414655],[512394,411803],[510325,408175],[504947,408563],[504122,409803],[501667,406904],[500090,406527],[499425,405577],[504081,406665],[505601,405141],[505848,403508],[500404,402012],[500529,399257],[501530,398656],[496252,396837],[491079,396590],[491311,402673],[483665,403321],[482873,401148],[481815,400951],[481623,398753],[480777,398457],[480804,396978],[479949,396038],[474986,397209],[472054,396494],[471779,397070],[473076,398163],[470701,401172],[469557,399141],[467406,397692],[466817,393817],[465593,392617],[464520,392480],[464482,393123],[461200,392622],[458859,390421],[458906,389290],[457651,388479],[457941,386874],[456919,386135],[457435,384680],[455831,384765],[456231,383448],[457283,383659],[457442,383064],[453895,380531],[453193,378880],[451358,379342],[450488,378555],[447090,379946],[447481,381268],[446315,382095],[445724,381283],[444833,381548],[444217,380082],[440946,380253],[440946,382173],[439463,382946],[436068,381664],[436386,380686],[435545,380151],[433265,380186],[430942,378737],[429302,378917],[429295,379981],[428045,379502],[427748,380596],[426815,379450],[426129,380707],[424872,379992],[425910,382993],[427354,383305],[422553,385518],[423066,388511],[420386,389425],[419747,390988],[418046,391052],[416938,392164],[417009,396182],[413273,398269],[413626,400678],[412673,401087],[413309,401649],[412065,401874],[411557,402994],[410585,402592],[408481,404871],[407116,404110],[406087,404640],[405869,406114],[403891,407225],[399471,413358],[398486,413397],[396713,420803],[394610,420184],[394332,419366],[392296,419424],[391239,421038],[390616,420234],[390506,421769],[389362,422540],[388663,425191],[391470,428418],[391643,433642],[397009,437027],[397063,439322],[394185,441332],[394743,442166],[393327,443866],[392669,446592],[391415,447826],[388131,448823],[387239,452628],[385291,451693],[384873,452817],[385596,453559],[384988,453969],[380780,453194],[379172,455355],[377805,454878],[377008,455454],[377011,457227],[377844,457086],[376685,458181],[375606,461522],[372210,460318],[369690,460885],[369714,464471],[366774,466733],[365826,466650],[363191,470258],[363491,473170],[365227,473673],[370052,481319],[373652,481097],[374238,482703],[375787,482774],[376490,483845],[377413,482511],[378875,482908],[379551,486091],[378879,487165],[379449,487994],[379081,490657],[379946,492125],[376200,495677],[377701,496065],[379503,497913],[380777,497973],[381156,499499],[380267,500221],[380102,502749],[381103,504916],[383918,506311],[387822,505969],[388591,507374],[389063,506992],[392540,507437],[397300,509806],[397200,508869],[400308,507947],[402040,506236],[403824,506445],[409226,509620],[409307,512033],[410495,512580],[413511,509924],[414595,512401],[414355,515198],[417373,514749],[418193,516378],[422233,515532],[422449,514427],[423802,514514],[423830,513262],[425248,513924],[425835,512869],[427221,513140],[426527,512185],[427346,512288],[427108,511387],[428916,510049],[429533,508528],[431227,508521],[430624,510042],[431577,509933],[431765,508959],[433024,510213],[432578,509001],[434091,508853],[435000,506327],[435176,510967],[434062,511571],[434964,512241],[437819,509236],[438516,511082],[439291,510204],[440192,511141],[440761,508729],[441295,508027],[442552,508757],[442626,507838],[445432,509164],[446668,510817],[448206,510472],[448237,512007],[449912,513224],[457190,511786],[458716,512751],[462484,511393],[464636,512421],[467951,510800],[472584,511877],[474692,510901],[474608,515577],[475969,517660],[477689,517967],[478227,518780],[478707,518749],[479381,518261],[479382,518246],[479971,517749],[479943,517682],[479843,517493],[480000,517422],[480907,517009],[481156,516159],[481080,516038],[481199,515855],[481284,515722],[481341,515530]]]]}},{"type":"Feature","properties":{"name":"East Midlands"},"geometry":{"type":"MultiPolygon","coordinates":[[[[516023,412211],[515854,411204],[516957,411409],[517809,409400],[519852,409502],[518085,405466],[518703,405381],[519190,403174],[518829,400329],[520296,400171],[520790,398415],[522665,398132],[523346,395392],[524972,394618],[527453,396642],[525697,398678],[526869,399579],[526467,400493],[527799,400902],[528373,404173],[531730,403907],[533664,405363],[533765,405184],[533768,405178],[533825,405078],[534154,404480],[534850,404282],[535334,403588],[535253,403837],[536007,403634],[536185,403844],[536188,403872],[536775,403934],[536122,403919],[536515,404306],[535855,403945],[536072,404481],[535179,405268],[536434,404462],[536443,404698],[537340,404312],[537395,403892],[537883,403625],[538189,403793],[537975,404229],[538343,404206],[538672,403575],[538276,403694],[537927,403187],[538406,402049],[538410,402047],[538955,401737],[538752,401578],[539127,401821],[539190,401443],[539532,401616],[538934,401199],[539247,401107],[539542,401554],[539379,401269],[539607,401482],[539757,401062],[539766,401076],[539805,401159],[539942,400816],[539994,401039],[540000,401036],[540690,400654],[540000,401247],[539696,401508],[540000,401290],[540872,400666],[540092,401261],[540476,401307],[540241,401457],[540597,401846],[540000,402843],[539960,402910],[540000,402892],[540805,402545],[540843,402253],[541104,402425],[541813,402009],[541528,402087],[541251,401414],[541440,400700],[542335,400480],[542624,401153],[542346,401696],[542564,401855],[542942,401511],[543047,401390],[543971,400000],[543990,399970],[543949,400000],[543314,400454],[543266,400186],[543407,400000],[543916,399328],[544267,399437],[544725,398662],[544339,398895],[545177,397806],[544807,397951],[544995,397296],[545604,397025],[545126,396794],[545224,396302],[545811,396247],[546267,395593],[545576,395953],[545427,395662],[545916,394819],[546553,394836],[547122,393898],[546623,393534],[547011,393442],[545612,393398],[547011,393402],[546405,393183],[546878,393245],[546578,392832],[546828,392988],[546761,392617],[547112,393296],[546869,392679],[547303,392597],[547494,393022],[548255,391837],[548282,391786],[548559,391274],[548267,391718],[548175,391178],[548478,390515],[548694,390700],[549360,388514],[549366,388493],[552009,382793],[552057,382689],[553373,380000],[553394,379958],[554951,376938],[554957,376927],[554971,376899],[556067,374026],[556834,370627],[556835,370623],[556865,370490],[557474,368695],[557351,366576],[557343,366444],[557242,363424],[557241,363399],[557227,360777],[557227,360773],[557227,360749],[557258,360000],[557281,359462],[556686,358619],[556613,357802],[556608,357786],[556343,357040],[556302,356926],[556141,357340],[555704,357407],[555874,357559],[555359,357501],[555408,357421],[554862,357788],[555046,357440],[555177,357114],[553786,356144],[551970,353962],[551946,353938],[551943,353934],[550205,352194],[547595,350633],[547582,350621],[545217,348390],[545215,348387],[544448,347806],[541585,343079],[540715,342278],[540000,340740],[539801,340313],[539811,340000],[539830,339418],[539501,339243],[538325,338945],[539636,339153],[539668,339132],[538045,337498],[537404,338663],[537543,338223],[537583,338098],[537896,337416],[537929,337408],[538149,337355],[537186,336213],[536992,337040],[537035,336037],[537012,335960],[536013,335979],[536935,335931],[536922,335917],[535266,334868],[536433,335398],[536504,335431],[536445,335366],[536508,335433],[536512,335435],[536810,335570],[539174,337702],[538988,336958],[539249,336533],[538405,335972],[539539,336304],[539452,335980],[540000,335723],[540176,335641],[540000,335535],[539808,335420],[540000,335490],[540402,335635],[540584,335115],[542457,335008],[544426,334111],[544557,333769],[544485,333683],[543846,332928],[544060,333131],[544756,333789],[544790,333821],[544795,333804],[544868,333543],[545408,333608],[546570,332954],[547232,330924],[547753,330564],[548370,329026],[549300,327995],[549334,327958],[549089,327250],[549077,327215],[548985,326949],[549342,327307],[549477,327117],[550649,327425],[551388,327320],[552456,326586],[552876,326647],[551505,323126],[553379,321887],[547712,317541],[544709,317959],[541181,316042],[539454,316411],[538180,314927],[538600,311309],[536804,309379],[533246,308907],[531011,310371],[529411,309388],[528419,309965],[525850,307595],[523190,308534],[522343,307609],[521409,309326],[517763,307382],[515778,309434],[512673,309872],[511686,308381],[507958,306782],[504755,307404],[501956,305786],[503614,303338],[501879,299841],[503186,298398],[507472,299058],[508056,297436],[507235,296851],[508526,294624],[507722,293159],[511791,291115],[511490,289253],[512758,286736],[510881,283687],[511428,282987],[507765,280465],[506167,277470],[502475,276782],[502993,276182],[502332,274618],[503789,273405],[503428,272506],[504564,272310],[504732,270737],[503958,269975],[500990,269873],[501390,269548],[499543,266756],[500322,264597],[499725,263076],[498005,262667],[495381,265434],[491970,264200],[493170,259664],[491132,256034],[488843,255800],[484784,252411],[484534,253254],[483680,252981],[482740,251025],[482052,251831],[481256,250015],[480026,250130],[480043,248748],[476717,248143],[476308,246793],[477378,246538],[477531,245235],[479109,244310],[480199,242158],[479646,241236],[478065,240887],[478786,239761],[477615,239094],[476904,237287],[476242,237596],[475000,236541],[471920,243092],[470845,241895],[465751,242161],[466821,241096],[464397,240898],[460312,238890],[459336,236331],[460626,235621],[459529,233558],[457509,233103],[455207,231282],[452176,232252],[449305,231478],[449635,235339],[447211,239451],[448239,242420],[446822,242614],[446609,243401],[451605,244579],[445790,252455],[447050,254912],[451017,255771],[448940,260267],[450164,259924],[453612,263149],[452357,266074],[454002,268859],[451378,269580],[450161,270282],[450364,270933],[456473,274014],[451708,282732],[447137,288705],[432464,297050],[432135,298428],[429853,299902],[430264,301979],[429110,304290],[430741,305033],[431051,306307],[430338,307953],[427835,310029],[427750,311226],[423407,311287],[423290,313842],[420102,314741],[420552,317298],[422587,320844],[426326,320494],[426105,321257],[427816,322556],[427620,323603],[426346,324382],[428031,326087],[425230,328615],[421000,329712],[420254,329273],[419990,329953],[418586,329166],[415095,331836],[414168,331439],[413431,332090],[412768,331474],[411342,332182],[411321,333821],[409739,336222],[411615,338955],[411609,341990],[416032,344730],[416349,346658],[416204,349074],[414530,350316],[415133,351367],[413878,354593],[414580,356216],[412044,359861],[412630,361929],[410835,364435],[408512,366483],[402988,368520],[402610,369910],[400940,368503],[400748,369551],[401774,370434],[399468,373733],[399994,380220],[399188,381722],[399502,384989],[397826,385665],[397850,386519],[399788,387719],[400607,390930],[398522,391526],[398275,392828],[399190,393677],[399817,393236],[399550,393862],[401041,395384],[400887,398177],[401804,399073],[401982,400848],[405272,401475],[404952,402698],[406087,404640],[407116,404110],[408481,404871],[410585,402592],[411557,402994],[412065,401874],[413309,401649],[412673,401087],[413626,400678],[413273,398269],[417009,396182],[416938,392164],[418046,391052],[419747,390988],[420386,389425],[423066,388511],[422553,385518],[427354,383305],[425910,382993],[424872,379992],[426129,380707],[426815,379450],[427748,380596],[428045,379502],[429295,379981],[429302,378917],[430942,378737],[433265,380186],[435545,380151],[436386,380686],[436068,381664],[439463,382946],[440946,382173],[440946,380253],[444217,380082],[444833,381548],[445724,381283],[446315,382095],[447481,381268],[447090,379946],[450488,378555],[451358,379342],[453193,378880],[453895,380531],[457442,383064],[457283,383659],[456231,383448],[455831,384765],[457435,384680],[456919,386135],[457941,386874],[457651,388479],[458906,389290],[458859,390421],[461200,392622],[464482,393123],[464520,392480],[465593,392617],[466817,393817],[467406,397692],[469557,399141],[470701,401172],[473076,398163],[471779,397070],[472054,396494],[474986,397209],[479949,396038],[480804,396978],[480777,398457],[481623,398753],[481815,400951],[482873,401148],[483665,403321],[491311,402673],[491079,396590],[496252,396837],[501530,398656],[500529,399257],[500404,402012],[505848,403508],[505601,405141],[504081,406665],[499425,405577],[500090,406527],[501667,406904],[504122,409803],[504947,408563],[510325,408175],[512394,411803],[512491,414655],[516023,412211]]]]}},{"type":"Feature","properties":{"name":"West Midlands"},"geometry":{"type":"MultiPolygon","coordinates":[[[[445790,252455],[444674,248735],[443479,248830],[441637,246910],[443176,246765],[444087,244968],[442201,244155],[439408,246813],[437523,246215],[437965,244508],[435899,244907],[435186,244079],[432690,232817],[430499,232670],[431025,231472],[428908,230585],[427550,231016],[428150,230297],[426736,228616],[423049,232166],[423044,233269],[426335,237289],[425855,237904],[423159,237036],[421086,237946],[421447,239316],[420318,240179],[420542,241648],[419762,240946],[418557,241691],[418690,244676],[417504,243861],[416005,246052],[413640,244306],[412930,242280],[412502,243020],[411628,241612],[410608,242350],[408705,241297],[409460,239455],[411441,238382],[412101,236960],[411144,234272],[406032,238454],[404782,236832],[403432,237700],[401185,237496],[397463,234018],[396697,233929],[395925,235138],[394271,234674],[392396,235218],[390438,233455],[389746,234253],[390488,236548],[392133,237724],[388985,239145],[387720,238221],[387959,236036],[387217,235644],[388774,233069],[387687,233478],[387387,232472],[384949,233028],[382827,229817],[379456,229853],[378623,230939],[377665,230866],[377806,233952],[375901,235070],[375985,235940],[373131,235020],[372701,233152],[371189,232949],[370074,233281],[370166,235218],[368295,235169],[368285,236165],[367553,236255],[366318,234543],[367758,233025],[366106,231516],[366276,229630],[365678,229243],[368100,228236],[368051,225597],[369272,224554],[369871,222183],[366519,220318],[365089,220856],[363486,218154],[360103,218270],[359951,216936],[358690,217684],[357003,215780],[356233,216246],[355273,214367],[354194,215433],[352325,215252],[352060,216475],[350827,215979],[350524,216941],[349189,215592],[346471,218873],[347211,220487],[342577,223387],[342190,224690],[340815,224289],[341986,225177],[339743,226508],[333237,223384],[332939,225892],[330775,225881],[329598,229250],[326729,232254],[324674,236600],[325589,238534],[325311,239686],[322938,242814],[323201,245573],[324392,245807],[324440,247067],[321926,248343],[322358,249453],[325255,250121],[326722,251374],[326049,252194],[324917,251286],[323322,252276],[325256,254508],[324780,256626],[326846,257749],[326819,260284],[328790,260484],[328530,261856],[329391,262570],[331456,263375],[333401,262840],[335295,263903],[331012,265044],[331879,269767],[334213,270590],[335078,272753],[333726,273405],[329236,272314],[327847,272769],[324495,276041],[321529,277258],[319908,279702],[317162,281060],[316114,283447],[318780,287124],[319932,286876],[324675,289582],[330232,289759],[330052,292261],[331980,291800],[332685,295418],[331901,297796],[331187,297967],[326374,295386],[326472,293512],[323334,292727],[322971,293355],[324715,294302],[322894,299265],[324390,299247],[326300,300747],[326042,301845],[327458,304007],[328366,304188],[326776,305389],[328981,306032],[329875,309135],[329328,310911],[331012,312600],[331108,314554],[332515,314093],[334076,314774],[334024,313525],[334745,313396],[335183,314134],[334526,315757],[333179,315579],[333129,316697],[331129,317635],[331882,318352],[331467,319376],[330234,318994],[330000,319705],[329082,319517],[329409,319963],[327267,319870],[326472,321567],[326828,322555],[324673,321252],[321983,322397],[322359,323824],[321349,323947],[321392,325275],[322554,327848],[321771,328409],[324183,330552],[322541,331874],[323688,332553],[322948,333260],[325141,333528],[326428,337547],[327727,336993],[330515,337395],[332270,340345],[334130,340653],[334615,341735],[335610,339740],[337670,338323],[340475,339828],[340728,339170],[343580,338689],[346356,333443],[349318,336623],[351126,336679],[351448,340216],[350716,341650],[351299,343127],[353161,344462],[354804,343359],[357635,344558],[360154,342638],[359950,340792],[360695,339943],[362399,340989],[364357,339006],[365088,342014],[367766,340269],[370905,341442],[370675,343220],[374575,344673],[374395,345675],[375246,346421],[374327,347720],[374539,350658],[376800,351046],[378792,353844],[380444,353494],[383138,355225],[383593,354815],[389697,362512],[390640,362172],[390717,365202],[392619,363506],[395403,363838],[397016,366187],[399980,366206],[400940,368503],[402610,369910],[402988,368520],[408512,366483],[410835,364435],[412630,361929],[412044,359861],[414580,356216],[413878,354593],[415133,351367],[414530,350316],[416204,349074],[416349,346658],[416032,344730],[411609,341990],[411615,338955],[409739,336222],[411321,333821],[411342,332182],[412768,331474],[413431,332090],[414168,331439],[415095,331836],[418586,329166],[419990,329953],[420254,329273],[421000,329712],[425230,328615],[428031,326087],[426346,324382],[427620,323603],[427816,322556],[426105,321257],[426326,320494],[422587,320844],[420552,317298],[420102,314741],[423290,313842],[423407,311287],[427750,311226],[427835,310029],[430338,307953],[431051,306307],[430741,305033],[429110,304290],[430264,301979],[429853,299902],[432135,298428],[432464,297050],[447137,288705],[451708,282732],[456473,274014],[450364,270933],[450161,270282],[451378,269580],[454002,268859],[452357,266074],[453612,263149],[450164,259924],[448940,260267],[451017,255771],[447050,254912],[445790,252455]]]]}},{"type":"Feature","properties":{"name":"East"},"geometry":{"type":"MultiPolygon","coordinates":[[[[583192,184919],[582286,184744],[582197,184762],[581048,184996],[582096,185219],[582155,185230],[583188,185411],[583205,185411],[583637,185402],[583199,184926],[583192,184919]]],[[[577369,185935],[577143,185643],[577507,185890],[577691,185802],[578551,185383],[578878,185319],[578923,185310],[578977,185300],[579390,185219],[578890,185036],[579936,185002],[579530,185194],[580000,185122],[580465,185050],[580360,184989],[580535,184983],[580843,184528],[580198,184693],[580172,184503],[580169,184481],[582392,184215],[582685,183915],[582285,183637],[582254,183616],[582236,183607],[582124,183525],[583029,183633],[582409,183440],[582233,182982],[580775,182542],[580738,182531],[580000,182337],[579783,182280],[579512,182527],[579346,182289],[579235,182132],[578678,181905],[577298,182091],[577211,182200],[576972,182497],[576782,182849],[576620,182935],[576410,183195],[576187,183165],[575399,183059],[574754,184223],[575017,184424],[575149,184524],[575329,184478],[575561,184415],[575896,184324],[576478,184798],[576623,186238],[576672,186218],[577369,185935]]],[[[596971,188488],[596359,188393],[595951,188849],[596135,189724],[596352,189957],[596490,189489],[596971,188488]]],[[[596673,191183],[595753,188887],[595190,190208],[594752,190434],[594644,191087],[594649,191178],[595308,192125],[596117,192363],[596552,192261],[596673,191183]]],[[[604708,194618],[603039,192244],[600141,189583],[600000,189555],[599634,189484],[598787,188344],[597912,188087],[596958,188573],[596383,190124],[596769,190775],[597244,190864],[597423,190371],[598081,190269],[598525,189772],[598122,190357],[597460,190448],[597306,190929],[596866,190839],[596671,192123],[598107,192054],[598661,192375],[599101,194504],[599706,194752],[600000,194699],[600930,194532],[604827,195443],[604708,194618]]],[[[590155,196527],[590160,196498],[590114,196518],[589615,196730],[590087,196892],[590155,196527]]],[[[591031,197237],[591265,197114],[590377,196637],[590820,197043],[590972,197182],[590794,197224],[590545,197210],[590297,196769],[590504,197292],[591031,197237]]],[[[590141,197099],[590064,197024],[589180,196954],[589553,196377],[588697,196812],[587787,196668],[587728,196659],[587809,196751],[588170,197164],[589792,197044],[590368,197324],[590141,197099]]],[[[592645,206301],[591596,205851],[590340,206459],[590453,206708],[591951,206745],[592645,206301]]],[[[588064,207040],[588260,206424],[588287,206664],[588547,206530],[588257,206106],[588540,206211],[588609,205704],[587323,205680],[588064,207040]]],[[[604503,216400],[605188,215934],[606471,215891],[607332,215483],[607332,215442],[606753,214534],[603324,212554],[600322,212395],[600012,212979],[600244,213704],[601426,214631],[601872,215485],[603029,216130],[603101,216002],[603149,216124],[604503,216400]]],[[[625074,223515],[624789,223412],[624777,223415],[624445,223923],[623963,223986],[624123,224455],[624827,224334],[625100,223548],[625106,223532],[625101,223525],[625074,223515]]],[[[624750,224630],[624750,224413],[624125,224678],[624469,224691],[624620,225265],[624750,224630]]],[[[624249,225587],[624422,224769],[624081,224800],[623697,224504],[623816,224814],[623540,224534],[623464,223893],[622150,224528],[622360,225246],[622841,225325],[623006,224994],[622969,225250],[624249,225587]]],[[[622171,225993],[622367,225665],[622366,225637],[621164,225142],[622350,225658],[622102,225991],[621741,225982],[622066,226038],[622171,225993]]],[[[621872,227096],[622254,226824],[621903,226910],[621540,227000],[621569,227008],[621872,227096]]],[[[622426,227513],[622888,226951],[622651,226958],[623336,226859],[623375,226030],[622696,226343],[623234,225849],[622426,226011],[622635,226544],[622224,227137],[622426,227513]]],[[[642420,247874],[640983,246859],[639999,246574],[640000,246577],[640174,247024],[640919,247016],[641640,248293],[642117,248218],[642541,248199],[642420,247874]]],[[[592804,343884],[592023,343849],[592582,344186],[592946,344171],[592946,344167],[592804,343884]]],[[[600072,346638],[604543,345443],[606007,344999],[609355,344034],[610210,343929],[610778,343777],[611822,343730],[612734,343617],[614185,343526],[617102,343342],[617931,343254],[620000,342803],[620743,342641],[622021,342269],[622369,342158],[623361,341661],[624298,341293],[625738,340460],[626321,340000],[626407,339933],[628693,338704],[629237,338368],[629740,338046],[629743,338044],[629752,338038],[631898,336259],[632019,336159],[635611,333183],[637196,331986],[637216,331970],[638147,331267],[638528,330877],[638803,330705],[638920,330600],[639583,330182],[640000,329867],[640244,329683],[641868,328705],[641915,328658],[642244,328162],[642258,328142],[643061,327496],[643059,327488],[645193,325380],[649507,320749],[649784,320399],[649924,320000],[651153,316493],[652230,313904],[652260,313824],[652498,312869],[653277,310645],[653292,310597],[653452,309109],[653403,308828],[653402,308792],[653363,307746],[653362,307713],[653327,304855],[653706,304591],[653711,304510],[653398,304582],[653449,304007],[653734,304146],[653739,304065],[653506,303814],[653083,303917],[652371,307214],[652261,307419],[652259,307422],[651947,307937],[651991,308103],[651616,308176],[651646,308598],[651270,308825],[650209,308654],[649372,307533],[647784,306959],[647023,305304],[647034,305247],[647035,305240],[647041,305213],[647258,304147],[647284,304021],[647306,303914],[647441,303857],[647324,305741],[647324,305749],[647373,305856],[647377,305858],[649542,306695],[649624,306762],[650433,307428],[650450,307442],[651498,308002],[651727,307885],[651990,307635],[652322,307141],[652420,306414],[652506,305765],[652512,305718],[652693,305105],[652694,305099],[653012,303723],[653433,303692],[653062,303399],[653036,303378],[653127,301990],[653214,301628],[653199,301567],[653291,301310],[653608,300000],[653651,299821],[653779,299265],[653888,298970],[654780,296402],[655386,294658],[655465,294376],[655645,293736],[655464,292870],[655450,292846],[655168,292717],[655471,293084],[655270,293192],[655064,292718],[654062,292785],[652884,293125],[652823,293143],[653374,292804],[653418,292778],[654047,292458],[655052,292572],[655203,292589],[655137,292557],[654779,292383],[654300,291164],[653975,290088],[653870,289891],[653866,289766],[653764,289539],[653788,289300],[653750,288089],[653748,287997],[653699,284808],[653679,284543],[652007,280000],[651831,279521],[651761,279202],[650620,274727],[650438,274774],[650286,274664],[650062,274503],[649888,274279],[649650,274049],[649105,273294],[648953,273168],[648881,272984],[648600,272594],[648295,271666],[648176,271395],[648124,271146],[648086,271032],[648081,270941],[648074,270908],[648017,270761],[648013,270618],[647795,269574],[647847,267079],[647846,267061],[647845,267009],[647655,262388],[647698,260478],[647524,260000],[646976,258500],[646915,258161],[646856,257992],[646276,254657],[646217,254257],[645398,249737],[645300,249199],[642921,247716],[640000,246018],[639101,245495],[638399,244898],[637890,244581],[637898,244603],[639205,245841],[639370,245921],[640000,246227],[641179,246798],[642514,247737],[644165,249046],[644494,249642],[644988,249694],[644491,249678],[644117,249075],[642803,248233],[642576,249209],[643616,249461],[644528,250427],[644460,251727],[645646,252894],[646167,254666],[646354,255587],[645936,255784],[645277,255380],[644708,255586],[644422,255998],[644977,256772],[644385,257293],[643292,257118],[643136,257377],[643396,257559],[642985,257980],[641592,257521],[641439,257738],[641379,257296],[641087,257361],[640280,256570],[640170,257140],[640087,257576],[640000,257582],[639155,257637],[639820,257480],[639958,257416],[640000,257277],[640096,256961],[640111,256886],[640000,257108],[639830,257449],[639411,257505],[639637,257329],[639435,257014],[639716,257196],[639784,256391],[640000,256302],[640137,256246],[640062,256790],[640270,256119],[640491,256134],[640716,256150],[641132,256179],[641213,256849],[642225,256919],[643180,256167],[644125,256869],[644511,256519],[644268,256381],[644204,256623],[644212,256030],[644599,255403],[645268,255103],[646115,255361],[645985,254965],[645295,252869],[644279,251947],[644292,250643],[643455,249700],[642425,249458],[642505,248423],[641615,248489],[640690,247058],[640000,247241],[639426,247393],[639307,247424],[639596,248803],[639614,248887],[639204,248105],[639259,247362],[639915,247194],[640000,247173],[640054,247159],[640000,247054],[639681,246432],[638554,245726],[637468,244302],[637328,244119],[637431,244135],[637130,243419],[636347,241940],[635898,240485],[635574,239714],[634929,238930],[634424,238387],[634008,238081],[633143,237528],[633185,238786],[632952,238524],[632697,238860],[633178,238844],[631178,239677],[631110,240000],[630827,241344],[629526,242261],[630036,243057],[629928,243880],[629162,244683],[629289,245915],[628284,246388],[627514,247672],[627505,248379],[627848,248627],[627896,248662],[628028,248757],[628332,249210],[628288,249690],[629074,250092],[629129,250131],[629242,250222],[629274,250248],[629349,250308],[628643,250300],[628437,250039],[628325,249896],[627918,249379],[627899,249355],[627879,248778],[627861,248737],[627356,248600],[627221,247687],[627181,247458],[627168,247327],[627096,247329],[626505,247345],[626735,247504],[625916,247227],[626096,247216],[626118,247215],[627427,247162],[627826,246119],[627935,245834],[627965,245755],[628016,245803],[628028,245814],[628639,245270],[628729,244551],[628745,244427],[628777,244177],[629654,243496],[629696,243202],[629389,242907],[629128,242453],[629452,241809],[629059,241472],[629532,241728],[630373,241287],[630599,240844],[630616,240469],[630404,240217],[630577,240595],[630363,240614],[630272,240341],[630517,240000],[630987,239347],[632142,238731],[632129,238625],[632109,238453],[632323,238534],[632707,237838],[632424,237749],[632950,237749],[632829,236678],[632753,236561],[631121,234680],[629921,233999],[628343,231316],[628277,232177],[628273,232185],[628272,232202],[628198,232336],[628179,232647],[628081,232564],[627949,233246],[627957,233270],[627942,233284],[627940,233294],[626682,234113],[626547,234202],[625592,234820],[625302,237820],[624179,238070],[623746,238849],[623677,238130],[622346,238795],[621738,239149],[620784,239111],[620408,239649],[620000,239830],[619615,240000],[619517,240043],[619128,240000],[618881,239972],[618854,240000],[618192,240672],[618168,240689],[618114,240768],[617530,241623],[617293,241559],[616899,241851],[616876,242876],[616881,242895],[616997,243349],[616773,243552],[616525,242268],[616195,241998],[616162,241971],[617010,241206],[617394,240271],[617702,240000],[618703,239120],[619972,238883],[620000,238841],[620564,237999],[621919,237973],[622734,237666],[622737,237665],[622759,237365],[623027,237368],[622843,237573],[624435,237197],[624654,236796],[624756,235869],[624510,235924],[625382,234178],[625211,233847],[625038,233636],[624745,233493],[622896,234181],[621341,233160],[620793,233420],[620670,233479],[620000,233438],[619102,233383],[618408,234363],[617378,234593],[617396,234953],[617173,234355],[616717,234286],[615309,233419],[615196,232966],[614374,233231],[613281,232944],[613099,232896],[612135,233436],[611006,232979],[611251,232865],[610977,232899],[610802,232273],[610272,233023],[610639,232206],[610534,232279],[610530,232281],[609950,232683],[610384,232213],[610530,231921],[611466,232081],[611725,232032],[611864,231837],[612106,231960],[613036,231783],[614513,231433],[615670,231532],[616610,232175],[617992,232470],[618737,231807],[620000,231948],[620439,231996],[621015,231747],[621340,232273],[621238,231702],[621936,231694],[622306,231839],[622225,232299],[622448,232166],[622537,232243],[622899,232556],[623734,232632],[624343,232520],[624425,232453],[625179,231831],[625379,231896],[625583,231962],[625308,232428],[625853,232491],[625817,232651],[626240,232940],[626295,232774],[626252,231742],[626697,231483],[626452,231569],[626341,231610],[626230,231544],[625928,231588],[625721,231325],[625142,230590],[625125,230569],[624408,229402],[624270,229267],[624222,229219],[624193,229238],[623939,229398],[623871,229401],[624221,229101],[623948,227844],[623898,227747],[623478,226932],[623234,227376],[623313,227021],[623012,226963],[622410,227592],[622988,227636],[622269,227818],[621136,226947],[621097,226917],[621566,226821],[622346,226660],[622239,226256],[621153,226191],[621155,225744],[620252,225527],[620527,224801],[621068,224978],[620767,225218],[621111,225095],[621094,224937],[621023,224860],[620157,224692],[620343,224518],[620000,224195],[619856,224059],[618885,223980],[620000,223995],[620923,224007],[622020,225137],[621880,224183],[621270,223919],[622340,224263],[622477,223754],[622157,223402],[622648,223203],[622382,222738],[622387,222732],[622696,222325],[622885,223050],[623414,222819],[623822,223181],[624052,222817],[623895,222596],[623879,222573],[623856,222542],[624153,222723],[624038,223351],[624465,223343],[624557,223334],[624560,223333],[625348,223249],[624991,223193],[625355,223059],[624967,222518],[625236,222069],[625262,222550],[625625,222434],[625286,222652],[625489,223234],[625022,224883],[625197,224884],[624912,225345],[625262,225450],[624703,225499],[624694,225884],[626101,224890],[626295,224892],[626556,224493],[626624,223718],[626483,223109],[622385,217745],[620455,216221],[620000,215969],[619748,215830],[619295,215579],[618889,215321],[618118,214832],[618113,214828],[617696,214510],[617683,214500],[617371,214261],[615641,213148],[613597,212670],[610029,212294],[609322,213200],[609015,214343],[609231,214076],[609458,214226],[609518,213935],[609860,213842],[609571,214010],[609551,214579],[608158,215641],[608365,215927],[608997,215645],[610143,215923],[609995,215992],[611185,216850],[611500,217979],[611522,218056],[611213,217988],[610939,218377],[611049,218156],[611246,217761],[611238,217732],[611045,216980],[609656,216253],[607652,216173],[606434,217324],[605611,218936],[605975,219554],[606042,219668],[605770,219783],[605679,220000],[605382,220705],[604761,221009],[604409,221166],[604382,221178],[603633,221409],[603783,221326],[605083,220607],[605218,220000],[605286,219698],[605053,218649],[605649,217397],[604528,217899],[604338,218640],[603526,219084],[604264,218556],[604377,217861],[603337,218115],[602955,217823],[603478,217979],[604558,217585],[606310,216293],[604793,216847],[601914,216154],[601757,216232],[601389,216172],[601629,215988],[602588,215992],[601793,215608],[600075,213990],[600178,214388],[600000,214136],[599912,214011],[599731,214225],[599730,214092],[599713,212378],[598636,213595],[598139,213411],[598211,213295],[597088,213720],[597330,213544],[596773,213582],[596104,213112],[595811,213312],[596228,212945],[596859,213202],[597223,213350],[598574,212880],[599546,211845],[599260,211955],[599156,211668],[599830,211477],[599047,211173],[597457,211667],[597228,212342],[596806,212225],[596829,211827],[596023,212148],[595804,212161],[595671,211774],[596009,212095],[595968,211852],[596208,211996],[597175,211530],[596113,211766],[596426,211477],[596226,211171],[597502,211161],[596817,210336],[597583,211032],[599048,210482],[597282,208870],[596744,209195],[596658,209247],[596722,209138],[597028,208617],[595827,208250],[595153,208185],[594973,208449],[594195,208199],[592861,208851],[592670,208005],[593190,208294],[592645,207895],[591939,208164],[591805,208679],[591800,208676],[591774,208653],[591495,208302],[591415,208202],[590752,208441],[590676,208469],[590749,208320],[590877,208055],[590341,207657],[590321,207660],[589671,207752],[589634,207757],[589647,207424],[589650,207426],[589650,207422],[589655,207428],[589987,207565],[589812,207278],[589843,207287],[589840,207280],[589831,207263],[590062,207338],[589991,207301],[589652,207149],[589642,207145],[589624,207145],[589613,207149],[589521,207182],[589186,207305],[589130,207326],[589133,207318],[589137,207310],[589275,207006],[589008,206958],[587413,207792],[587545,207420],[586950,206256],[586713,206700],[585857,207163],[585831,206945],[585607,207248],[585660,207089],[585777,206737],[586523,206497],[586400,206121],[587446,205372],[587381,205261],[587323,205163],[587740,205144],[587842,205441],[589876,204984],[589673,204427],[589953,204855],[590169,204605],[589838,204249],[590207,204558],[590175,204598],[590412,204842],[591422,204698],[590119,203754],[590444,203213],[589943,203111],[590051,202708],[589505,203031],[589478,202939],[589359,202987],[589350,202996],[589351,202989],[589422,202746],[589463,202887],[589620,202745],[589345,202264],[589676,202499],[590265,202443],[590286,202466],[590306,202456],[590600,202815],[590666,203179],[590769,203724],[591238,203855],[591656,203970],[591657,203967],[591691,203115],[591958,202847],[591961,202765],[591800,202547],[592082,202167],[591978,202508],[592037,202545],[592031,202726],[591997,202774],[591973,202856],[592220,202994],[592130,203009],[592159,203048],[592132,203039],[592126,203009],[591920,203042],[591837,203334],[591883,203961],[591606,204226],[592540,204716],[592884,204525],[592914,204832],[593384,204726],[592908,204971],[593159,205896],[593602,205866],[593917,205844],[594859,206246],[595882,205608],[596847,205725],[598676,206848],[599403,207752],[599671,208690],[600000,208922],[600264,209109],[601448,209376],[602472,209320],[603270,208663],[603851,207687],[603895,206804],[603232,204075],[604028,202423],[603592,201156],[603590,200000],[603590,199854],[603133,199892],[603565,199820],[603198,199775],[603439,199692],[603098,199221],[603401,199380],[603437,199168],[603067,199081],[603425,199152],[603331,198947],[603298,198874],[603346,197131],[603216,196976],[602646,196293],[602592,196264],[600970,195534],[600277,195650],[600000,195600],[598046,195251],[596567,195507],[595498,195362],[594204,195646],[594094,196004],[594104,195616],[593572,195556],[592281,196632],[592229,196675],[591190,197540],[590056,197402],[590099,197665],[589825,197164],[588083,197295],[587690,196937],[587669,196879],[587563,196573],[586645,196824],[586382,196565],[584315,196488],[584139,197156],[584488,196926],[584606,197120],[583457,197731],[583474,197429],[584036,197196],[584018,196573],[582054,196695],[582057,196667],[582118,196463],[583250,196408],[582983,195955],[581894,196005],[580583,195554],[580531,195524],[580526,195521],[580509,195512],[580477,195493],[580417,195457],[580519,195475],[580647,195497],[582613,195834],[583332,195664],[583277,196050],[583592,196340],[583986,196037],[583954,196275],[583957,196275],[587654,196249],[587737,196249],[588462,196505],[589308,196001],[590384,196064],[591371,196737],[592831,195391],[592510,194770],[592880,195318],[598497,194638],[598596,192821],[598359,192460],[595484,192647],[595131,193024],[595346,192516],[594352,191557],[591635,190772],[590896,191289],[590684,191090],[591291,190928],[591229,190531],[591218,190456],[590715,190422],[590709,190422],[588684,190285],[588796,190165],[588955,189994],[588147,189465],[590238,190219],[590479,190307],[590853,190294],[591314,190280],[591415,190000],[591646,190475],[594483,191204],[594569,190494],[593662,190082],[594077,189495],[594082,189499],[594262,189631],[594629,189375],[594414,189097],[594722,189099],[594828,189401],[593821,189895],[594662,190388],[595110,190150],[595621,188826],[595410,188553],[595872,188747],[596241,188201],[596963,188409],[597698,188043],[597590,187457],[595735,186186],[595732,186183],[593497,184007],[592810,184069],[592716,184077],[592136,184359],[592131,184359],[589565,184786],[589511,184803],[588788,185025],[588646,185039],[586689,185234],[586517,185252],[585312,185519],[583210,185664],[583188,185666],[582295,185397],[582144,185351],[581009,185007],[580642,185101],[580134,185230],[580000,185265],[579561,185377],[579546,185381],[578895,185505],[577994,185679],[577202,186054],[576737,186275],[576560,186262],[576513,186123],[576511,186119],[576459,184849],[575943,184408],[575059,184561],[574684,184246],[574668,184232],[574415,184433],[573977,184351],[574743,183915],[575098,182687],[576435,182354],[575760,181878],[575164,181789],[574878,182062],[574166,181456],[573193,181638],[571335,181198],[570879,181542],[570532,181517],[570643,181361],[570656,181343],[569984,180753],[569871,180749],[569800,180746],[569752,180745],[569851,180529],[569607,180000],[569504,179777],[569180,176423],[566737,175470],[566717,175467],[565578,175315],[565332,175753],[565378,175256],[562743,175192],[561803,177051],[561130,177566],[560262,177495],[560190,177489],[560156,177471],[560000,177389],[559252,176993],[558582,176071],[556157,177258],[554881,178670],[554824,178733],[553656,179098],[553636,179105],[553723,179664],[555681,181163],[555313,182418],[556099,183482],[556474,182292],[557157,182312],[557223,183903],[561957,184982],[560412,187750],[558841,187532],[557304,191408],[556199,191601],[556873,192432],[554025,194889],[550240,193627],[547943,193796],[544962,192600],[544635,191572],[542929,191815],[541894,192483],[542274,193048],[541398,192733],[540036,194160],[540061,195527],[537625,196029],[537603,199884],[531025,200934],[527046,200414],[525206,197673],[524339,198344],[523756,197354],[521111,196701],[520682,195107],[518014,194334],[516579,194867],[510917,191721],[508055,192401],[506927,191512],[504106,193607],[503946,190047],[502560,190266],[501183,194258],[501297,196773],[502278,196545],[502379,197620],[503467,198202],[503034,198952],[500432,199207],[500723,200788],[499364,202437],[500230,204534],[499269,205521],[498494,205219],[497677,206880],[495853,206324],[491934,208310],[490430,211220],[490745,212098],[489057,214333],[488073,214008],[486548,216256],[488228,218282],[489869,218532],[490552,217550],[489971,216637],[491965,213858],[494321,214362],[497872,212980],[499284,215589],[500459,214996],[500865,215772],[497615,220030],[495069,221668],[492871,221779],[491397,223410],[490000,223228],[489374,224193],[490673,227959],[491482,228069],[491348,229434],[492033,229406],[493128,231282],[491972,234321],[493201,235586],[492670,236427],[493389,237009],[493174,238517],[491372,239760],[496530,246752],[495424,249309],[493482,249872],[493090,251374],[493775,251632],[493941,254586],[491132,256034],[493170,259664],[491970,264200],[495381,265434],[498005,262667],[499725,263076],[500322,264597],[499543,266756],[501390,269548],[500990,269873],[503958,269975],[504732,270737],[504564,272310],[503428,272506],[503789,273405],[502332,274618],[502993,276182],[502475,276782],[506167,277470],[507765,280465],[511428,282987],[510881,283687],[512758,286736],[511490,289253],[511791,291115],[507722,293159],[508526,294624],[507235,296851],[508056,297436],[507472,299058],[503186,298398],[501879,299841],[503614,303338],[501956,305786],[504755,307404],[507958,306782],[511686,308381],[512673,309872],[515778,309434],[517763,307382],[521409,309326],[522343,307609],[523190,308534],[525850,307595],[528419,309965],[529411,309388],[531011,310371],[533246,308907],[536804,309379],[538600,311309],[538180,314927],[539454,316411],[541181,316042],[544709,317959],[547712,317541],[553379,321887],[551505,323126],[552876,326647],[552997,326664],[554249,327082],[557421,326963],[558621,326134],[559824,323832],[559841,323794],[559842,323791],[560000,323431],[560276,322801],[560282,322787],[560330,322685],[561488,320036],[561500,320000],[561789,319349],[561608,320000],[561452,320560],[561332,320827],[561617,320773],[561290,320922],[560242,323388],[560631,323179],[560266,323509],[560343,323569],[560589,323760],[560668,323525],[560687,323899],[560252,323544],[560136,323738],[560043,323892],[560000,324002],[559927,324188],[559004,326492],[560000,327413],[562778,329981],[562799,330003],[563899,331157],[564592,331211],[564713,331221],[564681,333512],[565934,336250],[566630,339388],[566631,339393],[566647,339467],[566815,340000],[567395,341837],[567946,342399],[569013,343486],[569080,343650],[569205,343950],[569317,344222],[570307,344926],[572135,345204],[572137,345183],[572140,345160],[572670,345065],[572651,344730],[572383,344784],[572627,344614],[572202,344781],[572217,344707],[572217,344475],[572561,344575],[572249,344421],[573078,343839],[573601,344118],[573022,344018],[572731,344432],[573441,344588],[573694,344239],[573457,344654],[573769,344884],[573800,344486],[573923,344636],[574324,344344],[574337,344333],[574371,344331],[574493,344930],[574277,344604],[574016,344888],[574246,344893],[573726,345050],[573949,345290],[575877,345012],[575983,344527],[576437,344737],[576064,344652],[576013,345032],[579372,345610],[579718,345169],[579377,344772],[578450,345071],[578544,344816],[577365,344672],[577755,344449],[577096,344464],[577632,344245],[578036,344654],[578014,344336],[579144,344330],[579501,344713],[580000,344520],[580176,344452],[580625,344880],[580121,344695],[580000,344767],[579741,344921],[580000,344954],[580366,345001],[581047,345710],[581405,345651],[581371,345335],[581589,345560],[581550,345191],[582172,345250],[582517,345082],[582087,345442],[581800,345284],[581770,345642],[581767,345680],[582024,345732],[582207,345589],[582347,345610],[582359,345612],[583111,345737],[583675,345544],[583698,345536],[583702,345535],[583714,345531],[583814,345499],[584895,345266],[584361,344410],[583891,344608],[583748,344547],[583666,344249],[583813,344269],[584564,344370],[585295,344888],[585413,345245],[585066,345016],[585032,345473],[585500,345617],[584844,345738],[586218,345982],[586839,345766],[588718,345493],[588950,345135],[588941,345499],[589562,345861],[589540,345859],[588971,345564],[588858,345800],[589708,345946],[591056,345988],[591021,345707],[591612,345560],[591598,343846],[592797,343809],[592882,343576],[592901,343611],[593159,344078],[592999,344047],[593024,344191],[592950,344211],[592479,344334],[592688,344970],[593012,344969],[593130,344969],[593015,345010],[592510,345190],[592400,344771],[592413,344349],[591732,343861],[591995,344137],[591767,344494],[592362,344989],[591853,345083],[592553,346250],[592905,346272],[593109,346167],[593423,346005],[593667,345266],[594332,345186],[593736,344752],[593644,344785],[593750,344732],[594662,345276],[595127,344457],[594422,344321],[594719,344157],[595398,344510],[595397,344077],[595656,344629],[596048,344546],[596088,344534],[596044,344564],[595916,344652],[596176,344906],[597270,344633],[597339,344371],[597875,344777],[597974,344228],[598157,344272],[597986,344247],[597941,344764],[598367,344759],[599133,344415],[598950,344388],[599051,344323],[598768,344106],[598985,344092],[599518,344831],[600000,344854],[600501,344878],[600188,344486],[600429,344598],[600443,344193],[601388,344121],[601072,344224],[601355,344365],[601489,344113],[602088,344068],[602076,344083],[601458,344292],[601473,344570],[600944,344527],[600755,344906],[601493,344978],[602551,344934],[602668,344455],[602683,344865],[602805,344635],[602824,345010],[603302,345245],[603292,345193],[603285,345078],[604483,345279],[604596,344876],[604682,345273],[603382,345562],[601168,346328],[600322,345639],[600739,346389],[600010,346000],[600124,345721],[600000,345817],[599613,346116],[599549,345593],[599398,345861],[599742,346513],[598752,345406],[598734,345663],[599216,346368],[599995,346650],[600000,346649],[600072,346638]]],[[[580000,346789],[583904,346266],[584801,345878],[584075,345709],[583340,346018],[583986,345615],[583102,345778],[582321,345702],[582225,345919],[581335,345889],[581239,346377],[581184,345991],[580981,346349],[581101,346015],[580413,345997],[580122,345595],[580000,346028],[579956,346184],[580000,346264],[580260,346736],[580000,346671],[579438,346531],[579487,346310],[579003,346502],[578871,346114],[578874,346613],[579883,346805],[580000,346789]]]]}},{"type":"Feature","properties":{"name":"London"},"geometry":{"type":"MultiPolygon","coordinates":[[[[553636,179105],[553564,179127],[551984,178814],[551557,180000],[551295,180724],[549928,181442],[549917,181448],[549894,181460],[548807,181777],[548713,181811],[548710,181812],[547624,182201],[546443,181589],[545847,181607],[545654,181750],[545640,181761],[545593,181796],[545532,181841],[545587,181665],[544750,181313],[544381,180703],[544269,180517],[544251,180487],[543837,180000],[543686,179823],[541637,179707],[540620,179650],[540235,180000],[540000,180213],[539839,180360],[539548,180688],[539473,180773],[539505,180622],[539420,180620],[538754,180604],[538363,180000],[538314,179925],[538720,178815],[538736,178771],[538506,178348],[537823,178221],[537256,178564],[537118,179066],[537117,179071],[536907,180000],[536788,180534],[535982,180794],[535967,180799],[534761,180000],[534758,180000],[533433,180499],[533388,180516],[533316,180535],[533262,180543],[532984,180586],[532962,180589],[532746,180620],[532508,180667],[532485,180674],[532279,180741],[532202,180755],[531993,180795],[531955,180803],[531376,180794],[531360,180794],[531355,180793],[531150,180782],[530475,180392],[530421,180000],[530281,178975],[530268,178936],[530036,178248],[529373,177850],[529124,177866],[528723,177892],[528549,177904],[528525,177898],[528508,177894],[527595,177675],[527558,177656],[526370,177028],[526225,176951],[526220,176948],[526290,176954],[526526,176966],[526340,176328],[526204,175860],[525905,175762],[525314,175567],[525269,175582],[523963,176019],[523551,177084],[523438,177378],[523414,177439],[523233,177824],[523158,177983],[522676,178309],[522049,178122],[522040,178119],[521976,178100],[521625,177757],[521278,176289],[521241,176292],[520307,176379],[520000,176958],[519886,177172],[519730,177468],[519259,177757],[519255,177761],[519251,177762],[519040,177891],[519000,177916],[518832,177855],[518769,177833],[518650,177850],[518455,177718],[518259,177647],[518206,177628],[518198,177611],[517845,176938],[517843,176934],[517676,176609],[517578,176550],[516842,176063],[516772,175772],[516678,175384],[516701,175358],[517237,174763],[517242,174759],[517800,174381],[517924,173878],[517825,173806],[517136,173309],[516492,173280],[516120,172788],[516094,172753],[516067,172718],[516287,171876],[516875,171397],[516892,171383],[516957,171395],[516996,171402],[516466,171766],[516396,171822],[516167,172735],[517822,173530],[518042,173962],[517870,174390],[517860,174416],[517248,174868],[517235,174878],[516841,175716],[517462,176305],[517481,176330],[518456,177578],[519015,177787],[519654,177328],[519667,177314],[520000,176681],[520213,176275],[520936,176029],[521526,176408],[521534,176413],[521538,176442],[521713,177541],[522602,178143],[523133,177728],[523300,177022],[523375,176709],[523471,176302],[523490,176225],[524055,175895],[524444,175667],[524456,175660],[525485,175061],[525492,175063],[525499,175066],[526030,175470],[526649,176201],[526889,177130],[527086,177233],[527430,177412],[528735,177652],[529260,177749],[529378,177770],[529513,177795],[530047,177893],[530070,177919],[530243,178106],[530272,178197],[530471,178811],[530512,178937],[530660,180000],[530689,180211],[531342,180530],[531349,180531],[531628,180557],[532749,180393],[532784,180388],[533622,180140],[533882,180000],[533995,179940],[533814,179706],[534907,179778],[534941,179781],[535296,180000],[535581,180169],[535586,180174],[535913,180514],[536549,180404],[536589,180000],[536688,178992],[536691,178959],[537239,178138],[537276,178100],[537791,177581],[537775,177557],[537679,177412],[537414,177008],[537666,177362],[537809,177563],[537932,177736],[537729,177892],[538208,177990],[538638,178078],[538644,178085],[539120,178678],[539022,178986],[538762,179803],[538842,180000],[538963,180296],[539300,180000],[540000,179385],[540022,179365],[540953,179171],[540991,179174],[541001,179175],[542113,179281],[543174,179382],[544140,179474],[544201,179480],[544222,179482],[544643,179825],[544662,179859],[544740,180000],[545012,180491],[545278,180972],[547126,181282],[547226,181299],[547802,181522],[549398,180788],[549448,180776],[550440,180528],[550677,180000],[550880,179549],[550883,179534],[550896,179480],[551126,178499],[551927,177991],[551929,177990],[552929,177819],[553668,178294],[554089,178053],[554200,177963],[554331,177856],[553186,175117],[551101,173827],[550558,172175],[549963,172412],[549538,169869],[550541,168157],[549522,168162],[549871,165454],[548929,162733],[547640,162692],[547648,161079],[545401,159499],[545520,156949],[542503,156819],[541796,158451],[540596,156667],[539596,160796],[536766,161787],[535882,159952],[533966,159603],[533161,157547],[530897,155854],[529955,157385],[528694,157410],[528073,160620],[525651,162044],[524381,160477],[523451,161132],[524221,162235],[523541,164106],[522240,164548],[522231,166018],[521121,165940],[519552,164295],[518107,160928],[516567,159929],[516363,162361],[517897,165729],[517170,167378],[516440,167193],[514218,169373],[512126,169153],[511945,170485],[507381,172142],[507145,174194],[503578,175333],[505361,179724],[504440,183255],[505705,185449],[503946,190047],[504106,193607],[506927,191512],[508055,192401],[510917,191721],[516579,194867],[518014,194334],[520682,195107],[521111,196701],[523756,197354],[524339,198344],[525206,197673],[527046,200414],[531025,200934],[537603,199884],[537625,196029],[540061,195527],[540036,194160],[541398,192733],[542274,193048],[541894,192483],[542929,191815],[544635,191572],[544962,192600],[547943,193796],[550240,193627],[554025,194889],[556873,192432],[556199,191601],[557304,191408],[558841,187532],[560412,187750],[561957,184982],[557223,183903],[557157,182312],[556474,182292],[556099,183482],[555313,182418],[555681,181163],[553723,179664],[553636,179105]]]]}},{"type":"Feature","properties":{"name":"South East"},"geometry":{"type":"MultiPolygon","coordinates":[[[[442363,92127],[442159,92057],[442265,92197],[443199,92634],[445727,93476],[446229,94300],[446240,94318],[446476,94990],[447490,95589],[447721,95936],[448606,96560],[448649,96571],[448794,96608],[449696,96063],[449790,95840],[449795,95836],[450022,95618],[449998,95445],[449914,94807],[449912,94793],[450359,92968],[450381,92937],[450706,92480],[450159,90144],[450075,89784],[450123,89379],[450132,89346],[450211,89030],[450239,88919],[450259,89075],[450288,89286],[450154,89923],[450279,90254],[451188,92666],[451218,92708],[451201,92731],[450450,93682],[450435,93757],[450150,95199],[450147,95214],[450288,96173],[450357,96207],[451238,96453],[451723,96184],[452496,95387],[452519,95345],[452534,95316],[452639,95261],[453327,94723],[453376,94652],[453773,94083],[453815,94068],[453818,94067],[454633,93783],[455331,93189],[454895,92704],[454837,92368],[454791,92098],[454767,91954],[454803,92031],[455152,92769],[455158,92781],[455313,93110],[455414,93104],[455431,93103],[455527,93022],[455870,93079],[457777,92973],[458344,92967],[459248,92958],[459364,92956],[459665,92841],[459681,92835],[460000,92712],[460050,92693],[460059,92689],[460447,92540],[460529,92509],[460961,92318],[460965,92316],[461018,92292],[462941,91705],[463535,90167],[463548,90135],[463803,90000],[463936,88678],[463386,88897],[463456,89289],[463101,88625],[463081,88588],[463788,88262],[463981,88615],[464027,88700],[464112,88854],[464527,88781],[465748,87973],[465809,87550],[464068,86205],[463869,85518],[463840,85451],[463070,85473],[463064,85472],[463044,85467],[461403,85074],[460049,84198],[460026,84176],[460023,84174],[460000,84152],[459476,83657],[459450,83632],[459065,83035],[458861,82236],[458749,81622],[458748,81617],[458583,80052],[458039,78120],[457947,77950],[456987,77575],[456697,77461],[450685,75562],[449687,75364],[449478,75412],[449322,75552],[448362,76859],[446842,78217],[446049,78641],[444901,79540],[444387,80000],[443253,81014],[442128,81484],[440000,82427],[439178,82791],[438744,83146],[436960,84866],[436957,84869],[436528,85359],[436494,85365],[436479,85381],[434650,85708],[433141,85341],[431975,85072],[429321,84911],[430495,85166],[430495,85173],[430498,85188],[430533,85196],[430521,85680],[431838,86523],[431963,86565],[431997,86625],[432001,86627],[432017,86656],[432032,86662],[432041,86699],[432063,86740],[432713,87874],[432716,87890],[432727,87942],[432824,88117],[432899,88147],[432938,88325],[433711,89725],[433723,89734],[435191,89796],[434720,89691],[435081,89567],[435058,89195],[435208,89383],[435171,88727],[435248,88996],[435420,88821],[435169,88701],[434843,88604],[435137,88507],[435052,88342],[435478,88406],[435273,88519],[435549,88828],[435560,88841],[435311,89156],[435403,89128],[435588,89073],[435634,89351],[435335,89240],[435127,89678],[435864,89819],[436141,89815],[436315,89813],[437080,90053],[437510,90135],[440000,91672],[440472,91963],[441331,91891],[441596,91826],[440953,91833],[441606,91408],[441528,91369],[441163,91191],[441573,91203],[441360,90787],[441275,90620],[441324,90662],[441500,90812],[441546,89488],[441548,90374],[441966,90049],[441596,90689],[442288,90133],[442479,90300],[441799,90865],[441756,90930],[441897,91461],[442202,91819],[441836,91090],[441807,90885],[442172,91418],[442462,90946],[442634,91235],[443002,90833],[443900,90930],[444107,90299],[443913,91055],[444575,91323],[443214,90957],[442790,91300],[443177,91332],[442959,91631],[443427,91626],[442442,91786],[442729,92031],[442363,92127]]],[[[464021,102115],[463386,101955],[463631,102695],[464021,102115]]],[[[470142,104279],[470356,103785],[469886,104223],[470142,104279]]],[[[472691,104396],[472614,103972],[473077,104279],[473529,104049],[473981,103241],[473530,102324],[473582,101385],[473283,101826],[472591,101738],[473250,101595],[473012,101285],[472600,101441],[472576,101449],[472429,101530],[472568,101265],[472611,101184],[472750,100861],[473477,101089],[473511,101057],[473582,100990],[473880,100687],[473874,100675],[473594,100471],[473641,100238],[473664,100124],[473688,100000],[473714,99871],[473210,99390],[472847,99462],[472889,99129],[473575,99432],[474019,99118],[474032,98819],[473314,98587],[474169,98699],[474591,99105],[475034,98646],[475042,99122],[475078,98199],[472323,98557],[472095,98615],[471785,98646],[471218,98703],[470093,98850],[470082,98848],[470060,98851],[469970,98829],[469166,98910],[468789,99991],[468867,100000],[469172,100036],[469149,100000],[469030,99816],[469339,99670],[469354,99974],[470164,99774],[470479,100000],[470930,100324],[471710,102851],[471457,103531],[472081,104217],[472691,104396]]],[[[467405,104010],[467560,102226],[467565,102167],[467804,100309],[467832,100147],[467858,100000],[467876,99896],[467481,99392],[467897,99498],[468324,99607],[468413,100000],[468325,99027],[465654,98259],[464641,98002],[464352,97970],[463566,98687],[463477,98773],[462850,99487],[463133,99443],[462918,100000],[462908,100024],[462903,100039],[463113,100102],[462730,100264],[462700,101201],[463249,101067],[463225,101597],[464036,101463],[464119,101449],[464175,101737],[463726,101694],[464120,102089],[464156,102317],[463469,103428],[463758,103567],[463976,103673],[464347,103349],[464500,103221],[465118,104548],[466662,104190],[466664,104189],[467032,104099],[467405,104010]]],[[[586305,169345],[586045,169026],[585882,169532],[586676,169778],[586305,169345]]],[[[581971,170067],[582038,169506],[581759,169981],[581214,169304],[580762,169538],[580614,169993],[581512,170173],[581971,170067]]],[[[578449,170779],[579169,170477],[579499,170696],[579730,170287],[578269,170136],[578449,170779]]],[[[587249,171508],[587543,169844],[586543,170177],[586012,169986],[585890,170946],[585514,170845],[585927,171293],[586347,170887],[586140,171138],[586655,171187],[586673,171595],[587249,171508]]],[[[583575,172443],[583565,171910],[583446,172260],[582948,172396],[583213,172715],[583575,172443]]],[[[586912,172676],[587004,171797],[586476,172322],[586183,172316],[585929,171661],[585607,172429],[585064,172087],[585517,172807],[586912,172676]]],[[[583508,173145],[583152,173061],[583383,173344],[583508,173145]]],[[[584838,174532],[584294,174448],[584545,174822],[584771,174751],[584475,174589],[584838,174532]]],[[[584834,175457],[585035,174997],[584633,175172],[584834,175457]]],[[[601886,172603],[602590,171511],[604519,169739],[605486,167957],[605000,167270],[604981,167587],[604542,167594],[603482,166358],[601822,165679],[600687,166019],[600206,166669],[600000,166673],[599076,166687],[598998,167350],[598970,166752],[598427,167363],[597727,167330],[598533,166972],[598524,166622],[598066,166560],[595419,167417],[595407,167152],[594743,166988],[594778,167227],[594433,167144],[594149,167504],[593640,167180],[593790,167002],[593163,166838],[592553,167154],[592559,167901],[592885,168107],[592428,169091],[591521,169379],[591518,169404],[591468,169776],[590062,170465],[589345,171897],[590106,171319],[590686,171586],[590826,172033],[590713,172021],[590346,172674],[590330,173640],[590333,173645],[590904,174845],[590822,175567],[591101,175499],[592565,174947],[593712,174866],[594264,174732],[595821,173641],[597283,173415],[597352,173404],[600000,173149],[600610,173090],[601886,172603]]],[[[493941,254586],[493775,251632],[493090,251374],[493482,249872],[495424,249309],[496530,246752],[491372,239760],[493174,238517],[493389,237009],[492670,236427],[493201,235586],[491972,234321],[493128,231282],[492033,229406],[491348,229434],[491482,228069],[490673,227959],[489374,224193],[490000,223228],[491397,223410],[492871,221779],[495069,221668],[497615,220030],[500865,215772],[500459,214996],[499284,215589],[497872,212980],[494321,214362],[491965,213858],[489971,216637],[490552,217550],[489869,218532],[488228,218282],[486548,216256],[488073,214008],[489057,214333],[490745,212098],[490430,211220],[491934,208310],[495853,206324],[497677,206880],[498494,205219],[499269,205521],[500230,204534],[499364,202437],[500723,200788],[500432,199207],[503034,198952],[503467,198202],[502379,197620],[502278,196545],[501297,196773],[501183,194258],[502560,190266],[503946,190047],[505705,185449],[504440,183255],[505361,179724],[503578,175333],[507145,174194],[507381,172142],[511945,170485],[512126,169153],[514218,169373],[516440,167193],[517170,167378],[517897,165729],[516363,162361],[516567,159929],[518107,160928],[519552,164295],[521121,165940],[522231,166018],[522240,164548],[523541,164106],[524221,162235],[523451,161132],[524381,160477],[525651,162044],[528073,160620],[528694,157410],[529955,157385],[530897,155854],[533161,157547],[533966,159603],[535882,159952],[536766,161787],[539596,160796],[540596,156667],[541796,158451],[542503,156819],[545520,156949],[545401,159499],[547648,161079],[547640,162692],[548929,162733],[549871,165454],[549522,168162],[550541,168157],[549538,169869],[549963,172412],[550558,172175],[551101,173827],[553186,175117],[554331,177856],[555659,176780],[556743,176168],[556790,176142],[558270,175190],[558406,175222],[559495,175485],[560000,176074],[560369,176504],[560633,176396],[560545,176751],[560923,176544],[560925,176543],[561890,175000],[561661,174936],[563262,174595],[563661,174510],[563813,174478],[563846,174477],[564773,174468],[566409,174384],[567266,174340],[567342,174336],[568752,174744],[568849,174772],[569868,175110],[570907,175784],[570961,175819],[570852,176069],[570707,176406],[570585,176687],[570856,176981],[571506,176802],[570819,177084],[571515,178869],[572383,179387],[575710,179282],[575799,179279],[576932,179531],[577400,179313],[577478,178918],[577840,179301],[578854,179288],[579341,178866],[579424,178794],[579634,179335],[580000,179230],[581370,178837],[581716,178367],[583579,178878],[584812,178768],[585497,178495],[585635,177842],[585877,177735],[585616,178187],[586632,178547],[587837,178165],[589080,176927],[589266,176269],[589346,175129],[588481,174130],[586069,173901],[586128,174486],[585576,175016],[585774,175491],[585195,174990],[585089,175442],[584651,175594],[583917,174917],[583260,175210],[583114,174651],[582844,174691],[583079,175061],[582781,174762],[582814,174243],[582167,174131],[582144,173954],[582112,173699],[582058,173471],[581702,173308],[581570,172521],[581235,172273],[581809,172561],[582113,173216],[582611,172666],[581641,171943],[580000,171758],[579269,171675],[578381,170953],[577219,171195],[576594,171213],[576203,171224],[575593,169772],[575130,169893],[575605,169573],[575367,168336],[574506,169407],[574476,169380],[574000,168952],[573533,168815],[573471,168797],[573568,168799],[573827,168684],[573978,168809],[574039,168811],[574126,168813],[574150,168814],[574168,168826],[574622,169131],[574658,168957],[574819,168190],[575016,168176],[575509,168141],[575624,168133],[576226,169991],[576545,170974],[577323,170700],[577797,169854],[577843,169771],[578095,169465],[578314,169656],[578260,169309],[579466,168949],[579739,168868],[579766,168860],[580000,168868],[580482,168886],[580634,168462],[580791,168661],[581140,168945],[580805,168625],[580931,168280],[582175,167568],[582548,168119],[582337,168749],[583407,168854],[583431,168468],[582755,167937],[582616,167372],[582797,167295],[582928,167239],[583849,168698],[583752,169534],[584303,169834],[585135,169222],[585214,168342],[585409,168512],[585377,168218],[585672,168265],[585674,167878],[585674,167815],[585690,167798],[586032,167643],[585935,167188],[586774,168003],[587004,169259],[587805,169577],[588162,169326],[587605,168546],[587664,167977],[588917,168483],[589292,168968],[588321,169643],[588368,170029],[588287,169691],[588050,169762],[588234,170080],[587938,170098],[587594,171032],[587771,171297],[587893,171268],[587707,171856],[587689,171912],[587747,172610],[588384,172450],[589757,172928],[589887,172640],[588850,172469],[589823,172557],[590091,171985],[589487,172225],[589023,171843],[589030,171829],[589299,171235],[589752,170192],[589787,170174],[590429,169689],[590471,169896],[590909,169718],[591142,169473],[592048,168524],[592344,168661],[592179,167206],[592170,167129],[592570,166296],[592430,166228],[592039,166038],[591877,165133],[591870,165095],[591174,164447],[591009,164308],[591009,164293],[591897,164856],[592049,165345],[592258,166021],[593582,166169],[593589,166168],[596038,165895],[595709,165130],[596017,164921],[595844,165202],[596244,165690],[597673,165462],[599418,165805],[600000,165655],[600338,165568],[601898,164577],[601854,164432],[601756,164102],[601620,163651],[601594,163564],[601717,163676],[602033,163419],[602691,163591],[602794,163618],[602602,163625],[602367,163716],[602243,163639],[601849,163658],[601849,164247],[603383,164782],[605557,164874],[608856,165208],[609792,165711],[610644,167071],[610686,167096],[610870,167004],[610749,167107],[610732,167123],[610919,167230],[611239,167314],[612643,167376],[612705,167378],[613742,167836],[614606,167744],[614645,167740],[615535,167831],[616007,168279],[616031,168280],[618408,168441],[620000,168639],[620406,168690],[620446,168695],[621982,169162],[624428,169409],[624465,169409],[624511,169408],[627188,169345],[628365,169455],[628863,169856],[630249,169995],[631103,169995],[631167,170002],[631892,170090],[632062,170404],[632399,170497],[632834,170435],[632856,170432],[634869,170778],[634892,170782],[635185,170834],[635147,171218],[635772,171405],[635840,171426],[636838,171412],[636902,171422],[638356,171650],[639062,171182],[639087,171172],[639095,171169],[639582,170972],[639654,170840],[639640,170708],[639811,170552],[640000,170206],[640157,169919],[640000,169095],[639957,168868],[639946,168810],[639865,168058],[639617,166841],[639416,165999],[639005,165261],[638708,164594],[638687,164547],[638691,164112],[638560,164705],[638217,164444],[638474,164287],[637980,164245],[638048,163885],[637910,163841],[637791,163838],[637780,163837],[637613,164160],[635344,164359],[634599,163810],[634335,163200],[634469,162532],[634254,162809],[634422,162509],[634120,162614],[634115,162283],[634005,162038],[634558,162409],[634707,162509],[634780,162527],[635642,160000],[636909,156285],[637137,155645],[637653,153924],[637839,152429],[637888,151759],[637888,151755],[637975,150506],[638072,148866],[637875,146158],[637054,144601],[636929,144479],[636917,144449],[636671,143873],[636490,143531],[634029,142215],[634032,142135],[634032,142132],[634033,142112],[633975,142083],[634050,141243],[634038,141333],[633990,141714],[633986,141715],[633971,141717],[633691,141760],[632912,141466],[632876,141519],[632830,141495],[632231,141224],[632188,141132],[632126,141097],[631988,140839],[631980,140822],[631950,140764],[632451,140613],[632674,140233],[632603,140278],[632350,140472],[632327,140455],[631826,140775],[631759,140489],[632154,140318],[632093,140271],[632017,140276],[632076,140257],[632053,140239],[632813,140003],[631953,140232],[631187,140076],[631061,140000],[629611,139126],[628602,138729],[628421,138762],[626193,138262],[625995,138230],[625975,138213],[625621,138133],[624578,137495],[624257,136649],[623809,136241],[623235,135966],[623250,135958],[623220,135949],[623851,135616],[623885,135593],[623848,135590],[622746,135542],[622741,135542],[622683,135539],[621846,135215],[621120,135082],[620000,134946],[619008,134826],[619002,134825],[617729,134460],[616993,134325],[616752,134180],[615612,133854],[615598,133850],[612819,131921],[612803,131910],[610290,129354],[609050,126963],[609040,126945],[608964,126798],[608216,122923],[608219,122900],[608440,121115],[608798,120000],[609556,117640],[609366,116819],[608163,116745],[603551,117185],[600725,117689],[600707,117692],[600000,117825],[596003,118572],[594883,118305],[595080,117904],[593358,117237],[590631,114888],[590614,114871],[590607,114863],[588779,113024],[588197,112075],[587575,111426],[587163,111195],[583702,109938],[583503,109791],[582356,109273],[582195,109250],[582169,109246],[581111,109100],[580000,108880],[579155,108713],[579135,108707],[578596,108539],[577459,108289],[577435,108284],[577022,108049],[576319,107830],[574985,107309],[573101,106851],[571048,106434],[571025,106429],[570536,106227],[570016,106101],[569150,105655],[567609,105020],[567585,105009],[567562,105000],[566322,104200],[566238,104157],[566222,104136],[565659,103773],[564938,102563],[564840,102333],[563486,100567],[563350,100498],[563337,100485],[562878,100000],[561706,98764],[561696,98753],[561694,98750],[560331,97231],[560000,96604],[559441,95547],[558229,95209],[556031,95528],[554507,96532],[551748,97665],[551662,97701],[551299,97516],[550146,97484],[549902,97542],[548496,98389],[548471,98409],[547583,99118],[546035,100000],[545810,100128],[545794,100137],[545193,100101],[545130,100032],[545024,100022],[545009,100000],[544997,99983],[544785,99911],[544875,99804],[544859,99777],[545061,99553],[544812,99809],[543807,100000],[543178,100119],[543150,100127],[542177,100393],[539944,101145],[538359,101824],[538342,101826],[538327,101794],[538091,101825],[535659,102606],[535600,102631],[534527,103086],[534216,102723],[534177,102706],[533527,102821],[534196,102726],[534273,102810],[534376,102966],[533447,103044],[533514,102677],[533409,103047],[533422,103180],[533381,103197],[533029,103341],[532257,103546],[531334,103768],[531327,103770],[529914,104088],[529208,104218],[529136,104226],[528193,104334],[527653,104419],[527458,104449],[526280,104546],[526277,104546],[525737,104632],[525696,104633],[524187,104691],[523696,104654],[523644,104522],[523600,104515],[523624,104688],[524033,104885],[523480,104746],[523189,104963],[523174,104963],[521554,104942],[521123,105224],[521096,105242],[520671,105954],[520823,105162],[521206,104943],[520929,104713],[523230,104871],[523233,104867],[523404,104459],[522909,104335],[521733,104469],[520519,104247],[520497,104243],[520000,104097],[518202,103568],[518186,103563],[518163,103556],[517575,103325],[517560,103319],[517547,103314],[515632,102585],[515629,102584],[514358,102192],[514346,102189],[513650,102031],[513627,102028],[513603,102026],[512429,101888],[512423,101888],[510308,101564],[510303,101564],[509116,101462],[509088,101461],[506133,101409],[505271,101386],[504217,101324],[504193,101322],[503184,101313],[503110,101312],[502845,101221],[502621,101615],[502842,101090],[501613,101011],[501552,101007],[500601,100671],[496876,99671],[496849,99665],[495795,99521],[495776,99515],[494681,99139],[494644,99126],[494594,99109],[493730,98870],[493666,98854],[492582,98578],[490607,97973],[490601,97972],[489761,97612],[489473,97358],[489053,97067],[488975,96917],[488916,96864],[488614,96703],[488630,96685],[488587,96673],[488643,96671],[488667,96644],[488082,96127],[487998,96282],[488089,96417],[488276,96514],[488211,96599],[488232,96630],[488135,96698],[487760,97188],[487859,97665],[487423,97747],[487313,97768],[487035,97654],[487005,97642],[487053,97646],[487298,97670],[487323,97531],[487375,97250],[486013,97251],[486330,97095],[485742,96320],[485661,96292],[486649,96502],[487444,95347],[487461,95654],[488195,96031],[488200,96033],[488259,96063],[488227,96012],[488224,96007],[488018,95669],[487777,95444],[487828,95359],[487740,95215],[487637,95233],[487636,95228],[487619,95018],[486669,93465],[485564,92117],[484466,93031],[483508,93990],[483440,94059],[483247,94211],[482600,94768],[482345,95006],[482265,95056],[481722,95524],[480000,96493],[479884,96559],[479377,96844],[477515,97599],[476461,98427],[476753,99378],[477044,99121],[476545,98435],[477272,98624],[477542,99502],[478020,99543],[478125,100000],[478266,100617],[479166,101508],[479806,101564],[480000,101376],[480405,100985],[481511,100607],[482188,101224],[482878,101247],[482881,101340],[482896,101827],[483614,102318],[483439,102876],[483927,103749],[484058,104123],[483798,104111],[483844,104426],[483696,104116],[483754,104495],[483371,103891],[483240,102589],[481512,101226],[480634,101512],[480708,101818],[481205,101876],[480078,101966],[480000,102075],[479705,102489],[480000,102993],[480172,103287],[481008,103773],[480297,103789],[480502,105062],[480234,104884],[480000,104984],[479597,105158],[479745,104472],[479387,104272],[479981,103660],[479590,103325],[479224,101928],[478125,102693],[477775,103840],[478082,104497],[477900,104921],[476938,104815],[476618,105069],[476336,104680],[476695,103695],[476992,103139],[477127,100731],[477053,100463],[476837,100628],[475361,102114],[474590,102295],[474865,102567],[474588,103290],[474881,104100],[475223,105364],[475429,105237],[475278,105643],[475271,105662],[475252,105713],[475276,105423],[474896,105526],[474728,105245],[473935,105468],[473593,104983],[473548,104992],[473472,105008],[472302,105255],[471823,104428],[471680,104794],[471383,104981],[471498,104746],[471240,104724],[470877,105014],[470418,105381],[470733,105716],[470436,105516],[470435,106150],[470435,106240],[470421,106134],[470309,105307],[470278,105307],[469101,105311],[469056,104850],[469020,104766],[468972,104655],[468982,104659],[468991,104663],[469208,104753],[469793,104404],[469318,104612],[468830,104172],[468823,104166],[468828,103431],[468066,103753],[467959,104426],[467412,104059],[466694,104245],[464963,104593],[464245,103625],[464293,103811],[464329,103932],[463832,103925],[463027,104641],[463227,105593],[462483,105628],[462630,105263],[462331,105298],[462332,105011],[462184,105336],[462458,104693],[462556,104449],[461908,104384],[461294,104550],[460000,104905],[459780,104966],[459673,105370],[459671,105369],[459670,105374],[458698,105021],[458349,104896],[458127,105506],[458054,105706],[458095,105709],[458579,105746],[458647,105975],[458704,106170],[458734,106268],[458571,105890],[458077,105825],[457895,105801],[457893,105786],[458130,105056],[457883,104538],[457881,104534],[457949,104597],[458109,104739],[458790,104572],[458790,104241],[459317,104666],[459348,104691],[459836,104190],[459951,104074],[459945,103371],[459628,103119],[459611,103106],[459465,102990],[460000,103189],[460261,103286],[460614,102215],[460668,102166],[460704,102132],[461834,101102],[461315,100985],[460973,100909],[461090,100642],[461134,100658],[461842,100875],[461948,100417],[461983,100378],[462014,100342],[462311,100000],[462358,99946],[462215,99443],[461538,99497],[461636,99222],[461373,99164],[460980,99331],[461139,99160],[461296,98992],[460817,98756],[460924,98755],[461216,98753],[461642,99111],[461778,99225],[461818,99258],[461894,99235],[462380,99088],[462609,99462],[462672,99233],[461799,98431],[460998,97629],[460805,97536],[460035,97984],[460027,97990],[460000,98012],[459215,98648],[458185,98867],[457827,99020],[457622,99124],[456978,99449],[456546,100000],[455465,101378],[455448,101386],[453430,102359],[453412,102350],[453284,102286],[452964,102418],[451729,103333],[451707,103349],[448932,104803],[448815,105310],[449140,105683],[448816,107296],[448809,107331],[448943,108551],[448967,108578],[449600,109099],[449195,109583],[449330,109784],[449477,109961],[450192,110493],[450232,110897],[451749,111177],[451767,111195],[452411,111826],[451986,111845],[452048,111760],[452058,111745],[451935,111405],[450795,111114],[450671,111346],[450714,111101],[450095,110984],[450044,110720],[450012,110555],[449784,110604],[449702,110622],[448979,109518],[449328,109120],[448438,108776],[448338,108431],[448407,108322],[448465,108229],[448673,107950],[448692,107923],[448434,107511],[448493,106366],[448121,106297],[448654,105911],[448484,105709],[447120,106613],[444840,109058],[444761,109142],[443485,110171],[443504,111046],[443506,111112],[443525,111125],[443520,111144],[443352,111794],[444262,112688],[444235,112725],[444223,112741],[443909,113170],[443293,112983],[443142,113241],[443892,113784],[443658,114748],[443611,114937],[443607,114956],[443608,114932],[443674,113719],[443031,113479],[443026,113409],[443026,113406],[443001,113034],[443860,112612],[443108,111908],[443109,111891],[443138,110842],[442796,110777],[443111,110701],[442815,110056],[442550,110516],[442778,109461],[442336,110044],[442363,110736],[442240,110261],[442044,110853],[441112,111395],[441036,111432],[441006,111446],[440000,111930],[439438,112200],[439402,112218],[439397,112215],[438701,111765],[437738,112419],[437727,112436],[437108,113476],[437100,113490],[436979,113693],[436733,114105],[436728,114124],[436694,114257],[436452,114064],[436869,113605],[436877,113563],[436886,113520],[437071,112604],[436718,113128],[436765,112700],[436778,112631],[437940,111705],[437959,111691],[438609,111352],[439336,111547],[440000,111185],[440409,110962],[440486,110748],[440757,110776],[440861,110404],[440886,110319],[442266,108783],[442488,108537],[442260,108222],[442620,107908],[442652,107877],[443143,107385],[443167,107372],[443173,107369],[443438,107228],[443792,106921],[443623,106794],[444202,106573],[443965,106228],[444274,106381],[445665,105603],[445121,105017],[445738,105422],[445575,104909],[445819,105399],[446413,105186],[446953,104426],[446550,104083],[446634,103204],[447391,103307],[447471,103100],[447402,102924],[447495,103039],[447555,102885],[447463,102925],[447566,102857],[447757,102369],[447640,102192],[447614,102159],[447575,102107],[447587,102110],[447579,102100],[447607,102115],[448184,102266],[448126,102347],[448193,102449],[448228,102455],[448518,102378],[448669,102195],[448659,102158],[448425,102036],[448571,101819],[448563,101787],[448573,101816],[448602,101773],[448882,102418],[448899,102404],[448806,101929],[447465,100594],[447156,100000],[446793,99301],[446454,98691],[445739,98471],[445614,98480],[445587,98482],[443214,98661],[442146,98377],[441872,98582],[442357,98479],[441776,98733],[442030,99260],[441826,100000],[441744,100294],[441385,100509],[441519,100756],[440965,100243],[441024,100996],[440506,101048],[440316,101442],[440000,101353],[439835,101307],[439677,101917],[438934,102434],[438753,102324],[439045,102267],[439154,101709],[439588,101761],[439556,101349],[440000,101187],[440939,100844],[440769,100204],[441510,100226],[441551,100000],[441705,99153],[441479,98429],[442540,97585],[442850,97644],[442758,97578],[442554,97502],[442551,97501],[442292,97320],[442298,97321],[442286,97313],[442321,97327],[442445,97357],[442393,97320],[441082,96499],[440923,96455],[440904,96450],[440000,96255],[438035,95830],[437831,96277],[437655,95714],[434395,94962],[433242,95478],[432869,95645],[432997,95983],[432763,96048],[432766,96029],[432769,95925],[432777,95589],[433422,94953],[433137,94453],[433545,94538],[433545,93988],[433213,93754],[432740,94050],[432889,93681],[432500,93488],[432951,93616],[433018,93637],[433187,93151],[432173,92032],[431680,92108],[431551,91672],[431537,91624],[431129,91368],[430630,91519],[430805,91352],[430374,91040],[430026,90867],[430897,90072],[431572,89806],[431539,90495],[431574,90456],[432016,89953],[431790,89704],[431495,89710],[430818,89998],[429602,91042],[429540,91085],[429484,91122],[426339,92206],[426192,92257],[425858,92378],[425472,92552],[425312,92575],[424998,92688],[424339,92770],[424218,92803],[421848,93121],[421839,93122],[422542,94744],[418145,94238],[418507,95998],[417803,97800],[415050,96353],[413333,100818],[413925,103407],[414840,104109],[414003,104846],[413671,107108],[412096,106215],[410587,106591],[410748,110056],[412996,111625],[413403,114212],[411210,114705],[408978,113093],[405655,118002],[403222,119875],[403097,120894],[403610,120325],[405157,122037],[408044,122244],[408902,123002],[408947,120575],[410383,122821],[411614,123357],[413052,120741],[414111,121353],[417338,119861],[419784,119747],[423866,116260],[425733,117822],[426548,117313],[427972,119975],[426789,120473],[426138,122248],[427737,122575],[427520,123459],[428329,123260],[428192,125006],[425874,126000],[426169,131060],[425496,132603],[426250,135406],[423680,136489],[424291,139724],[423005,142197],[423240,143557],[421467,145026],[421770,146227],[425685,146552],[427482,150476],[429575,150798],[431796,149662],[432479,150033],[432904,151399],[432151,151397],[431996,153666],[433376,154322],[433604,155313],[432603,157561],[433007,160028],[435056,159038],[435920,161078],[434868,162035],[435224,163521],[431014,166372],[431190,167985],[429932,168563],[430334,169316],[433016,169547],[433173,172161],[429087,177339],[428908,180749],[427655,180005],[424513,185955],[424001,186459],[422514,185663],[421498,187228],[421523,189664],[423153,190874],[422683,191608],[423632,192969],[421411,194865],[421054,198131],[422109,199121],[423019,198015],[424414,198428],[421653,201525],[421103,202800],[421707,204621],[420748,208032],[419447,209431],[422027,211753],[421700,215139],[422387,216906],[421658,218592],[423012,219877],[423584,222054],[425344,222360],[424473,224922],[426551,226644],[425351,228636],[423283,229555],[423049,232166],[426736,228616],[428150,230297],[427550,231016],[428908,230585],[431025,231472],[430499,232670],[432690,232817],[435186,244079],[435899,244907],[437965,244508],[437523,246215],[439408,246813],[442201,244155],[444087,244968],[443176,246765],[441637,246910],[443479,248830],[444674,248735],[445790,252455],[451605,244579],[446609,243401],[446822,242614],[448239,242420],[447211,239451],[449635,235339],[449305,231478],[452176,232252],[455207,231282],[457509,233103],[459529,233558],[460626,235621],[459336,236331],[460312,238890],[464397,240898],[466821,241096],[465751,242161],[470845,241895],[471920,243092],[475000,236541],[476242,237596],[476904,237287],[477615,239094],[478786,239761],[478065,240887],[479646,241236],[480199,242158],[479109,244310],[477531,245235],[477378,246538],[476308,246793],[476717,248143],[480043,248748],[480026,250130],[481256,250015],[482052,251831],[482740,251025],[483680,252981],[484534,253254],[484784,252411],[488843,255800],[491132,256034],[493941,254586]]]]}},{"type":"Feature","properties":{"name":"South West"},"geometry":{"type":"MultiPolygon","coordinates":[[[[87968,8768],[88641,8346],[88630,8392],[88655,8375],[88630,8434],[89244,8125],[89235,8081],[88899,8161],[88823,8292],[88539,8272],[88555,8185],[88259,7055],[87960,7932],[87540,7800],[87485,7858],[87741,8448],[87545,8596],[87558,8635],[87693,8554],[87798,8853],[87968,8768]]],[[[86004,9040],[86137,8674],[85714,8714],[85951,9114],[86004,9040]]],[[[93083,10804],[92810,10484],[92413,10652],[92550,10258],[92320,9933],[92271,9909],[91192,10140],[91212,10066],[91098,9229],[91019,9314],[90932,9474],[90494,10370],[90168,10390],[90154,10292],[90149,10291],[90155,10256],[90117,9877],[90005,9853],[89497,10247],[89430,10357],[89446,10369],[90236,10645],[90233,10610],[90788,10730],[90858,11111],[90708,11165],[90699,11293],[90815,11312],[90762,11340],[90875,11403],[90670,11722],[90640,12162],[90890,12562],[91251,12771],[91729,12925],[91835,12907],[92307,12581],[92378,12229],[93195,11941],[93195,11931],[93184,11926],[92848,11855],[92882,11785],[92878,11783],[92884,11782],[93178,11218],[93193,11061],[93083,10804]]],[[[87826,13245],[87883,12182],[87392,12455],[87448,12558],[87642,12748],[87605,12843],[87826,13245]]],[[[88243,15230],[88117,14821],[87512,14093],[87422,14113],[87434,14137],[87285,14206],[87298,14318],[87609,14534],[87538,14577],[87544,14580],[87491,14595],[87339,14675],[87385,15073],[87488,15051],[87403,15230],[87460,15729],[87675,15899],[87501,16088],[87511,16170],[88243,15230]]],[[[88768,16380],[88893,15975],[89166,16074],[89280,15986],[89386,15527],[89650,15534],[89819,15466],[90132,15065],[90176,14560],[90001,14149],[90204,13897],[89586,13798],[89299,13378],[89250,13369],[89082,13709],[89113,13791],[89005,13865],[88822,14234],[88888,15215],[88567,15613],[88414,16585],[88510,16578],[88768,16380]]],[[[91123,16617],[91078,16112],[90742,16291],[90737,16288],[90627,16359],[90876,16657],[91123,16617]]],[[[92414,16637],[92564,16153],[93307,15852],[93470,15972],[93809,15889],[93846,15837],[93879,15872],[93897,15867],[93902,15860],[93906,15865],[94460,15728],[94487,15678],[94358,15620],[93459,15266],[93357,15309],[93354,15306],[93350,15308],[93154,15146],[92867,15033],[92785,15068],[92434,15670],[91544,15934],[91456,16099],[91506,16395],[91720,16589],[91875,16555],[91947,17005],[92363,17079],[92371,17080],[92398,17086],[92405,17058],[92314,16958],[92383,16736],[92375,16706],[92414,16637]]],[[[90126,16931],[89882,16777],[89844,16787],[89903,17267],[89932,17254],[90126,16931]]],[[[92258,17685],[92365,17227],[92330,17292],[92252,17684],[92258,17685]]],[[[151572,29882],[151403,29777],[151433,29987],[151458,30055],[151603,29949],[151572,29882]]],[[[264839,43779],[264643,43743],[264760,44065],[264941,43816],[264839,43779]]],[[[226036,51334],[225806,51313],[225676,51335],[225626,51344],[225737,51579],[226036,51334]]],[[[401007,86625],[400758,86379],[400329,86703],[400530,87025],[400425,86776],[401007,86625]]],[[[401505,87098],[400874,86892],[400722,87167],[401074,87224],[401505,87098]]],[[[399232,87592],[398868,87198],[398542,88257],[398777,88270],[399064,87917],[398835,87738],[399232,87592]]],[[[403150,87621],[402452,87364],[401258,87493],[400937,88091],[401920,88622],[403051,88367],[403150,87621]]],[[[329170,148191],[329228,147590],[328967,148186],[329170,148191]]],[[[213821,143655],[213329,143305],[212711,144881],[213244,145715],[213265,145723],[213067,146119],[212977,146309],[213218,146319],[213181,146392],[213222,146406],[213186,146839],[213206,146852],[212943,147185],[213058,148210],[214054,145602],[214011,144241],[214153,144099],[214354,143785],[214480,143775],[214566,143690],[214492,143666],[213821,143655]]],[[[323116,160703],[322441,160654],[323058,160841],[323116,160703]]],[[[416005,246052],[417504,243861],[418690,244676],[418557,241691],[419762,240946],[420542,241648],[420318,240179],[421447,239316],[421086,237946],[423159,237036],[425855,237904],[426335,237289],[423044,233269],[423049,232166],[423283,229555],[425351,228636],[426551,226644],[424473,224922],[425344,222360],[423584,222054],[423012,219877],[421658,218592],[422387,216906],[421700,215139],[422027,211753],[419447,209431],[420748,208032],[421707,204621],[421103,202800],[421653,201525],[424414,198428],[423019,198015],[422109,199121],[421054,198131],[421411,194865],[423632,192969],[422683,191608],[423153,190874],[421523,189664],[421498,187228],[422514,185663],[424001,186459],[424513,185955],[427655,180005],[428908,180749],[429087,177339],[433173,172161],[433016,169547],[430334,169316],[429932,168563],[431190,167985],[431014,166372],[435224,163521],[434868,162035],[435920,161078],[435056,159038],[433007,160028],[432603,157561],[433604,155313],[433376,154322],[431996,153666],[432151,151397],[432904,151399],[432479,150033],[431796,149662],[429575,150798],[427482,150476],[425685,146552],[421770,146227],[421467,145026],[423240,143557],[423005,142197],[424291,139724],[423680,136489],[426250,135406],[425496,132603],[426169,131060],[425874,126000],[428192,125006],[428329,123260],[427520,123459],[427737,122575],[426138,122248],[426789,120473],[427972,119975],[426548,117313],[425733,117822],[423866,116260],[419784,119747],[417338,119861],[414111,121353],[413052,120741],[411614,123357],[410383,122821],[408947,120575],[408902,123002],[408044,122244],[405157,122037],[403610,120325],[403097,120894],[403222,119875],[405655,118002],[408978,113093],[411210,114705],[413403,114212],[412996,111625],[410748,110056],[410587,106591],[412096,106215],[413671,107108],[414003,104846],[414840,104109],[413925,103407],[413333,100818],[415050,96353],[417803,97800],[418507,95998],[418145,94238],[422542,94744],[421839,93122],[421792,93128],[420000,92864],[419704,92821],[419445,92592],[419222,92547],[419034,92228],[418369,91638],[418342,91619],[418282,91599],[418205,92104],[417447,92006],[417240,92314],[417212,91578],[416895,91769],[417017,91496],[416731,91550],[416633,92169],[416289,92324],[416366,92036],[416367,92033],[416544,91376],[416977,91194],[416635,91165],[416797,91025],[417953,90966],[417737,90898],[418006,90697],[418259,91356],[418371,91548],[418026,90682],[417829,90188],[416558,90747],[416431,90767],[416384,90787],[414033,91171],[413566,91248],[413059,91257],[412023,91203],[411540,91177],[411122,91105],[411095,91101],[409635,90883],[409613,90879],[408836,90654],[408620,90571],[407093,89983],[406989,89910],[405707,89011],[403783,87005],[403538,87443],[404334,87719],[404889,88504],[403812,89677],[403570,89430],[403523,89383],[403539,89410],[403758,89757],[403620,89583],[403463,89386],[403401,89810],[403651,89726],[403700,89771],[403716,90060],[403714,90064],[403675,90178],[403661,90187],[403609,90209],[403357,89856],[402893,90257],[403090,90626],[402702,90680],[402025,90089],[400667,90316],[400831,91024],[401186,91188],[400643,91533],[400637,92214],[400173,92256],[400000,92244],[399738,92227],[400000,92261],[400149,92281],[400664,92242],[400381,93098],[400000,92921],[399367,92626],[399354,92565],[399262,92136],[399706,92221],[399291,91886],[399581,91916],[399873,90903],[400000,90903],[400534,90903],[400480,90394],[400576,90290],[400954,90066],[401025,90023],[401049,89841],[400337,89741],[400079,90129],[400000,90124],[399350,90085],[397256,91050],[397622,91467],[397530,91741],[397501,91826],[398200,92191],[397612,92031],[397641,92281],[397091,92478],[396569,91853],[396567,91850],[396604,91788],[396795,91542],[396854,91836],[397121,91652],[397102,91577],[396979,91120],[397220,91154],[397217,91152],[396782,90878],[397157,90491],[396170,90911],[395655,90771],[395093,90035],[395058,89783],[396026,89556],[395000,89493],[395078,88701],[394218,88188],[394488,88308],[394557,87678],[394146,87885],[394360,87407],[395453,87455],[396245,88909],[397058,89267],[397280,89727],[398242,89757],[398819,89105],[397751,89165],[398035,89062],[397957,88603],[398256,88732],[398401,87893],[398128,87693],[398368,87555],[397489,86762],[396819,86867],[396374,86482],[396813,86595],[396484,86471],[396753,86045],[396809,86493],[397616,86605],[398318,87192],[398349,87218],[398316,87177],[397990,86775],[398195,86874],[398217,86490],[397785,85975],[397965,86042],[398014,86060],[398060,86077],[398338,85884],[398169,85368],[398485,85865],[398258,86119],[398456,86439],[398610,86287],[398537,86939],[399287,87014],[399813,86461],[399180,86061],[399430,86117],[399419,85695],[399589,86195],[400000,86287],[400197,86331],[400394,85970],[400000,85702],[399962,85676],[400000,85641],[400397,85277],[400667,85895],[401624,86366],[401138,85583],[401455,84911],[401883,85054],[401636,84400],[402021,84955],[402349,84538],[402138,85529],[402676,85647],[402827,86139],[403060,85854],[403641,86720],[404193,85962],[404210,85928],[403468,84085],[403537,83688],[403500,83379],[403619,83224],[403674,82909],[404280,82336],[405487,82487],[405465,82446],[404355,81125],[404071,81055],[403369,80000],[403223,79779],[403157,79701],[403159,79683],[403138,79652],[403147,79623],[403125,79589],[403240,78733],[403402,78719],[403421,78652],[404052,78641],[403923,78487],[403571,78222],[403569,78064],[403451,77923],[403540,77206],[398231,76587],[396283,75243],[396206,75215],[395626,76863],[395611,77054],[395564,77047],[395557,77115],[395530,77107],[394750,77178],[394732,77200],[394661,77309],[393514,77429],[393133,77606],[392864,77497],[392804,77503],[392827,77854],[392771,77517],[392080,77836],[390653,79184],[390616,79165],[390585,79221],[389762,78765],[389663,78857],[389669,78991],[389517,78992],[388934,79535],[387901,79507],[386646,80103],[386438,80242],[386436,80244],[386333,80251],[386124,80350],[385834,80287],[385438,80315],[384504,80074],[384484,80052],[384478,80051],[384477,80036],[384451,80000],[384438,79981],[382962,79658],[382818,79675],[382691,79908],[382690,79990],[382667,79966],[382665,79994],[382653,79977],[382642,79999],[382539,79833],[382442,79733],[381777,79957],[381656,80000],[380779,80310],[380000,80387],[377162,80668],[376138,81421],[376047,81416],[373331,81613],[372260,81962],[372199,81948],[372181,81954],[371913,81884],[371344,81757],[370426,81823],[370156,81887],[370106,81847],[370092,81848],[370060,81809],[368908,80867],[368698,80595],[368685,80568],[368401,80000],[368075,79346],[368221,78867],[368690,78907],[368693,78906],[368198,78403],[368199,78378],[368193,78375],[368279,78139],[368287,78118],[368289,78112],[368331,78090],[368317,78067],[369302,77576],[369418,77513],[369215,77602],[368258,78045],[368235,78029],[368092,77906],[367196,77158],[367094,77004],[366727,76209],[366652,76196],[365566,76934],[364789,77642],[365016,78245],[364616,78692],[364234,78613],[364125,79181],[363901,79114],[363752,79070],[363486,79924],[362481,79887],[362364,80000],[361506,80831],[361273,80721],[361062,81005],[361423,81029],[361530,81387],[360627,81387],[360461,82313],[360000,82199],[359769,82142],[357786,83443],[357807,83985],[356872,83998],[360000,81408],[361701,80000],[363527,78488],[364525,77662],[366821,75484],[366854,75961],[367408,74850],[367478,74693],[367483,74692],[368514,74380],[368670,74433],[368801,74404],[368863,74498],[369011,74548],[368993,74496],[369147,74561],[369163,74559],[369028,74496],[369173,74422],[369119,74376],[369241,74387],[369406,74303],[370180,74472],[369739,74233],[369790,74150],[369757,74123],[370354,72979],[370630,72283],[367828,68394],[367713,68307],[368325,73325],[368321,73330],[368322,73334],[368308,73349],[368312,73363],[368146,73540],[368116,73712],[365605,76321],[364909,77088],[364714,77246],[364424,77548],[364104,77820],[363475,78401],[362462,79217],[361542,80000],[360000,81312],[358316,82744],[356478,84040],[355883,84519],[355518,84737],[355267,84942],[354934,85129],[353982,85800],[346416,90191],[346217,90292],[346315,90460],[346203,90300],[345253,90783],[345086,90827],[345049,90851],[344513,90979],[344069,91228],[341407,91795],[341237,91873],[341159,91857],[340000,92160],[336972,92954],[336948,92953],[336132,92918],[335704,93009],[335588,92894],[335104,92873],[334821,92625],[334640,92529],[334633,92461],[333948,91861],[333861,91492],[334148,91472],[333215,91392],[333189,91390],[331419,90363],[330368,89938],[329825,90010],[329544,89823],[328702,89420],[326535,89609],[325400,89915],[325605,89741],[325180,89805],[324764,89785],[324450,89791],[324366,89799],[324361,89793],[324343,89794],[324178,89756],[323837,89739],[323768,89662],[323655,89636],[323183,89159],[322945,89008],[322675,87868],[322668,87860],[320000,87888],[316399,87926],[313145,87326],[313041,87321],[312986,87297],[312924,87286],[312907,87283],[310944,86567],[310931,86562],[310757,86348],[310687,86318],[310515,86050],[310317,85806],[309634,85069],[309573,84891],[309280,84529],[309134,83893],[308108,82293],[307720,81903],[307707,81947],[307630,82125],[307542,82348],[307500,82449],[307469,82525],[307574,82081],[307306,82068],[307657,81914],[306564,81803],[304821,80991],[304739,80971],[304723,80945],[304651,80914],[303976,80400],[303978,80373],[303933,80336],[303933,80000],[303934,79699],[303827,79531],[303445,79799],[302820,79653],[299846,80464],[299367,80747],[299418,80909],[299887,81163],[299952,82004],[299980,82012],[299968,82026],[299981,82029],[299966,82029],[299959,82036],[299956,82039],[299956,82055],[299499,83021],[299463,83097],[298795,83916],[297544,87602],[297544,87627],[297542,87992],[297528,87959],[297298,87403],[297128,87223],[295565,88949],[295282,88925],[295481,88814],[295712,88305],[295754,88213],[296255,87985],[296339,85950],[296587,85676],[296592,85672],[296704,85548],[297147,85062],[297395,83539],[297398,83520],[297734,80709],[297734,80702],[297814,80000],[297876,79454],[297833,79428],[297876,79447],[297929,78982],[298976,79629],[298986,79643],[299056,80000],[299057,80013],[299213,80087],[299293,80005],[299289,80000],[298985,79634],[298227,78723],[298221,78702],[297039,77269],[296867,77144],[296489,76611],[296417,76548],[296366,76453],[296238,76298],[296234,76252],[296194,76195],[296188,76118],[296096,75945],[296098,74936],[296082,74733],[296025,74686],[295477,74436],[295224,74023],[295060,73888],[295077,73879],[295091,73869],[294333,72786],[294207,72648],[294176,72561],[294061,72396],[293787,72310],[293756,72882],[293753,72925],[293333,72913],[292462,72906],[292433,72906],[289637,72913],[289084,72636],[288346,72568],[288116,72262],[288093,72254],[287368,72219],[287871,72172],[287916,72153],[288186,72038],[290192,72411],[290936,72064],[290974,72180],[290977,72190],[291019,72318],[293118,72545],[293981,72021],[293207,69873],[293103,69626],[292626,67356],[292735,66511],[292774,66230],[292664,65956],[292624,65751],[293068,65537],[293292,65428],[293585,65210],[293853,65075],[293573,64638],[294217,64471],[294413,63725],[294995,63738],[294802,63335],[294241,63104],[293330,63281],[292477,62651],[291970,63063],[291929,63062],[291832,63058],[291570,63057],[291956,63503],[291470,63488],[291559,63104],[291419,63248],[291454,63481],[291217,63711],[290777,63435],[290758,63391],[290449,62608],[290427,62589],[289866,62231],[289826,62206],[289478,61188],[289476,61181],[289369,60415],[289472,60381],[289615,60347],[289619,60207],[289625,60000],[289628,59861],[289503,59860],[289356,59809],[289486,58535],[289491,58489],[289589,57469],[289889,57356],[290167,57250],[290294,56990],[290318,56945],[290702,57091],[290974,57197],[291147,57229],[291238,57224],[291497,57214],[291590,57157],[291795,56996],[291871,56937],[291873,56935],[291898,56940],[292110,57028],[292553,56501],[292728,56410],[293038,56599],[293125,56651],[293071,56714],[292978,56825],[292673,57189],[293172,56651],[293958,56776],[293974,56778],[294179,56732],[294225,56710],[294369,56709],[294375,56713],[294678,56645],[294692,56641],[294724,56609],[294741,56626],[294737,56507],[294722,56483],[294557,56400],[294475,56408],[294429,56400],[294355,56396],[294337,56396],[294244,56258],[294229,56214],[294225,56153],[294243,56144],[294264,56035],[294270,56012],[294289,56003],[294232,55995],[294196,55990],[294182,55994],[294173,55981],[294078,55911],[294032,55920],[294022,55935],[294033,55811],[293978,55780],[293993,55763],[293995,55748],[293983,55736],[293909,55701],[293840,55699],[293840,55713],[293370,55503],[293354,55441],[293259,55404],[293275,55135],[293228,54950],[293598,54867],[293644,54765],[292993,54366],[292901,54340],[292893,54329],[292884,54318],[292330,53625],[292353,53569],[292312,53512],[292331,53483],[292280,53410],[292491,53226],[292506,53188],[291900,52092],[291946,52027],[291936,52004],[291935,52000],[292063,51864],[292290,51547],[292125,50808],[292095,50724],[291153,50503],[290981,49947],[290470,49600],[290344,49568],[289901,49841],[289345,50405],[289156,50301],[288503,50703],[288323,50829],[288186,50931],[288726,51415],[288824,51489],[288754,51467],[288010,52564],[287982,52656],[287980,52671],[288396,53237],[288390,53243],[288416,53251],[288385,53248],[287930,53669],[287764,54260],[286935,54818],[288131,56000],[286171,56279],[285677,55954],[284749,56929],[284698,56603],[284078,56842],[284246,57215],[283972,57827],[283058,57575],[283011,57562],[283007,57512],[282994,57386],[283983,57399],[283251,56517],[281624,56293],[281234,56569],[281873,56050],[283866,56627],[284514,55940],[285818,55556],[285325,55011],[285915,55166],[286346,55833],[286781,55645],[286528,55085],[286722,54629],[287697,53659],[287283,52617],[287049,52759],[286260,52011],[286201,51955],[286185,51940],[287438,52277],[287852,51462],[287870,51301],[287910,50764],[287931,50733],[287935,50699],[288137,50360],[288435,50315],[288821,49556],[288181,48991],[288282,48776],[288309,48693],[288278,48641],[287694,48512],[286988,48509],[286588,48053],[285890,47849],[285452,47832],[285409,47782],[283741,45824],[283320,44932],[283123,44667],[283052,44363],[282815,43860],[282722,43393],[282013,40000],[281825,39096],[281776,38886],[281780,38880],[281776,38863],[281802,38779],[281785,38692],[282100,37712],[282920,37145],[282986,37045],[282406,37060],[282326,36988],[280895,37057],[280160,37176],[280000,36982],[279986,36965],[278636,36013],[278555,35972],[278540,35945],[277710,35360],[277576,35368],[277531,35295],[277293,35094],[277263,35073],[276929,35668],[276646,35597],[276207,36262],[276139,36422],[273601,37513],[273682,37650],[274468,38843],[275950,39192],[277002,38856],[276083,39347],[276374,39508],[275134,39223],[274966,39448],[275064,39798],[275136,39845],[275108,39955],[275275,40551],[275536,40531],[275523,41073],[276284,41188],[275710,41477],[276822,41808],[276831,41854],[276833,41862],[276898,42194],[277525,42593],[276893,42423],[276629,41933],[275703,41691],[274853,40910],[275042,41535],[274507,41660],[274735,43298],[274742,43349],[274847,44110],[274307,42800],[273789,43198],[273571,44021],[273411,43653],[273517,43598],[273696,43505],[273688,43443],[273593,42638],[273960,42576],[274120,41818],[273804,41515],[272820,42167],[272880,41780],[273449,41609],[273632,41181],[272641,40977],[274088,40842],[274295,40772],[274500,40000],[274678,39329],[274642,39316],[274203,39521],[274029,39759],[273515,39703],[274019,39564],[274038,39455],[273172,38127],[273003,38143],[273012,37882],[272957,37797],[272956,37793],[272945,37784],[272949,37731],[272821,36564],[272623,36542],[272749,36095],[272753,36067],[272689,36051],[272061,36234],[271719,36521],[270964,36658],[270032,36842],[270027,36848],[269758,37552],[269185,37947],[269159,37983],[269058,38041],[268986,38130],[268636,38326],[267963,38791],[267804,38793],[267287,39083],[266802,39484],[266764,39587],[267539,39728],[267448,39884],[267429,40468],[267656,41743],[267371,42140],[267320,42132],[266058,43494],[266156,44118],[266585,43966],[266821,43883],[266824,43882],[266994,43822],[267297,44692],[268150,45096],[267995,45121],[267973,45124],[267720,45164],[267750,45950],[267828,46025],[268187,46368],[268926,47073],[269183,46877],[270092,47230],[269156,47016],[269499,47279],[269219,47204],[269282,47445],[269104,47165],[269089,47473],[268413,46817],[268056,47098],[268030,47122],[268039,47107],[268280,46652],[267416,45924],[267569,45160],[267296,44767],[267293,44762],[267114,44636],[266997,44335],[266794,44043],[266175,44432],[265072,44144],[264871,44862],[264437,45124],[264033,45539],[263367,45769],[263172,45886],[261656,45806],[261629,45965],[261619,46340],[261560,46377],[261458,46990],[261472,47034],[261744,47578],[262060,48209],[262209,48508],[262328,48744],[262365,48819],[262859,48945],[263449,49737],[262825,49095],[262284,49019],[262973,50309],[263017,50648],[262991,50574],[262974,50524],[262816,50074],[262679,50025],[262420,49929],[262194,49526],[262111,49442],[262117,49390],[262040,49254],[261968,48051],[261928,48018],[260875,47125],[260454,46794],[260000,46875],[259794,46911],[259509,47055],[258576,47127],[258259,47183],[258163,47112],[257101,46614],[256670,46685],[256586,46532],[256509,46520],[256427,46299],[255800,46005],[254884,45653],[254790,45673],[254758,45819],[254696,45805],[254226,45823],[254194,45839],[253946,46113],[253909,46236],[253625,46130],[253376,46541],[253005,46687],[252924,46770],[252917,46771],[252905,46772],[252742,46789],[252399,46923],[253649,47623],[253890,47533],[254232,47895],[254811,47594],[255429,48014],[254521,47835],[253916,48142],[254667,49113],[254435,49214],[254716,49787],[254741,49827],[256662,50958],[255184,50790],[255039,50590],[254807,50273],[254514,49872],[254130,50343],[254114,50762],[253626,50711],[254026,50551],[254389,49558],[254276,49272],[254104,48836],[253860,48218],[253859,48215],[253675,47749],[252655,47932],[252258,48286],[252213,48274],[252207,48279],[252139,48255],[252102,48246],[251706,48483],[251705,48487],[251700,48487],[251654,48512],[251251,48446],[250538,48381],[250527,48363],[250474,48357],[250456,48327],[249922,48423],[249678,48735],[249246,48750],[249038,49443],[249102,49770],[249241,49878],[249229,49958],[249247,49976],[249220,50021],[249190,50217],[249260,50571],[248940,50671],[248920,51631],[248990,51744],[249046,51802],[248876,52949],[248748,53006],[248741,53032],[248726,53038],[248552,53326],[248717,53369],[249264,53035],[249579,53306],[249745,52614],[250336,52857],[249839,53194],[250119,53980],[250887,53989],[250171,54126],[250837,55425],[251795,56068],[251949,56172],[251617,56344],[250480,55447],[249742,53541],[249217,53435],[248387,54010],[248355,53665],[248347,53666],[248343,53671],[248330,53669],[247494,53797],[247465,53771],[247459,53772],[247033,53592],[246978,53596],[246961,54010],[246157,53245],[246140,53255],[246099,53555],[246286,53758],[246040,54108],[246027,54086],[246016,54087],[246010,54095],[246006,54088],[244675,54208],[244677,54214],[244913,54430],[244731,54405],[244987,55306],[244931,55375],[244936,55398],[244685,55891],[244811,56109],[244594,56070],[244234,56777],[245023,57360],[245177,57474],[244944,57429],[244107,56993],[243534,57486],[243396,57762],[243435,57905],[243784,58206],[243732,58770],[244158,60000],[244371,60613],[244801,60494],[244832,60481],[245532,60277],[245970,60292],[245987,60308],[245481,60345],[245387,60446],[245382,60451],[245178,60670],[244779,60581],[244559,61027],[245591,61591],[246554,63297],[246987,62963],[246602,63412],[246858,63721],[246863,63727],[246965,63850],[247154,64077],[247006,64675],[246971,64499],[246968,64482],[246893,64094],[246479,64087],[246075,63597],[244916,61663],[244518,61792],[244496,62407],[243969,62951],[243889,63837],[244216,63853],[244271,63455],[244371,63988],[243821,63938],[242856,65508],[242220,65396],[241839,64298],[241357,64566],[241261,64898],[241248,64944],[241245,65179],[241170,65215],[241074,65253],[240914,65313],[240937,65252],[241197,64546],[241270,64351],[241817,64066],[242705,65087],[243107,64157],[243092,62985],[243668,62620],[243463,62418],[243909,61932],[243578,61226],[242624,61225],[242325,60824],[242324,60822],[241991,61897],[241263,62268],[241951,61847],[241839,61252],[241837,61238],[242136,60760],[241725,60752],[242187,60634],[242189,60634],[242209,60629],[242231,60748],[243133,60724],[243022,60000],[242986,59769],[242974,59758],[243266,59036],[242070,57570],[241996,57546],[241652,57283],[241607,57263],[241692,57636],[241453,57886],[241219,58130],[241393,57247],[240601,56775],[240212,57064],[240371,57305],[240000,57271],[239997,57270],[240000,57268],[240320,56940],[240000,56723],[239959,56696],[240000,56684],[240489,56542],[240000,56244],[239852,56154],[238651,56611],[238657,55758],[238244,55491],[237710,56293],[238016,56720],[237667,56338],[237397,56696],[237894,57091],[237512,56837],[237471,57156],[237371,56739],[237295,57021],[237758,57591],[237774,57611],[238010,57901],[237891,57830],[237216,57427],[237062,56865],[236526,57266],[236523,57268],[236492,57291],[236406,56945],[236366,56789],[236109,56971],[235992,57054],[235988,56982],[235977,56759],[236909,56685],[236869,56525],[236934,56622],[238168,55209],[238818,55278],[237836,54910],[237955,54686],[238666,55019],[238906,54638],[238954,55216],[239364,55416],[240000,55205],[240163,55150],[240164,55465],[241318,56189],[241185,56561],[241526,56886],[241725,56916],[241803,56856],[241988,56955],[242882,57090],[242911,57070],[243481,56603],[243585,56511],[243381,56422],[243087,56293],[243161,56263],[243747,56019],[243758,55978],[243495,55566],[243943,55310],[244065,54871],[244025,54746],[243631,54606],[243552,54577],[242870,54953],[242864,54956],[242875,54935],[243099,54529],[242262,54236],[242074,54462],[241834,54255],[241133,54182],[241018,54169],[240824,53707],[241125,53936],[242383,53718],[241910,53341],[242947,53384],[243197,53659],[243840,53369],[243862,52767],[243297,52199],[242906,52438],[242964,52013],[244124,52373],[244057,52714],[244580,53068],[244817,53184],[245308,53403],[245717,52781],[245923,52292],[245847,52035],[244841,51353],[244397,51286],[243438,50430],[243451,50053],[243571,49950],[243578,49915],[243845,49700],[244296,48765],[244303,48707],[242723,48826],[241947,48438],[241835,48076],[241772,48260],[241708,48561],[241779,48674],[241662,48774],[241615,48994],[242087,49304],[242054,49706],[241492,50317],[241272,50606],[241150,50690],[240363,51546],[240000,51782],[237721,53263],[236834,53457],[236809,53472],[236384,53555],[235584,53730],[235359,53854],[234970,53864],[234773,53907],[234178,53886],[231530,53958],[230337,54480],[229322,54288],[229289,54281],[228651,54290],[228607,54281],[228598,54281],[228140,54188],[226797,54078],[226600,53878],[226597,53878],[225720,52984],[225200,55086],[225206,54851],[225210,54712],[225207,54660],[225163,53918],[224815,53909],[224523,54386],[224515,54400],[224493,54435],[224167,54466],[223901,54491],[223820,54499],[223456,54531],[224463,54333],[224834,53780],[225312,53819],[225705,52933],[225703,52656],[225645,52458],[225409,52234],[224114,51664],[224101,51245],[224062,51064],[222362,51589],[222325,51505],[221098,50948],[220868,50970],[220974,50891],[219442,50196],[219373,50171],[219365,50172],[216936,51071],[216592,51250],[215950,51220],[215815,51074],[215787,51069],[215599,50838],[215138,50337],[214572,50920],[214463,50852],[212844,50500],[212647,50526],[212387,50967],[212841,51271],[212841,51286],[213784,51607],[213736,51633],[213793,51654],[213709,51647],[213691,51657],[214453,51963],[213538,51740],[212891,52091],[212856,52363],[212919,52506],[213168,53080],[212550,53039],[212602,54236],[214326,54297],[214619,54308],[212609,54453],[212849,56579],[213841,56854],[214139,57233],[212692,56657],[212518,55908],[212226,56244],[212154,56327],[210955,57709],[210922,57745],[210847,57823],[211021,57523],[211570,56595],[211700,56376],[212452,55608],[212379,53805],[212174,53859],[212479,53575],[212437,52966],[212884,52728],[212698,51942],[211414,50773],[211350,50758],[211351,50716],[210993,50391],[210212,50421],[209855,49547],[209793,49429],[208980,50135],[209285,52094],[208786,52472],[208683,52834],[208601,53123],[207845,53165],[207975,52888],[207867,52922],[207592,53008],[207651,52721],[203920,51553],[203910,51542],[203893,51537],[203430,51054],[203144,50567],[203230,49554],[203590,49170],[204041,47955],[203351,48183],[203243,48066],[202536,47478],[202519,47452],[201990,47057],[201740,46447],[201886,46240],[201860,46130],[201988,46010],[201770,45425],[201729,45387],[201735,45332],[201533,44792],[201534,44788],[201537,44774],[201490,44773],[201538,44767],[201641,44158],[201551,43918],[202859,43304],[202583,43218],[202637,43156],[202646,43145],[202730,43048],[202731,43043],[202146,42567],[201866,42431],[201863,42429],[201770,42302],[201502,42118],[201284,41639],[201787,41202],[201666,41123],[200526,40434],[200512,40178],[200497,40000],[200435,39254],[199632,40017],[199458,40435],[199243,40452],[199120,40520],[199078,40543],[198166,40713],[198122,40880],[197790,40784],[197644,40811],[197471,41297],[197402,41267],[197085,41128],[196559,41121],[195937,41254],[195149,40753],[194964,40078],[194935,40049],[194557,40000],[194455,39987],[193489,38800],[193455,38795],[193136,38899],[193097,38742],[192987,38725],[192895,38065],[192397,37975],[192368,37541],[191872,37057],[191782,36991],[191759,36985],[191540,37253],[191512,37631],[190770,38240],[190184,38080],[189768,38079],[189430,37896],[189412,37893],[189403,37881],[189351,37852],[189038,37767],[188205,36675],[188232,36289],[187999,35973],[187821,35970],[187820,35712],[187318,33209],[186967,32904],[187077,32232],[186059,31911],[185840,31686],[185063,30945],[185026,30957],[184556,31867],[184535,32022],[185446,32165],[185466,32140],[185477,32170],[185500,32173],[186125,33404],[186210,33415],[186041,33525],[186299,34070],[185747,34040],[186722,35217],[186143,34879],[186124,34699],[185448,34412],[185803,33781],[185401,33377],[185417,33264],[184846,33133],[184836,33137],[184820,33127],[183932,32923],[183852,33039],[184614,35703],[184932,35862],[184934,36620],[184751,36088],[184146,35755],[184089,35735],[183527,38115],[183757,38338],[184113,38162],[183922,38397],[184153,38681],[184256,38760],[184260,38813],[184410,38996],[184352,39841],[184366,40000],[184367,40020],[185267,40557],[185480,40641],[185660,40118],[186506,40375],[186656,40013],[186627,40358],[187400,40556],[187530,40000],[187541,39954],[187546,40000],[187610,40592],[188122,40434],[188206,40695],[187433,40868],[187380,41185],[188594,41134],[188505,41408],[188679,41765],[188513,42026],[188139,41543],[187691,41801],[187946,41392],[187279,41249],[187214,40785],[186704,40548],[186005,40415],[185614,40836],[185080,40781],[185048,40973],[184993,41505],[185322,42214],[185249,42270],[185255,42286],[185182,42321],[184658,42723],[185491,43119],[185535,43333],[185536,43336],[185545,43382],[185882,45015],[185886,45035],[185932,45097],[186962,46497],[186606,46209],[186500,46123],[186123,45818],[185751,45122],[185620,44875],[185152,43876],[185412,43386],[184724,43192],[184198,42496],[183792,43219],[183770,43258],[183315,43561],[183303,43586],[182999,44577],[182936,44782],[182716,44911],[182917,44306],[183427,43218],[182707,43158],[182620,43150],[182874,43082],[182892,43077],[183682,42863],[184058,42362],[183942,41975],[184585,42487],[184698,42416],[185046,42171],[184434,41609],[184805,40571],[184569,40478],[184014,40333],[183787,40838],[183351,41037],[182965,40829],[183309,40909],[183891,40432],[183126,40096],[184030,40069],[184033,40000],[184056,39512],[184054,39457],[183818,38920],[183284,39159],[183475,38816],[183010,38302],[182898,38342],[182614,38782],[182888,38138],[182429,38043],[181833,37168],[181763,37075],[181867,37620],[181382,38126],[181297,38997],[181025,38473],[180128,38967],[180000,38993],[179155,39164],[179676,38803],[179727,38768],[179766,38741],[179797,38719],[180000,38659],[180490,38511],[180583,38483],[180597,38427],[180736,37838],[181675,36950],[181645,36926],[181979,35992],[181881,35645],[181566,35423],[180412,36114],[181259,35354],[181822,35385],[182270,35181],[182563,34364],[182550,34302],[181816,33501],[181566,33525],[180653,34003],[180520,34242],[180000,34221],[179803,34213],[179340,34637],[179160,34307],[178936,34411],[178570,34581],[178914,34307],[178649,34195],[179641,33910],[179669,33854],[179695,33802],[179851,33774],[179888,33767],[180000,33903],[180032,33941],[180074,33992],[180100,33958],[180756,33111],[180802,33019],[180848,32955],[180891,32897],[181006,32682],[181019,32676],[181117,32630],[181178,32513],[181264,32540],[181461,32404],[181508,32447],[181568,32420],[181573,32505],[181755,32671],[181746,32692],[181823,32716],[181801,32649],[182061,32584],[182106,32641],[182288,32863],[182507,32256],[182750,31570],[182521,31671],[181839,32055],[181128,31636],[180280,31211],[180301,31148],[180271,31130],[180246,31116],[180490,30570],[180497,30552],[180000,30271],[178999,29706],[179136,29521],[179095,28389],[179774,27861],[178782,27054],[178099,26993],[177615,27295],[177425,27192],[177314,27246],[176894,26906],[176845,26880],[176338,26834],[175947,26890],[175600,27500],[175614,27595],[176294,28046],[175756,28232],[175502,27635],[175253,27742],[175223,27753],[175419,27380],[175160,26806],[174064,26669],[173942,26899],[174205,27894],[173915,28427],[173928,27449],[173709,27284],[173416,27670],[173764,27174],[173451,27000],[173723,26728],[173703,26600],[173977,26475],[174125,26328],[173898,26256],[172134,25910],[171849,25943],[172201,25759],[172127,25691],[171566,25183],[171724,24875],[171683,25228],[172284,25730],[172330,25748],[172726,25905],[172699,25487],[172821,25865],[173972,26117],[174489,26173],[174939,25329],[174759,26202],[175901,26325],[175935,26304],[175867,26087],[175816,25966],[175832,25977],[175818,25932],[176248,26232],[176980,26408],[177637,26291],[178336,25943],[178723,25594],[178720,25590],[178578,25538],[178228,25616],[177044,24903],[178124,25344],[178381,25326],[178435,25211],[178775,25216],[179195,25059],[179684,24878],[179770,24939],[180000,25093],[180049,25126],[180000,24850],[179724,23283],[180000,23231],[180567,23123],[180582,23098],[180943,22305],[180763,21773],[181206,21444],[180583,20962],[180416,20000],[180330,19504],[180000,19424],[178860,19146],[178280,18588],[178500,17896],[178425,17694],[178636,17467],[178651,17421],[178320,17425],[178240,17218],[178235,17216],[178162,16992],[178155,16971],[177865,16172],[177733,16154],[177585,16220],[177524,16255],[177520,16256],[177513,16253],[176435,16737],[176382,16796],[175730,16704],[175721,16703],[175603,16686],[175612,16609],[175425,16577],[175266,16725],[173930,16719],[173915,16719],[173187,16316],[172787,15656],[172804,15483],[172319,14575],[172160,14477],[172138,14321],[171960,13964],[171763,13757],[171743,13702],[171673,13665],[171455,13039],[171539,12869],[171664,11926],[171635,11857],[170825,11985],[170671,11437],[170584,11444],[170018,11504],[170016,11513],[169913,11512],[169314,12640],[169288,12835],[168009,13517],[167532,13444],[167353,13509],[167286,13651],[167397,14156],[167559,14355],[167455,14422],[167462,14456],[167477,14520],[167477,14523],[167473,14525],[167016,15153],[167058,15204],[166855,15790],[166833,15802],[166803,15888],[166801,15895],[166709,15870],[166351,16065],[165950,16615],[165931,16787],[166015,16967],[166653,17631],[166612,17716],[166624,17736],[166641,17761],[166645,17766],[166604,17829],[166494,17999],[166595,18215],[166877,18580],[166806,18670],[166837,18737],[166846,18754],[166218,19536],[166535,19929],[166507,19936],[166389,19968],[166371,20000],[166132,20417],[166021,20467],[165960,20550],[165850,20792],[165244,21038],[165537,21699],[165535,21707],[165605,21825],[165433,22102],[165384,22292],[165152,22638],[165152,22731],[164654,23380],[164433,23709],[164178,24118],[164175,24123],[163883,24385],[162861,25719],[162824,25737],[162868,25836],[162775,25760],[162030,26109],[162003,26144],[161568,26585],[160761,26747],[160000,26540],[159530,26417],[159336,26938],[159042,26926],[158813,27183],[158735,27408],[157566,28112],[157398,28001],[157358,28011],[157339,27986],[156981,27915],[156340,28282],[155907,28056],[155853,28028],[155867,27789],[155623,27940],[154850,27512],[154903,28447],[154019,29242],[153953,29220],[152704,30335],[152577,30523],[151977,30419],[151384,30908],[151252,30948],[151116,30989],[151105,31005],[151078,31011],[151077,31016],[151061,31015],[150957,31037],[150229,31258],[148681,31095],[147938,30964],[147899,30921],[147689,30689],[147695,30659],[147720,30536],[147650,30370],[147627,30318],[147495,30140],[147742,30141],[147760,29924],[147654,29759],[147204,29754],[147134,29693],[147129,29693],[147064,29624],[146471,29077],[146387,29000],[146368,28982],[146649,28643],[146699,28575],[146340,28897],[146328,28629],[146329,28626],[146547,28384],[146766,28562],[146907,28197],[147371,26917],[146916,26332],[146859,25885],[145714,23832],[145684,23809],[145615,23839],[145083,24126],[145076,24072],[145031,24091],[144095,23022],[144044,22988],[143831,23055],[143521,23179],[143290,22999],[142882,23008],[142816,23051],[142687,23138],[142676,23144],[142436,23017],[141066,23047],[141023,23067],[140299,22696],[140278,22685],[140308,22559],[140336,22429],[140248,22349],[140000,22329],[139900,22321],[139729,21884],[139396,22325],[139393,22327],[139371,22326],[139303,22413],[138955,22311],[138950,22310],[138745,22249],[138579,21851],[138245,21845],[138160,21892],[137972,21839],[136389,21809],[135793,22632],[135986,22913],[136012,22946],[136048,22985],[136044,22987],[136055,23013],[135527,23180],[135782,23638],[134937,23971],[134150,25255],[134120,25350],[134603,25564],[134609,25584],[134671,25612],[134718,25978],[134730,26021],[135093,26413],[135771,26583],[136228,27456],[136162,27600],[136180,27639],[136107,27769],[136116,27979],[135880,28304],[135657,29141],[135580,30934],[135220,31435],[134957,31859],[135241,31998],[135300,31982],[135354,32054],[135511,32131],[135483,32226],[135541,32303],[135386,32597],[135465,32712],[135611,32775],[136176,32966],[136241,33834],[136820,34670],[136895,34729],[137165,34938],[137172,34987],[137792,35536],[137869,35562],[137863,35598],[137907,35637],[137797,36046],[138940,35765],[138973,35784],[139493,36095],[140539,36113],[140942,36050],[140993,36121],[141024,36122],[141080,36194],[141169,36193],[141173,36202],[141178,36202],[141266,36434],[142131,37546],[142590,37448],[142477,37907],[142629,38019],[142883,38086],[142888,38104],[142906,38109],[142947,38252],[143243,38469],[143109,38789],[143448,38261],[143786,38252],[143830,38376],[144090,38564],[144239,38528],[144240,38673],[144599,38933],[144778,38904],[144823,39095],[145141,39325],[145207,39250],[145347,39286],[145361,39293],[145656,39375],[145801,39544],[146357,39860],[146414,39853],[146425,40000],[146445,40269],[146757,40495],[147302,40633],[147320,40658],[147653,41128],[148480,40806],[149343,41055],[149533,40984],[150128,41216],[150763,41235],[151076,41003],[151088,40994],[151513,40804],[152066,41153],[152089,41066],[151845,40571],[151896,40516],[151987,40412],[152148,40242],[152191,40195],[152271,40000],[152534,39357],[152528,39113],[152611,39082],[154806,38252],[155200,37494],[154840,37349],[154411,36407],[154389,36361],[154426,36346],[154647,36313],[154682,36314],[154718,36315],[155133,36611],[155137,36642],[155006,37136],[155329,37453],[155022,37904],[155011,37925],[155837,37224],[155809,37641],[156053,37739],[156926,38089],[156448,38151],[155797,37656],[155031,38273],[156861,40000],[156865,40004],[156915,40051],[158203,42030],[157974,43343],[158754,43236],[158810,43288],[159438,43216],[159557,42911],[159559,42906],[160000,42884],[160361,42869],[160631,43081],[161769,42952],[161788,42947],[161791,42948],[161876,42927],[162620,43326],[163249,43818],[163582,44161],[165524,45480],[165656,45307],[165557,45502],[165862,45709],[165968,45725],[165945,45765],[167387,46744],[167566,46754],[167603,46891],[167740,46984],[168038,47374],[168481,47480],[168510,47487],[169113,48054],[169422,48967],[169444,49033],[169566,49346],[169689,49535],[169694,49676],[169818,49997],[169813,50113],[169875,51501],[172038,51684],[172262,51640],[172385,51836],[172501,51949],[172766,52207],[172943,52212],[172990,52424],[173044,52477],[173080,52835],[173089,52874],[173297,52971],[173725,53116],[173725,53169],[173749,53181],[173732,53788],[174551,53854],[174623,54071],[175082,54216],[175157,54396],[175468,54530],[175712,54339],[175931,55419],[176365,57560],[176106,57751],[176112,57778],[175870,57943],[175904,58130],[176186,58272],[175991,58598],[176087,59121],[176402,59088],[176643,59063],[176414,59221],[176731,59796],[176601,60000],[176497,60161],[176444,60660],[176611,60822],[176730,60775],[176923,60695],[177265,60407],[177083,60716],[177267,61117],[177433,61159],[177962,60680],[179196,61176],[179331,61140],[179731,61032],[179848,60681],[179953,60887],[180000,60865],[180698,60533],[181008,60569],[180930,60616],[180892,60639],[180824,60680],[180576,60830],[180261,61020],[180000,61061],[178783,61253],[178292,61331],[178286,61346],[178275,61375],[179445,61676],[179759,61679],[180000,62178],[180038,62256],[180000,62527],[179941,62954],[180000,62880],[180217,62608],[180314,62461],[180337,62459],[180348,62445],[180520,62441],[180809,62172],[180831,62037],[180838,62040],[180854,62043],[180911,61799],[181670,61973],[181683,61982],[182166,62333],[182388,62494],[182311,62755],[182350,62807],[182698,62739],[182729,62733],[183087,62892],[183114,62903],[183132,62911],[182524,63048],[182563,63081],[182607,63111],[183106,63145],[184083,64904],[184204,65368],[184338,65885],[184124,66444],[184145,66541],[184464,66683],[184248,67013],[184278,67151],[184879,67295],[184491,68064],[184623,68514],[184631,68715],[184696,68862],[184828,70451],[184021,70880],[184412,70988],[184377,71219],[184703,71484],[184927,71525],[185078,72053],[185156,72136],[185687,72093],[185883,72077],[185404,72296],[185324,72648],[185489,73029],[185480,73087],[185590,73315],[185447,73318],[185425,73470],[185591,73679],[185442,73779],[185492,73863],[185864,74003],[185604,74340],[185889,74685],[185806,75358],[185060,76153],[185036,76150],[184974,76581],[184979,76591],[184995,76595],[186067,76339],[186074,76326],[186068,76312],[186088,76296],[186189,76076],[186335,76088],[186351,76075],[186923,76136],[187272,76052],[187206,75800],[187651,75461],[187992,75732],[188320,75730],[188686,75637],[189136,75969],[188923,76236],[188979,76335],[189232,76416],[189581,77331],[189641,77356],[190287,77482],[190420,77680],[190848,77858],[190779,78086],[191426,78481],[191531,78464],[191418,77947],[191152,77095],[191852,76820],[192158,76177],[192208,75958],[191919,75405],[192356,74201],[192384,74125],[192362,74115],[191816,73857],[192026,73823],[191952,73711],[191687,73308],[191544,73092],[191553,73069],[191919,72096],[191870,73555],[192487,73510],[192478,74085],[193177,74261],[194569,73627],[194591,73615],[195613,74022],[197735,73793],[197743,73845],[197754,73917],[197758,73938],[197924,74094],[197421,74732],[196954,74374],[196893,74756],[196699,74368],[195291,74707],[195149,74279],[194573,74147],[194107,74511],[193981,74610],[193509,74980],[193623,75520],[192783,75767],[192592,76708],[192828,77611],[192514,77965],[192831,78474],[192931,78564],[192989,78730],[193094,78899],[193667,79199],[193542,79687],[192995,80000],[192456,80308],[192395,80368],[192392,80547],[193280,80967],[193204,81078],[193314,81140],[193579,81002],[193642,80628],[193773,80595],[194186,80227],[194214,80129],[195045,80240],[195454,80027],[195505,80000],[195844,79815],[196018,80000],[196193,80186],[196620,80383],[196643,80534],[196849,80657],[197123,80516],[196934,80651],[196998,80631],[196994,80744],[197450,81017],[197615,80943],[197645,80965],[197671,80955],[198435,81536],[198484,81507],[198959,80899],[199128,81061],[199261,81047],[199500,80906],[199516,80908],[199621,80767],[199635,80930],[199910,80979],[199951,80975],[200000,80953],[200250,80838],[200205,80965],[201455,81210],[201935,81238],[202089,81370],[202112,81374],[202137,81412],[202562,81778],[204134,83962],[204046,84330],[204694,86318],[204870,86410],[205089,87317],[204971,87369],[204858,88302],[205134,88932],[205014,88929],[204796,89168],[204803,89199],[205113,89009],[205154,89098],[205160,89097],[205169,89150],[205286,89444],[206029,89312],[206236,89546],[206029,89752],[206285,89891],[206388,89853],[206607,89325],[206934,89447],[206949,89434],[206960,89456],[207218,89551],[207370,90121],[207425,90327],[207664,90718],[207973,90746],[208242,90651],[208886,90831],[208989,90840],[209204,91038],[209057,91306],[209205,91364],[209727,91334],[209606,91380],[209666,91380],[209432,91453],[210534,91886],[210806,91914],[210683,92061],[210789,92853],[211705,93071],[211727,93223],[212224,93779],[212655,94003],[212654,94039],[212654,94047],[212644,94589],[212749,95041],[213122,95491],[212846,96712],[212891,96708],[213709,96497],[214212,96795],[214039,97065],[214650,97828],[215285,97911],[215331,98302],[215449,98576],[215996,99096],[217437,99497],[217775,99934],[217872,100000],[217988,100080],[218431,100087],[219123,100741],[219761,101865],[219910,103013],[219647,103224],[219955,104120],[219954,104166],[219953,104190],[219907,106281],[219927,106408],[220000,106547],[220059,106661],[220324,106586],[220222,106830],[220221,107142],[220216,108574],[220214,108666],[220127,111521],[220000,111747],[219459,112705],[219960,113396],[219674,113740],[219799,114416],[219408,114728],[219872,115273],[219852,115615],[221002,117342],[221182,117410],[221187,117442],[221266,117929],[220875,118635],[220873,118644],[221470,119180],[221442,119506],[221488,119732],[221413,119832],[221399,120000],[221391,120088],[221484,120294],[222231,121495],[222186,122029],[222351,123474],[222502,123618],[222460,123666],[222577,123871],[222434,124190],[222519,124932],[222540,124945],[222525,124986],[222707,126576],[222841,126654],[222938,127795],[223255,127795],[223887,127761],[224681,127334],[224891,127642],[226898,127593],[228338,126742],[229801,126579],[231451,125522],[231755,125137],[232026,124695],[232158,124627],[232330,124409],[233418,123875],[235497,123671],[238098,124420],[238452,124522],[239418,125779],[239558,125921],[239570,125977],[240000,126537],[240153,126736],[240173,126744],[240202,126800],[241867,128966],[242014,129013],[242056,129022],[243144,129253],[243393,129616],[243725,130573],[243733,130597],[244172,131656],[244758,131864],[245344,131469],[244904,130992],[245175,130391],[246087,131032],[246573,130671],[246222,129121],[245870,128556],[245825,128484],[245594,128115],[245602,127739],[245625,127738],[245601,127581],[245388,126160],[245386,126153],[245384,126138],[245330,125803],[245424,125522],[245520,125234],[245921,126910],[245930,126951],[245957,128261],[246738,128890],[247313,129949],[247287,131927],[247951,132283],[248452,132811],[248877,132665],[248703,132440],[249362,132670],[249104,132983],[249280,133413],[250430,133315],[250919,133273],[251364,133235],[251365,133210],[251371,133181],[251382,133156],[251373,133086],[251370,133044],[251377,133024],[251376,133017],[251395,133003],[251402,132998],[251426,132977],[251444,132947],[251472,132922],[251496,132892],[251540,132862],[251549,132851],[251589,132811],[251602,132797],[251630,132767],[251642,132755],[251681,132698],[251951,132599],[251929,132625],[251432,133209],[251737,133496],[251771,134413],[253983,133186],[254090,133139],[254127,133123],[254138,133118],[254222,133082],[254691,132878],[255158,133015],[255445,133099],[256090,132412],[256096,132458],[256097,132470],[256115,132622],[256118,132647],[255346,133330],[255344,133332],[255327,133347],[255653,133530],[255673,133506],[255703,133625],[255745,133790],[255684,133617],[254693,133225],[253757,133926],[253543,133997],[252477,134826],[251736,134939],[251024,134826],[250638,133997],[248545,133849],[248199,134259],[248306,134906],[248276,134824],[248080,134288],[248075,134273],[248060,134232],[248311,133485],[247395,133189],[247345,133173],[247255,133143],[246520,132295],[246606,131788],[244871,133047],[244425,134596],[244541,137740],[243689,137953],[243337,138128],[243161,138426],[243427,139503],[242731,140000],[241895,140597],[243831,140793],[244470,140682],[244820,140948],[245008,141618],[245621,143798],[245298,144243],[245518,144429],[245336,144904],[244220,145549],[245553,145762],[246283,146872],[246561,146811],[246846,146701],[246853,146698],[246870,146692],[247015,146712],[247929,146512],[247949,146498],[247960,146505],[247977,146502],[249328,147111],[250172,147172],[250196,147217],[250203,147230],[250255,147328],[250640,147569],[251897,147831],[251903,147996],[251992,147991],[252601,147930],[252314,147759],[252603,147705],[252882,147901],[253548,147835],[253573,147868],[253623,147834],[254264,148545],[254589,148360],[254713,148484],[254963,148380],[255002,148321],[255024,148286],[255507,148144],[255489,148190],[256065,147961],[256839,147360],[257453,147281],[257483,147278],[257684,147252],[257562,147503],[257714,147639],[258169,147665],[258411,148266],[258429,148282],[258463,148310],[259478,148415],[260000,148443],[262722,148585],[262734,148587],[262747,148587],[263340,148491],[263578,148631],[263616,148633],[263768,148730],[264047,148769],[264263,149034],[265640,149842],[267842,148997],[267979,148881],[268333,149149],[269001,149393],[269381,149249],[269405,149541],[269700,149649],[270127,149596],[271157,150037],[271377,150006],[272320,149503],[272501,149756],[273826,149624],[275481,151206],[276551,150209],[279958,149619],[279974,149616],[280000,149611],[282199,149190],[285584,148409],[285728,148514],[286041,148455],[286709,147788],[286833,147647],[288911,148261],[289049,148406],[289165,148535],[289175,148545],[289868,149291],[290575,149330],[291563,149361],[295140,148164],[295567,148264],[296285,147802],[296298,147794],[297253,147080],[297477,146437],[297520,146444],[298444,146601],[299361,146244],[300000,145307],[300566,144475],[301434,143685],[302726,143509],[304093,143723],[305721,143343],[305771,143352],[307220,143598],[307266,143353],[308305,143079],[309657,143402],[310255,143191],[310339,143162],[310917,143057],[312256,143918],[314215,144340],[315108,144602],[316105,145382],[316950,145502],[317622,145168],[318755,145471],[319427,146123],[320000,146201],[321064,146346],[322244,145898],[323204,146043],[324894,145236],[326426,145691],[326474,145730],[328103,147048],[328918,147056],[328554,146466],[328409,146695],[328125,145950],[328537,146387],[327934,144419],[327063,144457],[326265,143565],[325897,142129],[326187,142106],[326261,142100],[326263,142137],[326282,142437],[326283,142466],[326318,143019],[326642,143624],[327792,143809],[328325,144221],[328465,144564],[328675,145078],[328981,145826],[329100,145348],[329147,146140],[330095,147885],[330105,147902],[330052,147881],[329983,147875],[330144,148352],[330151,148381],[330261,148833],[330329,149116],[330169,150000],[329226,151431],[328805,152705],[329627,158396],[329454,158759],[328456,158844],[327920,159337],[330211,158928],[330819,158451],[330579,158254],[331331,157534],[331346,157507],[330725,156966],[330758,156784],[330772,156706],[330843,156325],[330804,156651],[330784,156812],[330787,156814],[331372,156969],[331151,157045],[331487,157434],[331486,157477],[331445,158496],[331342,157800],[330938,158401],[331404,159956],[331409,160000],[331420,160090],[331607,161708],[331612,161748],[331152,161796],[330875,162479],[332681,163140],[332721,163222],[333040,163861],[333114,165251],[332401,165908],[331850,165943],[333523,166330],[333985,166592],[334879,166837],[334928,166799],[334735,166204],[334921,166397],[334971,166449],[335335,166047],[334991,166631],[336275,166717],[337615,166082],[337587,166152],[337525,166301],[337768,166340],[337261,166304],[337084,166387],[336576,166724],[338276,168626],[338338,168821],[338339,168825],[338711,169986],[339306,170329],[339209,170528],[339196,170537],[338988,170685],[339023,170722],[340000,171512],[340072,171570],[340092,171601],[341324,173432],[341327,173437],[343298,175210],[343336,175244],[344588,176574],[345672,176807],[345720,176817],[346354,177231],[346394,177575],[346414,177588],[347731,177597],[347548,177345],[347832,177370],[347942,177380],[349195,177360],[349332,177358],[349054,177507],[349041,177518],[349596,177941],[349583,178015],[349507,178446],[349604,178111],[349944,178328],[350342,178204],[352191,176511],[352538,175946],[353135,175853],[353701,176043],[354018,176616],[354346,176330],[354873,175167],[354458,176442],[354453,176445],[354012,176755],[352954,176000],[350899,177882],[350242,178826],[350562,178797],[350251,179057],[350503,179017],[351335,180000],[351863,180623],[351940,180747],[351949,180762],[352026,180855],[352037,180868],[352159,181062],[352399,181386],[352436,181390],[352434,181407],[352437,181425],[352439,181459],[352449,181488],[352467,181530],[352495,181608],[352503,181623],[352525,181673],[352539,181688],[352560,181706],[352589,181755],[352602,181780],[352617,181802],[352641,181848],[352653,181860],[352679,181901],[352692,181920],[352701,181940],[352718,181971],[352724,181987],[352740,182002],[352749,182013],[352751,182029],[352783,182063],[352798,182079],[352858,182063],[352871,182044],[352894,182017],[352891,182036],[352869,182072],[352840,182127],[352858,182182],[352861,182203],[352893,182252],[352900,182267],[352916,182292],[352924,182312],[352939,182341],[352950,182360],[352966,182386],[352990,182422],[352998,182434],[353008,182445],[353025,182472],[353034,182489],[353052,182511],[353062,182536],[353072,182549],[353087,182585],[353107,182606],[353113,182626],[353126,182645],[353138,182658],[353161,182704],[353176,182726],[353189,182753],[353266,182885],[353322,182976],[353327,182983],[353333,182992],[353368,183049],[354087,186241],[354549,186398],[355900,188304],[355935,188353],[356619,189831],[358623,191165],[358817,191024],[358710,191255],[359587,192073],[359902,192858],[360000,192812],[360870,192402],[360000,192945],[359942,192982],[360000,193195],[360381,194591],[361486,196552],[363122,197744],[363285,197833],[364933,198734],[366002,200000],[366229,200270],[366301,200215],[366814,203102],[367474,203135],[369062,204664],[370222,204257],[373647,206730],[373728,206789],[373919,207579],[373622,208634],[371606,209791],[369694,210052],[369266,210542],[369471,211328],[370116,212458],[370827,213020],[371647,211933],[374241,210527],[375665,210657],[375668,210657],[376157,211061],[376253,211753],[375323,212565],[375168,213794],[375303,214281],[375753,214523],[375951,214629],[375231,214350],[375061,213723],[375249,212086],[376100,211634],[375958,211222],[375911,211084],[374631,210708],[373232,211399],[373212,211415],[373175,211427],[372395,211813],[371521,213246],[370876,213493],[369722,212755],[369721,212752],[368941,211232],[368971,211022],[369046,210500],[369164,209679],[369646,209291],[371718,209093],[372107,208878],[372177,208315],[370127,206908],[369878,206829],[369893,206797],[367121,204701],[367136,204665],[367138,204661],[367030,204139],[365994,203365],[365821,203170],[365181,201415],[364539,201074],[362518,200000],[360638,199001],[360602,199052],[360358,198676],[360000,198467],[357915,197247],[356800,195945],[356954,195205],[355194,192707],[355249,190694],[355000,190303],[354662,190357],[354486,190935],[354594,191410],[354740,191751],[354480,192132],[353946,194115],[353820,194169],[353815,194235],[353812,194173],[353025,194515],[354031,196408],[352626,196199],[354677,197485],[352841,200430],[353907,200995],[352613,203747],[353677,204397],[354353,206341],[353142,208025],[353902,210836],[353309,211795],[354627,212655],[354548,213998],[355273,214367],[356233,216246],[357003,215780],[358690,217684],[359951,216936],[360103,218270],[363486,218154],[365089,220856],[366519,220318],[369871,222183],[369272,224554],[368051,225597],[368100,228236],[365678,229243],[366276,229630],[366106,231516],[367758,233025],[366318,234543],[367553,236255],[368285,236165],[368295,235169],[370166,235218],[370074,233281],[371189,232949],[372701,233152],[373131,235020],[375985,235940],[375901,235070],[377806,233952],[377665,230866],[378623,230939],[379456,229853],[382827,229817],[384949,233028],[387387,232472],[387687,233478],[388774,233069],[387217,235644],[387959,236036],[387720,238221],[388985,239145],[392133,237724],[390488,236548],[389746,234253],[390438,233455],[392396,235218],[394271,234674],[395925,235138],[396697,233929],[397463,234018],[401185,237496],[403432,237700],[404782,236832],[406032,238454],[411144,234272],[412101,236960],[411441,238382],[409460,239455],[408705,241297],[410608,242350],[411628,241612],[412502,243020],[412930,242280],[413640,244306],[416005,246052]]]]}},{"type":"Feature","properties":{"name":"Wales"},"geometry":{"type":"MultiPolygon","coordinates":[[[[322243,164710],[322294,164598],[322189,164643],[321868,164930],[321883,164951],[322243,164710]]],[[[354594,191410],[354486,190935],[354446,191066],[354594,191410]]],[[[240004,192696],[240116,192482],[240000,192504],[239784,192547],[239772,192585],[240000,192694],[240004,192696]]],[[[353946,194115],[354480,192132],[353908,192971],[353903,193042],[353880,193348],[353820,194169],[353946,194115]]],[[[213204,197136],[213697,196870],[213915,196921],[215005,196592],[214331,195757],[213634,196293],[212997,196041],[213170,196742],[212620,197185],[213062,197179],[213204,197136]]],[[[173938,204722],[172847,204534],[172839,204575],[173877,205569],[174200,205495],[174515,205389],[174096,205132],[174104,204903],[173938,204722]]],[[[238581,205513],[238717,205253],[238299,205500],[238876,205723],[238581,205513]]],[[[238864,205891],[238388,205739],[238590,206045],[238864,205891]]],[[[146660,208853],[146673,208756],[146599,208838],[146660,208853]]],[[[159913,209524],[159735,209140],[159899,209516],[159913,209524]]],[[[173546,209568],[173542,209375],[173735,209445],[174229,209124],[174076,209109],[173539,209244],[173531,209322],[172687,208421],[172317,208557],[172451,208674],[172642,208767],[171622,208942],[171448,209180],[171378,209608],[172026,210130],[172314,210287],[172446,210236],[172963,209946],[173546,209568]]],[[[170359,225317],[170551,225046],[170899,225147],[170907,225145],[170486,224234],[170639,222978],[170590,222590],[170558,222496],[170185,222755],[170137,222708],[169954,222898],[169962,223041],[169941,223039],[169942,223062],[169917,223059],[169812,223047],[169281,223601],[169253,223726],[169353,223872],[169966,224085],[169912,224234],[169980,224261],[169835,224578],[170343,225322],[170359,225317]]],[[[216086,251584],[215636,251558],[216071,251830],[216080,251819],[216086,251584]]],[[[212493,321555],[211880,320945],[211641,320974],[211429,321015],[211430,320999],[211356,321008],[211414,320529],[211055,320138],[210988,320069],[211229,321016],[211427,321254],[211439,321843],[211621,322559],[211774,322603],[212507,322357],[212543,322336],[212540,322266],[212493,321555]]],[[[234128,326051],[234197,325794],[233928,325948],[234082,326143],[234128,326051]]],[[[327049,374434],[327297,374164],[327266,374192],[327241,374218],[327178,374279],[327166,374292],[326920,374215],[327049,374434]]],[[[327049,374434],[326694,374419],[326653,374864],[327049,374434]]],[[[265290,382262],[264739,381766],[264814,381984],[264888,382171],[265281,382347],[265391,382386],[265290,382262]]],[[[227883,380137],[227879,380138],[227065,380000],[226664,379930],[226955,379437],[226188,379442],[226400,379295],[226086,378990],[226901,379335],[227281,379051],[226925,378481],[227145,378216],[227238,378505],[228237,378209],[228167,377527],[227598,377173],[228824,377458],[229217,377189],[229232,377178],[228507,376935],[229210,376252],[229405,376065],[229382,375865],[229365,375719],[228997,375912],[229221,375415],[229632,375302],[229728,375272],[229650,375261],[228059,374959],[227864,374727],[227688,374685],[227618,374750],[227422,375113],[227347,375000],[227330,375015],[227275,374892],[227078,374594],[226389,374916],[225858,375382],[225765,375650],[226005,375828],[225829,376008],[225885,376152],[226071,376440],[225002,377919],[225431,378285],[225343,378458],[225493,378679],[225638,378720],[225590,378996],[225405,379026],[225394,379049],[225204,379060],[225189,379062],[224262,379484],[224237,379599],[224102,379596],[224077,379703],[223865,379665],[223364,379893],[223353,380000],[223347,380048],[223274,380000],[223069,379865],[221991,379631],[221734,379857],[221538,379681],[221234,379474],[221223,379484],[221426,380602],[221552,380702],[221562,380758],[221577,380771],[221577,380784],[221577,380847],[221650,381273],[221561,381300],[221560,381338],[220647,381915],[220533,382239],[220507,382239],[220505,382243],[220459,382247],[220421,382330],[220698,382556],[221340,382944],[221343,382946],[221368,383106],[221522,383233],[221521,384074],[222442,383577],[222458,383583],[222569,383628],[222763,383541],[223482,383846],[223571,383781],[223655,383693],[223946,384044],[224011,384072],[223772,383701],[223782,383615],[223704,383463],[223801,383446],[223819,383291],[223950,383419],[224886,383040],[224975,382946],[225002,382994],[225060,382971],[225063,382969],[225204,383348],[225206,383351],[225376,383310],[225469,383119],[225301,382900],[225114,382907],[225088,382853],[224963,382851],[224939,382766],[224789,382231],[224778,382216],[224787,382223],[224784,382212],[224783,382208],[225494,382726],[225514,382701],[226101,381605],[226739,381806],[227171,381746],[227440,381417],[227745,381476],[227541,380485],[227883,380137]]],[[[224596,384168],[224201,384152],[224303,384196],[224651,384199],[224596,384168]]],[[[312927,385121],[312809,384026],[312483,384867],[312532,384213],[312909,383792],[312721,383624],[312730,383627],[313117,383517],[313294,382787],[314251,381930],[314255,381927],[314278,381907],[315292,381156],[315867,381600],[316012,381284],[315968,380973],[316245,380495],[317114,380000],[317790,379615],[317687,379321],[318655,378933],[318772,378886],[320000,377964],[320524,377570],[320547,377553],[320737,377256],[320775,377221],[321638,376431],[321509,376180],[322343,375689],[322153,375440],[322405,375453],[322525,375458],[323875,374215],[323877,374212],[324614,374032],[324603,374012],[324592,373992],[324352,373566],[324610,373885],[325232,372990],[325240,372978],[325247,372969],[326192,372496],[325897,372506],[326221,372395],[326119,372029],[326318,372430],[327612,371695],[329047,370220],[329086,370179],[329173,370090],[330066,369816],[330345,369730],[330244,369341],[330401,369698],[330404,369696],[331042,369317],[330752,369616],[330598,369772],[330107,369972],[329287,370347],[329261,370373],[329143,370494],[327793,371876],[327107,372493],[328085,372166],[328410,372492],[327621,372817],[327660,373137],[327497,372879],[327179,373224],[326850,373033],[326771,373386],[327083,373764],[327647,373802],[328259,373181],[327884,373711],[327512,373965],[327373,374093],[331673,372856],[336686,368666],[338472,366196],[338076,364212],[333558,362338],[336944,358687],[339626,357559],[341132,358631],[339687,355360],[341437,354168],[341030,353380],[342363,351836],[341618,351617],[342505,351121],[341763,350141],[342718,349227],[342342,347629],[343474,347039],[343988,344750],[346173,343885],[348531,344445],[349080,343500],[351299,343127],[350716,341650],[351448,340216],[351126,336679],[349318,336623],[346356,333443],[343580,338689],[340728,339170],[340475,339828],[337670,338323],[335610,339740],[334615,341735],[334130,340653],[332270,340345],[330515,337395],[327727,336993],[326428,337547],[325141,333528],[322948,333260],[323688,332553],[322541,331874],[324183,330552],[321771,328409],[322554,327848],[321392,325275],[321349,323947],[322359,323824],[321983,322397],[324673,321252],[326828,322555],[326472,321567],[327267,319870],[329409,319963],[329082,319517],[330000,319705],[330234,318994],[331467,319376],[331882,318352],[331129,317635],[333129,316697],[333179,315579],[334526,315757],[335183,314134],[334745,313396],[334024,313525],[334076,314774],[332515,314093],[331108,314554],[331012,312600],[329328,310911],[329875,309135],[328981,306032],[326776,305389],[328366,304188],[327458,304007],[326042,301845],[326300,300747],[324390,299247],[322894,299265],[324715,294302],[322971,293355],[323334,292727],[326472,293512],[326374,295386],[331187,297967],[331901,297796],[332685,295418],[331980,291800],[330052,292261],[330232,289759],[324675,289582],[319932,286876],[318780,287124],[316114,283447],[317162,281060],[319908,279702],[321529,277258],[324495,276041],[327847,272769],[329236,272314],[333726,273405],[335078,272753],[334213,270590],[331879,269767],[331012,265044],[335295,263903],[333401,262840],[331456,263375],[329391,262570],[328530,261856],[328790,260484],[326819,260284],[326846,257749],[324780,256626],[325256,254508],[323322,252276],[324917,251286],[326049,252194],[326722,251374],[325255,250121],[322358,249453],[321926,248343],[324440,247067],[324392,245807],[323201,245573],[322938,242814],[325311,239686],[325589,238534],[324674,236600],[326729,232254],[329598,229250],[330775,225881],[332939,225892],[333237,223384],[339743,226508],[341986,225177],[340815,224289],[342190,224690],[342577,223387],[347211,220487],[346471,218873],[349189,215592],[350524,216941],[350827,215979],[352060,216475],[352325,215252],[354194,215433],[355273,214367],[354548,213998],[354627,212655],[353309,211795],[353902,210836],[353142,208025],[354353,206341],[353677,204397],[352613,203747],[353907,200995],[352841,200430],[354677,197485],[352626,196199],[354031,196408],[353025,194515],[353812,194173],[353752,193070],[353758,193055],[353846,192854],[354027,192439],[354034,192424],[354548,191683],[353600,190152],[353595,190149],[352172,189309],[352123,189379],[352013,189536],[350876,187441],[349861,187233],[348332,187084],[348277,187079],[348235,187075],[347614,186868],[347538,186843],[345293,185626],[345244,185676],[343853,184723],[343151,184243],[343131,184229],[341509,183316],[340000,183016],[339780,182973],[337319,181890],[336111,182276],[336707,183023],[336114,182387],[336120,182601],[335770,182300],[334339,182223],[333489,182381],[332032,183354],[333035,184267],[333453,184115],[333151,184282],[332981,185183],[332067,185853],[331922,185959],[332134,186179],[332632,186698],[332530,187196],[332967,187029],[332143,187433],[332119,187461],[331299,188444],[331629,189200],[331446,190421],[331893,190439],[332225,190004],[332316,190099],[332338,190121],[331934,190562],[331352,190539],[331307,190537],[331423,189969],[331467,189676],[331176,188520],[331242,188429],[331262,188405],[331822,187679],[331826,187673],[332494,186864],[331845,186615],[331709,185950],[332881,184622],[331557,183864],[331060,184543],[331056,184548],[330966,184671],[331064,183897],[331448,183739],[331060,182412],[328803,180688],[327774,180685],[327461,180000],[327423,179917],[325686,178805],[325445,179036],[324949,178654],[324899,178622],[323295,177584],[322776,177678],[322762,177680],[322247,177436],[322199,177325],[321476,175620],[320900,175507],[321181,174827],[320000,173466],[319725,173149],[319206,173183],[319205,173115],[319195,172506],[319176,172513],[319095,172546],[319087,172478],[318954,171335],[318953,171329],[318651,169501],[318646,169468],[318744,168116],[317520,167703],[317481,167450],[314948,167894],[313924,167211],[313904,167198],[313139,167248],[312749,166752],[312672,166667],[312744,166781],[312459,166855],[312296,166897],[312512,166555],[312461,166544],[312057,166652],[312004,166291],[311808,166198],[311155,166413],[311099,165925],[310621,166406],[311079,166726],[310764,166855],[310426,166134],[309725,166400],[309143,166763],[308703,166492],[308229,166228],[306779,165536],[305600,165862],[303987,165810],[303992,166034],[303112,165745],[302983,166210],[302955,166311],[302902,165735],[302307,165637],[301640,166365],[300208,166487],[300190,166486],[300000,166470],[299638,166440],[298886,166555],[294715,167773],[294360,167877],[292977,167634],[291652,168075],[290172,170814],[290162,170832],[289100,172570],[288605,172634],[288434,172817],[288467,173157],[287686,173654],[287623,173726],[287613,173731],[286065,175472],[286075,175611],[287119,176240],[287616,176539],[286282,175855],[285483,176704],[284361,177063],[283726,176874],[283566,176511],[283506,176373],[283325,176357],[282912,176694],[282732,176506],[282142,176839],[282057,176333],[281933,176345],[281487,176630],[280905,177002],[280870,177007],[280723,177027],[280541,177301],[280389,178023],[280000,178622],[279593,179248],[278678,179794],[278838,180000],[278936,180126],[277843,183433],[277944,183385],[277921,183433],[277839,183597],[276783,185703],[276707,186038],[276571,186126],[276045,187176],[275519,187087],[275067,187179],[274173,187722],[275535,187124],[275196,188534],[274492,188382],[274506,188411],[275462,188697],[275556,189146],[275474,189020],[275468,189012],[275336,188810],[274761,189071],[274596,188780],[274591,188784],[274744,189204],[274184,189836],[274132,189887],[272887,191095],[272854,191136],[272848,191143],[271951,192249],[272873,193017],[273798,193738],[273293,193490],[273380,194471],[273388,194546],[273401,194715],[273131,194994],[273108,195034],[273391,195291],[273089,195095],[273002,195329],[273004,195215],[273010,194914],[272405,194669],[273003,194873],[273279,194630],[272965,193273],[272300,192886],[272150,192951],[271942,192690],[269505,192654],[269010,192812],[268351,192204],[267181,191890],[266926,191876],[266950,191916],[266469,192599],[266495,192273],[266451,192270],[264293,192133],[263621,191881],[263542,191851],[261992,190721],[261955,190694],[261734,189957],[261712,189797],[261546,188549],[261553,188535],[261555,188529],[261773,188056],[263121,187284],[262308,186957],[261699,186920],[261063,187265],[260971,187287],[260633,187367],[260561,187133],[260000,186910],[259903,186871],[259777,186859],[259323,187612],[259303,187645],[257462,186988],[257393,186963],[256997,186281],[256325,186849],[254753,187175],[254228,187398],[253787,187773],[253767,187790],[253782,188136],[253786,188228],[253788,188277],[253726,188226],[252993,187626],[251538,187743],[251504,187715],[250611,186982],[250280,186261],[251016,185401],[251107,184930],[250955,184786],[250182,184930],[248757,185547],[247917,185546],[246961,185130],[247181,184512],[247176,184410],[246644,184388],[246587,184420],[246411,184832],[245638,184947],[243627,186063],[243497,186176],[243488,186256],[242813,186552],[242090,186932],[242136,187196],[241275,187400],[240879,187032],[240866,187029],[240102,187428],[241349,188151],[241478,188869],[241046,191112],[240200,192613],[241022,193196],[241807,193026],[242268,193249],[242802,194231],[244023,194858],[244716,196682],[245772,196683],[244946,196554],[245620,196076],[245364,195985],[245409,195566],[245099,195781],[245096,195468],[245364,195467],[244538,194503],[244869,194583],[244608,194229],[244858,194376],[245038,193805],[244635,193407],[245051,193787],[245051,193823],[244906,194399],[245267,194019],[244888,194703],[245133,194472],[244921,194728],[245182,194783],[245295,194246],[245215,194835],[245510,194820],[245472,194519],[245602,194881],[245460,193923],[245642,194335],[245785,193939],[245843,194747],[246157,193692],[246060,194280],[246416,194241],[246523,193709],[246894,194010],[246540,194057],[246654,194242],[246118,194436],[246337,194552],[246065,194685],[246488,194645],[246479,194861],[246853,194465],[247197,194101],[246228,195887],[247112,195901],[248066,195238],[248638,194341],[247964,194227],[248770,194191],[249242,194436],[249296,194113],[249924,193949],[250088,194430],[250253,194041],[250153,193701],[249784,193789],[249827,193714],[250202,193685],[250499,194795],[250511,194802],[251113,195197],[251317,194673],[251428,195091],[252146,195126],[252419,194763],[252015,195468],[252445,195684],[252198,195866],[253048,195670],[254444,195986],[253634,196236],[253881,196661],[255423,197324],[256399,197420],[256504,197431],[256713,197139],[256727,196922],[256773,196945],[256805,196886],[256804,196961],[256796,197330],[256795,197389],[256767,197387],[256640,197360],[256145,197966],[256855,198493],[256893,198657],[256973,199004],[257004,199137],[257372,199118],[257483,199112],[257358,199131],[256999,199186],[256974,199189],[256584,200000],[256495,200186],[256794,200491],[257134,200055],[257413,201196],[257836,201444],[257579,201389],[257720,201923],[257682,201906],[257412,201780],[257294,201726],[257355,201368],[256911,201539],[257174,201084],[256758,200903],[256454,201165],[256158,200505],[256159,200418],[256164,200000],[256183,198258],[255864,197943],[255602,198146],[254430,197866],[254396,197860],[253135,197669],[253022,197939],[252753,197617],[252395,197872],[252563,198444],[252406,197970],[252329,197734],[252154,197934],[251674,197293],[251063,197353],[251085,197617],[250434,197895],[250474,198414],[250187,198360],[250389,198614],[250011,199178],[250011,198524],[249506,198699],[249848,198789],[249309,199784],[249431,199906],[249397,199926],[249273,200000],[248242,200616],[246391,200681],[246350,200683],[246232,200340],[245207,200130],[244907,200097],[244508,200106],[244610,200556],[244297,200627],[244458,200000],[244471,199950],[244330,200000],[243676,200230],[243680,200000],[243682,199882],[243598,199916],[243396,200000],[242885,200212],[241828,200057],[241844,200000],[241890,199842],[242574,200000],[243014,200102],[242754,200000],[242697,199978],[243450,199874],[243479,199542],[242210,199004],[240431,199545],[240000,199940],[239935,200000],[238643,201184],[236308,204431],[235748,205861],[235827,206444],[236753,205778],[236661,206058],[237080,206145],[236891,205525],[237287,206072],[237067,205366],[237135,205353],[237411,205937],[237854,205980],[237381,205747],[237402,205450],[237401,205743],[237576,205532],[237461,205765],[237892,205699],[237753,205883],[237929,205957],[237870,205952],[238088,206172],[238179,206063],[238340,206131],[238301,205838],[238350,205840],[238234,205569],[237234,205336],[237549,205280],[238050,205493],[237738,205134],[238085,205297],[237859,205136],[238238,204993],[238269,205524],[238311,205154],[238348,205411],[238606,205275],[238396,205019],[238325,204953],[238703,205062],[238697,204671],[238810,205201],[238855,204673],[239158,204698],[238918,204851],[239096,205244],[239212,205050],[239340,205229],[239115,205248],[239131,205514],[239388,205298],[239474,205417],[239705,205313],[239576,205089],[239656,205036],[239855,205166],[239733,205430],[240000,205073],[240383,205057],[240000,205269],[240366,205309],[240000,205336],[239923,205342],[240000,205410],[240209,205596],[240620,205394],[240611,205347],[240842,205171],[240786,205492],[241006,205235],[241112,205566],[240478,205607],[240366,205737],[240226,205623],[240000,205637],[239703,205656],[239893,205725],[239529,205999],[239861,205844],[239538,206245],[239997,206730],[240000,206730],[240904,206822],[241614,207291],[240988,207135],[240900,206832],[240000,206949],[239869,206966],[239784,206530],[239486,206668],[236845,206925],[236115,208044],[236103,208994],[236413,210363],[237061,211252],[236899,212501],[237358,212703],[237416,212484],[237634,212693],[238496,213517],[238952,213419],[239159,213568],[239655,213924],[239145,213700],[238662,213878],[237612,213350],[237116,213505],[236353,212281],[236130,211233],[235304,210092],[234188,209241],[232638,210012],[232043,210000],[231125,210780],[231926,211090],[232099,211762],[231701,211165],[231885,211782],[231640,212312],[230798,212838],[231092,213511],[230855,213375],[230721,213299],[230700,213287],[230717,213324],[230840,213589],[230910,213743],[230663,213804],[230647,213812],[230660,213316],[230766,212999],[230765,212982],[230047,212967],[229633,212959],[230539,212810],[231225,211997],[230379,210569],[230166,210689],[230636,209966],[230395,209728],[231150,209762],[231052,209446],[231355,209571],[231257,209314],[231488,209145],[231399,209527],[231740,208868],[232711,208342],[232329,208260],[233186,207937],[233015,207638],[231213,206693],[230023,206535],[223409,207906],[222454,207345],[221482,207225],[220000,207569],[219827,207609],[218573,207174],[218297,207333],[218247,207324],[216331,207011],[214660,206113],[214546,206052],[213738,204868],[213706,204821],[213861,204343],[213879,204309],[214354,203436],[214874,203253],[213665,202022],[213351,200642],[213831,200473],[213852,200452],[213373,200000],[212347,199031],[212219,198552],[212556,198295],[212109,198270],[211626,198315],[210422,198601],[210064,198526],[209776,198570],[209663,198501],[209549,198512],[209548,198505],[209533,198506],[209453,198399],[209190,198344],[209158,198338],[209058,197834],[209417,197512],[207950,197387],[208035,197191],[207676,196612],[207639,196567],[206912,197062],[206465,197071],[205989,197276],[206086,197545],[205482,197789],[205103,197658],[204324,197993],[204202,198149],[204082,198046],[203985,198023],[202715,198018],[202176,198135],[201683,197471],[201976,197131],[201004,197068],[200848,196634],[200493,196490],[200072,196462],[200000,196409],[199467,196018],[199473,195866],[199193,195091],[199046,194926],[199526,194151],[199538,194129],[199250,194246],[199115,194310],[199019,194355],[199002,194352],[198733,194467],[198500,194246],[198355,194215],[198097,193978],[197705,194334],[197418,192642],[197389,192653],[196872,192957],[196760,192940],[194124,194191],[194083,194368],[193848,194322],[193265,194598],[193221,194586],[193206,194600],[193120,194683],[193095,194570],[192961,194533],[192862,194655],[191841,194265],[190143,195393],[188320,195742],[188317,195763],[188598,196933],[188960,197096],[189049,197625],[188451,199820],[188351,200000],[187992,200648],[187420,200692],[186257,201090],[186096,201182],[185875,201114],[185747,201091],[185582,201137],[184827,201863],[184372,201667],[184188,201614],[184555,201931],[184091,202739],[184362,202877],[185348,203174],[184986,203692],[185121,203806],[187225,203492],[187504,203189],[186727,202918],[187280,202316],[189140,201879],[189543,201939],[189780,202424],[189636,202839],[188944,203156],[189172,203783],[189225,203868],[189982,203896],[191459,203641],[192096,203341],[192219,203013],[192426,203273],[194007,203147],[194015,203127],[193664,202582],[194167,201858],[193932,201468],[194364,201473],[194421,201192],[195142,201689],[196766,201732],[196950,201215],[197038,201099],[197053,201080],[197115,201944],[197953,201843],[198090,201826],[197976,201905],[197526,202219],[196878,201996],[196540,202265],[196526,202219],[196473,202043],[195913,202177],[194419,202870],[194383,202914],[194801,203081],[194928,203132],[195506,203519],[195677,204195],[196349,203847],[196390,203826],[196692,203730],[196752,204176],[196793,204204],[197333,204567],[197749,204595],[198285,204262],[198316,203307],[198485,203513],[198683,203277],[198780,203331],[199161,203541],[200000,203416],[200384,203359],[200000,203486],[198404,204017],[199089,204684],[200335,204768],[200868,205930],[202241,205652],[202653,204888],[202426,204694],[202701,204857],[203249,204257],[203060,203772],[202941,203465],[203451,204043],[203412,203689],[203890,203313],[203612,203932],[204773,203855],[203469,204120],[203222,204594],[203813,204866],[203351,204887],[202471,206209],[202673,205966],[202832,206250],[202978,205830],[202909,206246],[203091,205971],[202967,206261],[203267,206160],[203141,205905],[203493,206035],[203235,206237],[203384,206451],[203936,206518],[204547,206592],[204988,206645],[205054,207101],[204971,206809],[204959,206765],[204952,206743],[204308,206580],[203929,206820],[202890,206785],[202827,206503],[201903,206701],[201524,206193],[200880,206221],[201006,207645],[202000,207733],[200101,208598],[200190,209164],[200645,210804],[201314,210763],[200735,211128],[200860,211578],[201867,212075],[201992,211745],[202543,213336],[202860,213122],[202758,213427],[203335,213721],[205121,213904],[206385,214672],[205000,213949],[203189,214122],[202442,213454],[201783,212411],[201168,212462],[200632,212003],[199962,212050],[199489,212600],[199436,212293],[198474,212509],[197269,211679],[197057,212669],[197559,213386],[197638,213499],[197692,213576],[197240,213829],[197311,214120],[196597,214271],[196260,214741],[196288,214656],[196466,214107],[197581,213464],[196957,212765],[196890,212689],[196616,211968],[197209,211497],[199004,212135],[199572,211661],[199862,211369],[199754,210941],[199203,211281],[198795,211041],[199373,211013],[199887,210171],[199884,209382],[199861,209297],[198954,209341],[199610,209000],[199526,208721],[199562,208687],[200000,208265],[200390,207891],[200698,207503],[200619,207112],[200552,206848],[200458,206541],[200054,206293],[200071,206284],[200286,206165],[200091,205355],[200000,205357],[199882,205360],[199308,205455],[198666,204995],[198078,204902],[197757,205192],[196855,205183],[196843,205348],[196788,206065],[196778,206187],[196775,206089],[196737,204823],[195995,205011],[195989,205010],[195000,204931],[194796,204819],[194789,204818],[194758,204798],[193829,204288],[191383,205305],[191907,206349],[191457,205980],[191446,205971],[191435,205962],[191319,205362],[191105,205421],[190451,205693],[188795,205506],[188513,205632],[188544,205377],[188533,205378],[188460,205383],[188443,205420],[187436,205450],[186775,205491],[186754,205536],[186877,205957],[186538,206284],[186341,206563],[186347,207024],[185640,207325],[185577,206699],[185560,206588],[185150,206572],[184826,205884],[184264,206697],[183825,206572],[181799,206534],[181324,207052],[181390,207295],[180878,206579],[181260,206099],[181180,205649],[182455,205092],[181870,205048],[182185,204464],[182209,204409],[181642,204031],[181857,203528],[181724,203522],[181022,203562],[181007,203437],[180804,203196],[180867,203090],[180949,202952],[180947,202940],[180710,202794],[180566,202743],[180529,202785],[180489,203117],[180091,203336],[180072,203361],[180125,203609],[180166,203728],[180000,203763],[179955,203772],[179739,203857],[179897,204258],[179702,204633],[179723,205146],[179846,205285],[179798,205622],[179895,205933],[179646,206015],[178897,206711],[178962,206926],[178065,207665],[177457,207709],[177124,207369],[176915,207235],[177165,207643],[176972,207718],[176050,208714],[176027,208767],[175998,208770],[175427,209386],[175427,209393],[176042,209286],[178305,208826],[178308,208828],[178359,208885],[178530,208856],[178701,209284],[178812,209414],[178813,209418],[178834,209618],[179017,210076],[179018,211170],[179307,211007],[179465,211129],[179575,211115],[179961,211062],[180000,211036],[180193,210908],[180514,211411],[181347,212255],[181625,212337],[181644,212361],[182066,212887],[183423,212608],[183586,212805],[183860,212776],[184105,212504],[184240,212482],[184255,212469],[184357,212463],[185035,212353],[186014,213505],[185921,214499],[185983,215808],[186140,216349],[186146,216370],[186133,217264],[185792,217961],[185742,218273],[185948,218519],[185655,218442],[185518,218621],[185386,219163],[185572,219960],[185557,220000],[184673,222390],[184662,222400],[183939,223058],[183721,223005],[182762,222938],[182684,223009],[182662,222931],[182331,222907],[182103,223228],[181028,222846],[181035,222867],[181233,223241],[181171,223325],[181225,223506],[181033,223515],[181008,223549],[180191,223559],[180160,223560],[180110,223921],[180556,224288],[179999,223839],[180000,223835],[179689,223576],[179609,223576],[179551,223764],[178941,223646],[179066,223868],[178606,224324],[178555,224317],[178382,224292],[178372,224305],[178268,224276],[177012,224094],[176668,224411],[176220,223891],[176109,224373],[175577,223956],[175273,224290],[174749,224030],[174122,224165],[173693,223606],[173564,223601],[173132,223164],[173081,223469],[173041,223757],[172743,223592],[171698,223372],[171629,223544],[171898,223954],[172207,224187],[172437,224774],[172404,224845],[172458,225023],[172011,225667],[171908,225881],[172408,226058],[172536,226094],[172691,225996],[173342,226969],[173173,227567],[172910,227598],[172798,227838],[172835,227949],[172142,227847],[172120,227846],[172184,227912],[173108,228543],[174076,228723],[174073,228710],[175949,229049],[176362,229263],[176343,229344],[177264,229988],[177375,230039],[177605,230615],[178431,230574],[179204,230887],[179405,230920],[179438,230981],[179596,231045],[179596,231048],[179669,231364],[179648,231373],[179838,231726],[180000,231772],[180093,231799],[180096,231800],[180088,231818],[180267,231873],[180042,232107],[180193,232388],[180644,232571],[180614,232611],[180633,232621],[180604,232656],[180464,232832],[181405,232526],[181389,232710],[181957,232626],[181967,232585],[182711,232514],[183090,232457],[183104,232476],[183343,232453],[183280,232717],[183542,233076],[183813,233176],[184125,233279],[184126,233286],[184153,233301],[184235,233642],[184134,233723],[184058,233784],[184188,233962],[184435,234024],[184438,234026],[184435,234034],[184436,234064],[184570,234105],[185246,233650],[185372,233841],[185487,233789],[185594,233738],[185605,233732],[185609,233731],[185705,233740],[186375,233790],[186632,233748],[186952,234133],[186868,234590],[186929,234632],[188153,234504],[188396,235126],[188276,235360],[188453,236205],[188608,236356],[188493,236394],[188498,236421],[188019,236887],[188039,236921],[187996,236959],[188039,237066],[187573,237332],[187585,237340],[189227,238469],[189166,238488],[188807,238894],[188884,239252],[188088,239716],[188273,240000],[188645,240572],[189387,240857],[189205,241298],[189172,241390],[190435,240949],[190588,240735],[190727,240847],[192818,240116],[192820,240113],[192830,240075],[192858,240115],[193532,240289],[193545,240283],[193860,240374],[194281,240483],[194682,240245],[194694,240238],[194800,240515],[194847,240621],[194856,240612],[195102,239633],[195092,239561],[195123,239546],[195714,239312],[196208,239114],[196135,239130],[195424,239341],[195389,239287],[195364,239292],[195351,239271],[194659,238237],[194835,237965],[195029,238029],[195051,238013],[194829,237933],[194976,237679],[194986,237661],[195471,237713],[196035,237310],[196050,237316],[196053,237310],[196054,237318],[196094,237333],[196253,237109],[196215,237380],[199626,238697],[199723,238653],[199702,238867],[199832,239301],[200000,239449],[200472,239865],[200343,240000],[200113,240240],[200325,240948],[200366,240952],[200480,241354],[201554,240295],[201554,240289],[201523,240050],[201625,240000],[201969,239831],[202099,239746],[202264,239685],[202535,239551],[202570,239571],[202596,239562],[202710,239636],[203110,239744],[203254,239531],[203273,239543],[203281,239532],[203709,239784],[204539,239801],[204540,239806],[204615,239794],[206565,239406],[206637,239392],[206980,239323],[206225,239634],[205971,239738],[205334,240000],[205319,240006],[205165,240069],[205434,240950],[205128,241214],[205025,241381],[205312,242315],[205584,242589],[205643,242641],[205502,242902],[208379,243643],[208770,243707],[208900,243903],[209662,244570],[209732,244577],[209745,244642],[210174,245018],[210218,245044],[210226,245064],[210903,245656],[211011,245635],[211008,245650],[211026,245647],[211004,245747],[212236,247957],[212324,248028],[211957,248448],[211820,248654],[212687,249097],[213084,250138],[214481,248989],[215964,248356],[215988,248346],[215754,248184],[216424,247420],[216341,246316],[216950,246002],[216925,246018],[216873,246052],[216409,246367],[216858,247380],[216866,247399],[216850,248149],[216849,248219],[216533,248326],[216356,248525],[216174,248446],[215977,248513],[216238,249183],[215992,249762],[216183,251157],[216270,251370],[216386,251346],[216738,251173],[216897,251243],[217079,251206],[218105,251756],[218995,251668],[219011,251668],[219019,251680],[219390,251863],[219233,252008],[219341,252174],[220000,252138],[220861,252091],[220909,252106],[222521,252035],[222620,251991],[222638,251991],[223342,251995],[223350,252003],[224284,252600],[224516,252627],[225472,251870],[225843,251448],[225871,251388],[225893,251440],[226023,251603],[227009,251524],[227055,251516],[227071,251514],[227723,251513],[228814,252145],[228966,252343],[229220,252452],[229227,252463],[229236,252467],[229758,253312],[230366,253805],[230700,253995],[231073,254208],[231170,254566],[231200,254684],[231310,254803],[231262,254925],[231346,255249],[231468,255713],[231506,255191],[231509,255190],[231515,255120],[231701,255088],[231854,255007],[231989,255038],[232249,254993],[232450,255142],[232459,255147],[232887,255247],[233427,255744],[234016,256107],[234682,256848],[235964,258079],[236214,258309],[236245,258348],[237177,259243],[237573,260000],[237638,260123],[237661,260161],[237667,260168],[237674,260171],[239159,260045],[239171,260035],[239174,260000],[239207,259555],[239730,259571],[239743,259561],[239757,259572],[240000,259580],[240060,259582],[240475,259917],[241259,259817],[241529,260000],[242548,260690],[245029,262557],[245054,262592],[245384,263056],[245832,262765],[245481,263121],[246254,263542],[247263,263642],[247754,263976],[247866,264004],[247866,264052],[249449,265129],[249927,265793],[250748,266934],[251205,268137],[252243,268755],[252272,268824],[252655,269749],[254225,271546],[255655,274808],[255658,274815],[255662,274825],[255722,275022],[257879,279856],[257964,280606],[258056,280492],[258135,281367],[258023,281119],[258095,281756],[258126,281773],[258141,281781],[258284,281974],[258288,281996],[258461,283196],[258485,283234],[258716,283602],[258670,283950],[258737,285053],[259238,286516],[259253,286560],[259612,287429],[260528,288856],[260590,288891],[260600,288945],[260756,289067],[260525,294527],[260945,294941],[261058,294643],[261013,294471],[261175,294335],[261272,294080],[261518,294046],[261605,294034],[261611,294016],[261682,293825],[261805,293818],[261764,294055],[263446,293970],[264331,294648],[264507,294445],[264058,294246],[264432,294341],[264460,294299],[264576,294458],[264642,294872],[264833,294685],[264716,294924],[265543,295036],[266902,295836],[266639,295726],[266795,296370],[266968,296144],[267215,296699],[267230,296714],[267543,296799],[267490,297080],[267741,297056],[267536,296646],[267945,297202],[267946,297263],[268470,297338],[268477,297305],[268757,296414],[268793,296828],[268958,296851],[269168,296880],[269124,296939],[268604,297636],[267212,297675],[266644,297241],[265377,296990],[264992,296765],[260364,295699],[260000,295835],[259711,295942],[259000,297718],[258965,297795],[257963,300000],[257910,300118],[257160,301768],[257080,301877],[256989,301999],[256879,302146],[256874,302158],[256851,302183],[256105,303187],[257625,302232],[258509,302358],[258502,302624],[258655,302601],[258669,302599],[258744,302588],[258049,303135],[258036,303132],[256777,302873],[256493,303139],[255986,303614],[256391,305119],[257792,308771],[258446,309932],[258903,310287],[259220,310422],[259809,310990],[260000,311139],[261040,311946],[261025,313510],[261115,314403],[261644,315058],[261095,314053],[261503,313763],[262816,314269],[262437,314873],[263342,314935],[263922,315570],[264226,314732],[264413,315492],[265053,315860],[265772,317224],[266633,317471],[266663,317479],[267049,317589],[267862,318395],[267918,318431],[268523,318822],[268113,318789],[267377,318730],[266664,318025],[265799,317723],[265780,317717],[265385,317556],[265321,317815],[264671,317249],[263502,317295],[262654,315724],[261349,315449],[261475,315180],[261028,315340],[261313,315526],[260952,315639],[260000,317718],[259397,319035],[259386,319058],[259371,319091],[258756,320000],[255543,324747],[255037,326139],[255321,326613],[256420,327394],[255908,326652],[256348,326777],[256350,327131],[257273,327443],[257361,327966],[258079,327512],[257496,328117],[256657,327638],[256750,328000],[257390,329943],[255562,334330],[255614,335358],[256618,335843],[256389,335447],[257296,335222],[259721,335871],[259989,335478],[260000,335491],[260629,336302],[260188,335861],[260000,335933],[259757,336027],[260000,336283],[260577,336894],[260461,337138],[260877,337384],[261000,337168],[261896,338209],[262682,338536],[262934,339142],[262988,339272],[263057,339427],[263077,339435],[263604,339642],[263723,339689],[263376,339714],[263219,339725],[263202,339726],[263196,339727],[262592,338725],[262069,338642],[261820,338347],[261564,338044],[260990,338128],[260733,338165],[260931,338307],[260003,337890],[260000,337887],[258681,336688],[258061,337063],[258297,337821],[257526,338238],[256920,338161],[256546,337303],[255439,336894],[255379,336493],[254173,336470],[252499,337491],[252154,337415],[252139,337412],[250596,338079],[250196,338047],[250130,337901],[249293,337516],[248484,337406],[248480,337405],[248376,337290],[248031,337221],[247367,337201],[247326,337199],[246667,337173],[246552,337195],[246474,337165],[245780,337137],[245748,337188],[245742,337188],[245452,337123],[244312,337077],[244223,337014],[243727,336665],[243567,335256],[240330,335857],[240000,335786],[239001,335572],[238787,335526],[238741,335455],[238424,334968],[238572,334615],[238583,334588],[238247,334654],[238237,334754],[238169,335419],[237487,334946],[237596,334702],[238010,334910],[237785,334529],[238313,334415],[238845,334723],[238783,334380],[238767,334334],[236716,334030],[235087,333370],[235056,333357],[234737,333239],[234722,333234],[234484,332959],[234330,332912],[234284,332727],[233199,331473],[233732,330673],[233691,330646],[232941,330294],[232917,330276],[232039,329648],[231292,328439],[231284,328167],[231786,328253],[231636,327567],[231692,327361],[231617,326893],[231605,326815],[232068,326451],[232238,326551],[232449,324854],[232447,324826],[232442,324806],[231818,324730],[231716,324857],[230532,324674],[230505,324572],[230486,324568],[229673,323161],[229545,323096],[229353,323248],[228689,323956],[228686,324186],[229118,325536],[226778,327575],[225367,328297],[225331,328315],[224155,328410],[223397,327121],[222085,325941],[221826,325745],[221808,325742],[221429,325918],[221366,326269],[220720,326501],[220458,326383],[220410,326391],[220329,326324],[220000,326176],[219489,325945],[218849,325156],[218579,325856],[218176,325947],[218130,326003],[218064,326013],[217479,326105],[216692,326283],[215836,324002],[215574,324240],[215426,324390],[215171,324267],[214834,324421],[214407,324982],[214172,324759],[214107,324824],[213890,325170],[213511,325790],[213510,325814],[214612,326609],[214647,327379],[215296,328252],[215438,328356],[215478,328496],[215546,328587],[215550,328592],[216520,329896],[216720,330021],[216538,331929],[216548,331933],[217033,332077],[217209,331946],[217853,332322],[218550,332529],[218644,332672],[218745,332709],[218819,332939],[219655,334214],[219790,334171],[220000,334297],[220196,334415],[220378,334422],[220438,334559],[220546,334624],[220578,334884],[220734,335246],[220715,335279],[220746,335361],[220649,335471],[220684,335756],[221647,336826],[221878,337575],[223064,337513],[223781,338744],[224147,339301],[224559,339426],[224580,339432],[225720,339753],[226043,340000],[226626,340447],[226630,340464],[226632,340465],[226634,340484],[226686,340736],[227242,341019],[227355,341036],[227595,342073],[227749,341730],[227613,341474],[227668,341399],[227597,341233],[227898,340936],[229063,340857],[229343,341035],[229669,341056],[229694,340844],[230149,340773],[230689,341122],[230719,341124],[230814,341203],[231372,341565],[231397,341587],[232084,342182],[232332,342371],[232418,342436],[232478,342524],[232751,342761],[232823,342880],[234028,343886],[234096,343890],[234115,343931],[234121,343932],[234177,344059],[235621,346111],[236082,346454],[236530,347335],[237774,347382],[238142,347149],[238249,347260],[238258,347257],[238297,347309],[238391,347405],[238468,347408],[240207,349138],[242284,351057],[242601,352293],[243065,352516],[243208,352930],[243333,353290],[243450,354725],[243450,354729],[243452,354761],[243608,356664],[243008,358946],[243042,360000],[243043,360033],[243624,360791],[244002,360989],[244218,361008],[244245,360988],[244267,360667],[244875,360771],[243937,360000],[243898,359968],[244470,359236],[244787,357575],[244759,358172],[245747,359236],[245212,359095],[245213,359177],[245215,359367],[245218,359612],[245223,360000],[245235,361002],[246636,362327],[246661,362351],[247572,362675],[248048,362314],[248011,362072],[247984,361923],[247989,361931],[247990,361933],[248192,362298],[248179,362307],[248182,362313],[247847,362665],[247726,362835],[247778,362936],[247989,363248],[248609,364163],[249281,365065],[250124,366052],[250768,366435],[251678,366893],[251680,366895],[251882,367098],[252139,367251],[252206,367424],[252402,367621],[252406,367682],[252558,367846],[252445,368039],[252459,368082],[252459,368085],[252515,369446],[252533,369480],[253217,370357],[254139,370863],[254880,371093],[255529,371268],[255667,371270],[255787,371373],[255821,371384],[256247,371752],[257571,372642],[257642,372690],[258440,373231],[258665,372881],[258669,372879],[259157,372598],[259192,372578],[259189,372595],[259186,372609],[259062,373184],[259500,372659],[260000,372876],[260539,373110],[261058,372186],[260869,371876],[262209,372732],[264547,373079],[264856,373641],[265950,373803],[266158,374085],[266670,374321],[266620,374460],[266544,374396],[266560,374734],[269414,376038],[271213,376408],[272641,377149],[274250,378144],[275166,378499],[275819,378398],[276730,379281],[276867,379291],[277428,378804],[277304,378811],[277324,378797],[277319,378797],[277338,378778],[277663,378468],[277550,378295],[277588,378287],[277919,378223],[278207,377949],[278440,377520],[278147,377316],[278749,377156],[278898,377117],[279396,375890],[278506,375253],[278147,374254],[279324,373254],[279498,373047],[279554,373061],[278581,374266],[278855,374888],[279082,375068],[280000,375797],[280152,375918],[280230,376657],[280000,376682],[279874,376695],[279639,377169],[279598,377192],[279112,377460],[279098,377477],[279039,377548],[278713,377525],[278542,377522],[278901,377796],[278598,378496],[278544,378534],[278531,378544],[278392,378646],[278391,378652],[278303,378705],[278290,378714],[278248,378833],[278243,378748],[277725,379115],[277570,379352],[277505,380000],[277490,380140],[277332,380589],[277092,380542],[277198,381739],[275979,382697],[275899,382878],[275897,382884],[275895,382887],[275881,382895],[275085,383415],[275069,383661],[275282,384288],[275322,384309],[275391,384344],[276635,384146],[277531,383809],[278049,383908],[278324,382494],[278626,382322],[278653,382306],[279303,382161],[280000,382344],[281433,382720],[281796,382732],[281868,382733],[281880,382726],[282452,381732],[283082,381441],[283201,381406],[284235,381102],[284317,380000],[284320,379953],[284337,379936],[284766,379510],[285037,379241],[285324,379336],[285331,379338],[285244,379136],[286283,378790],[286310,378787],[286943,378718],[287008,378711],[288652,378629],[288656,378629],[289812,378521],[289876,378532],[290450,378632],[291562,378527],[291975,378291],[292805,378263],[292854,378278],[294162,378658],[294177,378664],[295866,379287],[295883,379296],[296563,379650],[297324,380000],[299605,381049],[299420,380606],[299808,380000],[300000,379700],[300290,379247],[300312,379240],[300762,379099],[300978,379031],[301075,379001],[300485,379514],[300498,379595],[300561,380000],[300580,380120],[300484,380000],[300303,379771],[300078,380000],[300000,380080],[299826,380256],[299814,380273],[299544,380652],[300000,381102],[300840,381932],[303720,382776],[303726,382777],[303736,382780],[306035,383789],[306079,383802],[309341,384772],[311754,385244],[312927,385121]]],[[[227883,380137],[227918,380148],[228198,380000],[228463,379860],[228617,380000],[229428,380734],[229522,381256],[229731,380952],[230362,381106],[230681,381891],[230909,381891],[231554,382155],[231526,382168],[231518,382172],[231024,382407],[230959,382070],[230935,381968],[230553,381991],[230509,381988],[230141,381488],[229653,381443],[229637,381665],[229253,381143],[229064,381300],[229424,383013],[228886,383250],[228765,383915],[228231,384046],[228100,384282],[228148,384403],[228119,384432],[228174,384855],[228353,384981],[228660,384896],[229002,385316],[228938,385489],[229045,385888],[229209,386101],[229133,386211],[229504,387588],[229655,387744],[230118,389381],[229949,389524],[229487,390951],[229563,391095],[229411,391185],[229178,391903],[229225,392100],[229025,392376],[228944,392627],[229068,392722],[230083,392818],[230280,392711],[230534,392861],[231364,392940],[231924,392898],[231949,393012],[231971,393031],[231982,393031],[231982,393041],[232970,393912],[233225,394033],[233237,394005],[232914,393500],[232941,393483],[232920,393459],[233196,393317],[233420,393172],[233537,393281],[233573,393194],[234082,393588],[234459,393382],[234736,393631],[234753,393645],[234770,393661],[234894,394216],[234926,394241],[235263,394160],[235440,394578],[235496,394568],[235787,394407],[235583,394155],[236095,393715],[236798,393851],[237026,393725],[237248,393477],[237442,393771],[237247,393922],[237258,394150],[237589,394384],[237285,394556],[237277,394562],[237279,394609],[237288,394614],[237361,394645],[237938,394897],[238448,395100],[238784,395043],[238911,395284],[238959,395303],[239315,394871],[239362,394873],[239366,394869],[239599,394897],[240171,394503],[240166,394480],[240446,394257],[240481,394297],[242724,394531],[242877,393825],[243483,393413],[244689,393964],[244933,393790],[245137,393638],[245119,393603],[245008,393435],[245045,393458],[244941,393255],[245472,393727],[246539,393370],[246991,393169],[247075,393190],[247623,393007],[247686,392925],[247702,392980],[247707,392979],[248063,393517],[248127,393169],[248226,392456],[248715,392070],[249058,391206],[249184,390587],[248599,389224],[248381,388987],[248296,388895],[247510,388040],[247431,387954],[247351,387745],[247684,388072],[247894,387797],[248646,388427],[248422,388999],[249288,388280],[249392,387270],[251677,386857],[251601,386661],[251303,386145],[251305,386140],[251318,386121],[251361,386049],[251268,385812],[251644,385411],[251631,385202],[251367,384969],[251605,384520],[251800,384602],[252037,384215],[252283,382534],[253236,381940],[252517,380258],[253090,380000],[253384,379868],[253189,379523],[253526,380000],[253538,380017],[255247,380555],[255277,380565],[257254,380840],[257702,381609],[258586,382192],[258949,382349],[260000,382056],[261463,381649],[261504,381630],[261527,381632],[262091,381475],[262606,381617],[264000,381316],[264169,381238],[264138,381189],[263464,380545],[263081,380429],[262979,380000],[262954,379895],[262695,379474],[262021,379079],[261694,378021],[261231,377580],[261150,377532],[261149,377502],[261004,377364],[260911,376372],[260662,376003],[260188,375868],[260000,375255],[259966,375143],[258361,374366],[257599,373718],[257450,373642],[257311,373473],[257058,373258],[256219,372783],[256200,372796],[255960,372960],[255898,372136],[256045,372153],[255790,371705],[255678,371555],[255263,371626],[255137,371678],[255197,371990],[254686,371852],[254495,371611],[253123,370860],[253022,370832],[252981,370783],[252855,370714],[252813,370583],[252198,369851],[251855,367689],[250064,367031],[247954,365320],[247951,365315],[247598,364713],[246820,364177],[245053,363281],[244603,363458],[245045,363933],[244414,363631],[243659,363807],[243860,363588],[243748,363177],[243109,362344],[243200,362354],[243744,361759],[244220,361702],[244252,361383],[242316,361963],[240878,363129],[240000,363441],[239666,363559],[239074,363392],[239157,363025],[239108,362959],[238619,362420],[238563,362443],[238889,363186],[239072,363500],[238335,365717],[239262,366249],[240000,366254],[240530,366258],[241043,367682],[240665,368646],[240000,368347],[239955,368326],[239554,367578],[238945,367310],[238837,366646],[237700,365305],[237552,365226],[237233,365224],[236722,364806],[236833,365000],[236895,365092],[236846,365163],[236890,365287],[236635,365468],[236610,365509],[236211,365837],[236191,365823],[236119,365979],[236233,366162],[236006,366574],[235835,367505],[235323,368014],[235266,367854],[234309,367727],[234090,367510],[233924,367387],[233867,368122],[233885,368225],[233859,368231],[233847,368380],[233677,368273],[233552,368302],[233630,368511],[233366,368399],[232885,368481],[232725,368573],[232710,368859],[232701,369180],[233038,370169],[233316,370657],[233191,370656],[232941,370918],[233066,371174],[232786,371767],[232756,371830],[232464,372152],[232120,372531],[231709,372382],[231619,372897],[231662,373479],[231671,373608],[229903,375153],[229598,375563],[230095,376075],[229322,376638],[229731,377326],[229979,377201],[229719,377597],[229328,377235],[229269,377306],[228944,377687],[228998,378250],[228047,378409],[227933,379073],[227609,378847],[227528,379170],[227913,379134],[228366,379663],[227950,380000],[227872,380063],[227897,380114],[227883,380137]]]]}},{"type":"Feature","properties":{"name":"Scotland"},"geometry":{"type":"MultiPolygon","coordinates":[[[[248191,546200],[247956,546174],[248183,546286],[248191,546200]]],[[[257965,548433],[257756,548082],[257692,548144],[257732,548341],[257987,548574],[257965,548433]]],[[[257150,549119],[257039,549088],[256937,549201],[256958,549333],[257292,549751],[257150,549119]]],[[[283926,550018],[283843,549924],[283817,550014],[283806,550508],[283993,550169],[283926,550018]]],[[[202148,599213],[202008,599210],[201534,599484],[201554,599634],[201717,600000],[201896,600398],[202015,600329],[202351,600000],[202521,599833],[202636,599689],[202627,599678],[202148,599213]]],[[[173256,604972],[173390,604016],[173384,604010],[171738,604170],[171672,604208],[172703,604715],[172752,604667],[172767,604676],[172780,604668],[173050,604848],[173256,604972]]],[[[198552,619961],[198507,619944],[198483,619948],[198450,620000],[198623,620000],[198552,619961]]],[[[198331,620000],[198329,619976],[198196,620000],[198331,620000]]],[[[176133,620000],[175761,619966],[175706,620000],[175374,620204],[175751,620422],[176186,620521],[176314,620052],[176237,620009],[176133,620000]]],[[[205622,631344],[206652,628547],[206634,628547],[205997,629236],[205903,629517],[205885,629573],[205839,629708],[205263,630120],[205590,631353],[205598,631356],[205622,631344]]],[[[139257,643331],[139244,643319],[138809,643421],[138617,643500],[138787,643625],[139519,644110],[139375,643683],[139371,643681],[139297,643449],[139257,643331]]],[[[164136,644752],[163800,643252],[163519,643569],[163459,643650],[164092,644731],[164136,644752]]],[[[143119,646064],[142666,645905],[142886,646465],[143132,646107],[143119,646064]]],[[[147100,648619],[147089,648599],[146941,649028],[147071,649048],[147272,649072],[147100,648619]]],[[[116372,651804],[116766,651193],[116214,651292],[116214,651480],[116362,651796],[116372,651804]]],[[[198352,650464],[198929,650083],[199154,649829],[199578,649128],[200000,648759],[200437,648376],[201118,647605],[201448,646925],[201542,646515],[201448,646529],[201570,646388],[201738,645647],[201581,645478],[201585,645470],[201580,645475],[201945,644737],[203022,639988],[203074,639578],[202959,639289],[202048,638163],[201383,637607],[201346,637296],[200916,636765],[200912,636766],[201305,636159],[201344,636428],[201364,636567],[201377,636561],[201573,636071],[204087,635296],[204818,634258],[205616,633040],[205296,632783],[205033,632772],[204632,632389],[203935,632024],[203399,631865],[202630,630814],[202825,630043],[204862,628537],[205636,628325],[205651,628315],[204750,627126],[204585,626341],[204663,625307],[204804,624957],[205138,622282],[205108,622176],[204915,622018],[204342,621638],[204228,621455],[203216,620627],[202764,620775],[202624,620858],[202558,620842],[201621,621149],[200287,621029],[200000,620792],[199864,620680],[199085,620253],[197868,620197],[194420,620980],[193766,621808],[193304,622040],[191266,623447],[190649,624009],[190376,624781],[189930,627366],[189935,627737],[189607,628201],[188852,628510],[188766,628582],[188603,628612],[188209,628774],[188584,629540],[188540,630861],[188773,632127],[189198,632808],[189144,633335],[189150,633584],[189166,633580],[189153,633720],[189167,634268],[188995,635415],[188984,635536],[188972,635682],[188950,635897],[187613,637594],[186505,640000],[186259,640534],[186351,642279],[186967,643177],[187287,644857],[188180,647103],[188538,647893],[190912,648981],[191036,649532],[191597,650628],[191744,650811],[191820,650832],[193093,650731],[193586,650334],[193742,650742],[193180,651529],[193627,652032],[193740,652130],[194584,652280],[195348,652287],[198352,650464]]],[[[116247,652027],[116267,651945],[116223,651980],[115878,652328],[116052,652516],[116247,652027]]],[[[215517,652754],[214468,650309],[214230,650580],[213715,651541],[214441,652126],[215544,652933],[215517,652754]]],[[[166378,654556],[166442,654209],[166751,654233],[166989,653922],[165730,652686],[165571,652153],[165848,651996],[165927,651535],[165903,651428],[166166,651403],[165764,651084],[165736,650958],[165593,650832],[165675,650687],[165540,650086],[165549,650081],[165350,649754],[165813,649640],[166129,649883],[166384,649794],[166347,649769],[165860,649602],[165890,649454],[165171,648958],[165014,647936],[165193,647991],[165197,646980],[164850,647079],[164005,646360],[163857,645986],[163281,645571],[163276,645569],[163282,645596],[163460,646142],[163426,646159],[163427,646162],[163370,646215],[163634,647952],[163636,647957],[163665,648022],[163585,647993],[163305,648195],[163305,648199],[163242,648166],[163171,648277],[162980,648031],[162794,649055],[163936,650656],[164128,650735],[164131,650743],[164617,651610],[164779,651837],[164700,651973],[164749,652536],[164761,652557],[165225,652340],[165230,652359],[165327,652315],[165539,653555],[165584,653731],[165584,653736],[165569,653730],[165611,653975],[165208,653684],[165202,654188],[165253,654237],[165655,654110],[165712,654054],[166209,654630],[166378,654556]]],[[[218559,656285],[217996,654871],[217194,654003],[217232,655026],[216200,654891],[215733,654616],[215518,654053],[215283,653902],[215115,653899],[215012,654471],[214940,655085],[216395,658458],[216450,658520],[217995,659322],[218035,659323],[218053,659313],[218261,658070],[218125,657013],[218559,656285]]],[[[202715,659156],[202065,658250],[201809,658848],[201501,659791],[201930,661334],[201967,661362],[202407,660091],[202437,660000],[202715,659156]]],[[[150056,662487],[149842,662029],[149835,662035],[149853,662462],[150000,662505],[150056,662487]]],[[[147043,662676],[146947,662673],[146889,662993],[146907,662984],[147086,662802],[147043,662676]]],[[[201354,674723],[202214,674204],[202592,674419],[202939,673674],[205412,670951],[207009,669741],[207547,669645],[207174,668413],[206623,667990],[206597,667630],[206890,667549],[206891,667480],[207633,667346],[208466,667118],[208476,666880],[208369,665751],[208545,665202],[208557,664898],[208654,664860],[208656,664857],[208741,664828],[209000,664730],[209491,665023],[210719,665268],[210702,661475],[211082,660000],[211246,659363],[211240,659266],[211753,657397],[211842,657049],[211844,657038],[211573,656679],[211236,656358],[211197,656346],[210509,656313],[209854,655690],[209822,655297],[210641,654557],[211452,652687],[211181,652774],[211218,652406],[211099,652342],[210537,652385],[209849,651755],[208841,652653],[208358,653097],[208664,653470],[208041,654502],[207936,655037],[208031,655930],[207717,656156],[207713,656179],[207156,656744],[207096,656985],[206744,657162],[206108,657808],[206083,658188],[205524,658402],[204372,657630],[204354,657714],[204222,660411],[204370,660784],[204161,661781],[203594,661623],[203414,660992],[203631,661879],[203337,662180],[203264,661830],[203156,662189],[203207,662513],[203703,664854],[204183,665132],[204184,665765],[203177,666553],[202680,666138],[201963,666435],[201718,666597],[201685,666647],[201064,667867],[200683,668155],[200049,669108],[200000,669225],[199627,670108],[199251,670310],[199206,670378],[199172,671842],[198706,672258],[198872,672472],[199866,673374],[200000,673427],[200251,673527],[200447,673900],[201354,674723]]],[[[166968,675585],[166523,674918],[166694,675549],[166722,675554],[166723,675517],[166723,675360],[166860,675489],[166968,675585]]],[[[128835,675624],[128750,675563],[128582,675627],[128551,675684],[129296,676154],[129331,676160],[128835,675624]]],[[[142348,679364],[142680,677637],[142671,677512],[141729,674009],[141748,673955],[141822,673546],[141907,673494],[141945,673384],[141995,673359],[142767,671443],[143006,670245],[143009,665817],[142974,665360],[144028,661921],[144133,661844],[145907,660128],[145998,660000],[146230,659674],[145784,657591],[145724,657351],[145727,657344],[145726,657338],[145728,657331],[145718,657285],[145999,656421],[146036,656400],[146886,655819],[146963,655592],[146545,654110],[146295,653646],[146309,653275],[146288,653203],[146318,653015],[146319,652984],[146324,652981],[146497,651892],[146510,651893],[146425,651697],[146502,651734],[146454,651603],[146982,651930],[147184,651946],[147198,651785],[147063,651510],[147096,651461],[146873,650865],[146721,650719],[146819,650722],[146781,650620],[147224,650733],[147394,650738],[146250,649893],[146274,650113],[145448,649447],[145180,649104],[145080,649030],[145081,648977],[144870,648706],[145085,648727],[145086,648640],[145089,648641],[145093,648643],[145100,648448],[144930,648214],[144831,648166],[144673,648306],[144499,648123],[144377,648224],[144390,648488],[144260,648521],[144019,648746],[143999,648588],[143916,648609],[143916,648603],[143887,648265],[143583,648178],[143578,648176],[143618,648110],[143841,647690],[143821,647448],[143786,647346],[143812,647344],[143731,646350],[143710,646281],[143262,646217],[143196,646332],[143179,646270],[143008,647070],[142731,646873],[140608,645673],[140559,645730],[140405,645671],[140106,645557],[140124,645529],[140107,645520],[140119,645504],[140081,645482],[140152,645415],[138918,644716],[138886,644701],[138822,645025],[138804,645116],[138802,645125],[138393,645008],[138079,645207],[137903,645346],[136566,644594],[136450,644873],[136710,645076],[136704,645075],[136709,645079],[136650,645066],[136753,645158],[136375,645052],[136218,645430],[136129,645695],[134614,645511],[134443,645086],[134463,645056],[134942,644347],[134910,644300],[133613,642710],[133477,642647],[133457,642519],[133304,642331],[133077,641501],[132964,641371],[132130,641164],[131762,641103],[131124,640000],[131115,639984],[130970,640000],[130568,640043],[129325,640274],[128902,640702],[128348,640494],[128278,641153],[128277,641193],[128266,641259],[128121,641232],[126747,641580],[126706,641601],[127198,642247],[127193,642891],[127419,643481],[127548,643582],[127284,644763],[127429,644827],[127648,644892],[127642,645000],[127811,645500],[128074,645679],[128047,645963],[128317,646362],[128817,646828],[129274,647778],[129334,647866],[130100,647990],[131160,647875],[131246,647840],[131348,647963],[131647,648178],[131686,648206],[131779,648479],[132086,648847],[132203,648681],[131882,650470],[132071,650336],[131758,651161],[131706,651451],[131194,652648],[131186,652672],[131182,652678],[130722,653752],[130062,654517],[129892,654796],[129708,654926],[129316,655380],[129341,655756],[129263,655415],[129008,655422],[128968,655450],[128892,655425],[128794,655427],[128613,655464],[128558,655433],[128330,655439],[128321,655424],[127464,655501],[127449,655508],[127500,655624],[127855,656333],[127614,657002],[127641,657028],[128064,657316],[128239,658347],[129181,658629],[129377,659104],[129945,658949],[130862,659857],[131978,660299],[132752,660511],[132804,661040],[133407,661267],[133428,662152],[133014,662364],[133024,662555],[133032,662772],[131672,662508],[130788,662970],[130495,662870],[129882,662860],[128895,663318],[127543,663098],[127412,662848],[127342,662819],[127173,662396],[125970,660113],[125950,660000],[125734,658801],[125722,658783],[125273,658488],[125074,657885],[122762,654680],[122340,654319],[120507,652978],[120000,652724],[118832,652138],[118694,651651],[118049,651180],[117884,651090],[116585,651818],[116791,652163],[116576,652281],[116380,652418],[116398,652728],[116408,652800],[116435,652989],[116415,652998],[116422,653112],[115946,653188],[115703,653673],[115945,653931],[116001,653972],[116079,653688],[116299,653787],[116305,653782],[116308,653791],[116360,653815],[116527,654352],[117145,654799],[117519,655012],[117471,655130],[117570,655529],[117894,655781],[117847,656097],[117272,656371],[117068,656488],[117677,658066],[117778,658300],[118514,658709],[118618,658955],[120017,659906],[120167,659955],[120102,660000],[120000,660069],[119892,660143],[119606,660420],[119633,660534],[120000,661182],[120418,661920],[120419,661946],[120652,662256],[120685,663343],[120354,663879],[120000,663824],[119741,663869],[118855,664608],[119104,664556],[119143,664883],[120876,666315],[120875,666319],[120788,667018],[121062,667244],[120856,667499],[120955,667924],[121067,668091],[120484,668408],[121023,668617],[120963,668758],[121026,668798],[120890,668930],[120849,669025],[121142,668985],[121041,669370],[121247,669700],[121440,669922],[120942,669780],[121461,670114],[121307,671117],[122504,671364],[122582,671448],[122626,671457],[122628,671460],[122631,671461],[122679,671551],[122960,671851],[123288,671492],[123285,671478],[123562,671184],[123780,670884],[123820,670952],[124962,671450],[125259,671493],[125357,671703],[127230,673296],[127625,673299],[127540,673547],[127560,673576],[127738,673727],[127977,673778],[128769,674595],[129395,674903],[129833,674328],[128720,672439],[128702,670985],[127971,668691],[128459,667598],[128716,667572],[128609,667292],[129281,667534],[129591,667178],[129088,668602],[129687,669378],[129664,670245],[130399,671047],[130742,672127],[130105,672906],[132418,673123],[133170,673675],[133171,674210],[134041,674860],[134925,675277],[135203,675624],[135304,675676],[135510,675957],[136719,676860],[136724,676860],[136799,676977],[137144,677135],[137931,678389],[138300,678114],[139371,678176],[140000,678857],[140119,678986],[141394,678908],[142348,679364]]],[[[170705,679498],[169839,677931],[169364,677115],[169290,677210],[169260,677302],[169237,677292],[169192,677380],[169146,677324],[169024,677254],[168983,677279],[168738,677766],[168734,677848],[168707,677829],[168645,677952],[168695,678105],[169751,679903],[170331,679328],[170827,680000],[171079,680341],[171159,680406],[170956,680000],[170705,679498]]],[[[158103,682259],[158079,682241],[158086,682254],[158103,682259]]],[[[172108,682330],[172082,682251],[172324,682315],[171993,682095],[172086,682328],[172108,682330]]],[[[318928,682702],[319256,682537],[319000,682642],[318807,682453],[318746,682441],[318928,682702]]],[[[329457,682700],[329650,682193],[329011,682932],[329279,683126],[329457,682700]]],[[[133790,686625],[133521,686563],[133618,686825],[133790,686625]]],[[[133887,686716],[133906,686648],[133643,686824],[133707,686832],[133887,686716]]],[[[134357,687054],[134661,686594],[134627,686612],[133995,687001],[134031,687026],[134359,686934],[134315,687054],[134271,687174],[134357,687054]]],[[[360342,687565],[360230,687170],[360079,687467],[360342,687565]]],[[[133637,688901],[134494,688565],[133556,688655],[133531,688810],[133637,688901]]],[[[137275,689712],[137427,689598],[137432,689599],[137440,689603],[137590,689660],[137760,689633],[137850,689302],[137779,688668],[137735,688648],[137522,689002],[137376,688896],[136564,688734],[136420,688756],[135950,687478],[134803,686923],[134845,687524],[135030,688231],[134511,688565],[134624,688903],[133745,689104],[134100,689174],[134016,689327],[135670,689631],[136236,689468],[136782,689792],[137275,689712]]],[[[137681,689793],[137670,689790],[137375,689810],[137681,689793]]],[[[287274,691572],[286787,691431],[286980,692145],[287281,692227],[287303,691590],[287303,691587],[287274,691572]]],[[[365271,699808],[366282,698840],[365516,699087],[365271,699808]]],[[[178858,699141],[177967,698569],[178047,698704],[179121,700051],[179108,700000],[179067,699837],[178858,699141]]],[[[365244,700000],[365370,699824],[365166,699905],[365107,700055],[365184,700072],[365226,700026],[365244,700000]]],[[[142812,699958],[143210,699756],[141101,696458],[140791,695174],[140153,694680],[140000,694580],[139401,694189],[139676,694023],[139140,693489],[138857,693383],[138932,693282],[138914,693265],[138918,693260],[138909,693252],[139668,692241],[139265,691710],[139497,691528],[139385,691232],[137350,689966],[137154,691184],[136572,690704],[136676,690446],[135962,690263],[135770,690567],[135371,690522],[135182,690774],[135961,691470],[135655,691748],[134960,691257],[133581,690968],[133587,691103],[133721,691210],[134317,691322],[134284,691657],[134656,691953],[135134,692170],[135080,692358],[135139,692699],[135628,692852],[135189,692993],[135258,693393],[135823,693745],[135181,694010],[135362,694062],[135574,694061],[135637,694499],[135662,694515],[136153,694753],[135485,695075],[135666,695275],[135789,695357],[135926,696053],[136744,696853],[136748,696857],[136739,696917],[136902,697087],[137146,696994],[137342,697445],[138225,697794],[138184,697958],[138167,698339],[138241,698372],[139110,698252],[139727,697874],[139829,697778],[139814,697820],[139901,697767],[140000,697859],[140492,698312],[140342,698659],[140287,698993],[140550,699270],[140245,699270],[140214,699473],[140219,699538],[140290,699620],[140677,699803],[140865,699724],[140889,699781],[141003,699756],[141034,699971],[141094,700000],[141529,700205],[141667,700213],[142355,700868],[142183,701006],[142267,701116],[142357,701134],[142905,700256],[142824,700000],[142812,699958]]],[[[169807,701281],[170544,699883],[170665,699095],[170942,699067],[170860,698522],[170543,698541],[170438,698217],[170820,697115],[170826,697093],[170222,696596],[170131,696013],[166218,690236],[166138,689277],[165633,688900],[165360,688302],[165296,688223],[165026,687570],[164704,686865],[164342,686721],[164329,686970],[163670,686526],[161721,682157],[161630,682074],[160770,681988],[160755,681926],[160705,681959],[160634,681394],[160292,679893],[160000,679415],[159645,678835],[159648,678427],[159980,678601],[157819,674803],[157616,673440],[157636,673412],[157636,673410],[157685,673357],[157727,673312],[157929,673080],[156982,671930],[157389,673298],[156989,673471],[156396,673174],[156236,672504],[156181,672374],[156197,672339],[156172,672234],[156262,672074],[155945,670678],[155700,671110],[155053,671318],[154848,671235],[154563,671289],[153873,670879],[153858,670833],[153809,670813],[152686,667219],[152700,667194],[152698,667190],[153013,666723],[153350,666211],[152477,665298],[152543,664729],[151630,662616],[151469,662610],[150636,662718],[150377,663081],[150024,662797],[149812,662824],[148770,663363],[147154,663168],[147130,663171],[146793,663898],[145395,664459],[144139,667345],[144261,668313],[144016,668995],[144003,669176],[144416,670919],[143831,671893],[143835,671910],[144148,672615],[144148,672621],[144132,673086],[144622,674982],[145489,675584],[145897,676693],[148126,679434],[148241,679457],[148667,679986],[149305,679899],[149466,680000],[149754,680181],[150545,680259],[150569,680219],[150673,680243],[150674,680240],[150755,680266],[150839,680288],[151342,680337],[151499,680210],[151505,680205],[151671,680072],[152087,680302],[152428,680360],[152548,680455],[153748,680572],[153840,680545],[153844,680546],[153926,680582],[154155,680534],[154303,680626],[155512,680745],[155717,680625],[156570,681232],[157187,681550],[157221,681642],[157584,681839],[157666,681488],[157975,682051],[158352,682255],[158377,682238],[158380,682239],[158487,682300],[158756,682455],[159984,682823],[159639,683235],[159878,683918],[159681,684195],[158954,682948],[158780,682802],[158229,682715],[158154,682585],[158141,682591],[158137,682587],[158128,682572],[157759,682043],[157644,682085],[157576,682302],[157804,682525],[157492,682570],[157490,682576],[157728,683203],[157407,682971],[157366,682975],[157346,683037],[157475,683237],[157218,683448],[157138,682999],[157115,683001],[157065,682551],[156676,682844],[156571,682710],[156360,682652],[156336,682786],[156206,682611],[155959,682544],[155877,682644],[155723,682361],[155354,681852],[155389,681751],[155337,681655],[155306,681694],[155186,681385],[154838,681308],[154891,681586],[154730,681499],[154729,681503],[154405,681307],[154158,681166],[154277,681363],[154072,681374],[154042,681446],[153706,681419],[153417,681585],[153051,682093],[153019,682073],[153001,682100],[152998,682098],[152996,682102],[152771,681954],[152257,682248],[152164,682443],[151890,682457],[150965,682987],[150888,683065],[150437,682914],[150150,682836],[150419,683321],[150716,683838],[150690,683923],[152469,687177],[152647,687259],[152995,687364],[153067,688272],[153625,689293],[154049,689780],[154057,689785],[156215,690974],[156518,691334],[156928,691683],[156946,691840],[157348,692317],[158182,692948],[158600,693068],[160000,694172],[160044,694207],[160619,694420],[160863,694457],[160964,694582],[162314,695118],[162378,695119],[162376,695168],[163231,696571],[163602,696648],[163593,696728],[163804,697471],[163884,697524],[164383,697349],[164462,697202],[164635,697203],[164742,697090],[164793,697203],[164796,697204],[166505,698649],[166590,698513],[166623,698602],[166631,698590],[166665,698716],[166702,698816],[167263,699290],[167335,699311],[167321,699353],[167340,700113],[167730,700127],[167973,700078],[167962,700119],[167968,700118],[167964,700135],[167982,700136],[167958,700218],[168752,700232],[168832,700154],[169123,700415],[169012,700619],[168880,701131],[169200,701246],[169807,701281]]],[[[179595,702388],[178982,701600],[179140,702259],[179443,702375],[179595,702388]]],[[[181107,702903],[179379,700606],[179361,700610],[179874,701677],[180000,701881],[180215,702230],[181107,702903]]],[[[112152,702966],[112188,702894],[112145,702916],[112095,702942],[112141,702988],[112152,702966]]],[[[180206,702997],[180185,702972],[180791,704191],[180945,704381],[180950,704375],[180206,702997]]],[[[171733,705414],[172117,704363],[172121,703422],[172110,703359],[171637,703239],[171581,703306],[171436,703509],[171424,703498],[171398,703529],[170306,702498],[170166,702499],[167862,702728],[167604,702820],[167721,704585],[167919,704668],[168062,704570],[168120,704633],[168149,704622],[168196,704716],[168294,704824],[168443,704885],[168503,705297],[170027,706295],[170929,706617],[171049,706794],[171310,706901],[172024,705985],[171733,705414]]],[[[169361,707919],[169154,707686],[169295,708048],[169361,707919]]],[[[176381,709949],[176448,709584],[176706,709855],[177161,709522],[177457,709191],[177282,707777],[177526,707443],[176056,706180],[176072,707362],[175937,707486],[175701,707778],[175956,708634],[176381,709949]]],[[[164358,709765],[163471,709291],[163850,709702],[164505,710308],[164358,709765]]],[[[170139,710842],[169672,710185],[169004,710279],[169017,710296],[170099,710863],[170156,710872],[170139,710842]]],[[[171024,710058],[170862,709614],[170822,709623],[170870,709366],[170908,709370],[171101,708688],[170980,708070],[171504,707271],[170780,707197],[170512,708440],[170459,708391],[170442,708466],[169992,707970],[169711,708349],[170142,709044],[170252,708997],[170261,709225],[170427,709270],[170731,709298],[170636,709840],[170673,709901],[170832,709858],[171376,711026],[171376,711018],[171034,710083],[170961,710064],[171024,710058]]],[[[173009,711268],[173024,710630],[173017,710683],[172955,711268],[172969,711290],[173009,711268]]],[[[169633,711387],[169553,710901],[169325,711184],[169633,711387]]],[[[167527,711813],[165997,711370],[166395,712340],[166734,712447],[167563,712564],[167532,711830],[167527,711813]]],[[[171494,712639],[171284,712632],[171287,712654],[171432,712867],[171494,712639]]],[[[176580,713987],[175862,712296],[175842,712292],[175827,712326],[175780,712921],[175681,712651],[175587,712863],[176580,713987]]],[[[175637,712316],[175631,711963],[175938,712018],[175958,711998],[175252,709440],[174762,708884],[175117,708523],[174750,707663],[174844,707300],[174608,707399],[174836,706990],[174534,705685],[174441,705673],[174055,706010],[173755,706733],[173725,707811],[173207,708195],[173348,708744],[173008,708883],[172834,709004],[173603,711166],[173616,711179],[173637,711263],[173929,712084],[173917,712153],[174780,714581],[174860,714486],[175194,713740],[175038,712851],[175341,712609],[175637,712316]]],[[[134285,716766],[134188,716727],[134211,716828],[134264,716843],[134285,716766]]],[[[173967,716957],[173662,716859],[173547,716933],[173381,716815],[173342,716814],[173779,717319],[173862,717270],[173967,716957]]],[[[131100,717583],[130844,717305],[130707,717384],[130762,717734],[130929,717678],[131100,717583]]],[[[124346,719406],[124426,718980],[124066,719354],[124090,719358],[124352,719307],[124337,719404],[124346,719406]]],[[[128712,719606],[128564,719417],[128527,719699],[128870,719813],[128712,719606]]],[[[172842,718895],[172807,718860],[172815,718904],[173287,719781],[173513,719879],[173534,719836],[172842,718895]]],[[[178406,720471],[178097,718422],[178046,718324],[178018,718092],[177980,717942],[177531,717611],[177257,717823],[176624,717022],[176634,717017],[176612,717002],[176913,716881],[177184,715960],[177300,715548],[176938,715383],[176927,715430],[176762,715376],[176689,715555],[176311,715228],[176407,714708],[175653,714004],[175592,714019],[175071,714893],[174919,715194],[175176,715188],[174989,715637],[175206,716780],[175234,716867],[174730,717238],[174656,717231],[174011,717665],[174000,717695],[174450,717900],[174720,718518],[176225,720197],[176328,720269],[176369,720223],[176404,720150],[176378,720049],[176455,720000],[176485,719980],[176727,719475],[176924,719579],[176983,719510],[176608,719185],[176582,718934],[176856,719245],[176709,718870],[177285,719408],[177321,719089],[177415,719645],[177487,719738],[177813,720000],[177859,720037],[177887,720058],[177917,720082],[178406,720471]]],[[[130582,720000],[130125,718782],[129717,718926],[129545,719208],[129590,719614],[129420,719414],[129400,719446],[129149,719097],[129141,719088],[129067,719112],[128930,719393],[128719,719264],[128735,719299],[129098,719877],[129173,719997],[129199,720000],[129367,720020],[129342,720266],[129541,720585],[129743,720599],[130710,720342],[130582,720000]]],[[[130306,724930],[129889,724248],[130110,724905],[130242,724986],[130306,724930]]],[[[127569,722295],[126618,721499],[126079,721676],[125471,721893],[126159,722975],[126241,723056],[126452,723191],[126442,723255],[126730,723539],[126633,723720],[126688,723806],[126690,723809],[126466,724030],[126268,724398],[126318,724434],[126314,724435],[126317,724437],[126232,724466],[126224,724481],[126410,724844],[128524,725983],[128812,726013],[129090,726261],[129124,726230],[128230,723290],[127569,722295]]],[[[184343,730790],[184337,730146],[183871,729567],[182453,728244],[182461,728155],[182119,727648],[181780,727432],[181836,727229],[181036,726043],[180784,725724],[180583,725632],[180242,725485],[180672,726375],[180596,726378],[180028,726798],[178533,726686],[178611,726901],[179181,727881],[179537,727947],[179494,728420],[179586,728577],[180000,728562],[180070,728559],[180255,729698],[180298,729695],[181519,729565],[181867,729862],[182569,729926],[182770,729900],[183400,730242],[183435,730388],[183808,730636],[183883,730632],[184184,731200],[184369,731360],[184881,730917],[184403,730818],[184401,730801],[184343,730790]]],[[[173494,733019],[173483,732767],[173308,733028],[173494,733019]]],[[[132685,735337],[132326,735051],[132456,735314],[132400,735349],[132609,735972],[132648,736010],[132677,735841],[132685,735337]]],[[[143712,735126],[143486,734855],[143396,735181],[143341,735696],[144173,736088],[144351,735889],[143918,735372],[143671,735267],[143712,735126]]],[[[138098,736542],[138072,736536],[137400,736580],[137213,736790],[137222,737122],[137241,737453],[137335,737419],[138098,736549],[138098,736542]]],[[[139076,738213],[139017,737906],[138781,737987],[138774,738027],[139076,738213]]],[[[148802,737657],[148759,737589],[147521,737771],[147957,738175],[148229,738386],[148290,738358],[148802,737657]]],[[[183994,738434],[184084,738263],[183906,738182],[183975,738386],[183603,738047],[183994,738434]]],[[[124754,739186],[124059,738315],[124232,738896],[124602,739120],[124754,739186]]],[[[179261,739136],[179041,739100],[179235,739240],[180055,739584],[180101,739565],[180068,739532],[180000,739499],[179261,739136]]],[[[172580,740457],[172560,740447],[172500,740491],[172547,740674],[172580,740457]]],[[[136716,742116],[137092,741244],[137188,741356],[138258,741678],[138259,741672],[137604,740816],[137126,740428],[136944,740000],[136899,739894],[136617,739525],[136556,740000],[136485,740554],[135983,740432],[135976,740419],[135730,740385],[135720,740436],[135455,740347],[135238,740317],[135229,740368],[135225,740414],[135202,740646],[135185,740626],[135173,740693],[135156,740590],[134984,740369],[134914,740414],[134961,741466],[135104,741401],[135221,741726],[135323,741377],[135566,741734],[135406,742188],[136000,742194],[136680,742183],[136716,742116]]],[[[135054,742220],[135223,741800],[134984,741994],[134993,742207],[135054,742220]]],[[[140595,742006],[141406,741257],[141478,741294],[141861,740979],[142038,740591],[142209,740541],[142781,740199],[142820,740043],[142873,740144],[142890,740133],[143186,740726],[143192,740719],[143598,740000],[143817,739613],[144303,740000],[144324,740014],[144329,740000],[144322,739271],[144580,739016],[144759,739275],[144950,738943],[145012,738724],[144941,738700],[144226,738572],[144244,738434],[143823,737905],[142106,738362],[141426,738091],[141729,738077],[141186,737729],[141112,737731],[141104,737795],[141279,738144],[141066,738076],[140990,738635],[141014,738662],[140933,739052],[140931,739057],[140920,739051],[140909,739051],[140915,739111],[140651,739032],[140077,738990],[140073,738989],[139949,738821],[138872,738496],[138705,738770],[138656,738688],[138640,738711],[138571,739067],[138723,739154],[137258,739984],[137270,740000],[138287,741510],[138292,741483],[138515,741702],[138594,741779],[139070,741923],[139567,741589],[139595,741656],[139620,741642],[139617,741710],[139796,742142],[140150,742249],[140331,742235],[140595,742006]]],[[[127346,740992],[127261,740956],[127445,741615],[127939,742436],[127949,742505],[128030,742598],[127884,741671],[127346,740992]]],[[[190714,742838],[190434,742374],[189815,742482],[189807,742730],[189548,742565],[190046,743304],[190096,743332],[190678,743443],[190897,743315],[190714,742838]]],[[[129988,743670],[129940,743647],[129685,743761],[129949,744231],[129980,744186],[129988,743670]]],[[[189273,745936],[187428,743578],[185623,741726],[184545,740000],[184241,739513],[182577,738670],[182117,738108],[178418,735686],[178398,735687],[179336,736696],[179843,737228],[180000,738100],[180283,739680],[180355,739710],[180428,739461],[181442,740000],[182709,740674],[182735,740732],[183193,741215],[183378,741167],[184018,741996],[184792,742814],[185015,743136],[186802,745020],[186938,745071],[187022,745450],[186833,745483],[186831,746085],[186836,746105],[187249,745802],[187262,745624],[187264,745515],[187268,745518],[187287,745257],[187810,745446],[187672,745104],[188957,746025],[189364,746192],[189273,745936]]],[[[107354,746231],[107488,746090],[107471,746092],[107333,746226],[106967,746148],[107139,745678],[107103,745706],[106879,746238],[107070,746482],[107354,746231]]],[[[191799,748547],[191443,748128],[191136,749283],[191161,749400],[191307,749506],[192300,749991],[192544,749973],[192486,749823],[191799,748547]]],[[[109563,748742],[109516,747252],[109307,747143],[108934,747128],[108554,747646],[108533,747481],[108530,747486],[108453,747276],[108335,747227],[108290,747281],[108284,747207],[107998,747091],[107775,747522],[107525,747416],[107645,747079],[107584,747077],[107419,747219],[107123,746934],[106228,747539],[104626,747193],[103951,746000],[103984,745997],[103968,745978],[104016,745995],[104381,745966],[105064,745179],[104390,744759],[103932,743355],[103091,743687],[102879,743428],[102694,743757],[102474,743511],[102380,743585],[102298,743720],[102256,743683],[102082,743820],[102000,743637],[101958,743674],[101900,743416],[101856,743322],[101758,743956],[100513,743804],[100144,743464],[99999,743423],[99986,743392],[99946,743379],[99632,742993],[98657,742093],[98698,741793],[98558,739536],[98528,739454],[98552,739436],[98513,738813],[98295,738734],[97034,738714],[96956,738780],[96117,738801],[95728,740000],[95611,740360],[94747,740695],[94142,740623],[93891,740210],[93306,739980],[93272,739982],[93272,740001],[93419,741019],[93998,741690],[93612,742164],[93601,742276],[93797,743628],[93959,744008],[93552,744300],[93769,744871],[93519,745437],[93352,745417],[93272,745668],[93311,745777],[93237,745780],[93228,745806],[93228,745809],[93001,745788],[92527,745805],[92602,745887],[93293,746095],[93499,746068],[93643,746425],[94109,747221],[94297,747258],[94294,747405],[94558,747577],[94589,747582],[94929,747643],[95391,747582],[95690,748429],[95961,748448],[96498,748399],[96522,748417],[96576,748413],[96667,748499],[96833,748511],[97009,748305],[97023,748262],[97029,748260],[97052,748254],[97268,748000],[98053,748456],[98461,747948],[98350,747673],[98354,747674],[99096,747619],[99266,747893],[99600,747047],[100000,747005],[100403,746963],[101282,747591],[101286,747722],[102138,748281],[102174,748281],[102255,748357],[103368,749087],[103768,749046],[103985,749408],[104951,748768],[105151,748434],[105765,748656],[105680,749056],[105835,748594],[106339,748573],[106669,749125],[106774,749257],[107574,749564],[107973,750534],[108219,750056],[108613,749151],[109563,748742]]],[[[115785,751226],[115595,751143],[115594,751418],[115785,751226]]],[[[110711,751772],[110817,751518],[110870,751294],[109322,750947],[109326,751006],[109798,751390],[110099,751449],[109938,751504],[109944,751509],[110035,751540],[110557,751720],[110580,751718],[110578,751721],[110711,751772]]],[[[195113,753584],[195091,753569],[195550,754314],[195464,753823],[195113,753584]]],[[[151773,755083],[151925,754880],[151578,754943],[151773,755083]]],[[[151951,755430],[152607,754169],[151966,754577],[151942,754599],[152159,754867],[151953,755391],[151947,755435],[151951,755430]]],[[[122641,755679],[122452,755249],[122322,755397],[122324,755492],[122641,755699],[122641,755679]]],[[[147205,759139],[147932,757848],[147952,757839],[147961,757798],[149586,757100],[150748,757038],[151158,755927],[151187,755841],[150430,755112],[151222,754277],[151426,754062],[151482,754004],[151744,754327],[152299,754026],[152649,753763],[153747,751214],[154420,750370],[155096,750211],[155209,749902],[155356,749352],[155158,748867],[155069,748909],[155138,748821],[155074,748663],[155556,747848],[155587,748171],[155714,748013],[155960,747091],[155969,746522],[156271,745927],[156448,745267],[156326,744918],[155652,744804],[155697,744790],[155655,744793],[155710,744786],[156345,744592],[157026,743221],[157619,743521],[157640,743588],[158199,743562],[158669,743162],[158666,743107],[158728,743111],[158632,743078],[158785,743063],[158937,742933],[160000,743348],[160238,743441],[160913,743401],[161692,743234],[162130,743309],[162581,743242],[163673,742322],[163700,742284],[163934,741839],[164060,741781],[164095,741732],[164144,741743],[164755,741465],[164883,742684],[165415,742328],[166076,742344],[166528,742327],[167042,741293],[167467,740934],[167743,740453],[167658,740323],[167747,740137],[167715,740123],[167749,740133],[167812,740000],[168104,739389],[169715,738477],[170290,738600],[170353,738589],[170359,738615],[171054,738764],[171656,737923],[171382,737630],[171496,737521],[171488,737502],[171725,737258],[171749,737235],[172130,736845],[172323,736988],[173346,735557],[173116,734940],[173636,735141],[173660,735109],[173587,734854],[174437,734461],[174606,735241],[174903,735338],[175053,735377],[175058,735361],[174867,731780],[174707,731704],[174399,732156],[174153,731977],[173843,732264],[173812,732364],[174187,732735],[173458,733199],[173291,733720],[172971,733229],[172762,733198],[172668,732346],[172313,732236],[172528,732245],[172386,731965],[172731,732281],[172750,732931],[172877,733049],[173275,733029],[173478,732639],[173423,731330],[173869,731671],[173931,731430],[173960,731026],[174505,731246],[174742,730894],[174794,730794],[174674,730518],[173927,729129],[173796,729086],[173791,728876],[172989,727385],[172948,727349],[172732,727580],[172645,727696],[172621,727697],[172578,727743],[171712,727799],[170676,728221],[170644,728248],[170659,728492],[170991,729906],[171128,729982],[171172,730624],[171208,730830],[171203,730830],[171205,730839],[171187,730840],[171190,730890],[170493,730942],[170436,730706],[170199,730667],[170042,730948],[169481,730652],[168890,730890],[168891,730886],[169030,730364],[169300,730145],[169798,728911],[169797,728897],[169767,728876],[168707,728632],[168403,728789],[168080,727334],[168000,727251],[166800,726370],[165849,725973],[165876,725863],[165778,725814],[165900,725771],[165907,725743],[165956,725751],[165941,725739],[165974,725745],[166285,725635],[168132,726090],[168230,726166],[169420,726909],[170882,727401],[171573,727377],[172077,727293],[172152,727276],[172158,727040],[171904,726014],[171798,725848],[170346,724504],[169776,724217],[168602,722904],[168513,722855],[166710,722022],[166305,721622],[165164,720986],[164525,720769],[163515,720426],[163186,720360],[163320,719999],[162957,719771],[159664,721134],[159633,721163],[160000,721315],[160425,721491],[161283,722322],[161314,722447],[161460,722762],[161546,722907],[162057,723368],[162164,723400],[162158,723458],[162231,723524],[162225,723555],[162426,723669],[162331,723944],[162482,723995],[162238,724212],[162097,724619],[161670,724785],[161219,724535],[161132,724595],[161225,724721],[160701,724898],[160609,724962],[160589,724936],[160575,724941],[160583,724929],[160459,724769],[160000,724682],[159888,724661],[159884,724660],[159715,724680],[159620,724266],[159607,724260],[158972,724011],[158720,723693],[158430,723519],[157752,722476],[156823,721307],[156616,721265],[154133,721469],[153610,721635],[153595,721642],[153594,721639],[153365,721373],[150425,718911],[149865,718532],[147798,719665],[147764,719698],[147660,719645],[145062,719228],[144782,719245],[143695,717941],[143658,718447],[143070,718062],[142614,718185],[142805,718385],[142418,718300],[142259,718662],[141790,718409],[141176,718575],[141113,718651],[141081,718601],[141000,718623],[141056,718801],[140481,718892],[140392,718788],[140280,718818],[140299,718994],[140192,718842],[140115,718863],[140150,718961],[140044,718882],[140006,718892],[139675,718708],[139128,718836],[138581,718136],[138578,718133],[138542,718423],[138175,718305],[137745,718576],[137720,718573],[137646,718619],[137381,718786],[137379,718784],[136955,718535],[136029,716169],[135751,716933],[135814,716962],[135810,716961],[135816,716964],[135743,716957],[135726,717003],[135792,717257],[135659,717186],[135646,717222],[135637,717220],[135641,717226],[135629,717218],[135184,717096],[135087,717227],[134932,717026],[134617,716940],[133923,717396],[133544,716645],[133523,716639],[133152,717105],[133127,717041],[132624,716966],[132123,717273],[132027,717381],[132027,717512],[132294,718223],[132539,718425],[132185,718660],[132175,718680],[132163,718681],[132004,718780],[131922,718699],[130915,718772],[131051,719616],[130835,720000],[130754,720145],[131178,721002],[131313,720990],[131216,721079],[131234,721114],[131013,721271],[131008,721269],[130129,720863],[129916,721076],[130204,721498],[129919,721549],[130167,721757],[129551,721588],[129433,721583],[129923,722047],[129740,722632],[130071,723415],[130179,723410],[130212,723747],[130886,725342],[131168,725293],[131087,725507],[131454,725374],[131360,725589],[131514,725543],[131691,725380],[131835,725554],[131857,725572],[132498,725481],[133348,725057],[133532,725193],[133925,725021],[134091,724875],[134204,725238],[134688,725170],[134724,725161],[134981,724325],[135001,724324],[135146,723874],[135220,724308],[136020,724249],[136043,724122],[135947,723975],[136262,722878],[136269,722842],[135495,722903],[135138,723243],[134883,722938],[134393,722977],[134477,722962],[134387,722968],[135562,722757],[135782,722696],[136176,722146],[137654,722174],[137692,722163],[138121,721768],[138446,721925],[138440,721930],[137875,722535],[137932,722974],[138188,723399],[138013,723728],[137685,723497],[137679,723560],[137746,723635],[137659,723757],[137551,724844],[137560,724858],[137590,724854],[139240,724201],[139637,723616],[140000,723823],[140079,723868],[140723,723613],[141085,723428],[141153,723521],[141660,723651],[141948,723612],[141451,724021],[141527,724117],[141920,724363],[143139,723816],[144106,723813],[144107,723920],[144856,724236],[144920,724249],[144918,724278],[144922,724279],[144901,724816],[146263,724322],[146544,724215],[146545,724243],[146656,724471],[146869,724631],[146914,724635],[147261,724613],[147271,724633],[147288,724632],[147303,724663],[147393,724670],[147426,724913],[147537,725136],[147772,725313],[148224,725511],[148522,725587],[149011,725707],[149011,725713],[149022,725715],[149014,725769],[149330,725837],[149424,725843],[149442,725829],[149496,725848],[149693,725861],[150101,726002],[151898,726387],[151901,726391],[151903,726388],[151913,726409],[152936,727878],[152896,728140],[152534,727985],[152340,728392],[152293,728874],[152451,728895],[153009,728583],[153167,728755],[153342,728345],[153881,728479],[154012,728375],[154292,728581],[154440,728618],[154393,728656],[154454,728701],[154357,728685],[154192,728816],[154417,729035],[154526,729112],[154431,729049],[154479,729096],[154146,728876],[154030,729006],[154330,729158],[153912,729148],[153908,729144],[153894,729159],[153514,728772],[153471,728806],[153038,729578],[152379,729388],[152124,729506],[151842,729754],[150746,729238],[149456,727795],[149428,727800],[149179,727918],[149450,728376],[148701,728734],[148355,728000],[146524,726963],[145396,726948],[144148,727187],[143685,726934],[143644,726934],[143233,726685],[143175,726653],[143023,726574],[141041,726401],[140984,726407],[140180,727957],[140476,729382],[140995,729934],[142432,731060],[142901,731270],[144046,732274],[144180,732719],[144765,734036],[144978,734189],[144901,735066],[145392,735207],[145580,735893],[146171,736346],[146322,736411],[146904,736295],[148435,735936],[148583,735961],[149152,735848],[150239,736177],[150410,736426],[151880,737668],[152614,737867],[153047,738596],[153089,738660],[153088,738663],[153090,738666],[153116,738711],[153390,738942],[153672,738944],[154010,739429],[154042,740000],[154049,740134],[153873,740518],[153874,740574],[153841,740588],[153510,741306],[153111,741426],[151856,740352],[151656,740211],[150466,740159],[150133,740000],[148952,739436],[148720,739387],[147523,739451],[146618,738937],[146164,738840],[145778,739168],[145774,739127],[145556,739310],[145487,739521],[145448,739877],[145325,739774],[145081,739803],[144998,739895],[144994,739813],[144595,739860],[144591,739887],[144856,740334],[144941,740104],[144888,740388],[145039,740642],[145389,740936],[145000,741240],[144755,741789],[144781,741950],[144540,742064],[144435,742264],[144125,742363],[143356,742935],[143427,743136],[142870,743511],[142832,743324],[142272,743740],[142228,743848],[142159,743824],[141449,744352],[141343,744489],[141206,744533],[140352,745167],[140266,745427],[140031,745406],[139990,745436],[139987,745438],[139599,745388],[138987,745313],[138045,745229],[138021,745194],[136745,745038],[136453,745061],[135965,745724],[135130,745707],[134787,746145],[133968,746288],[133495,746538],[133250,746798],[133386,747842],[133460,748301],[133702,748633],[134648,748889],[135565,749022],[135569,749024],[135568,749026],[136055,749898],[136578,750548],[137261,751025],[136846,751469],[135859,751068],[135444,751037],[135082,751133],[134760,754399],[135456,753825],[136233,754196],[137621,753978],[137754,753830],[137969,753882],[137974,753878],[137981,753885],[138484,754008],[138511,754451],[138518,754458],[138514,754501],[138527,754707],[138689,754931],[139013,754728],[139082,754897],[139269,754701],[139528,754366],[139767,754332],[140210,753941],[140315,753535],[140349,753819],[141140,753123],[142051,751740],[142075,751727],[142085,751712],[142083,751723],[142558,751490],[142698,751676],[142713,751670],[142907,751239],[142995,751745],[142286,752261],[141288,753400],[140860,753890],[140882,753941],[141404,753734],[141329,753833],[141599,753636],[140751,754920],[140882,757062],[140937,757068],[141082,756952],[141086,756953],[141113,756965],[142634,755925],[142556,756089],[142772,755888],[142800,755858],[142795,755866],[142801,755861],[142051,757220],[142371,756982],[142518,756854],[142515,756860],[142517,756874],[142617,756800],[142525,756917],[142693,757920],[142704,757943],[144665,757758],[144680,757810],[146378,758791],[146501,758751],[146862,758614],[146899,758748],[147124,759186],[147205,759139]]],[[[162874,758904],[161674,757795],[161344,758933],[161343,758952],[162244,759881],[162367,759775],[162874,759003],[162874,758904]]],[[[159427,759974],[159773,759172],[159886,759188],[160000,759144],[160479,758956],[160749,758718],[160228,758596],[160108,758608],[160000,758993],[159750,758948],[160000,758654],[160033,758615],[160000,758619],[159502,758669],[159442,758675],[159274,759165],[159179,758727],[158985,758722],[158034,758820],[157997,758901],[158224,759326],[158618,759847],[158650,759757],[158586,758869],[158792,759355],[158836,759232],[158839,759237],[159169,759655],[159262,759532],[159389,759891],[159427,759974]]],[[[161283,760000],[160974,759837],[160939,759946],[160928,760000],[160913,760074],[161232,760025],[161283,760000]]],[[[176035,760366],[175958,760345],[175640,760385],[175622,760458],[175810,760696],[176035,760366]]],[[[158783,761472],[158495,761173],[158543,761989],[158783,761472]]],[[[127399,763987],[127352,762533],[127125,762674],[127126,762559],[126733,761448],[126311,760846],[126299,760631],[125646,759471],[125008,758709],[124912,758740],[124918,758503],[124613,757635],[124463,757369],[124324,757358],[124079,757380],[124128,757251],[124121,756864],[123706,756332],[123661,756285],[122940,757085],[122292,758521],[122108,758931],[122544,757670],[122577,755971],[121987,755732],[121970,755542],[121723,755281],[121674,755320],[121501,755046],[121424,754965],[121276,755219],[121356,754893],[121299,754833],[121070,754846],[120941,754453],[120486,753972],[120494,754043],[120235,754029],[120176,754318],[120000,754192],[119849,754084],[119718,753181],[119694,753180],[119663,753186],[119305,753278],[119221,753180],[118992,753184],[118990,753199],[118995,753250],[119028,753262],[118999,753288],[119001,753307],[118974,753328],[118944,753561],[118785,753477],[118767,753493],[118937,753836],[118068,753202],[117662,753210],[117638,753611],[116929,752127],[116911,752256],[116869,752755],[116607,752642],[116459,752902],[116576,753334],[116248,753973],[116442,754223],[116222,754023],[116189,754086],[115861,753701],[115779,753064],[115518,752562],[115469,752584],[115314,752169],[115219,751987],[115060,752010],[114832,752377],[114906,752530],[114699,753117],[113318,753254],[112921,752973],[112836,752968],[112823,752904],[112593,752742],[112484,751262],[111679,751115],[111408,752348],[111216,752403],[110843,752687],[110856,752891],[110941,753073],[111342,753393],[111440,753355],[111776,753225],[112909,754627],[113175,754329],[113182,754304],[113189,754305],[113388,754090],[114304,754348],[114276,754540],[114624,755165],[115074,755208],[115410,756371],[115508,756621],[115763,756709],[115642,756963],[116550,757066],[116979,757507],[116959,757984],[117282,759018],[117309,759066],[118082,759054],[118432,759735],[118653,759834],[119184,759877],[119155,760000],[119143,760052],[119558,760237],[119917,760170],[120000,760382],[120316,761191],[120817,761188],[120898,761460],[121451,761273],[121502,761663],[121963,762192],[122647,762556],[122407,762768],[122669,762949],[122724,762896],[122753,762964],[123427,762851],[123514,763477],[123535,763504],[123907,763287],[123961,763132],[124296,763162],[124055,763286],[124009,763471],[124028,763469],[124086,763584],[124550,763605],[124316,763932],[124318,763941],[124959,763480],[124765,763822],[124799,763992],[125000,763999],[124892,764451],[125361,764019],[125752,764175],[126027,764080],[126030,764085],[126167,763955],[126380,764479],[126677,764345],[127399,763987]]],[[[128008,764804],[127863,764724],[127829,764740],[127973,765171],[128035,765141],[128121,764994],[128008,764804]]],[[[164714,775117],[164829,774990],[164649,775081],[164714,775117]]],[[[163468,775499],[164283,774834],[164554,775030],[164579,775043],[164924,774883],[165979,773706],[166120,774143],[166480,774199],[167478,773363],[166394,773152],[166168,773602],[165931,773268],[165916,773276],[165736,772994],[165560,772744],[165407,772720],[164861,772663],[163581,773438],[163201,773450],[163154,773490],[163058,773454],[162726,773465],[163468,775229],[163468,775234],[163428,775391],[163468,775499]]],[[[172352,779547],[172243,779528],[171942,779637],[171889,779772],[172212,779839],[172352,779547]]],[[[55733,780630],[57406,779903],[57415,779890],[56935,780000],[56902,780004],[56900,780000],[56661,779617],[56093,779419],[55838,779366],[55227,780000],[55118,780113],[54463,780281],[55378,780657],[55573,780663],[55733,780630]]],[[[140000,781058],[140598,780162],[140937,780264],[140862,780563],[141059,780368],[140991,780658],[141514,780307],[141770,780589],[142581,780607],[142613,780533],[142739,779152],[142732,779145],[142738,779091],[142670,778968],[142163,779473],[142198,779176],[141933,778642],[141858,778651],[141647,778169],[140983,779310],[140625,779312],[140533,779118],[139750,778812],[139578,778861],[139254,779551],[139196,779701],[139775,779860],[139760,780000],[139752,780080],[140044,780213],[140143,780164],[140000,781023],[139997,781063],[140000,781058]]],[[[139671,781255],[139441,781099],[139295,781228],[139368,781584],[139463,781670],[139738,781326],[139671,781255]]],[[[54723,782504],[54503,782461],[54562,782776],[54723,782504]]],[[[148731,782900],[148608,782815],[148518,783264],[148651,783584],[148742,783732],[148731,782900]]],[[[57074,784375],[57039,783388],[56619,782969],[57006,782464],[56991,782057],[56974,782005],[55714,781416],[55567,781421],[55015,781624],[55066,781957],[54775,781889],[54758,782163],[54246,781908],[54795,782345],[54784,782499],[55470,783253],[55175,783816],[55204,783936],[54897,784361],[54926,784371],[55130,784262],[55332,784501],[55347,784506],[55544,784170],[56513,784458],[56723,784897],[57096,784996],[57075,784410],[57066,784395],[57074,784375]]],[[[161120,785834],[160827,785775],[160635,785783],[161061,786146],[161157,786161],[161346,786032],[161120,785834]]],[[[162039,787213],[161920,787152],[161894,787394],[161955,787376],[162039,787213]]],[[[60269,788262],[61053,787503],[60871,787394],[60639,786722],[60000,787001],[59758,787106],[59532,786922],[58950,787040],[58861,787079],[59443,787690],[59309,788013],[59800,787966],[59819,787964],[60000,788085],[60269,788262]]],[[[163489,788383],[163582,787687],[162724,787714],[163489,788383]]],[[[60675,789648],[60441,789376],[60337,789984],[60555,789796],[60675,789648]]],[[[149893,788999],[149372,785030],[149110,784683],[148742,785144],[148731,784442],[148193,784086],[148414,783859],[148576,783973],[148441,783793],[148315,783668],[148191,783647],[148124,783478],[147905,783259],[147749,783259],[147386,783462],[146407,783362],[145163,784158],[145150,784159],[144454,784600],[144408,784806],[144152,784891],[143817,785226],[143784,786295],[143900,787180],[144304,787643],[145290,788231],[145808,788220],[146975,788115],[147192,788547],[146901,789298],[147198,790003],[146899,790497],[148392,791287],[149848,789154],[149893,788999]]],[[[65151,792123],[65319,791999],[65356,791388],[65335,791214],[65656,790795],[65402,790874],[65330,790922],[65325,790897],[65154,790950],[65153,790429],[64934,790377],[64793,790559],[64794,790344],[64535,790282],[64159,790579],[64127,790253],[64107,790180],[64044,790164],[64033,790176],[63672,790794],[63615,790822],[62954,791970],[62897,792179],[63065,792115],[63094,792097],[63122,792077],[63176,792045],[63194,792267],[63259,792443],[63479,792558],[63574,792582],[63768,792574],[65151,792123]]],[[[61256,792394],[61175,792062],[60918,792520],[61286,792606],[61256,792394]]],[[[69117,794377],[68706,793279],[68431,794214],[68801,794326],[69115,794383],[69117,794377]]],[[[61040,796442],[61048,796262],[60795,796361],[60931,796444],[61040,796442]]],[[[115844,796837],[115867,795687],[115597,796170],[115718,796647],[115827,796878],[115844,796837]]],[[[395713,801213],[395702,801211],[395713,801226],[395713,801213]]],[[[395713,801232],[395706,801228],[395713,801236],[395713,801232]]],[[[75426,802021],[74759,801985],[75233,802550],[75237,802554],[75257,802528],[75426,802021]]],[[[74327,802727],[74482,801822],[74426,801839],[73779,802581],[73776,802793],[74075,802767],[74327,802727]]],[[[75420,804708],[76123,803812],[76111,803744],[76401,803635],[76397,803685],[76555,804019],[76605,804016],[76555,803275],[76257,803434],[75870,803744],[75703,803729],[75462,803857],[75252,803748],[74916,803891],[74720,804100],[75251,804636],[75420,804708]]],[[[138863,804089],[139239,803407],[139687,803492],[139769,803345],[139779,802957],[140000,802762],[140192,802592],[140268,802457],[140938,802512],[141644,802034],[142297,800136],[142169,800109],[141635,800000],[140219,799710],[140291,799328],[140696,799232],[142748,798393],[142002,797106],[141900,795841],[141370,794304],[141165,794083],[141141,793763],[140886,793404],[140517,793097],[140000,792903],[139315,792646],[138951,791795],[137930,790946],[137840,790899],[137795,790905],[136325,791826],[135911,792563],[135846,792533],[135607,792412],[134412,793058],[134390,793204],[134479,794158],[134147,794810],[134079,795261],[134181,795409],[133949,795470],[131711,797436],[131566,797619],[130983,798144],[130919,798132],[129339,799519],[129316,799545],[129345,799584],[129617,799832],[130177,799713],[130388,800000],[131142,801029],[132533,801785],[133347,803224],[135641,804181],[135907,804122],[136212,803740],[136611,804532],[137582,804927],[137927,804369],[138554,804312],[138863,804089]]],[[[127769,804772],[128559,804150],[128594,804161],[129224,803695],[129207,803672],[128944,803691],[128804,803863],[128366,803733],[128198,803746],[128131,803835],[128087,804274],[127821,804295],[127662,803846],[126972,804220],[126483,803840],[126444,804483],[126593,804832],[126581,804855],[126764,804972],[127099,804568],[127420,805029],[127769,804772]]],[[[77248,804132],[77218,804124],[76598,804385],[76494,804564],[76027,804728],[75816,804880],[76358,805108],[76978,805343],[76959,805301],[76829,805157],[77248,804132]]],[[[71605,805987],[71033,805970],[71086,806263],[71651,806405],[71770,806059],[71742,806028],[71605,805987]]],[[[123918,806858],[124410,806558],[125220,806763],[125568,806474],[126185,806647],[127706,806453],[127893,806367],[128036,806295],[128016,805896],[127806,805433],[127916,805064],[127890,805065],[127565,805491],[126568,804913],[126557,804927],[126447,805112],[126400,805202],[126394,805200],[126342,805288],[125759,805094],[125179,805251],[125169,805230],[124829,805350],[124798,805357],[124636,805413],[124603,805476],[124556,805440],[124255,805543],[124082,805091],[122900,804218],[122231,804275],[122064,804206],[120825,804399],[120637,804617],[120898,805338],[120968,805378],[121015,805576],[121341,805846],[123659,806093],[123918,806858]]],[[[78653,807216],[78619,807121],[78552,807233],[78452,807444],[78455,807446],[78672,807513],[78653,807216]]],[[[69484,805883],[69624,805276],[71115,804154],[71168,804461],[71396,804164],[71458,804126],[71689,803771],[71759,804064],[72229,803618],[72298,803524],[72312,803395],[72472,803287],[72515,803229],[70621,804334],[70623,804329],[70618,804333],[70589,804372],[70712,803896],[71861,803186],[70939,803553],[71026,803222],[70710,803220],[70469,803234],[70558,803218],[70373,803217],[70707,803182],[70453,803188],[71048,802771],[71072,802624],[71558,802342],[71587,802476],[71678,802572],[71733,802532],[71733,802536],[71723,802621],[71923,802833],[72138,802846],[72286,802474],[72142,802313],[72484,801947],[72619,802201],[72738,802128],[73433,801646],[73284,801403],[73377,801349],[73474,801277],[73473,801244],[73253,801343],[73228,801399],[73357,800572],[71936,801412],[71603,802126],[71573,802217],[71433,801958],[70936,802026],[70841,802048],[70895,802019],[71724,800791],[71724,800594],[70647,800269],[70568,799667],[70087,799190],[70262,798669],[69637,799048],[69328,798761],[69240,798534],[69512,798294],[69614,797325],[69607,797315],[69112,797665],[68895,797586],[68868,797596],[68817,797557],[68646,797494],[68669,797442],[68634,797416],[68775,797171],[68267,797092],[68151,797213],[66837,797263],[66786,797282],[66843,797902],[66877,798145],[66578,798202],[66280,798338],[66198,798273],[66024,798306],[66044,798152],[65667,797855],[65629,798030],[65519,798660],[65517,798577],[65493,798696],[65460,797406],[64786,797503],[63821,797644],[63818,797643],[63315,796892],[63063,796811],[63234,796770],[63223,796754],[66244,795748],[66273,795687],[65842,795777],[65818,795865],[65703,795806],[64539,796048],[64513,796063],[63451,795389],[63404,794790],[65281,794639],[65217,794208],[65201,794128],[65079,794062],[63862,793793],[63582,793963],[63469,793706],[62997,793602],[62844,793690],[62398,793502],[62331,793556],[62197,793845],[62298,793860],[62152,794562],[61740,794962],[61821,794953],[62731,794757],[63000,795425],[62711,795615],[62380,795832],[62150,795834],[61297,796166],[61150,796321],[61195,796438],[61232,796437],[61399,796912],[61528,796990],[61850,797168],[61845,797183],[61948,797245],[61715,797531],[61583,797887],[61892,797891],[62828,797477],[62969,797384],[63711,797555],[63697,797564],[63722,797568],[63644,797605],[63760,797635],[63773,797633],[63766,797637],[63777,797639],[63739,797654],[62076,798727],[62512,799318],[62498,799921],[62562,800051],[62721,800118],[63015,800178],[62794,800422],[63218,800330],[63197,800422],[63860,800423],[63897,800684],[64453,800298],[64774,800531],[65115,801101],[65156,801141],[65147,801154],[65219,801275],[64815,801680],[64749,801646],[64480,801979],[64955,802090],[65221,802083],[65256,802160],[65435,802202],[65561,801877],[65615,802723],[65277,803263],[65482,803510],[65527,803500],[65531,803507],[65535,803505],[65650,803714],[65857,803962],[66131,803733],[65479,804494],[64560,804921],[66343,804907],[67173,804758],[68622,805460],[68640,805523],[68660,805532],[68772,805816],[68969,805712],[69735,807638],[69566,807837],[69572,807854],[69346,808113],[69358,808157],[69631,808309],[69474,808593],[69727,809544],[69837,809552],[70132,809464],[70221,809413],[70040,808462],[71184,808271],[71409,807608],[70952,807031],[71023,806437],[69484,805883]]],[[[73953,808204],[72910,807592],[72738,807837],[72647,808327],[73164,808828],[72901,809256],[73402,809679],[73441,809705],[73466,809693],[73501,809672],[74395,808594],[74440,808494],[73925,808322],[73953,808204]]],[[[70683,810266],[69749,810150],[70042,810432],[70029,810448],[70215,810615],[70416,810529],[70635,810323],[70683,810266]]],[[[181233,811516],[181217,811514],[181143,811555],[181274,811666],[181349,811673],[181324,811579],[181233,811516]]],[[[75144,811717],[75252,811496],[75040,811589],[75043,811719],[75075,811723],[75144,811717]]],[[[171336,812467],[170596,812240],[170742,812614],[171144,812986],[171311,812976],[171352,812723],[171336,812467]]],[[[78118,813065],[78326,812512],[78352,812516],[78432,812326],[79058,811918],[79175,812072],[80993,812328],[80949,812167],[80434,811057],[80375,811049],[80577,810879],[80516,810685],[80129,810388],[80171,810171],[80195,809803],[80000,809808],[78929,809830],[78947,809817],[78954,809814],[78946,809814],[79388,809590],[80000,809270],[80193,809168],[80000,809129],[79742,809076],[79850,808790],[79231,808169],[78241,809223],[78258,809488],[78499,810266],[78661,810450],[78172,811328],[78250,811708],[78257,811712],[78252,811715],[78372,812336],[78099,813108],[78118,813065]]],[[[147160,815759],[147154,814641],[147136,814609],[146399,814100],[145457,814525],[145334,813860],[145718,812950],[145733,812856],[145406,812628],[143879,812453],[143356,812927],[142742,814339],[142685,814559],[144483,815391],[145204,814770],[144838,815440],[145154,815366],[145211,815831],[145591,816108],[146616,815940],[147160,815759]]],[[[164818,815878],[164802,815759],[164486,815823],[164662,816116],[164818,815878]]],[[[72933,817341],[72844,817230],[72683,817290],[72636,817420],[72933,817341]]],[[[82096,817970],[82124,817917],[81671,818011],[81719,818057],[81936,818080],[82096,817970]]],[[[77572,818229],[77359,818091],[76969,818477],[77246,818738],[77572,818229]]],[[[78484,818885],[79561,818270],[78895,818292],[78831,818378],[78641,818634],[78624,818589],[78492,818256],[78125,818973],[78484,818885]]],[[[83378,823188],[83245,823004],[83031,823796],[83100,823773],[83522,823437],[83378,823188]]],[[[184558,824861],[184305,824830],[184442,825124],[184317,825149],[184397,825441],[184430,825480],[184434,825468],[184558,824861]]],[[[167553,826391],[167099,826376],[166827,827420],[167495,827789],[168147,826953],[167553,826391]]],[[[77457,828292],[77438,828197],[76967,829098],[77468,828799],[77457,828292]]],[[[166223,831027],[165737,830596],[165687,831660],[165999,831297],[166187,831072],[166223,831027]]],[[[159636,833091],[159680,832976],[159930,833016],[163303,831116],[163712,830644],[163668,829389],[163465,829000],[163521,828671],[163292,827985],[163037,828148],[162303,827351],[160152,827374],[160000,827623],[159270,828818],[158625,829113],[158583,829207],[158626,829334],[158110,830259],[157829,831079],[158297,832676],[158964,832574],[158926,832947],[159421,833126],[159636,833091]]],[[[168507,835404],[168938,834056],[169006,835438],[169105,835451],[170095,833571],[169073,833672],[168962,833799],[168662,833713],[168382,835399],[168420,835464],[168365,835501],[168263,836116],[168293,836074],[168481,835486],[168446,835438],[168507,835404]]],[[[131884,836086],[131711,835965],[131608,836004],[131123,835628],[131114,835734],[131312,836115],[131592,836306],[131884,836086]]],[[[129835,837107],[129740,835628],[129721,835587],[129702,835584],[129310,835643],[129296,835686],[129296,835888],[129134,835866],[129130,835872],[128787,835816],[128489,835774],[129708,837094],[129835,837107]]],[[[180733,837535],[180655,837325],[180527,837695],[180558,837721],[180785,837788],[180733,837535]]],[[[169515,838072],[169500,837790],[169417,837806],[169515,838072]]],[[[84517,838677],[84430,838243],[84366,838274],[84362,838390],[84052,838461],[84292,838590],[84517,838677]]],[[[85804,838583],[85474,838530],[85618,838750],[85804,838583]]],[[[130124,838674],[129743,838596],[129667,838784],[129763,839331],[129797,839409],[130194,838735],[130124,838674]]],[[[128153,838969],[127672,838803],[128001,839584],[128144,839041],[128153,838969]]],[[[84049,843359],[84216,843014],[83929,843322],[84049,843359]]],[[[85861,844901],[85904,844871],[85343,844925],[85452,845046],[85861,844901]]],[[[87319,844917],[87337,844886],[86748,845121],[86776,845142],[86949,845131],[87319,844917]]],[[[84312,845915],[84573,845678],[84274,845658],[84119,845713],[84098,845502],[83920,845796],[84312,845915]]],[[[84810,845843],[84812,845719],[84464,845921],[84519,846370],[84810,845843]]],[[[85222,846382],[85294,845901],[84892,846031],[84748,846125],[84765,846472],[85222,846382]]],[[[88460,847487],[87946,846540],[88517,846072],[88515,846052],[88367,845813],[88133,845896],[87894,845609],[87056,845451],[86845,845596],[86597,845364],[86559,845356],[86570,845338],[86460,845236],[85711,845534],[85685,845558],[85944,845745],[86184,845890],[86138,846220],[86446,846186],[86419,846217],[86598,846200],[86301,846434],[86590,846333],[86416,846705],[86719,846997],[86951,847063],[87097,846994],[87193,847131],[87651,847260],[87966,847168],[87920,847335],[88460,847487]]],[[[80282,847512],[80000,846711],[79890,846370],[80000,846308],[80147,846224],[80000,846239],[79791,846261],[80000,846198],[80624,846012],[80595,845662],[80237,845727],[80565,845552],[80286,845444],[80480,844977],[80686,845441],[81038,845479],[81847,845098],[81943,844973],[81846,844719],[82103,844552],[82135,844879],[82298,845039],[83404,844352],[83555,843590],[82930,843669],[82885,843706],[82894,843673],[82522,843720],[82293,843963],[82130,844139],[81994,843959],[82322,843703],[82386,843652],[81507,843706],[81551,843688],[83355,842902],[83496,842840],[83673,842443],[83688,842399],[83323,842626],[83296,842415],[84409,841742],[84181,841407],[84394,841388],[84341,841322],[84555,841375],[84852,841350],[84909,841285],[84834,840984],[83971,841044],[83454,841258],[83501,841076],[83233,841095],[82926,841148],[82957,841115],[82942,841120],[83173,840829],[83298,840643],[83096,840535],[83356,840557],[83382,840518],[83374,840302],[83478,840376],[83552,840266],[83521,840215],[83615,840173],[83762,840109],[84886,840602],[84790,840085],[84375,840088],[84794,840059],[84793,840054],[84978,840054],[85246,840039],[85439,840216],[85221,840379],[85670,840166],[85315,840580],[86096,840788],[86087,840763],[85678,839940],[85297,839904],[85095,839971],[85376,839350],[84568,839498],[84349,839263],[83494,839194],[83299,839206],[83331,838774],[83333,838658],[83319,838661],[82895,838942],[82982,839133],[82744,839298],[82741,839300],[81839,839923],[81719,840000],[81400,840204],[81497,840000],[81591,839805],[82841,838264],[82802,838138],[83014,838195],[83790,838141],[83889,837810],[83946,837843],[84240,838012],[84781,837590],[84974,838060],[85455,838027],[85502,837968],[85541,837592],[85445,837582],[85564,837370],[85579,837226],[85364,837141],[85438,837125],[85335,837093],[85625,836787],[85743,835661],[85695,835425],[87058,835944],[87372,835101],[86764,834693],[86768,834687],[86727,834659],[87019,834259],[86704,834018],[86565,833139],[85197,833374],[85186,833360],[85141,833393],[85073,833216],[84490,832470],[84449,832476],[84461,832439],[84440,832441],[84449,832418],[84310,832239],[84286,832248],[83388,831086],[83398,831072],[83394,831068],[83649,830436],[83565,830389],[83920,829759],[82981,829228],[82983,829109],[82834,828553],[82994,828336],[82591,828228],[82699,827880],[82205,827128],[81420,827521],[81356,827252],[80080,827461],[80036,827680],[80087,827825],[80358,827645],[80272,828351],[80278,828369],[80813,827623],[81294,827609],[80027,829022],[80000,828931],[79931,828698],[79496,828561],[79414,828617],[79338,828511],[78231,828163],[78173,828162],[77733,829573],[77526,829504],[77485,829593],[77330,829439],[77314,829433],[77337,829411],[77477,829208],[77470,828921],[77349,828995],[77402,828947],[76894,829231],[76645,829986],[76493,829674],[76867,829028],[76971,828750],[76677,828682],[77272,827652],[77639,827580],[77618,827816],[77683,827794],[77919,827339],[78297,827589],[78914,827382],[79130,827270],[79041,827393],[79746,827934],[79784,827942],[79794,827861],[79799,827598],[79421,827620],[79759,827440],[79686,827132],[79997,827106],[80014,827031],[80051,826811],[80018,826778],[80092,826570],[80132,826332],[80724,825995],[80936,826046],[81808,825747],[81884,825510],[82056,825413],[82264,825282],[82267,825287],[82404,825217],[82266,824657],[81977,823702],[82057,823678],[82859,821047],[82840,820752],[82776,820630],[83072,820302],[83054,820290],[82598,820000],[82219,819759],[82222,819512],[81762,819085],[81218,819018],[79766,819858],[79641,820000],[79181,820522],[78451,820707],[79167,820058],[79151,819835],[79017,819704],[79013,819700],[79135,819624],[79104,819193],[79111,819189],[79705,818864],[79747,818893],[80163,818700],[80161,818695],[80000,818747],[78317,819286],[78122,819745],[78540,819645],[78501,819677],[78104,820000],[77952,820123],[77984,820000],[78056,819729],[78180,819249],[78151,819254],[77525,819407],[77530,819782],[77531,819812],[77261,819660],[77077,819557],[77004,819570],[76263,819716],[76277,819707],[76260,819710],[76293,819696],[76660,819468],[76348,819355],[77227,818830],[76818,818492],[77390,817728],[77388,817711],[77401,817714],[77465,817631],[77531,817737],[78198,817857],[78567,817692],[78662,817722],[79038,817587],[79358,817943],[79969,818138],[80000,818140],[80413,818163],[82181,817463],[82731,817209],[82745,816726],[82345,816380],[82382,816378],[82364,816362],[82862,816094],[82903,815592],[82725,815315],[83030,815253],[83475,816104],[83499,816093],[83750,815866],[83789,815258],[83791,815214],[84656,815011],[84376,814269],[84080,814542],[83503,814461],[83604,814435],[83508,814456],[84185,814281],[83813,814104],[83899,814046],[83270,813629],[83203,813629],[83413,812701],[83353,812719],[80576,814237],[80513,814295],[80000,814289],[79395,814282],[79176,814714],[79016,814272],[78227,814042],[78122,813510],[78103,813456],[77811,814204],[77770,814014],[75039,814210],[74766,814268],[74401,815022],[73746,815425],[73899,816817],[73158,817424],[73291,818238],[72817,819536],[72962,820000],[73202,820770],[72461,824181],[72726,827142],[72270,827609],[72243,827850],[72195,829298],[71414,829796],[71239,829678],[70879,829875],[70865,829896],[71105,830068],[71304,830159],[71927,829862],[72605,830351],[72718,830776],[72765,830824],[72843,831250],[73248,832782],[73157,832962],[73246,833447],[73263,833444],[73529,833907],[73557,835018],[74430,835453],[75106,836330],[75415,836193],[74981,837027],[75454,839649],[75425,840000],[75193,842790],[73902,846108],[74327,846283],[74921,845928],[75512,846769],[76244,847070],[77057,846668],[76657,846825],[76403,846423],[76615,846374],[77177,846657],[77771,846447],[77272,846664],[77645,846949],[79376,847304],[80000,846886],[80003,846884],[80256,847557],[80283,847531],[80282,847512]]],[[[85990,847755],[85957,847754],[85914,847773],[85990,847755]]],[[[87989,847830],[87146,847798],[87129,847839],[87238,847906],[88007,847836],[87989,847830]]],[[[87079,847796],[86455,847773],[86348,847987],[86822,847944],[87103,847834],[87079,847796]]],[[[77632,847619],[76929,846774],[78066,848978],[78092,848974],[77632,847619]]],[[[122829,848852],[122839,848790],[122684,848798],[122821,848448],[122815,848455],[122521,849105],[122829,848852]]],[[[124022,849434],[124017,849291],[123685,849655],[123909,849729],[124022,849434]]],[[[88143,850053],[88185,849933],[87831,850144],[87813,850179],[87948,850192],[88143,850053]]],[[[86840,850584],[86430,850531],[86415,850648],[86614,850693],[86849,850601],[86840,850584]]],[[[159044,851984],[159104,850789],[158886,850233],[158340,851568],[158596,851860],[158914,851850],[158911,852222],[158931,852245],[159044,851984]]],[[[86626,852751],[86901,852427],[86291,852824],[86425,852957],[86626,852751]]],[[[161709,851918],[161332,850252],[161293,850159],[159046,846459],[158528,846279],[158048,844864],[158118,844645],[158607,840652],[158601,840299],[158731,840000],[159516,838192],[160000,838209],[160021,838210],[160000,837765],[159956,836799],[158087,834136],[157482,834194],[156302,833689],[155331,834338],[155261,834651],[155250,835342],[155473,835709],[154822,836214],[154818,836221],[154813,836221],[154502,836461],[154218,836344],[154394,836691],[154688,837194],[154600,837663],[155172,839453],[155170,839483],[155207,839551],[155171,840000],[155132,840504],[155143,840520],[155043,841620],[154983,842380],[155010,842438],[154908,843331],[154843,844149],[154891,844325],[155995,847006],[156205,847235],[156269,847570],[156451,847854],[156537,847812],[156547,848003],[156758,848333],[157648,848057],[157663,848046],[157673,848049],[158537,847781],[158570,847720],[158592,847717],[159084,847611],[159544,848754],[158486,849301],[158522,849321],[159105,849586],[159102,849642],[159123,849653],[159116,849729],[159120,849731],[159068,850312],[159146,850454],[160364,851437],[160444,851432],[160883,851857],[160799,851912],[160785,852368],[160908,852514],[160766,852955],[160756,853288],[160985,853235],[161075,853071],[161345,852086],[161709,851918]]],[[[86235,853748],[86166,853746],[86231,853810],[86235,853748]]],[[[160818,853536],[160936,853287],[160000,853981],[159907,854050],[159762,854175],[160000,854246],[160366,854355],[160818,853536]]],[[[88699,855419],[88753,855321],[88408,855358],[88486,855611],[88699,855419]]],[[[84360,855558],[84605,855291],[84906,855322],[84657,854713],[84190,854715],[84218,855197],[83762,855636],[84360,855558]]],[[[82913,855781],[82880,855775],[82889,855792],[82913,855781]]],[[[84279,856572],[84205,856322],[83856,856601],[84032,856713],[84239,856606],[84279,856572]]],[[[80574,856773],[80119,856744],[80298,857208],[80574,856773]]],[[[85956,853742],[86170,853613],[86402,853980],[86356,854359],[86328,854596],[87614,853578],[87918,853205],[87740,853080],[87725,853069],[88027,853015],[87520,852843],[87808,852708],[87542,852474],[87227,852923],[87060,852780],[86174,853344],[85748,852212],[87001,851623],[87077,851571],[85634,851761],[85240,852590],[85177,851852],[85082,851909],[85103,850997],[84916,851312],[84938,851339],[84889,851359],[84322,852318],[84074,851954],[84324,851681],[84325,851540],[83962,851590],[83964,851587],[83960,851588],[84326,851089],[83873,851268],[84005,851063],[83590,851030],[83633,851010],[83093,850975],[83921,850868],[84471,850597],[85156,849839],[85396,850142],[85814,849936],[86043,849782],[86743,849898],[85934,850124],[85848,850322],[85596,850266],[85453,850404],[85423,850682],[85868,850524],[85988,850552],[86527,850341],[87127,850462],[87743,849653],[87542,849334],[87698,849206],[87799,849084],[86552,849423],[86801,849269],[87539,848162],[87483,848122],[86831,848087],[86373,848066],[85987,848359],[86191,848117],[85601,848074],[85764,847747],[85499,847737],[84635,847959],[85423,847418],[85386,847401],[85547,847332],[85565,847320],[85517,846728],[83585,847681],[83537,847711],[83540,847703],[81105,848903],[81049,848530],[81078,848541],[81077,848526],[81427,848634],[81723,848224],[82313,847980],[82421,847890],[82749,847799],[83454,847507],[83636,847182],[83628,847160],[83990,846543],[83239,846883],[82398,847883],[82181,847885],[82429,847511],[82021,847654],[82205,847352],[81705,847689],[81234,847500],[81658,846928],[81506,846706],[80680,847351],[79530,848803],[79311,849416],[79078,849103],[79009,849125],[78550,849627],[78452,849302],[78015,849440],[77865,849629],[76816,849931],[76687,849860],[76459,849932],[76435,850950],[76440,850983],[76433,851028],[76411,851939],[75685,852635],[75598,853033],[75950,853591],[76260,853833],[76178,854255],[75685,854399],[75716,854585],[75864,854749],[75785,854993],[75813,855156],[76102,855330],[77076,855505],[77696,855497],[78529,857336],[79577,857504],[79893,857440],[79661,856395],[80000,856379],[80721,856346],[80287,855893],[81919,855675],[82065,856167],[82339,856278],[82724,856219],[82906,855972],[83265,856084],[82534,855705],[82683,855440],[82867,855753],[83021,855733],[83836,855370],[83984,854804],[83456,854802],[83815,854062],[84211,854230],[84320,853694],[84521,854048],[84648,854049],[84987,853866],[85177,854596],[85720,854972],[85820,854927],[85827,854865],[85767,854881],[85785,854860],[85704,854881],[85841,854745],[85887,854347],[85750,854300],[85754,854299],[85746,854296],[85894,854284],[85956,853742]]],[[[90553,857502],[90421,856996],[90388,856949],[90843,856718],[90762,856548],[90807,856517],[90732,856450],[90450,856444],[90346,856505],[90222,856333],[90490,856203],[90539,856134],[90003,855958],[90632,855703],[90757,855825],[90991,855493],[91002,855468],[90980,855445],[90658,855204],[90661,855104],[90012,855278],[90291,855019],[90286,854695],[89603,853966],[89528,853920],[89100,854694],[89118,855007],[89138,854986],[89137,855345],[89155,855656],[89136,855651],[89136,855654],[89115,855640],[88907,855559],[88840,855803],[88828,855923],[88629,855904],[88422,855921],[88403,855955],[88443,856209],[88402,856230],[88295,856334],[88300,856333],[88310,856324],[88310,856330],[88331,856325],[88345,856705],[88393,857272],[89751,856482],[89914,856377],[89908,856387],[89916,856381],[89931,856378],[89741,856699],[89641,856873],[89528,857077],[89522,857079],[89406,857265],[88913,857272],[88943,857462],[89112,857534],[89179,857490],[89244,857422],[90494,857566],[90553,857502]]],[[[91985,857277],[91475,856832],[90875,857103],[90816,857155],[90925,857327],[91156,857653],[91195,857638],[92011,857311],[91985,857277]]],[[[121895,857823],[122319,856321],[122201,856332],[121575,856708],[121543,857034],[121732,857674],[121895,857823]]],[[[90795,857845],[90765,857819],[90724,857986],[90743,857986],[90871,857922],[90795,857845]]],[[[86735,858036],[86708,857711],[85782,857900],[86324,857275],[86366,857770],[86744,857379],[87389,857306],[87184,857659],[87368,857575],[87551,856842],[87533,856704],[87208,856826],[87616,856271],[87219,856329],[87742,856077],[87951,855242],[87877,855214],[87984,855106],[88065,854783],[87558,854876],[87242,854973],[86913,855208],[87589,855032],[86835,855264],[86892,855294],[86645,855356],[86683,855853],[86564,855879],[86548,856007],[86115,855980],[86256,855547],[86049,855399],[85768,855332],[85596,855473],[84835,856510],[85195,856738],[84774,856735],[84860,856772],[84856,856774],[84712,856848],[84469,856974],[84240,857433],[84183,857097],[83090,856883],[83844,857106],[83462,857481],[83957,857198],[84090,857707],[84815,857799],[84869,858049],[84836,857798],[85580,857687],[85769,857900],[85634,858066],[86383,858109],[86735,858036]]],[[[89544,858065],[89811,857853],[88952,858044],[89615,858218],[89544,858065]]],[[[82944,857920],[82675,857780],[82487,858100],[82713,858235],[82944,857920]]],[[[91956,857837],[91951,857832],[91675,857934],[91451,858022],[91836,858236],[91956,857837]]],[[[79794,857873],[79749,857856],[80000,858291],[80003,858297],[80239,858137],[80261,858074],[80000,857961],[79794,857873]]],[[[84170,858902],[84266,858707],[83797,858865],[84170,858902]]],[[[88943,858898],[88941,858838],[88791,858913],[88765,858971],[88943,858898]]],[[[84631,859336],[84779,859172],[84642,859265],[84631,859336]]],[[[162924,861549],[163047,861390],[163095,861444],[163467,860668],[163467,860653],[163447,860091],[163613,860059],[163656,860044],[163640,860000],[163553,859747],[163349,859424],[163322,859081],[162994,858137],[162820,858044],[162842,857698],[162236,855952],[162257,855911],[162274,855878],[162422,855589],[162332,855285],[162179,855124],[162234,854955],[162065,854387],[162015,854330],[161829,854143],[161467,854438],[161194,854899],[161472,854898],[161486,854897],[161521,854893],[161517,854896],[161540,854897],[160847,855565],[160810,855731],[161252,856269],[161471,856378],[161583,856211],[161885,857024],[161321,856944],[161050,856554],[160775,857124],[160807,857257],[160672,857338],[160665,857353],[160698,857429],[160968,857491],[161241,857241],[161319,857340],[161774,857439],[161822,857421],[162190,858038],[161882,858226],[161870,858250],[161711,859198],[161823,859554],[161859,859583],[161728,859818],[161661,860000],[161558,860283],[161657,860404],[161831,860370],[161882,860306],[162002,860894],[162008,860899],[162104,860794],[162298,860521],[162090,860195],[162408,860419],[162223,861099],[162225,861101],[162424,860926],[162789,860423],[162905,860501],[162940,860470],[162958,860538],[162991,860560],[163036,860824],[163121,861139],[162945,861245],[162924,861549]]],[[[63057,862178],[62975,861961],[62778,861962],[62703,862312],[62982,862231],[63057,862178]]],[[[302264,862672],[302429,862502],[302094,862522],[302264,862672]]],[[[59379,862929],[59393,862583],[59121,862795],[59379,862929]]],[[[63969,860718],[63367,860662],[63646,860844],[63576,860955],[63470,861961],[63424,861961],[63604,862459],[63607,862461],[64189,862507],[64633,863086],[64761,863000],[64975,862757],[64880,862254],[64735,862070],[64800,862018],[64606,861710],[64197,861657],[64398,861381],[64035,860807],[63969,860718]]],[[[62113,862982],[62534,862328],[62057,862537],[61350,862081],[60785,862192],[60645,861963],[60333,861964],[60233,862031],[60227,862114],[60690,862471],[60697,862461],[60779,862491],[60805,862467],[60999,862558],[61314,862552],[61438,862765],[61480,862785],[61500,862872],[61735,863277],[61788,863318],[62278,863521],[62286,863507],[62113,862982]]],[[[130329,863255],[130160,863200],[130103,863412],[130373,863756],[130489,863408],[130329,863255]]],[[[83516,864329],[83886,864067],[83759,864032],[83312,864034],[83159,864259],[83624,864111],[83516,864329]]],[[[84797,863944],[84783,863906],[84234,864079],[84138,864359],[84313,864416],[84797,863944]]],[[[129183,865343],[129549,865083],[129140,865200],[129183,865343]]],[[[75907,865141],[75959,865105],[76115,865468],[76206,865255],[77011,865285],[76237,864985],[76095,865011],[77020,864366],[76543,864057],[75874,864174],[75233,864930],[74949,865836],[75165,866274],[75232,866289],[75907,865141]]],[[[92035,869422],[91844,869389],[91800,869390],[91877,869463],[92035,869422]]],[[[149407,868914],[149297,868840],[149032,868983],[148998,869594],[149407,868914]]],[[[93308,869896],[93336,869636],[93161,869768],[92887,870000],[93274,870070],[93308,869896]]],[[[94226,869411],[94290,869074],[93768,869441],[94093,869684],[93958,869875],[93932,869955],[94014,870181],[94057,870231],[94071,870226],[94215,869469],[94153,869436],[94226,869411]]],[[[93569,870334],[93271,870146],[93126,870159],[93030,870266],[93198,870295],[92984,870475],[93115,870523],[93529,870366],[93569,870334]]],[[[92872,870526],[92597,870497],[92475,870531],[92718,870673],[92871,870615],[92872,870526]]],[[[92196,870777],[92133,870693],[91998,870714],[92122,870884],[92137,870873],[92196,870777]]],[[[90783,871027],[90907,870743],[90401,870822],[90783,871027]]],[[[93033,871361],[92646,871283],[92812,871478],[93033,871361]]],[[[92134,871593],[92117,871258],[92073,871219],[92115,871224],[92099,870939],[91364,871437],[91278,871536],[91275,871540],[91225,871533],[91097,871620],[91529,871723],[91585,871464],[91669,871739],[92003,871653],[92134,871593]]],[[[148033,871926],[148226,871433],[148084,871491],[147845,871697],[147793,871943],[147897,871999],[148033,871926]]],[[[178936,874640],[178620,874029],[178622,874663],[178830,874689],[178936,874640]]],[[[98745,874726],[99086,873759],[99016,873475],[98983,873491],[98346,873955],[98595,874437],[98701,874375],[98699,874494],[98751,874483],[98701,874641],[98745,874726]]],[[[97789,874757],[97490,874343],[97414,874374],[97414,874474],[97642,874625],[97515,874897],[97687,874820],[97789,874757]]],[[[97887,874894],[97814,874792],[97566,875129],[97612,875105],[97887,874894]]],[[[93843,874156],[93781,874142],[93374,874406],[93377,874415],[93357,874417],[93351,874421],[93448,874941],[93609,875034],[93695,875049],[93700,875086],[93725,875100],[94236,875205],[94273,875068],[94256,875051],[93864,874973],[94027,874821],[93649,874443],[93562,874400],[93774,874222],[93843,874156]]],[[[96319,875429],[96495,874665],[96400,874682],[95960,874989],[95830,875195],[96083,875456],[96188,875553],[96319,875429]]],[[[93338,875597],[93284,875582],[93061,875607],[93045,875728],[93096,875793],[93242,875703],[93338,875597]]],[[[98290,876236],[98326,875805],[98122,876011],[98060,876104],[98290,876236]]],[[[75777,876255],[75924,876127],[75832,876136],[75777,876255]]],[[[95009,876285],[95006,875964],[94650,876024],[94606,876065],[94627,876293],[94833,876289],[95009,876285]]],[[[96221,875889],[95593,875856],[95555,875857],[95873,876326],[95940,876249],[96221,875889]]],[[[96957,876405],[96729,875893],[96643,876286],[96957,876405]]],[[[85190,875684],[84967,875069],[84883,875558],[83489,875889],[83575,875962],[84360,876119],[84819,876524],[84843,876506],[85190,875684]]],[[[141429,876256],[142071,876007],[142581,876092],[142756,876283],[143604,876578],[143766,876526],[144138,876762],[144148,876719],[143780,875221],[143652,875011],[143771,875003],[145163,873965],[145197,873915],[145251,873900],[146546,872933],[146631,872801],[146848,872013],[147321,869060],[147316,868726],[147971,868479],[147976,868477],[148471,868292],[148868,868511],[149189,868425],[149619,867950],[149914,868105],[150023,867905],[150893,865737],[150993,865178],[151165,864906],[151201,864745],[151232,864711],[151365,864561],[151930,863152],[152024,862759],[152826,862845],[152830,862845],[151989,860429],[152133,860242],[152153,860120],[152170,860000],[152437,858133],[151684,853446],[151561,853127],[151884,852458],[152009,851064],[152035,850045],[151516,846815],[151251,845345],[151203,845297],[149193,843680],[148661,843967],[148471,843377],[148365,843201],[148008,843541],[147595,841150],[147686,840819],[147649,841177],[148808,842200],[148879,842826],[148990,842820],[149263,842363],[149376,842416],[149414,842371],[150115,842760],[150816,842723],[151423,842604],[151766,842145],[152230,841407],[152237,841166],[151789,839541],[151587,839101],[151036,838836],[150821,838780],[152381,835416],[153121,835000],[153145,835337],[153543,835277],[153623,835160],[153457,834955],[152929,834656],[152826,834000],[153275,833347],[153000,832861],[152821,832837],[152716,832935],[151582,832672],[151309,832636],[148970,830450],[150272,830884],[150780,831538],[150808,831571],[152163,832297],[152450,832330],[153120,832286],[154113,831739],[154932,832167],[155470,832132],[155797,832076],[155866,832017],[156205,831073],[156052,830287],[156588,829753],[154254,828025],[153792,827430],[153925,827059],[154325,827300],[154314,826867],[154693,826917],[156057,828080],[156359,827764],[156680,828307],[157488,828883],[157816,829057],[158514,828119],[159090,827315],[159091,827311],[159099,827311],[159124,827299],[159316,827042],[159638,827062],[159927,826929],[160000,826852],[160198,826646],[160297,826758],[162204,825878],[162690,825558],[162715,825834],[163404,825973],[163594,825937],[164577,824780],[163927,823527],[164320,823564],[164819,823435],[165621,823056],[166052,823155],[166566,823957],[167493,824158],[167777,824729],[168086,824834],[168145,824408],[167813,824401],[167957,824126],[167311,823939],[166979,823385],[169436,824920],[169824,824912],[170257,824827],[170715,825154],[173069,826353],[173390,826352],[173827,826693],[175339,826409],[174618,826153],[174558,826418],[174562,826043],[175655,826350],[175831,826317],[176023,825956],[175213,825391],[175205,825384],[175190,825200],[175034,825072],[175180,825081],[175179,825064],[176452,825158],[178972,825312],[180000,824261],[180090,824170],[180000,824024],[178787,822039],[178807,821942],[178499,819096],[178252,818867],[173844,815914],[173522,815799],[173073,815453],[171497,814791],[170148,816139],[169899,815918],[170209,815071],[170223,815036],[170309,814801],[170207,813277],[169872,812525],[170239,812616],[170126,812096],[170687,812170],[170823,811894],[170300,811597],[169810,811557],[169760,810924],[169954,810938],[169891,810432],[169778,810456],[169807,809813],[169788,809772],[169231,809635],[169169,809420],[168588,808618],[168297,808359],[166786,808885],[166687,808381],[166358,807887],[166314,807871],[166254,807731],[165038,805907],[164461,805639],[164527,805350],[163901,804201],[163908,804172],[163743,803921],[163985,803868],[164038,803659],[164014,803424],[163524,803717],[163641,803081],[163322,803235],[162713,802658],[162079,801523],[161661,801590],[161623,801298],[160120,800758],[160006,800496],[159381,800202],[159045,800456],[158354,800000],[157200,799238],[156771,799781],[156749,799754],[156691,799823],[156476,799430],[156232,799139],[156202,799256],[156284,800199],[156325,800196],[156288,800241],[156309,800484],[156376,800516],[155902,801189],[155685,801536],[155696,801553],[155207,802399],[155450,802723],[155355,803033],[155581,803598],[155657,803631],[156108,804873],[156127,804899],[156809,804817],[157694,805209],[157223,805326],[157234,805654],[157263,806710],[157849,808246],[157816,808446],[157859,808558],[158602,808588],[158789,808880],[158501,809591],[158272,809638],[158257,809672],[158118,809670],[157623,809771],[158126,810785],[159149,811575],[159523,811398],[159949,811899],[159565,812080],[160173,812613],[161762,813071],[161745,813598],[161924,813877],[162336,814383],[162518,813993],[163076,814712],[164231,815037],[164315,815030],[166369,815582],[166730,815996],[167520,816687],[167840,816818],[168199,817530],[166721,816712],[166660,816733],[166408,816539],[165700,816147],[164538,816612],[164263,815774],[162410,816206],[162231,816337],[161690,816154],[159274,815642],[158783,815706],[158587,816126],[158552,816452],[158813,817611],[158306,819199],[157838,819946],[157795,819949],[157216,820901],[157170,821373],[156443,822459],[156180,821844],[156373,821255],[156331,821126],[156492,820892],[156626,820482],[156685,818099],[156616,817633],[155628,817155],[155342,817252],[155322,816715],[153316,811932],[152940,811387],[152092,812443],[151634,812332],[151263,812655],[152131,816275],[151658,817132],[151670,817431],[151734,818109],[151697,818139],[151710,818474],[151012,818733],[151002,819086],[150989,818711],[150983,818716],[150622,818093],[150497,817972],[150427,818024],[149982,818430],[149916,818409],[149863,818450],[149779,818366],[149685,818336],[149364,819330],[149193,819172],[149065,819093],[148623,819722],[148327,819680],[148333,819428],[148271,819342],[148337,819222],[148345,818871],[147978,817167],[147837,817027],[146078,817356],[145677,817528],[144816,817302],[139501,816147],[139414,816369],[139403,816126],[138764,815987],[138750,815990],[138749,816015],[138989,816392],[139266,816453],[139326,816921],[139566,817299],[140000,817416],[140098,817442],[140586,818098],[140615,818132],[140630,818158],[141092,818779],[141118,818984],[141261,819227],[141324,819988],[141294,820000],[141300,820027],[141253,820042],[141303,820430],[140792,820886],[140596,820387],[140275,820173],[140000,820020],[139965,820000],[139873,819949],[138111,818986],[137657,818958],[136522,819712],[136496,820000],[136475,820272],[136239,820647],[135480,823186],[135617,823492],[136804,823630],[137287,823603],[137621,823855],[137690,824187],[137793,824351],[137868,825042],[138149,826391],[137622,826049],[137582,825209],[137026,824614],[135505,824659],[135308,824532],[134495,824292],[134273,824327],[134193,824392],[133038,825995],[133071,826375],[131690,827866],[131367,830063],[131501,830129],[131438,830544],[131047,830639],[130078,831309],[130083,831430],[130251,831572],[130098,831803],[130161,833388],[131635,834043],[131646,834068],[132283,834344],[132344,834316],[132362,834336],[132392,834323],[132483,834430],[133114,834703],[133302,834461],[133614,834511],[133462,835262],[133508,836402],[134033,835671],[134194,835805],[137201,833142],[137700,832010],[138205,831630],[139995,831134],[140000,831136],[140703,831404],[140000,831688],[138745,832195],[137725,834011],[137922,834306],[137229,834697],[136727,835245],[136215,835982],[135990,836049],[135952,836091],[135949,836092],[135198,836286],[135536,836621],[135531,836624],[135536,836628],[135522,836635],[135664,836785],[135208,836856],[135283,837973],[136509,838891],[135138,838536],[134539,837365],[134529,837354],[133707,837470],[133540,837329],[133355,837336],[133329,837287],[132749,837283],[132612,837384],[132034,836984],[131870,836426],[131767,836566],[131699,836820],[131867,837324],[131716,837357],[131755,837459],[131985,837602],[132218,838714],[131475,839156],[131380,839070],[130709,839592],[130757,839900],[130844,840000],[131412,840654],[131552,840777],[130484,841131],[130462,841329],[130771,842707],[130832,842819],[130761,842859],[130505,843366],[130486,843719],[130269,843958],[129620,841623],[129241,841617],[128122,840100],[128068,840046],[128062,840135],[128420,841131],[128591,841367],[128388,841355],[128355,841374],[128634,842494],[128737,842665],[128576,843215],[128326,843265],[128258,843391],[128376,843579],[127918,843964],[127576,845005],[127214,843329],[127592,843268],[127866,843941],[127798,843485],[127477,843091],[127229,843218],[126563,841984],[126221,842338],[126083,842507],[126062,842503],[126046,842519],[125315,842367],[125442,839104],[125401,839058],[125508,836785],[125499,836773],[124427,836225],[124350,836236],[124275,836610],[124272,836643],[124254,836720],[123687,836725],[123509,836888],[121928,838390],[121668,838465],[120355,839162],[120272,839351],[120000,839342],[118949,839306],[118710,839597],[118420,840000],[118280,840195],[118178,840243],[117531,841030],[117477,841014],[117474,841064],[117364,840980],[117292,840958],[116687,840944],[116391,841099],[115584,842688],[115359,843144],[115994,843768],[115328,846307],[114844,846848],[114716,846861],[114001,847594],[113970,847665],[113086,847431],[113020,847115],[112563,846883],[113012,847603],[112967,847712],[112905,848700],[112961,848996],[113434,849279],[113368,849472],[113425,849535],[113165,850082],[113279,850685],[113412,850929],[115526,850253],[115569,850113],[115626,850100],[115642,850055],[115823,850053],[116964,849780],[116777,850040],[116821,850039],[115669,851824],[115547,852885],[115546,854440],[115631,855165],[116146,855844],[117642,856876],[117655,856882],[117669,856860],[118248,855704],[118210,854979],[118207,854926],[118383,854877],[118817,854248],[118882,854087],[119044,854113],[119243,853715],[119246,853489],[119265,853468],[119269,853384],[119553,853087],[119701,852529],[119674,852413],[119740,852360],[119735,852313],[120000,852135],[120053,852099],[120295,851616],[120284,851469],[120276,851357],[120224,850777],[120230,850775],[120227,850647],[120360,850733],[120811,850585],[120980,850247],[120966,850216],[121017,850173],[121550,849110],[121723,848669],[121919,848550],[122527,847934],[122824,847394],[122999,848063],[123285,848177],[123387,848197],[123442,848541],[123901,848883],[123993,848841],[124638,847751],[124701,846985],[124447,846896],[124845,846080],[125253,846797],[125108,847233],[125574,847004],[125101,847665],[125103,847671],[124742,848154],[124646,848609],[124719,849156],[124403,849760],[124402,849768],[124381,849796],[124002,850516],[123965,850255],[123944,850238],[123352,850564],[123606,850235],[123524,850106],[122933,850334],[122817,850434],[123021,850726],[123342,850602],[123486,851304],[123404,851407],[122755,852951],[122309,855279],[122312,855305],[122853,855248],[123436,855124],[123536,855239],[124700,855970],[126018,854197],[126237,854194],[126404,854002],[126721,854288],[126586,854815],[126918,855522],[126906,855538],[126953,855607],[126271,856468],[126034,856549],[125597,857057],[125598,857265],[124565,858909],[124020,859080],[123189,860000],[122437,860831],[121839,860661],[121985,860398],[121658,860115],[121623,860158],[121975,861139],[122146,861160],[122383,861550],[122400,861560],[122407,861590],[122563,861847],[123001,863904],[123085,864228],[123089,864317],[123285,865239],[123162,865704],[123224,866900],[123278,867081],[123287,867079],[125891,865016],[126235,864627],[126314,864409],[126955,860402],[126959,860096],[127109,860000],[127827,859539],[128327,859893],[128450,859941],[129161,859102],[130512,858275],[130931,857264],[131151,857160],[132718,854424],[132560,854121],[133182,854367],[133602,854972],[134982,856185],[134990,856156],[133516,852715],[133533,852686],[133213,852134],[133867,852150],[134033,851884],[134349,850923],[134310,852441],[134876,853720],[135195,853958],[135433,854759],[135513,854787],[136071,854686],[136580,855062],[136533,855293],[136603,855813],[136587,855851],[136735,857269],[137931,854493],[138013,854010],[138181,854248],[139373,853611],[139445,853549],[139495,853357],[139660,851725],[139909,851633],[139965,852433],[140288,852735],[140308,852719],[140628,849232],[141468,848755],[140958,849830],[141059,850211],[141063,850212],[141061,850230],[141199,850769],[140881,852012],[140982,852147],[141375,852026],[141685,851653],[142090,851748],[140721,853304],[140765,853371],[140688,853341],[140555,853492],[140564,853544],[140000,854176],[138697,855635],[138146,857338],[138701,857447],[138353,857519],[138256,857658],[138314,857801],[137821,858366],[137635,858973],[137778,858810],[137807,859230],[137824,859247],[137809,859259],[137822,859443],[137540,859463],[137469,859518],[137069,860823],[137046,861012],[137256,861584],[137334,861782],[138001,861029],[138045,861191],[138048,861189],[138050,861193],[138461,861903],[138622,861959],[139569,863812],[139021,864023],[138900,863950],[138622,863782],[138669,863621],[138645,863587],[137448,863529],[137656,864218],[137446,864517],[137484,865063],[137563,865170],[137506,865383],[137580,866464],[137662,866591],[135880,869992],[137218,870840],[137118,871938],[138683,871766],[140000,872611],[140507,872936],[141104,873918],[141017,874068],[141201,874422],[141275,874430],[141145,874996],[140954,876218],[141108,876325],[141075,876355],[141078,876356],[141063,876365],[140913,876482],[140831,877007],[140839,877020],[141429,876256]]],[[[79050,877037],[79220,876970],[79352,877005],[79570,876944],[79367,876762],[78505,876177],[78431,875459],[78183,876163],[77781,876253],[77232,875754],[77018,876023],[76160,876104],[75717,876541],[75795,876645],[76029,876619],[76810,876405],[77382,876725],[77335,876855],[77430,876865],[77447,876837],[78038,876801],[78131,876939],[79050,877037]]],[[[93491,878081],[93516,877402],[93271,877892],[93491,878081]]],[[[172697,878305],[173070,877876],[173702,878029],[174495,878181],[173769,877106],[172925,877461],[172588,877861],[172697,878305]]],[[[87282,878249],[87210,878224],[86815,878672],[86979,878733],[87327,878701],[87512,878480],[87282,878249]]],[[[91699,879045],[92287,878555],[91834,878716],[91700,878790],[91699,879045]]],[[[144230,879056],[144445,878471],[143964,878652],[143801,878744],[143775,878808],[144149,879106],[144230,879056]]],[[[101377,879136],[101413,878764],[101151,878916],[101332,879283],[101340,879296],[101377,879136]]],[[[83607,878694],[82904,878384],[82807,877957],[83353,876509],[82914,877390],[82122,876602],[81808,875678],[82230,875385],[83203,875550],[83356,875172],[82823,874980],[83052,874822],[83488,875127],[84425,874935],[84576,874638],[84627,874534],[84186,874402],[84537,874273],[84292,873699],[84814,873464],[84991,873920],[84760,874338],[85187,874337],[84755,874821],[85299,874885],[85804,874181],[86728,874680],[86127,874867],[86164,875099],[86690,875143],[87172,874726],[87273,875138],[86114,875331],[85371,876090],[86387,876416],[86439,876388],[86555,876470],[87523,876781],[87922,877635],[88898,878312],[88899,878558],[89392,878512],[89713,877842],[89876,878560],[90779,879371],[90943,879177],[90807,878958],[90652,878948],[90557,878657],[90624,878610],[90755,878414],[90797,878352],[90988,878337],[91986,877553],[91206,877529],[92304,877226],[92246,876850],[92759,876901],[92643,876462],[92413,875973],[92224,875970],[92354,875575],[92038,875530],[92045,875976],[91658,876187],[91768,875875],[91202,875543],[91646,875218],[90926,875314],[92103,874940],[91059,874832],[90498,874995],[89311,875338],[89142,874998],[90418,874940],[90756,874473],[90762,874454],[90549,873830],[91267,873642],[90837,873873],[91013,874038],[91527,873429],[91503,873762],[91894,873566],[91945,873842],[91315,874056],[92717,873939],[91842,874091],[91890,874156],[92628,874063],[92881,873850],[93807,873909],[93404,873719],[93774,872929],[93525,872673],[93859,872903],[93887,872848],[94395,873272],[94585,873402],[94345,873462],[94144,873699],[94149,873741],[94593,873643],[94611,873421],[94779,873537],[95061,873540],[95254,873497],[95210,873542],[95688,873547],[95723,873543],[95858,873549],[95678,873752],[95928,873779],[95871,873806],[95565,874084],[95684,874247],[95408,874227],[94722,874852],[95024,875125],[95543,874764],[95985,874352],[95830,874216],[96085,873966],[96085,873817],[96264,873791],[96289,873766],[96222,873298],[96966,873222],[96975,873208],[96995,873219],[97184,873200],[97199,873222],[97917,872553],[97986,872444],[96232,870465],[96195,870242],[95493,869012],[95321,869184],[94352,870353],[94301,870768],[93998,870953],[93746,871125],[93965,871216],[94425,871287],[94620,871489],[94992,871644],[94756,872000],[94411,872097],[94521,871836],[94360,871743],[94261,871737],[94244,871676],[93838,871441],[92832,871511],[92714,871609],[92299,872057],[92659,872059],[92241,872119],[92190,872174],[92173,872128],[91576,872213],[91622,872245],[91627,872241],[91689,872302],[91849,872430],[91497,872711],[91357,872832],[91856,872520],[92120,872766],[91953,873320],[91893,873291],[91238,873228],[91182,873272],[91095,873342],[91436,873251],[91417,873264],[91440,873258],[91383,873288],[91076,873503],[90962,873506],[90752,873615],[90685,873668],[90677,873653],[90668,873658],[90652,873606],[90603,873516],[89640,873542],[89800,873498],[89643,873527],[89611,873532],[89823,873474],[90420,873310],[90396,873147],[90073,873115],[90184,873229],[89364,873280],[88943,873381],[89054,873300],[88970,873305],[88991,873294],[88941,873297],[89232,873169],[89322,873102],[88996,873203],[88887,873242],[88851,873199],[88754,873086],[88694,873088],[88742,873072],[88677,872995],[88694,872984],[88699,872983],[88692,872982],[89038,872781],[88863,872636],[89084,872472],[89129,872475],[89133,872475],[89157,872475],[89637,872433],[89787,872346],[89763,872224],[89905,872278],[90419,871979],[90354,871841],[90140,871664],[90214,871583],[90036,871342],[89792,871215],[89707,871262],[89692,871163],[89412,871017],[89654,870869],[89647,870815],[89752,870809],[89776,870794],[89570,870675],[90021,870792],[90220,870780],[90322,870701],[90468,870499],[90471,870495],[90047,870536],[90298,870379],[90147,870162],[90655,870296],[91621,870116],[92413,869819],[92348,869698],[92217,869453],[92046,869424],[91880,869466],[92151,869720],[91317,870067],[90626,869784],[90663,869746],[90896,869470],[90902,869500],[91062,869335],[91002,869586],[91486,869329],[91549,869279],[91820,869301],[92283,869316],[92279,869166],[91761,868653],[91704,868618],[91893,868363],[91886,868355],[91996,868234],[92141,868044],[91259,868449],[91157,868916],[90873,868725],[91304,868336],[91306,868334],[91504,868114],[90794,868392],[90889,868166],[90550,868152],[90905,867826],[91242,867845],[91161,867831],[90210,867759],[91327,867538],[91977,867794],[92050,867678],[92074,867616],[92016,867600],[91575,867576],[91579,867029],[91892,867150],[92263,866833],[92425,866979],[93569,867185],[93707,867121],[93709,867123],[93713,867122],[93757,867167],[93957,867114],[94030,867269],[94486,867351],[94581,867289],[94524,867358],[94911,867427],[94906,867372],[94926,867376],[94926,867310],[95281,867408],[94976,866613],[94652,866456],[94753,866030],[94578,865573],[94115,864457],[94048,864460],[93489,864542],[93588,864408],[93538,864147],[92639,863692],[92206,863662],[91019,864214],[90948,864448],[90837,864474],[90749,864615],[90715,864502],[90178,864626],[89945,864764],[90125,864521],[90204,864245],[89963,864063],[90297,863919],[89008,864338],[88985,864346],[88982,864346],[87837,864718],[87739,864509],[88442,864354],[88504,864255],[87697,864102],[87645,864173],[87656,864094],[85609,863706],[85557,863709],[85110,864399],[85450,864410],[85481,864463],[85617,864426],[85602,864188],[85629,864186],[85628,864183],[85643,864185],[86194,864157],[86238,864261],[86239,864264],[86293,864400],[86326,864418],[86307,864434],[86360,864565],[86134,864789],[86119,864860],[86189,865001],[86206,864995],[86197,865017],[86222,865068],[86408,865286],[85900,865952],[85671,865533],[85739,865365],[85725,865353],[85904,864953],[85947,864847],[85225,865228],[85193,865184],[85178,865190],[84896,864856],[84048,864868],[83790,864895],[83846,864870],[83853,864864],[83843,864865],[83857,864860],[84288,864440],[83651,864438],[83337,865486],[83571,864588],[82802,864378],[83018,864027],[82730,863978],[83175,863799],[82847,863330],[83521,863618],[83982,862929],[84031,863711],[85609,863462],[85916,863413],[86836,863238],[86961,863249],[90335,862717],[91098,862577],[91103,862670],[91179,862950],[91120,862970],[91142,863351],[91164,863378],[91232,863384],[92960,863186],[92966,863183],[92650,862706],[92916,862752],[92816,862066],[92534,861609],[92729,861473],[92613,860677],[92492,860495],[92456,860442],[92511,860090],[92497,860056],[92332,860000],[91982,859882],[91980,859718],[91914,859038],[90567,858803],[90820,858491],[90949,858542],[91144,858595],[91800,858344],[91792,858332],[90784,858291],[90088,858293],[89768,858502],[89773,858545],[89715,858537],[88995,859008],[88949,859038],[88831,859115],[88440,859088],[87967,859324],[87532,859794],[87509,859553],[87339,859638],[87391,859590],[87241,859695],[87226,859255],[87470,859430],[87690,859315],[88596,858484],[88561,858447],[88558,858442],[88617,858402],[88609,858331],[87166,858952],[87025,859263],[86945,859047],[86588,859201],[86583,859175],[86446,859279],[86386,858923],[87100,858587],[85945,858463],[86176,858854],[85727,858890],[85738,858518],[84857,859119],[84627,859362],[84598,859544],[85218,859637],[85000,860000],[84815,860309],[84376,860084],[84727,860089],[84728,860000],[84731,859700],[83937,860000],[83694,860092],[83837,860000],[84253,859732],[84599,859099],[84737,859005],[84874,858790],[84869,858065],[84149,859602],[83747,859430],[83295,859703],[83621,859403],[83124,859281],[82486,860000],[82482,860005],[82699,860116],[82083,860409],[82354,860000],[82894,859184],[82679,859398],[82576,859050],[81937,858931],[81118,859460],[81175,860000],[81188,860126],[81847,860742],[81313,861430],[81410,861974],[80790,862029],[80756,862072],[80309,862803],[80000,862692],[79825,862629],[80000,862212],[80286,861529],[80000,861610],[79851,861652],[79939,861366],[79370,860963],[79822,860000],[79913,859808],[79326,858508],[78859,858347],[79461,858509],[79372,858336],[78987,858132],[78521,858536],[78366,860000],[78317,860460],[76773,863240],[76857,863931],[77088,864026],[76816,863356],[77035,862887],[77793,862528],[77782,862273],[77824,862757],[78270,862663],[78000,862898],[78276,863043],[78137,863436],[78445,863000],[78536,863447],[79068,863684],[79194,863232],[78685,862765],[79387,862924],[79459,862544],[79532,863005],[79817,862718],[80000,862779],[80378,862904],[80000,863269],[79738,863521],[79784,863843],[80000,863885],[80655,864015],[80406,863681],[80638,863512],[81274,863611],[80807,863776],[81006,863974],[81216,863978],[82443,864010],[80000,864287],[79863,864303],[79302,864437],[78347,865416],[77669,865433],[77804,865763],[77308,865745],[77015,866346],[76708,866375],[76452,867075],[76869,867291],[76928,867753],[76194,867170],[76296,867705],[75832,867655],[75817,867943],[74947,868361],[75584,867261],[74678,866404],[73873,866345],[73387,865951],[72301,866377],[72174,866785],[72196,867000],[72173,867012],[72174,867056],[72076,867102],[71792,868018],[72357,868258],[72532,868875],[71685,869372],[71949,869200],[71699,868980],[72000,868343],[71183,868157],[71074,868330],[71093,868405],[71090,868409],[71026,868475],[70899,868610],[70638,869026],[70011,868812],[69651,870000],[69345,870279],[69060,870224],[68766,870783],[68765,870794],[68927,870907],[69638,871121],[69765,870432],[70404,870611],[70562,870986],[70365,871209],[70510,871308],[70746,871359],[70906,872214],[70796,872278],[70796,872284],[70749,872304],[70217,872607],[70271,872632],[70958,872711],[71068,873004],[71216,873073],[71432,872881],[71826,873032],[72020,873585],[71721,874298],[72132,874348],[72623,875172],[72592,875293],[72843,875572],[72897,875556],[72754,875866],[72771,875872],[72747,875903],[72746,875886],[72439,876553],[72587,876559],[72830,876480],[73054,876576],[73068,876579],[73087,876591],[73089,876592],[73075,876618],[73082,876660],[73131,876663],[73154,876641],[73152,876648],[73158,876642],[73154,876664],[73564,876690],[74438,876251],[74669,876417],[74804,876480],[74786,876502],[75164,876773],[75629,875631],[76582,875182],[76317,875524],[76682,875466],[76759,875399],[76708,874916],[77383,874365],[77048,874444],[77114,873738],[76115,874170],[76942,873654],[78216,873657],[78860,872865],[78888,873298],[79449,873815],[79249,874455],[79538,874421],[79769,874962],[79508,875937],[80000,876053],[80825,876249],[81756,876896],[82054,877552],[81811,878014],[81472,877949],[81548,878232],[82115,878096],[82546,878602],[82451,878655],[82561,878699],[82872,878667],[82882,878847],[83050,879240],[83454,879571],[83633,879001],[83607,878694]]],[[[100385,879573],[100755,878897],[100000,879386],[99864,879475],[99855,879492],[99862,879495],[100000,879516],[100385,879573]]],[[[96477,879588],[96507,879340],[96250,879485],[96477,879588]]],[[[96998,879629],[96669,879384],[96784,879704],[96998,879629]]],[[[101952,880000],[102351,879441],[101890,879946],[101871,880000],[101827,880130],[101874,880109],[101952,880000]]],[[[59241,880869],[59561,880720],[59387,880729],[59241,880869]]],[[[59443,880952],[59628,880775],[59460,880825],[59443,880952]]],[[[59602,880986],[59665,880851],[59529,880979],[59602,880986]]],[[[59748,881048],[59770,880929],[59685,881017],[59748,881048]]],[[[59801,881120],[59831,881047],[59774,881056],[59801,881120]]],[[[98457,881420],[98635,881166],[98475,881212],[98832,880883],[98433,881036],[98454,881420],[98457,881420]]],[[[135913,881643],[136541,880740],[136420,880822],[135772,881363],[135848,881567],[135913,881643]]],[[[61381,882023],[61199,881800],[61151,882039],[61381,882023]]],[[[85724,880564],[85611,880108],[85413,880161],[84659,880705],[84489,880952],[84691,881137],[84468,882023],[84642,882122],[85016,882296],[85998,881760],[85497,881066],[85724,880564]]],[[[93360,882380],[93290,881412],[92569,881927],[92130,881719],[92446,880823],[91766,880773],[91743,880463],[91310,879767],[90910,879489],[91378,879910],[91350,879929],[91383,879953],[91348,880000],[90792,880766],[90231,880539],[90551,880134],[88738,880626],[88866,880746],[88952,880759],[89330,881183],[89699,881531],[90655,883532],[92180,883755],[92804,883803],[92968,883698],[93829,882965],[93913,882727],[93891,882673],[93360,882380]]],[[[106817,884431],[106614,884258],[106550,884593],[106588,884590],[106817,884431]]],[[[97809,883789],[98807,882736],[97986,883189],[97810,883071],[97192,883447],[97149,883486],[97026,883644],[97247,884528],[97428,884611],[97799,884139],[97814,884043],[97900,884003],[98038,883808],[97809,883789]]],[[[284889,886288],[285723,885212],[284495,886379],[283508,886397],[284546,886446],[284889,886288]]],[[[87891,886501],[88153,886094],[87838,886484],[87856,886514],[87891,886501]]],[[[98101,887037],[98164,884940],[97723,885587],[96969,886845],[97800,887046],[97895,887321],[97988,887365],[98101,887037]]],[[[111290,888194],[111159,888192],[111057,888254],[110895,888623],[110935,888595],[110984,888564],[111290,888194]]],[[[90173,889191],[90935,887779],[90943,887763],[89501,886489],[88420,886526],[88356,886563],[87396,887375],[87345,887430],[87051,888166],[87074,888202],[87368,888233],[87587,888945],[88555,888908],[88729,889209],[89121,889294],[89883,889237],[90173,889191]]],[[[186243,887986],[186108,887010],[186095,887012],[184065,888420],[184042,888481],[184411,889887],[184443,889439],[185750,888499],[186243,887986]]],[[[114146,889871],[114064,889602],[113882,889638],[113831,889726],[113744,889665],[113551,889703],[113362,890524],[113389,890536],[114146,889871]]],[[[88055,890925],[87792,890822],[87783,891523],[88025,891477],[88516,891216],[88517,891208],[88314,891065],[88055,890925]]],[[[121857,894918],[122013,894792],[121642,894813],[121677,894879],[121857,894918]]],[[[194986,892932],[194986,892915],[194951,892918],[194064,893427],[193887,893620],[194166,895200],[194202,895204],[194986,892932]]],[[[120598,895205],[120586,895149],[120376,895162],[120220,895186],[120427,895422],[120598,895205]]],[[[120191,896402],[120356,896188],[120167,896244],[120162,896244],[120152,896247],[120088,896525],[120191,896402]]],[[[123042,896833],[123236,896615],[123163,896527],[123309,896577],[123636,896615],[123908,896516],[124294,896308],[124059,895906],[124535,895695],[124773,894711],[124779,894676],[124625,894894],[124614,894850],[124096,894439],[122970,894049],[123076,894702],[122992,894743],[123013,895145],[122993,895146],[123026,895172],[122976,895147],[122401,895174],[122407,895163],[122455,895074],[122329,895170],[122467,895052],[122715,894599],[122664,894544],[122369,894746],[122279,894670],[122166,894743],[122137,894786],[122095,894788],[122001,894848],[121926,895203],[121972,895244],[122304,895497],[122316,895505],[122296,895528],[122325,895553],[121447,896553],[121449,896488],[121435,896504],[121148,895768],[121096,895767],[121121,895696],[121079,895590],[120965,895764],[120942,895848],[121259,896191],[120627,897031],[121275,896809],[121375,896679],[121882,896778],[121512,896956],[121572,897226],[121301,897242],[121274,897460],[121286,897469],[121349,897453],[123042,896833]]],[[[118680,897597],[119076,897047],[119053,897027],[118769,897254],[118659,896797],[118650,897620],[118680,897597]]],[[[9908,897934],[11000,897095],[10289,897538],[10271,897563],[10280,897560],[10244,897603],[10232,897619],[10182,897605],[9866,897801],[9908,897934]]],[[[141894,898821],[142210,898638],[142194,898621],[141956,898616],[141910,898319],[141877,898284],[141872,898075],[141832,897812],[141866,897794],[142168,897559],[142061,896157],[141813,897826],[140627,898692],[140552,898752],[140544,898777],[140611,898784],[141151,898687],[141495,898886],[141672,898906],[141894,898821]]],[[[143300,898860],[143336,898487],[143389,898445],[143391,898434],[143591,898285],[143826,898100],[143834,898083],[142794,898552],[142919,898518],[143004,898838],[143165,899056],[143300,898860]]],[[[209648,899011],[209690,898958],[208862,899280],[208402,899938],[208388,899972],[208384,899982],[209020,900000],[209643,900018],[209746,900000],[210090,899941],[210090,899535],[209648,899011]]],[[[7571,901260],[8475,900264],[8855,901027],[9588,900645],[9555,900593],[9609,900634],[10049,900405],[10485,900658],[10459,900170],[10593,900000],[11259,899160],[10119,899078],[10106,899047],[10035,899075],[9986,898756],[9765,898221],[9886,898111],[9869,898003],[9701,897904],[9395,898094],[9135,898724],[8759,898558],[7665,899170],[7840,899746],[7847,899769],[7821,900000],[7758,900545],[7613,900662],[7590,900755],[7566,901249],[7571,901260]]],[[[201140,901889],[201299,901703],[201162,901792],[201116,901878],[201140,901889]]],[[[7056,901934],[6582,900985],[5997,901249],[6000,901349],[5513,901467],[7058,901951],[7056,901934]]],[[[195497,902111],[195293,901921],[195196,902015],[195189,902032],[195445,902098],[195497,902111]]],[[[110421,902447],[110778,902274],[110447,902329],[110421,902447]]],[[[196229,902730],[196495,902416],[196452,902325],[196329,902309],[196196,902464],[195864,902286],[196229,902730]]],[[[192636,901727],[191853,901572],[191925,901664],[192012,901768],[192115,901904],[191524,902309],[191961,902340],[192306,902759],[192594,902920],[192707,902714],[192665,902288],[192608,902186],[193004,902176],[193159,901894],[193166,901837],[192636,901727]]],[[[104300,903137],[104598,901891],[104601,901866],[104257,900725],[104422,900334],[104115,900246],[104030,900253],[104005,900215],[103957,900201],[103962,900152],[103394,899327],[102962,899015],[102802,899290],[102713,899563],[102574,899600],[101942,900000],[101851,900058],[101318,900705],[100987,900657],[100768,900000],[100526,899268],[100000,899031],[99085,898618],[98929,899367],[98877,899664],[99092,900000],[99192,900156],[98779,900221],[98760,900327],[98743,900712],[99103,900751],[99028,900539],[99316,900411],[99618,900807],[99779,900824],[99868,900725],[100000,900796],[100029,900812],[100167,900802],[100269,900877],[100945,900950],[100972,900931],[101000,901014],[101027,901004],[101184,901553],[101538,902588],[102171,902593],[102227,902943],[102665,903131],[102951,903042],[103562,903475],[104080,903247],[104300,903137]]],[[[197750,903748],[197079,903052],[197320,903899],[197448,903973],[197546,903934],[197750,903748]]],[[[202702,904431],[202249,903855],[202177,905308],[202397,905229],[202671,904587],[202702,904431]]],[[[106564,905070],[106672,904556],[106637,904569],[106116,905528],[106264,905424],[106564,905070]]],[[[202164,905776],[202320,905411],[202166,905520],[202153,905777],[202155,905787],[202164,905776]]],[[[15473,905898],[15524,904498],[14831,904925],[15170,905468],[15203,905467],[15219,905540],[15197,905512],[15458,905930],[15473,905898]]],[[[105614,905720],[105386,905702],[105302,905792],[105607,906031],[105680,906018],[105724,905992],[105760,905899],[105614,905720]]],[[[197150,907297],[196750,907047],[196718,907071],[196387,906834],[196361,906841],[196183,907125],[196279,907599],[195807,907785],[196031,907904],[196548,908167],[196550,907751],[196574,907738],[196574,907732],[197177,907353],[197150,907297]]],[[[197371,908195],[197371,907555],[197350,907642],[197101,907633],[197046,907633],[197182,907925],[197360,908287],[197367,908261],[197371,908195]]],[[[199385,908212],[199339,908083],[199217,908106],[199024,907366],[200000,907045],[200105,907011],[199339,906270],[199281,906270],[198428,906681],[198385,906990],[197922,906926],[198737,908879],[198924,908753],[199385,908212]]],[[[195352,909519],[195041,909298],[195227,909940],[195253,909942],[195423,909788],[195352,909519]]],[[[138974,910355],[139380,909496],[138590,909662],[138260,909937],[138261,909670],[138023,909551],[137668,909568],[137517,909675],[137655,910358],[137697,910391],[138974,910355]]],[[[120933,909377],[120898,909358],[120020,911180],[120867,911825],[120954,911850],[121610,910284],[121559,910157],[120933,909377]]],[[[87561,911285],[87550,911273],[87407,911470],[87240,911745],[87549,911863],[87637,911878],[87561,911285]]],[[[196981,911929],[197408,911581],[197866,911600],[198025,911575],[197699,910943],[197485,910614],[197193,910680],[196685,910982],[196714,911006],[196412,911205],[196944,911928],[196981,911929]]],[[[195805,911259],[195800,911248],[195488,911694],[195942,912133],[195805,911259]]],[[[99438,915472],[99515,915122],[99390,915382],[99438,915472]]],[[[98633,915674],[98632,913109],[98555,913094],[97050,913929],[96966,914029],[95739,913814],[95628,914329],[95536,914799],[95429,914879],[95202,915207],[95149,915347],[95207,915604],[95001,915918],[96989,916857],[97338,916887],[97587,916329],[97589,916326],[98608,915814],[98633,915674]]],[[[96564,917005],[96321,916964],[96265,917008],[96658,917275],[96715,917279],[96703,917229],[96564,917005]]],[[[207191,917152],[206991,917094],[206993,917363],[207121,917338],[207323,917240],[207191,917152]]],[[[205946,917254],[205752,917222],[205320,917391],[205621,917566],[205667,917579],[205916,917297],[205946,917254]]],[[[142429,920000],[142442,919593],[142164,920000],[142070,920137],[141844,920468],[142416,920379],[142429,920000]]],[[[142037,920908],[141913,920801],[141577,920947],[142037,920908]]],[[[133634,920753],[133535,920738],[133377,920968],[133604,921010],[133775,920904],[133634,920753]]],[[[138326,920836],[138268,920796],[137911,921007],[137882,921179],[139235,921823],[139253,921813],[139230,921747],[138326,920836]]],[[[205212,921923],[204169,921922],[204474,922048],[204816,922168],[205107,922041],[205243,921956],[205212,921923]]],[[[98342,921282],[98313,920813],[97326,921105],[97521,921326],[97795,921604],[97776,921615],[97794,921635],[97508,921840],[97614,922220],[97797,922298],[98220,922070],[98317,921992],[98342,921282]]],[[[142426,922751],[142066,922599],[142334,922974],[142421,922775],[142426,922751]]],[[[140480,923513],[140142,923193],[140121,923753],[140248,923688],[140480,923513]]],[[[98158,924419],[98118,924414],[97890,924556],[97974,924595],[98124,924521],[98158,924419]]],[[[144970,930474],[144878,930377],[144835,930426],[144933,930558],[144970,930474]]],[[[113137,931159],[112991,931033],[112969,931141],[112955,931518],[113134,931323],[113137,931159]]],[[[121681,931778],[121600,931753],[121602,932094],[121616,932144],[121863,932201],[121681,931778]]],[[[110868,932923],[110869,932892],[110303,933208],[110186,933279],[110192,933286],[110730,933453],[110868,932923]]],[[[112379,933675],[112371,933219],[112282,933247],[112049,933503],[112059,933594],[112109,933642],[112372,933875],[112379,933675]]],[[[120081,932679],[120080,932660],[120000,932760],[119756,933064],[119441,933499],[119581,933846],[119723,934064],[119855,933918],[120081,932679]]],[[[206814,934112],[206809,933725],[206788,933740],[206564,933952],[206709,934050],[206814,934112]]],[[[222677,934438],[222609,934431],[222630,934464],[222677,934438]]],[[[109119,934387],[109236,934119],[108585,934585],[108669,934557],[109119,934387]]],[[[216654,935111],[216602,934993],[216477,935144],[216654,935111]]],[[[120099,934751],[120024,934700],[120000,934709],[119677,934819],[119634,934867],[119672,935058],[119752,935342],[119778,935301],[120099,934751]]],[[[208769,935588],[208963,934772],[209015,934870],[209372,934709],[209520,934549],[209953,934774],[209848,933657],[209615,933677],[208545,934176],[208533,934194],[208522,934187],[208161,934355],[208164,934440],[207698,934575],[207655,934591],[208769,935588]]],[[[112703,936009],[113057,935122],[113253,935305],[113639,934788],[113611,934767],[113009,934343],[112987,934361],[112697,935953],[112703,936009]]],[[[118764,936454],[119032,936018],[118709,936096],[118708,936102],[118764,936454]]],[[[216693,937177],[216832,936962],[216923,936975],[217017,936856],[216365,936452],[216306,936433],[216191,937197],[216289,937316],[216693,937177]]],[[[111623,936701],[111569,936697],[111382,936809],[111366,936905],[111514,937160],[111305,937286],[111292,937365],[111563,937349],[111631,937300],[111759,936868],[111623,936701]]],[[[215415,937263],[215751,936663],[215734,936508],[215313,936840],[215384,937015],[215308,937042],[215317,937099],[215309,937099],[215314,937135],[215081,937123],[215064,937129],[215130,937238],[215266,937380],[215415,937263]]],[[[212243,937960],[211953,937720],[212088,938037],[212243,937960]]],[[[110461,938551],[110373,937342],[110271,937365],[109829,938047],[109683,938489],[109852,938493],[109935,938428],[110078,938497],[110239,938163],[110143,938489],[110431,938644],[110439,938646],[110461,938551]]],[[[110065,938765],[109910,938716],[109819,938807],[109845,938893],[109942,938964],[110059,938899],[110065,938765]]],[[[214297,939240],[214215,939195],[214206,939354],[214204,939419],[214234,939602],[214439,939333],[214297,939240]]],[[[113514,940331],[113623,940174],[113968,940443],[115288,940075],[115316,940122],[115412,940100],[115404,940000],[115400,939949],[115466,940000],[115551,940066],[115646,940044],[115883,938857],[115759,938495],[116190,937246],[116417,938015],[116517,937710],[116704,937096],[117235,936779],[117220,936886],[117281,936856],[117312,937158],[117534,937069],[117317,937206],[117362,937644],[117657,937279],[117614,937057],[117937,936841],[118389,935763],[118357,935676],[118527,935713],[119108,935556],[119070,933566],[118352,933774],[117902,934350],[116880,934327],[116650,934577],[116615,934297],[115984,934233],[114409,934582],[114212,934632],[113827,936080],[114330,935877],[114751,935697],[114762,935476],[114770,935689],[114782,935684],[115012,936269],[115078,936268],[115152,936626],[114584,937793],[114785,937958],[114233,938527],[114221,938539],[114303,938173],[114657,936395],[114558,936483],[114400,936630],[114428,936761],[113923,937072],[113828,937161],[113812,937663],[114155,937242],[114087,937617],[114103,937606],[114077,937672],[114004,938073],[113818,938332],[113810,938347],[113721,938468],[113625,938363],[113295,940358],[113347,940373],[113309,940450],[113336,940539],[113514,940331]]],[[[112385,941330],[112312,941293],[112101,941520],[112085,941570],[112317,941636],[112385,941330]]],[[[113905,940574],[113654,941548],[113781,941648],[113877,941611],[114670,941130],[115020,941165],[115118,940497],[114204,940497],[113905,940574]]],[[[114553,942035],[114653,941597],[114427,941928],[114553,942035]]],[[[119300,942187],[119280,942155],[119232,942173],[119300,942187]]],[[[111938,943384],[111582,943313],[111816,943447],[111900,943419],[111938,943384]]],[[[72637,946749],[72572,946707],[72425,946765],[72303,946910],[72353,946965],[72526,946942],[72637,946749]]],[[[214101,948966],[214786,948335],[214956,948151],[214633,947280],[214630,947329],[214657,947497],[214309,947212],[214139,947286],[213965,947413],[213908,947387],[213762,947451],[213441,947168],[213284,947095],[212899,947336],[212556,948053],[212550,948281],[212576,948288],[212896,948324],[212915,948383],[212919,948384],[212941,948464],[213428,948674],[213489,948650],[214078,948956],[214101,948966]]],[[[219350,949789],[219145,949775],[219121,949794],[219145,949812],[219201,949827],[219350,949789]]],[[[218686,950132],[218671,950115],[218332,950273],[218782,950411],[218802,950397],[218686,950132]]],[[[220437,950265],[220292,950196],[220000,950260],[219758,950313],[220156,950502],[220427,950606],[220437,950265]]],[[[255654,953397],[255616,953181],[255618,953357],[255654,953397]]],[[[220503,956990],[220182,956872],[220337,957156],[220503,956990]]],[[[217271,958293],[217110,958270],[217091,958320],[217331,958456],[217271,958293]]],[[[242444,958553],[241921,957494],[242096,958376],[242444,958553]]],[[[217999,958396],[217543,958332],[218060,958867],[218190,958479],[218030,958408],[217999,958396]]],[[[236578,962721],[236456,962288],[236450,962405],[236496,962593],[236578,962721]]],[[[260502,962802],[260386,962727],[260023,962900],[260018,962982],[260342,963279],[260575,963131],[260502,962802]]],[[[260788,963135],[260717,963074],[260666,963243],[260739,963580],[260974,963853],[261045,963842],[260788,963135]]],[[[236485,964116],[236449,964088],[236465,964117],[236485,964116]]],[[[266506,964767],[266502,964120],[266452,964104],[266413,964134],[266023,964590],[266113,964634],[266333,964585],[266394,964743],[266506,964767]]],[[[238263,965354],[238232,965331],[238244,965385],[238263,965354]]],[[[238130,965564],[237831,965285],[237662,965527],[237926,965771],[238026,965729],[238130,965564]]],[[[264581,965901],[264371,965411],[264166,965314],[264161,965111],[264079,964787],[263929,964692],[263920,964692],[263255,964969],[263217,965061],[263321,965177],[263679,965451],[263567,965522],[263451,965670],[263514,965810],[263780,965912],[263834,965832],[264062,966019],[264269,966097],[264367,966110],[264464,966096],[264478,966092],[264581,965901]]],[[[263512,965913],[263390,965747],[263093,966127],[263267,966215],[263341,966213],[263269,966069],[263527,966054],[263512,965913]]],[[[116483,934154],[116509,934116],[116881,933611],[117054,933646],[117324,933610],[117846,933540],[118520,933294],[118612,933086],[118721,932835],[118762,932833],[119024,932308],[119022,932299],[119026,932305],[119029,932299],[119074,932303],[119053,932092],[119132,932309],[119698,932364],[120000,932163],[120411,931889],[120983,932438],[121015,932345],[121689,929546],[121781,930123],[121790,930099],[121699,929502],[122038,929584],[121857,930512],[121916,930467],[122304,930000],[122307,930000],[122312,929995],[122534,929985],[122820,929762],[122512,930774],[122404,931236],[123011,931348],[123431,931365],[123439,931365],[123443,931365],[123350,931410],[123394,931418],[123236,931465],[122618,931761],[122458,932038],[122487,932098],[122173,932530],[121891,933020],[121922,932362],[121823,932323],[121609,932803],[121588,932939],[121468,932797],[121114,932766],[121074,932901],[120863,933007],[120818,933058],[120804,933036],[120431,933223],[120405,933303],[120489,933609],[120506,933604],[120567,933860],[121146,934262],[121412,934176],[121636,933590],[121850,933794],[121726,934175],[121773,933876],[121557,934007],[121730,934749],[121716,934740],[121505,934616],[121225,935105],[120050,937242],[120000,937399],[119985,937448],[119811,937677],[119666,937428],[119351,937397],[119313,937494],[119309,937492],[119306,937500],[119214,937452],[118872,937931],[118735,938378],[118433,938559],[118417,938590],[118418,938594],[118980,939003],[118002,939476],[117949,939549],[118020,939739],[118156,940000],[118205,940096],[117874,941012],[117878,941015],[117808,941174],[117650,941604],[117766,941623],[117872,941540],[118151,941686],[118317,941713],[118435,941462],[118605,941943],[119282,941811],[119374,942203],[119627,942258],[119879,942160],[120000,942251],[120373,942531],[120000,942491],[119457,942433],[119443,942412],[117560,942565],[117359,942711],[118276,943522],[118379,943481],[118433,943660],[119108,944256],[119137,944248],[118672,945140],[118818,944975],[118973,945145],[119472,945154],[119617,945024],[119631,945058],[119672,945157],[120735,945175],[120753,945149],[120781,945176],[121349,945185],[121446,945089],[121488,945193],[122270,945960],[122449,945926],[122436,945918],[122467,945917],[122466,945923],[122732,945872],[122556,946240],[122830,946509],[123054,946520],[123626,947291],[123731,947394],[123734,947386],[123752,947392],[123739,947402],[123764,947427],[123852,947413],[123856,947404],[123862,947411],[124154,947363],[124549,948135],[124599,948234],[124633,948201],[124782,948038],[124812,948154],[125301,947962],[125345,947660],[125652,947650],[125665,947778],[125779,947775],[126257,948527],[126751,948674],[126774,948787],[126820,948804],[126799,948914],[126816,948996],[126994,949620],[127564,949529],[127627,949609],[128113,949990],[128225,949853],[128314,949618],[128108,948849],[128383,948432],[128216,949010],[128646,948740],[128683,948813],[129339,949194],[129560,949134],[129606,949076],[129662,949107],[129709,949094],[129754,949122],[129927,949089],[130879,949654],[130884,949654],[130886,949658],[130971,949710],[131334,950234],[131755,950379],[131939,950375],[132035,950613],[132168,950804],[134182,950841],[136052,954291],[137354,954332],[137939,954800],[138022,955077],[138972,956016],[139055,956068],[140000,956555],[140006,956558],[140161,956760],[140805,957164],[140790,957202],[140809,957192],[140684,957497],[141194,958131],[142267,958798],[143624,959450],[144566,959540],[144894,960000],[144958,960091],[145794,960492],[146110,960541],[147090,961557],[147492,962634],[148958,962339],[148911,962728],[149434,962721],[149422,962967],[149676,963225],[150015,963303],[151233,964655],[150962,965261],[151190,965674],[150726,965760],[150680,965890],[150838,966018],[150857,966014],[150971,965988],[151192,966128],[151681,966436],[152419,966240],[152508,966158],[152375,965916],[152904,965332],[153595,964986],[153513,964848],[153516,964846],[154044,964719],[153853,964260],[154017,964181],[153964,963892],[153781,963799],[153782,963793],[153770,963431],[154180,962951],[154336,962770],[154481,962745],[154748,962455],[154714,962390],[154859,962334],[154882,962310],[154895,962002],[154889,961993],[154896,961992],[154897,961974],[154853,961906],[155259,961901],[155673,961451],[155731,961243],[155769,961107],[156028,961065],[156182,960899],[156199,960521],[156160,960429],[156075,960360],[155605,960000],[155397,959840],[155593,959119],[155447,958782],[155245,958591],[155583,957898],[155665,957936],[156011,957708],[156184,957482],[156036,957125],[156528,956811],[156543,956678],[156832,956585],[156682,955209],[156665,955197],[156026,954981],[155597,954479],[155372,954328],[155281,953966],[154862,952956],[154630,952848],[154584,952306],[154276,951810],[154173,951698],[154108,951301],[153996,950874],[153756,950297],[153479,949994],[153431,949948],[153416,949933],[153529,949846],[153792,949522],[153538,949185],[153769,949288],[155140,947569],[155405,947528],[155432,947500],[155435,947496],[155438,947494],[155443,947495],[155775,947454],[155702,947318],[156103,947359],[156510,946898],[156516,946884],[154612,946652],[154518,946561],[154370,946538],[154237,946290],[152255,944378],[152169,944374],[152173,944300],[151795,943843],[151718,943802],[151758,943720],[151546,943430],[151612,943395],[151325,943224],[151535,943096],[151516,943073],[151764,942957],[151806,942931],[151651,942378],[151510,941959],[150696,941817],[150693,941824],[150695,941831],[150691,941829],[150690,941833],[150644,941809],[149922,941683],[149486,941904],[149015,941217],[148749,941257],[149008,941316],[148747,941705],[148174,941838],[148740,941663],[148660,941187],[149148,941121],[149115,940000],[149103,939591],[149029,939561],[149031,939444],[149034,939250],[148134,939063],[147523,939007],[146853,939387],[146827,939350],[146815,939357],[146824,939347],[146221,938493],[146331,937292],[146609,937212],[146744,936758],[146523,936479],[146382,936458],[146380,936456],[146378,936392],[146373,936290],[146192,936061],[145167,935922],[145095,935550],[145094,935547],[145085,935498],[144789,934972],[145025,935513],[144433,935781],[144422,935786],[143992,935979],[144015,935945],[144029,935927],[144042,935919],[144320,935606],[144014,934770],[142992,934615],[143061,934267],[144139,934168],[144062,933681],[144337,933860],[144570,934013],[144830,934183],[145131,934069],[145267,934018],[145575,934166],[145406,934588],[145402,934591],[145059,934846],[145524,934676],[145527,934674],[146569,933373],[146764,933476],[147135,932998],[147262,932672],[147905,932418],[148391,932226],[148729,932579],[148914,932677],[149465,932660],[149693,932932],[149830,932850],[149746,932994],[149939,933224],[151123,933855],[151348,933785],[152072,934292],[152195,934556],[152423,934747],[152449,934965],[152771,935468],[153267,935677],[153571,936482],[155263,936804],[155298,936776],[155855,937410],[155837,937541],[156250,938089],[156524,937592],[157057,937589],[157096,937718],[157372,937580],[157298,937121],[156986,936588],[156700,936670],[156310,936189],[156522,935797],[156165,935187],[155969,935101],[156022,934944],[155627,934269],[155559,934214],[156123,933456],[156181,933370],[156089,933330],[155510,933163],[155663,932731],[155538,932589],[155479,932600],[154616,931545],[154581,931514],[154411,931550],[154410,931564],[154401,931552],[154127,931610],[153740,931254],[153253,931103],[152855,931071],[152600,930592],[152814,930043],[152810,929986],[152777,929991],[152560,930061],[152556,930063],[152531,930043],[152486,930052],[152010,929673],[150491,929181],[150262,929162],[150135,929154],[149905,929495],[149867,929897],[149567,929996],[148841,931071],[148829,931257],[148702,931276],[148266,931922],[148264,931933],[148255,932023],[148245,932025],[148232,932089],[147941,932104],[147735,932158],[147599,932122],[146971,932155],[146635,931951],[146488,931939],[146465,931848],[146395,931806],[146193,931753],[145890,931291],[145901,931284],[145895,931276],[145868,931218],[146262,931085],[146270,931081],[146224,930900],[146005,930719],[145679,931214],[145672,931189],[145668,931196],[145665,931185],[145659,931194],[145304,930823],[145161,930981],[144561,930648],[143934,932094],[143952,932161],[143859,932150],[143571,932251],[143563,932236],[143495,932115],[142884,932096],[142615,932288],[143000,932350],[142435,932536],[142188,932617],[142131,932697],[142240,933004],[142273,933093],[142424,933493],[142386,933443],[142022,932964],[141777,932712],[141814,932614],[141817,932594],[141804,932578],[141821,932569],[141924,931954],[141901,931838],[141908,931833],[141860,931808],[141808,931781],[141904,931764],[141919,931763],[141988,931704],[142332,931056],[142342,930771],[142385,930780],[142369,930722],[142397,930718],[142415,930614],[142561,930626],[142609,930535],[142657,930635],[142877,930653],[142933,930900],[143149,930948],[143241,930866],[142698,930213],[142627,930172],[142273,929714],[142150,929581],[142167,929574],[143082,926773],[143048,926496],[141877,925992],[141674,926004],[140638,925470],[140000,926013],[139929,926073],[139785,926197],[139795,926182],[139780,926195],[139781,926191],[139987,925385],[139848,925232],[139872,925233],[139849,925209],[139877,925213],[139742,925062],[140000,924962],[140163,924898],[140392,925031],[142889,925431],[142960,925405],[142810,924172],[142769,924163],[141108,924622],[141048,924680],[141026,924644],[141005,924650],[141000,924655],[140998,924652],[140994,924653],[140315,924338],[140139,924419],[140000,924289],[139790,924093],[139760,924080],[135697,925934],[135774,925796],[135585,925879],[135805,925742],[136019,925357],[137118,924923],[137154,924901],[137034,924064],[137027,924019],[137025,923999],[137320,924453],[137505,924443],[138224,923700],[138200,923756],[138264,923692],[138259,923762],[138410,923595],[138256,923814],[138228,924311],[138346,924002],[138393,924022],[138473,924032],[138770,924067],[138894,923983],[138793,923976],[138885,923759],[139201,923775],[139222,923761],[139366,923333],[139367,923252],[139297,923219],[139228,923218],[138842,923247],[137927,922590],[137901,922540],[137598,921854],[137132,921511],[136814,921416],[136665,921434],[136265,921632],[136138,921498],[136135,921498],[135887,921554],[135829,921656],[135705,921474],[134399,921553],[134385,921561],[134387,921554],[134383,921555],[133993,921138],[133899,921300],[132558,921296],[132551,921296],[132541,921295],[132533,921295],[132574,921270],[133135,920842],[132753,920657],[129185,920295],[128142,920228],[127026,920080],[127013,920000],[126983,919817],[127069,919719],[127496,919237],[127841,919877],[127981,919907],[128433,919975],[128580,919248],[128788,920000],[128796,920030],[129533,920142],[130279,920178],[130442,920000],[130796,919614],[130936,919441],[130940,919457],[130976,919418],[131140,920000],[131160,920071],[131410,920065],[132440,919850],[132615,919736],[132729,919789],[133309,919668],[133457,919790],[133712,920000],[134377,920547],[134435,920544],[136306,920057],[136361,920000],[136484,919870],[136502,920000],[136590,920657],[136624,920648],[138884,919776],[139035,920000],[139428,920584],[139433,920585],[139430,920588],[139433,920592],[139410,920606],[139387,920625],[139408,920636],[139317,920687],[139060,920910],[138976,920875],[138862,920937],[138963,921093],[139687,921459],[139773,921246],[139819,921372],[139916,921283],[139966,921601],[140382,921812],[140721,921791],[140910,921989],[140996,922004],[141005,921949],[141050,921182],[141114,921343],[141146,921167],[141303,921785],[141662,921178],[141100,921112],[141157,920748],[140763,920852],[140732,921192],[140657,920694],[140865,920701],[140841,920574],[140822,920514],[140828,920508],[140824,920489],[141024,920316],[141040,920244],[141153,920302],[141772,919949],[141735,919947],[140868,919930],[140871,919893],[140751,919885],[140912,919050],[140951,919074],[140954,919056],[141038,919128],[142038,919752],[141907,918874],[141803,918397],[142509,918014],[142412,917901],[141721,917150],[141782,917121],[141771,917108],[142276,916881],[142503,916771],[142503,916697],[142239,915746],[142152,915727],[142124,915342],[141847,915011],[141698,914990],[139228,915134],[138121,915257],[138301,915205],[138167,915229],[138821,915056],[139757,914787],[140000,914575],[140315,914300],[140367,914256],[142251,914074],[142741,913932],[142745,913634],[141668,911358],[141424,911277],[141198,910648],[140855,910557],[140791,909640],[139895,910285],[139674,910791],[139121,911175],[138920,910987],[138036,911624],[137980,911721],[137988,911602],[137581,911011],[137577,911011],[137239,910520],[136746,912108],[136549,911821],[136182,912032],[136236,911794],[136068,911032],[136033,910995],[135985,911004],[134444,911857],[134356,911906],[134351,911909],[134348,911911],[134366,911885],[134837,911022],[134336,910760],[132923,911720],[132677,911992],[132732,910875],[132732,910784],[131409,911070],[129517,910759],[130340,910455],[131233,910667],[131537,910293],[133136,909948],[133230,909988],[133633,910043],[133742,909857],[133989,910092],[134653,910184],[135766,910051],[137020,908617],[136622,908230],[137030,907577],[137022,907286],[136687,906647],[136706,906599],[136704,906596],[136985,906043],[135844,905624],[135802,905637],[135795,905403],[135442,903051],[135398,903011],[135299,903035],[134844,903271],[134813,903154],[133671,903444],[133378,903048],[132608,902088],[132261,902928],[132125,902904],[132083,902999],[132172,903359],[132174,903378],[131835,903567],[131139,905161],[131048,905648],[131073,905314],[131026,905420],[131071,903987],[130836,903602],[130859,903549],[130863,903541],[130860,903534],[131055,903133],[131101,903033],[131164,901036],[131040,900939],[130749,901067],[130528,901194],[130521,901103],[129826,901340],[129814,901351],[129814,901344],[129810,901346],[129808,901298],[129718,901404],[129790,900841],[129789,900821],[129772,900854],[129535,901446],[129674,901405],[129707,901760],[129342,901973],[129192,901486],[129512,900701],[129500,900682],[129104,900465],[128981,900595],[129076,901042],[129072,901039],[129087,901074],[128718,900948],[127304,904737],[127398,904922],[127249,904886],[127218,904968],[127203,904980],[127203,904994],[127191,904990],[127179,905000],[127180,905022],[127162,905015],[125571,906359],[125569,906343],[125321,906658],[125519,906142],[125374,906304],[125522,905993],[125486,905730],[126379,903733],[126261,903223],[126898,902524],[126918,902467],[126950,901715],[127314,901289],[127295,901280],[126274,901313],[125774,902597],[125788,902410],[125746,902504],[125747,902498],[125742,902507],[125764,902368],[125820,901963],[125824,901905],[125111,902262],[125101,902219],[125093,902222],[125088,902228],[125086,902226],[124704,901552],[124582,901652],[123253,904114],[122546,906333],[122245,906616],[122147,906438],[122083,906453],[122061,907045],[121941,907120],[121792,909595],[122005,910028],[122102,910179],[122058,910311],[121696,911826],[121742,912144],[124230,914852],[124321,914823],[124852,915451],[124889,916630],[126798,916679],[126921,916535],[127211,916088],[126997,915837],[127394,915764],[127420,915786],[129431,916307],[129363,916317],[129508,916330],[129488,916330],[129516,916332],[129457,916331],[129232,916338],[127780,916565],[127596,916624],[126553,917014],[126327,917031],[126291,917043],[123138,917294],[123147,917261],[123162,917217],[123489,917107],[123480,916960],[123689,916909],[124516,916705],[124410,915743],[123333,914944],[122568,914435],[121100,912454],[120000,911985],[119411,911734],[118867,911502],[119128,911222],[119034,910573],[119036,910572],[119034,910570],[119125,910528],[119000,910291],[119537,910336],[119917,910159],[120000,910057],[120062,909982],[120098,909837],[120739,907196],[120842,906757],[120567,906339],[120337,906043],[120624,905762],[120573,905776],[120089,905985],[120000,905964],[119949,905952],[119889,905968],[119841,905926],[119377,905815],[119384,905813],[120000,905582],[120377,905441],[120671,905525],[120806,905498],[121563,905748],[121626,905713],[121857,904866],[121861,904860],[121866,904841],[122624,903666],[122781,903333],[123318,901560],[123261,901570],[122863,901718],[122852,901637],[121820,901807],[121710,901510],[121278,901501],[120946,901560],[121029,901495],[121014,901495],[121004,901496],[121016,901489],[121883,900822],[122927,900000],[123398,899629],[123362,899502],[123177,899038],[123377,898676],[123504,898402],[123556,897759],[123545,897642],[123530,897625],[121775,897574],[121646,897588],[120339,898314],[120048,898094],[120035,898087],[120000,898114],[119408,898581],[118895,898395],[118792,898477],[118239,898993],[118196,899604],[118049,899428],[117895,899314],[117586,899602],[117296,899999],[116959,899871],[115544,899906],[115526,899912],[116233,898873],[115974,898620],[116159,898559],[116173,897929],[116093,897907],[115568,898505],[115526,898581],[115515,898565],[114878,898223],[114817,898231],[115230,896540],[115303,896584],[115683,896556],[116078,896082],[115972,896283],[116021,896227],[115878,896541],[116972,896460],[117000,896448],[117200,895755],[117251,895749],[117259,895724],[117304,895728],[117525,895187],[117522,895012],[117373,894932],[117218,894864],[117229,894854],[117195,894836],[117295,894800],[117627,894531],[117901,893607],[117902,893604],[117959,893544],[118090,893408],[118209,893511],[118867,891901],[118903,891773],[118035,891301],[117935,892122],[117845,892113],[117826,892197],[117519,892084],[117443,891266],[117440,891269],[117223,892552],[117223,892555],[117220,892551],[117251,892667],[117133,892418],[116736,891807],[115329,892870],[115201,892531],[115353,892276],[115387,891451],[115263,891399],[115397,891220],[115467,889553],[114647,890815],[114296,890161],[114048,890313],[113630,890577],[112670,892642],[112548,893077],[112340,892277],[111687,893098],[111683,893096],[111681,893099],[111548,893048],[111469,893021],[111461,893017],[111458,893014],[111591,892628],[111683,892725],[112993,890912],[113044,890839],[112661,891032],[112373,890095],[112264,890025],[112208,889559],[112086,890034],[111970,890484],[111890,890798],[111448,890919],[111459,890841],[111436,890865],[111529,890340],[111558,890129],[111353,890600],[111296,890730],[111299,890717],[111299,890713],[111293,890726],[111298,890701],[111264,889885],[111234,889867],[111316,889697],[111589,889140],[111538,889139],[110895,889315],[110679,889091],[110750,889100],[111203,888970],[111256,888954],[111335,888791],[111132,888711],[110811,888635],[110706,888868],[110707,888922],[110672,888949],[110669,888957],[110661,888957],[109970,889468],[110121,888955],[109998,888954],[110039,888928],[109967,888925],[110158,888828],[110168,888795],[109967,888917],[110015,888644],[109883,888715],[109871,888722],[109861,888733],[109837,888387],[109842,888369],[109819,887833],[110356,886556],[110270,886504],[109040,886950],[109493,886954],[109194,887000],[109424,887030],[109301,887036],[109431,887058],[108783,887084],[108247,887629],[108164,887718],[108163,887714],[108161,887716],[108108,887589],[107722,887543],[107519,887627],[107648,887534],[107486,887514],[108211,887125],[108398,886989],[108012,886897],[107616,887161],[107522,886914],[107584,886875],[107553,886793],[107558,886789],[108090,886220],[108036,886195],[108188,886116],[108280,886017],[108227,885937],[108137,885909],[108202,885900],[108198,885894],[108402,885888],[108765,885500],[108766,885496],[106918,885104],[106875,885436],[106854,885595],[106796,885078],[106513,885018],[106497,885028],[106505,885016],[106474,885010],[106458,885006],[106362,884668],[106175,884617],[106268,884335],[105892,883010],[105556,883031],[105490,883068],[105468,883036],[105411,883040],[105386,882991],[104577,883211],[104556,883280],[104225,883442],[104232,883305],[104060,883352],[104063,883345],[104054,883347],[104059,883327],[103859,883557],[104436,881934],[104001,881917],[103992,881921],[103973,881974],[103983,882641],[103720,882721],[103590,883105],[103541,883362],[103080,883667],[103039,883697],[102801,884147],[102549,884711],[102222,885031],[102109,884827],[101927,884892],[101649,885300],[102118,885007],[102058,885426],[101375,886147],[101304,886750],[101326,886826],[101336,886817],[101671,886496],[101891,886609],[101969,886576],[101913,886621],[101964,886647],[100995,887346],[101037,887203],[100949,886589],[100000,887699],[99960,887745],[99825,887733],[99369,888273],[98646,889810],[98614,890234],[98393,890347],[98161,890840],[98147,891064],[97506,891330],[96108,892261],[96016,892445],[95752,893460],[95926,893894],[95548,894502],[95454,894660],[96246,894820],[96621,894544],[96624,894540],[96624,894561],[96643,894832],[97157,894970],[97347,894811],[98503,893585],[98614,892982],[98353,891749],[98632,891280],[99023,891582],[98769,892705],[100000,892914],[100070,892926],[100432,893313],[100555,893360],[100561,893371],[101841,893873],[101974,893870],[102579,894928],[103538,894986],[103332,895561],[103658,896473],[104000,896608],[103848,897004],[104005,897443],[104049,897497],[104137,897500],[104545,897511],[104549,896872],[104991,897059],[105001,897046],[105014,897053],[105017,897048],[105272,897178],[105890,897440],[106121,897237],[106545,898309],[106771,897264],[106477,896887],[107129,897201],[107259,897654],[108315,896822],[108796,897266],[109223,897148],[109126,897490],[106141,899389],[106174,899854],[106424,900000],[106800,900219],[106939,901327],[107387,901097],[107401,901086],[107474,901052],[108800,901880],[108891,901852],[111231,900652],[111286,900538],[111380,900575],[111475,900526],[111989,900676],[112679,900337],[112698,900782],[113101,900942],[114925,900325],[114651,900530],[112100,902947],[112024,903140],[112325,903200],[112930,903107],[113602,903473],[113315,903645],[113072,904207],[113070,904219],[113068,904217],[113063,904228],[112903,904087],[111134,904378],[111141,904413],[109380,904674],[109331,904840],[109657,905429],[110072,905679],[110108,906219],[110111,906251],[110114,906258],[110111,906256],[108835,905169],[108610,905794],[108568,905787],[108562,905786],[108239,905727],[107846,906132],[107619,906419],[107560,906400],[106849,906412],[106666,906685],[106088,906459],[106087,906563],[106104,906855],[105433,907143],[104630,908034],[104435,908315],[103937,908166],[103945,908160],[103937,908163],[104108,908022],[104501,907689],[104604,907089],[104600,907048],[104244,907288],[104333,907127],[104368,907017],[104161,907000],[104171,907126],[103872,906984],[103592,907315],[102972,906939],[102616,907115],[101962,907536],[101867,907879],[101751,907918],[101700,907933],[101072,908137],[101012,909125],[100511,909024],[100508,908976],[99716,908843],[99593,909712],[99680,909927],[99709,909997],[99860,910280],[99544,910987],[99807,911015],[99691,911255],[99738,911334],[99468,911716],[99343,911977],[98999,911985],[98866,911742],[97929,911408],[97917,911428],[99066,912450],[99252,912497],[99263,912626],[99353,912706],[99742,914358],[100000,914755],[100022,914790],[100067,914764],[100898,914115],[101262,913460],[101400,913469],[101474,913368],[101830,913550],[101792,913625],[103249,915763],[103259,915771],[104422,916003],[104522,916060],[104527,916062],[104537,916068],[106587,916536],[107021,916433],[107167,916668],[110289,917379],[110536,917278],[110554,917270],[110611,917247],[110461,917419],[110473,917422],[110458,917421],[110229,917684],[106218,917396],[106197,917394],[102691,916066],[102582,916293],[102556,916466],[102513,916437],[102453,916560],[102180,916367],[102043,916474],[101996,916588],[101908,917023],[101468,916974],[101414,916977],[101415,917014],[103240,917911],[103347,917893],[103930,918243],[103273,918583],[102595,918425],[101679,918560],[101686,918574],[103891,920060],[104088,920129],[104082,920133],[104089,920136],[103993,920195],[103934,920237],[103671,921245],[103587,921197],[103577,921340],[103538,921278],[103535,921302],[103412,921098],[101333,919920],[101166,919866],[101199,919844],[101178,919832],[101181,919829],[101169,919824],[101190,919811],[101440,919337],[101418,919292],[101370,919219],[101001,919345],[100805,919519],[100746,919673],[100463,919527],[100350,919566],[100364,919720],[100061,919694],[100696,920014],[100668,920021],[100684,920030],[100665,920035],[100696,920052],[100028,920208],[100000,920216],[99370,920387],[99360,920429],[99468,920970],[99495,921106],[99526,921141],[99248,921770],[99552,922526],[99422,923235],[99131,923310],[99125,923396],[99319,923549],[99253,923586],[99260,923594],[99226,923604],[99237,923620],[99158,923639],[99104,923669],[99051,924380],[99155,924841],[98985,925357],[98704,925531],[98027,926061],[98080,926166],[97798,926333],[97758,926398],[98103,926600],[97799,926848],[97835,926946],[98093,927244],[98127,927745],[98162,927842],[98194,927866],[98168,927859],[98235,928043],[98440,928100],[98791,927972],[98903,927832],[99512,928621],[99126,929395],[99593,929198],[100000,929441],[100013,929534],[100150,929640],[100057,929852],[100076,929987],[100576,930283],[100580,930286],[100574,930292],[100540,930479],[100815,930763],[100720,930835],[100733,930849],[100511,931078],[100612,931235],[100395,931271],[100355,931492],[100379,931540],[100348,931527],[100289,931853],[100339,932020],[100246,932086],[100106,932853],[100220,933046],[100240,933055],[100222,932986],[100230,932995],[100226,932982],[100300,933082],[100728,933277],[100755,933245],[100784,933160],[101279,933513],[101347,933487],[101364,933388],[101358,933110],[101412,933105],[101453,932868],[101700,932864],[101698,932860],[101807,932862],[102249,932855],[102722,932493],[102751,932509],[102853,932415],[102930,932608],[102954,932622],[102948,932653],[103078,932981],[103129,932957],[103284,932852],[103082,932194],[103418,932057],[103557,931334],[104030,932734],[104751,932998],[105359,932431],[105540,932721],[105795,932590],[105592,932853],[105182,932619],[105283,933643],[104985,933248],[104887,933893],[104494,933661],[104525,934592],[104183,933991],[104336,933544],[103784,933239],[103625,933791],[103348,933884],[102533,934272],[102814,935092],[102825,935085],[102820,935111],[102901,935347],[102932,935365],[103448,935598],[103398,935642],[103381,935657],[103035,935950],[103069,936056],[103618,936729],[103374,936901],[103343,936928],[103391,937078],[103838,937712],[103718,938118],[104370,938189],[104385,938689],[105282,939382],[105318,939395],[105063,938080],[105097,938090],[105106,938094],[105104,938083],[106897,938049],[106952,938034],[106908,937626],[107008,937512],[107009,937498],[107023,937482],[107024,937474],[107324,937152],[107954,936433],[108587,936580],[108558,936717],[108709,937339],[108739,937372],[108584,937567],[108693,937740],[108885,937739],[109072,938043],[109180,937873],[109538,936823],[109974,936624],[110001,936582],[109914,936223],[110868,935792],[110941,935822],[111792,935517],[111835,935449],[111831,935425],[111573,935245],[111600,934367],[111488,934379],[109685,934607],[109566,933994],[109339,934232],[109082,934571],[109012,934574],[108724,934876],[108572,934589],[108580,934586],[109463,933601],[109547,933411],[109664,933377],[110041,932956],[110081,932893],[110161,932548],[110228,932730],[110381,932774],[110880,932709],[111212,932309],[111320,932180],[111231,932559],[111705,932295],[112524,932477],[112353,929446],[112313,929341],[112452,928363],[112954,926808],[112910,925772],[113926,923866],[113532,925736],[113524,925799],[113654,926018],[113817,926145],[113364,927114],[113047,929712],[113052,929758],[113042,929757],[112954,930483],[113063,930843],[113143,930784],[113144,930763],[113154,930776],[113502,930520],[113715,930690],[113722,930682],[113720,930694],[113821,930774],[113790,930828],[113820,930848],[113674,931037],[113631,931113],[113396,932231],[113439,932423],[113532,932360],[113579,932011],[114257,931758],[114332,931664],[114327,931692],[114342,931674],[114332,931730],[114477,931676],[114437,932410],[114440,932406],[114675,932965],[115011,933196],[115009,933256],[115159,933328],[115001,933701],[115061,933699],[115312,933536],[115267,933466],[115636,933276],[116059,933668],[116016,933716],[116483,934154]]],[[[244879,967694],[244863,967398],[244650,967341],[243929,967212],[244299,967462],[244355,967451],[244425,967547],[244544,967628],[244638,967540],[244656,967494],[244668,967512],[244719,967464],[244823,967685],[244879,967694]]],[[[237220,968240],[236712,968165],[236711,968254],[237001,968479],[237220,968240]]],[[[185112,723554],[184318,724127],[184495,724359],[184473,724356],[184499,724387],[184294,724351],[184343,724483],[184205,724336],[184069,724312],[184090,724308],[184080,724306],[182866,722909],[182713,722745],[182539,722586],[182198,723504],[182158,723516],[182156,723521],[182146,723522],[181839,723693],[181609,724062],[182096,725273],[182093,725278],[182023,725397],[182231,725885],[182575,726164],[182464,726430],[182807,727234],[183220,727747],[183225,728144],[183283,728204],[185839,729920],[185817,730036],[185882,730072],[185865,730103],[185773,730266],[185347,732525],[185891,732467],[186337,733285],[186386,733367],[186932,733766],[187862,734149],[188057,734579],[188065,734584],[188191,734256],[187766,733853],[188080,733671],[189194,733943],[189669,734463],[189674,733849],[189934,733935],[189936,733929],[189940,733930],[191691,734372],[192662,734219],[193671,734750],[194126,734364],[194250,734247],[194363,733920],[194496,734015],[194847,733685],[194886,733718],[194916,733692],[195183,733942],[195346,734095],[195771,734443],[195937,733928],[196523,734131],[197347,733741],[197568,733345],[197841,733549],[198586,733540],[198619,733504],[198796,734312],[198830,734243],[199814,731992],[199815,731989],[200000,732028],[200083,732045],[200098,732032],[200381,732079],[200417,732010],[200513,731820],[200482,731889],[200517,731822],[200854,731957],[200979,732523],[201031,732612],[201035,732416],[201016,732351],[201037,732339],[201356,732204],[201240,732287],[201079,732403],[201237,732599],[201380,732202],[202809,732918],[203457,733027],[204103,733566],[204424,733726],[204581,733965],[205244,734519],[205116,734777],[205519,735389],[205648,735561],[207001,736045],[206987,736061],[206955,736099],[206484,736647],[206930,737377],[207011,737502],[207608,737447],[208100,737197],[207870,737422],[207885,737421],[208061,737352],[207986,737411],[208110,737400],[207780,737576],[207542,737766],[207593,737860],[207780,737900],[208018,738519],[208992,739766],[209150,739917],[209176,740000],[209688,741682],[210418,742586],[210772,743469],[211542,744725],[212050,745088],[211672,745031],[211778,745423],[211649,745379],[211681,745435],[211712,745474],[211702,745473],[211731,745527],[211734,745531],[211595,745466],[211469,745458],[211443,745395],[211341,745347],[210952,745195],[210933,745157],[210927,745154],[210914,745128],[210904,745125],[210074,743418],[209618,742494],[209089,741404],[208574,740601],[208047,740000],[207911,739845],[205857,738819],[205798,738911],[205682,738417],[205095,737074],[204998,737116],[204620,736660],[204546,735817],[204379,735435],[203881,735000],[203885,734422],[201875,733400],[201198,733370],[201207,733367],[201190,733366],[201214,733359],[201146,733355],[201500,733232],[201004,732957],[201073,733386],[201076,733402],[200376,733761],[199545,734833],[199458,734968],[198317,735097],[198217,735043],[198177,735045],[197991,734923],[197502,734661],[197235,734735],[194028,736052],[193974,736095],[193012,735958],[193011,735895],[193007,735880],[192957,735869],[192968,735752],[192657,734733],[191393,734848],[191319,734786],[190177,734850],[190637,735875],[190609,736135],[190612,736140],[190606,736155],[190604,736166],[190609,736174],[190590,736258],[190418,737668],[190147,738199],[190138,738237],[190136,738239],[190134,738246],[190114,738263],[189955,738574],[189147,738997],[189555,740000],[189675,740296],[189489,740000],[188054,737716],[187901,737474],[187540,737154],[187069,736764],[187591,738217],[187402,738088],[186300,737537],[186202,737602],[186388,737878],[187195,739002],[187649,739225],[187321,739178],[187387,739270],[187966,739803],[187692,739746],[187765,739921],[188918,741631],[189043,741414],[189572,741793],[189733,742412],[190205,742274],[190231,741738],[190831,742238],[190859,742233],[190810,741253],[191510,740871],[191520,740500],[191961,740539],[191989,740503],[192062,740548],[192347,740575],[192513,740704],[193277,740956],[193437,740782],[193768,740935],[193783,741123],[194728,741433],[195021,741437],[195025,741437],[195029,741447],[195464,741985],[195602,741932],[195519,742053],[195645,742209],[196298,742359],[196407,742568],[196504,742662],[196512,742471],[196537,742536],[196535,742347],[196546,742559],[196634,742788],[196724,742875],[197298,743956],[197589,744219],[198448,744009],[198712,743924],[198828,743952],[198844,743949],[199442,744106],[200000,744246],[200349,744334],[200371,744413],[200383,744434],[200562,744672],[200515,744686],[200594,744837],[200492,744854],[200826,746074],[201112,745879],[201537,746002],[201118,745914],[200855,746139],[200000,745358],[199721,745103],[199465,744992],[199440,745000],[198103,744434],[197908,744444],[197144,744813],[195832,744526],[195787,744464],[195806,744565],[195648,744272],[195433,743975],[193165,742043],[193029,741946],[192592,742579],[192025,742031],[192119,742304],[191893,742413],[191789,742760],[191850,743117],[191683,743115],[191439,743932],[191492,744241],[190022,743788],[190793,744866],[190487,745134],[190222,744986],[190264,745187],[190772,745664],[190661,746171],[191763,747020],[192095,746812],[191755,745991],[192190,746520],[193077,746635],[192324,747196],[192340,747803],[192000,747733],[192176,748197],[192294,748462],[192455,748072],[193799,750806],[193938,750931],[196095,752592],[196306,752850],[197729,754341],[197815,754710],[197840,754742],[197981,754540],[197922,754751],[197989,754576],[197879,754986],[197895,755053],[197804,755172],[197718,755479],[197392,755456],[197030,755563],[196858,755432],[196804,755437],[196839,755869],[196156,755539],[196742,756212],[196966,756414],[198056,757163],[198830,757313],[199250,757918],[199561,757853],[199624,757826],[199638,757836],[199749,757813],[199761,757827],[200709,757541],[200716,757346],[200769,757463],[200783,757372],[200854,757549],[202647,759565],[204204,759496],[204207,759496],[204660,759657],[205125,759670],[205632,759366],[206902,758458],[207014,758450],[207312,758356],[207622,758411],[207836,758396],[207859,758409],[207892,758330],[207863,758411],[207978,758474],[208822,758623],[208956,758631],[208971,758650],[209093,758671],[209716,758743],[209771,759213],[209891,759189],[210174,759084],[210088,759149],[210191,759129],[209962,759246],[209796,759373],[209950,759902],[210299,760000],[213017,760767],[213442,761137],[215964,761599],[217835,761894],[217850,761944],[218357,762037],[218334,762059],[218124,762262],[218104,762260],[218026,762241],[217930,762220],[217934,762235],[217550,762137],[217206,762062],[215819,762091],[215695,762118],[215459,762021],[212176,761023],[210003,760640],[208638,760000],[208324,759853],[207183,759506],[207098,759530],[206956,759573],[206782,759626],[206667,759656],[206419,759303],[206196,760000],[206150,760144],[206109,760123],[206102,760139],[205019,760116],[205078,761000],[204522,761078],[203026,761379],[203020,761380],[202775,761319],[201910,761439],[201697,761562],[201693,761563],[201488,761498],[201293,761525],[202133,762678],[201848,762923],[202398,764127],[202551,764410],[203919,765564],[205215,767385],[206221,768759],[206222,768801],[206337,768963],[206706,769087],[206413,769163],[206571,769489],[210006,773811],[210070,773887],[210069,773890],[210081,773905],[210105,774121],[210376,774464],[210851,774660],[211095,774425],[210882,774684],[211583,775262],[211515,775374],[211505,775391],[211290,775747],[211824,775617],[211385,775841],[211003,775526],[210804,774866],[210874,775697],[210319,776280],[209477,776641],[209431,776684],[209397,776675],[209378,776683],[209353,776697],[209159,776777],[208128,776424],[207725,776604],[207155,777173],[207103,777486],[206574,777752],[206366,777960],[205961,778060],[205508,778288],[205070,778282],[204955,778311],[204728,778310],[197879,778966],[196745,779191],[196759,779049],[196783,778802],[196532,778747],[198280,777671],[199116,777668],[201608,777144],[201652,777105],[201769,777110],[202071,777047],[202285,776992],[206168,777245],[207911,776096],[208057,776065],[209521,775733],[209377,774993],[208506,773639],[207687,772786],[207614,772560],[207416,772341],[207495,772189],[207481,772146],[206770,771832],[205754,770784],[203262,768333],[203349,768685],[203029,768861],[202067,768602],[202308,768498],[202252,768127],[201993,768207],[202549,767616],[201555,765846],[201124,765430],[200888,764775],[201568,763611],[201671,763428],[200000,762763],[199717,762651],[199024,761366],[198863,762392],[198191,762708],[197777,762571],[197366,761977],[196419,760923],[195697,760559],[195594,760314],[195108,760000],[194848,759832],[194792,759622],[194595,759496],[194241,759594],[194522,758811],[192606,756679],[191719,755732],[191663,755693],[190901,755572],[190807,755940],[189528,755381],[187161,752435],[186553,752617],[186600,752677],[186330,752717],[186319,752688],[186311,752690],[186219,752429],[186027,751933],[185895,752041],[185404,752544],[185373,752549],[185365,752557],[185239,752579],[185087,752704],[184494,752713],[184113,752782],[184121,752725],[183599,752727],[183673,752390],[185049,751808],[185576,751244],[184138,749259],[183872,748562],[183237,747655],[182200,746753],[182423,746693],[182209,746187],[181887,745729],[181275,745398],[181260,744868],[181176,744798],[179651,743867],[179485,743837],[179391,743708],[173381,740041],[173294,740000],[173272,739990],[172770,741517],[172749,741656],[172542,741718],[169803,743207],[169796,743216],[169721,743294],[169392,743231],[169122,742638],[168567,743542],[168186,744209],[168196,744332],[168395,744752],[168619,744695],[169110,745207],[169236,746122],[169378,746299],[169756,746614],[169758,746616],[169694,746692],[170270,747410],[169811,747726],[168685,746495],[168255,745304],[167627,744325],[167464,744263],[164870,745133],[163900,745668],[163383,745729],[162837,745815],[162356,745976],[161995,746263],[162070,746292],[162062,746292],[162066,746294],[161814,746408],[161424,746719],[161417,746719],[161416,746723],[160122,746743],[160000,747128],[159956,747265],[158652,748388],[158250,748855],[157838,749886],[157836,749889],[156940,750409],[156782,751325],[156544,751605],[155988,753376],[155971,753584],[154645,754714],[154594,757664],[154649,757687],[154614,757890],[154650,758010],[157118,757984],[157995,758565],[158029,758549],[158330,758354],[158752,758080],[158755,758079],[158758,758077],[159028,758070],[159296,757941],[159759,758035],[159753,758142],[159823,758181],[159949,758011],[159951,758254],[160000,758281],[160403,758509],[160704,758602],[160944,758301],[161039,758077],[161043,758069],[161008,758221],[161293,757864],[161471,757001],[161482,756500],[162000,756591],[164884,754597],[165094,754266],[165272,754818],[165416,754752],[165296,754894],[165338,755024],[164575,755751],[164554,755773],[164538,755792],[164507,755817],[164484,755837],[164107,756196],[164041,756208],[164037,756208],[164024,756208],[163776,756246],[162483,757016],[162424,757080],[162490,758116],[163103,758538],[164342,758645],[164480,758544],[164663,758672],[164782,758682],[165618,759284],[166085,759319],[166112,759641],[166402,759849],[166702,760000],[167854,760578],[168375,761272],[169345,761971],[170131,762308],[170730,762939],[172195,762341],[173187,760571],[173330,760649],[173504,760689],[173826,760758],[174472,760632],[175007,760000],[175047,759952],[175837,759903],[175915,759856],[176919,759835],[178925,759710],[179250,760000],[179514,760235],[180000,760245],[183563,760318],[183656,760828],[182504,760777],[181987,760821],[181541,761188],[181354,761343],[181381,761669],[181270,761225],[180625,760993],[180368,760960],[180082,760985],[180000,761178],[179933,761335],[179098,761125],[178893,761117],[178661,761175],[178407,761037],[177030,760648],[176600,760679],[176248,760433],[175667,761222],[174700,761341],[174493,761572],[174494,761576],[174862,761652],[174273,762050],[173386,762919],[173381,763040],[173205,763097],[172608,763681],[172543,763807],[171658,764032],[170677,763743],[170064,763740],[169970,763819],[170050,764143],[169397,763775],[169350,763758],[168941,764724],[168771,763521],[168451,763550],[167389,762245],[166270,761233],[165931,761150],[165401,760556],[164875,760245],[164565,760230],[163720,760886],[163624,761015],[162233,760451],[162082,760395],[161852,760690],[161522,760347],[161389,760366],[161222,760479],[161119,760405],[160995,760422],[161000,760590],[161169,760515],[160948,760664],[160965,761064],[160621,760609],[160225,760631],[160000,760776],[159938,760816],[159631,760663],[159600,760665],[159570,761443],[159570,761454],[159567,761529],[158943,762157],[158480,762173],[158315,761929],[157948,761608],[157777,761741],[157606,761902],[157395,761321],[156800,761510],[156633,760511],[156621,760474],[156557,760536],[155953,761745],[155908,761741],[155896,761901],[155677,761720],[155150,761673],[154886,761792],[153249,761547],[153014,761834],[152344,762724],[152259,762757],[152028,763040],[151332,763112],[151054,763218],[150979,763148],[150072,763242],[150068,763245],[150065,763243],[150053,763244],[149763,763021],[149241,762638],[148632,763209],[148491,763144],[148444,763184],[148646,763373],[148485,763745],[147995,763685],[147204,762899],[146434,762292],[145384,762787],[143890,762890],[143852,762901],[143430,763578],[142963,763658],[142047,764587],[141830,765120],[141694,766105],[141711,766100],[141671,766268],[141605,766746],[141823,766682],[141892,766966],[141875,766992],[141581,767481],[142480,767263],[142492,767292],[142729,767801],[142714,767835],[143009,768553],[143134,768616],[143195,768604],[143898,768109],[144247,768382],[144425,768859],[144345,768892],[144413,769158],[144443,769181],[144421,769191],[144423,769206],[144037,769462],[144422,769698],[143977,769828],[143902,770211],[143976,770307],[144157,770409],[145182,770107],[145310,769967],[146054,770290],[146055,770388],[148372,771334],[148448,771351],[148597,771335],[149608,771094],[149845,770738],[149909,770634],[149999,770745],[150460,770891],[151056,770749],[151640,770382],[152158,770845],[152303,770705],[152311,770724],[152460,770523],[152413,770772],[152438,770755],[152549,771168],[152623,771214],[153385,770785],[153432,770821],[153441,770815],[153489,770863],[153785,771086],[154095,771011],[154289,770881],[154322,770926],[154578,770796],[154579,770800],[154586,770827],[154752,771387],[154938,771218],[154858,771707],[155250,771350],[155700,771454],[156224,771283],[156410,771182],[156661,771266],[156750,771242],[156959,771366],[157139,771426],[157077,771712],[157113,771764],[157447,771574],[157520,771816],[157619,771817],[157813,772770],[157900,772896],[158048,772796],[160810,769236],[160886,769230],[160953,769208],[161082,768845],[161089,768848],[161081,768827],[161112,768858],[161897,769197],[162586,770269],[163547,769339],[163035,768252],[163429,767804],[164791,767851],[164896,767534],[164984,767458],[165235,767548],[164911,767620],[165114,768054],[164577,768354],[164907,768231],[165055,768780],[165182,768623],[165404,768786],[164583,768957],[164818,769797],[164618,770034],[164045,769648],[163615,769905],[163653,769902],[163512,770094],[162564,770535],[162400,770632],[162723,770605],[162863,771020],[162456,771311],[162665,772680],[162679,772712],[163304,772331],[163308,772336],[163805,772036],[163960,771801],[163967,771938],[164140,771834],[164302,771863],[164401,771780],[164519,770637],[164528,770897],[164757,770806],[164544,771086],[164726,771939],[164833,771958],[165691,771740],[165989,770808],[166595,772540],[167143,772466],[167749,772285],[167951,772637],[168309,773028],[169188,772059],[169295,772259],[170967,771817],[170692,772334],[171232,772113],[170945,772555],[170435,772362],[166043,774538],[165982,774631],[165977,774634],[165334,774889],[164181,775460],[164373,776550],[164768,777702],[165119,777944],[165776,777929],[166660,777661],[166562,777916],[166698,777897],[167139,777529],[167239,777224],[167435,777607],[168601,778154],[169164,778084],[169938,778384],[169949,778621],[170233,778795],[170513,778801],[170544,778987],[170978,779254],[171130,779261],[171544,778988],[171694,778804],[171785,778830],[171885,778764],[171931,778872],[172131,778931],[172457,778608],[173246,778664],[173280,778654],[173287,778666],[173291,778667],[173297,778667],[173325,778669],[173373,778673],[173920,779144],[174148,780000],[174306,780593],[175601,781258],[175623,781256],[176319,781568],[176382,782004],[176676,781945],[176053,782163],[176024,782324],[176013,782473],[175999,782469],[175997,782476],[175994,782514],[175991,782514],[175984,782554],[175909,782516],[175491,782525],[175373,782578],[174778,782084],[174023,781237],[173958,781174],[173909,781109],[173553,780710],[173449,780034],[173040,779499],[172889,779480],[172756,779601],[172682,779737],[172583,779755],[172311,780000],[172249,780056],[171073,780019],[170795,780557],[170635,780492],[170103,780550],[169870,780746],[169138,780683],[170629,782326],[171069,782648],[172775,783189],[173261,783239],[173370,783510],[172882,783564],[172910,783573],[173334,783684],[173254,783682],[173363,783717],[172252,783668],[172920,784089],[172466,784536],[172167,784464],[170281,784379],[170024,784407],[169696,784208],[169055,784147],[168856,784319],[168656,784109],[168492,784093],[168626,784436],[168359,784080],[168334,784078],[167953,783753],[167364,783626],[166939,784024],[165620,783240],[165319,783503],[165138,783362],[164781,783559],[164722,783638],[164352,783346],[163637,782862],[163466,783191],[163223,782602],[162794,783080],[162554,782940],[162463,782926],[162336,782985],[162071,783789],[161523,783384],[161326,783939],[161399,784036],[161202,784290],[161124,784509],[161741,784769],[162594,784969],[162944,785413],[162819,785585],[162900,785801],[163418,786033],[163526,785997],[163864,785275],[164677,785339],[164739,785017],[164936,785289],[164905,784682],[165716,785425],[165582,785558],[165579,785752],[165703,785862],[165702,785867],[166087,786094],[165674,786413],[165704,786822],[165412,786452],[164346,786505],[164075,787164],[163785,787187],[163798,787974],[164126,787827],[164516,788144],[164503,788565],[164508,788573],[164642,788304],[165457,788346],[164881,788561],[164818,789090],[164907,789238],[165325,789443],[165208,789740],[165303,789899],[165741,789897],[165711,790366],[165374,790555],[165376,790600],[165805,790859],[165781,791093],[165822,791201],[165761,791286],[165727,791618],[166224,791925],[166360,792602],[166596,792814],[166866,792879],[168015,791850],[168075,792222],[167756,792267],[167436,793065],[167620,793579],[166897,793158],[166296,793398],[166280,793408],[166356,793832],[166576,794419],[166494,794608],[166605,795229],[166664,795326],[167391,795682],[167319,796401],[167677,796988],[167659,796901],[167969,796891],[168135,797686],[173833,798089],[173998,797587],[174813,794988],[175458,794415],[175686,794505],[176178,794210],[176926,793384],[177694,793158],[177785,793247],[179044,792492],[179162,792399],[179164,792457],[179928,793019],[179944,793019],[180000,793061],[180042,793093],[180431,793165],[180699,793582],[180910,793740],[182016,793396],[182550,793602],[185033,794436],[186966,794654],[186888,795008],[186019,795358],[186392,795573],[186366,796182],[185749,795464],[185509,795650],[185059,795484],[184376,795362],[182761,794727],[181976,794707],[180486,793833],[180274,793749],[180000,793995],[179013,794880],[177637,795269],[176425,798243],[176436,798272],[176724,798764],[176952,798586],[177364,798878],[177383,799369],[176725,800000],[176644,800078],[176088,800449],[174909,800530],[172925,800000],[172852,799980],[173596,799630],[173132,799228],[173116,799217],[173091,799233],[172211,800799],[172248,800888],[172172,800869],[172106,800986],[172229,801175],[171915,801339],[171936,801892],[170724,801169],[170852,801614],[170847,801615],[170853,801652],[170506,801660],[170449,801826],[170493,802065],[170357,802095],[169881,803480],[169867,803547],[170410,803525],[170510,804120],[172839,806127],[173155,806233],[174354,807272],[174387,807300],[174412,807304],[174456,807311],[174168,807480],[174775,809184],[174972,809208],[176892,809212],[177205,809126],[179366,809968],[179852,809636],[180000,809510],[180101,809424],[182649,808879],[182904,808383],[184007,806212],[184056,806239],[184210,806172],[184281,806364],[184491,806480],[185012,805673],[186000,805164],[186012,805171],[186522,804914],[186783,804442],[187498,806210],[188120,806189],[188304,806154],[188392,806179],[188544,806174],[190217,806668],[193910,807030],[194898,806643],[195103,806859],[194873,807129],[194595,807171],[194609,807202],[194423,807214],[193302,807647],[192860,807937],[192673,807889],[192622,807909],[192358,807807],[190852,807415],[190843,807365],[189372,806959],[189339,806952],[189337,806950],[189321,806932],[188930,806541],[188914,806540],[188692,807036],[186448,806741],[184975,807999],[185150,808431],[184978,808844],[184852,809212],[185076,809485],[184742,809536],[184588,809989],[184571,810375],[183597,810341],[183266,811061],[183252,811068],[183236,811101],[181644,811886],[180000,811774],[178635,811681],[177453,812849],[177419,813029],[176948,813429],[177009,813936],[177122,814568],[177084,814563],[177119,814858],[176829,814750],[177065,815100],[177499,815532],[177521,815582],[178882,816987],[180000,817712],[180039,817737],[180076,817886],[180372,818091],[180723,818017],[180412,818244],[180530,818686],[180815,818980],[181275,819349],[181318,820000],[181330,820188],[181173,820000],[181077,819884],[181041,820000],[180853,820596],[180000,820890],[179841,820945],[179448,821152],[179453,821175],[179498,821379],[180620,823441],[180759,823608],[182410,823864],[182922,824311],[183159,824382],[183373,824280],[183476,824191],[183543,824199],[183910,824024],[185019,824618],[186663,825346],[186953,825236],[187214,825562],[187299,825441],[187349,825287],[187399,825300],[188195,824178],[188480,823558],[189976,821528],[190202,821349],[190284,821234],[192067,819870],[192312,819477],[192442,819196],[192476,819215],[192788,818715],[193189,819010],[193391,818856],[193249,819055],[193680,819373],[193901,820000],[193937,820101],[194085,820117],[194329,820123],[194344,820144],[194387,820149],[194435,820270],[194682,820610],[194660,820647],[194686,820689],[194629,820761],[194655,820825],[194776,820418],[195339,820849],[194995,820971],[195225,821051],[194969,821023],[195070,821324],[193948,820647],[193947,820652],[193962,820866],[193869,820896],[193855,820936],[191828,821558],[188087,825846],[188112,825981],[188730,827026],[189333,827400],[190043,828322],[190151,829343],[191201,829625],[191544,829701],[191719,829690],[191678,829730],[193520,830136],[193432,830177],[193786,830400],[193136,830286],[193255,830553],[192850,830672],[192160,830201],[191436,830350],[191183,829987],[190861,830079],[190670,829948],[190435,829940],[189882,829389],[189898,829004],[189259,827886],[188639,827710],[188140,827568],[188325,827465],[188196,827168],[187987,826924],[187956,826619],[187844,826364],[187732,826639],[187109,826571],[187041,826817],[185963,826356],[185774,826308],[185641,827051],[184818,826062],[184411,825958],[184350,826158],[183500,825735],[183094,826881],[181976,826210],[181674,827012],[180258,827730],[180000,827618],[179795,827529],[175175,827507],[175166,827514],[176003,827557],[176001,827563],[176005,827561],[175407,829052],[176226,829727],[175626,829912],[175703,830129],[176095,830761],[176301,831076],[177201,831330],[177492,832198],[177530,832282],[178054,831826],[179114,832273],[178493,832416],[178434,832857],[178450,833000],[178761,833158],[178594,833527],[178346,833321],[178301,833890],[178320,833887],[178615,833613],[179739,833651],[180000,833841],[180043,833873],[180000,834002],[179991,834029],[180109,834133],[180311,834001],[180718,834186],[180721,834087],[180526,833855],[180699,833608],[180000,833238],[179716,833088],[180000,833050],[180392,832998],[181197,833088],[181201,833226],[181709,833346],[182318,833241],[182684,833434],[183789,833823],[184525,833782],[184260,833935],[184309,834301],[184889,834904],[184908,834919],[187509,834705],[189298,836194],[191366,837818],[191445,837980],[192327,838713],[192623,840000],[192672,840214],[193782,841326],[193463,841182],[193652,841426],[193447,841534],[193685,841531],[193171,841919],[193416,842165],[192932,841962],[192977,842472],[191875,841754],[191158,840429],[190648,839902],[189522,839256],[189261,838640],[189390,838604],[188937,838135],[188635,838019],[188578,837775],[188497,837681],[187478,836629],[186455,835691],[186453,835570],[186244,835354],[184603,835570],[183449,835158],[183300,835263],[183132,835889],[183631,836251],[182598,836386],[181414,836835],[181336,837276],[181634,837992],[181654,838021],[183154,838335],[184115,839108],[183892,839611],[183323,839907],[183314,839945],[183258,839941],[183144,840000],[183031,840059],[182957,840231],[183528,841564],[183466,842498],[182288,840207],[180727,839151],[180186,839051],[180000,838861],[179722,838577],[178716,838128],[178352,838022],[176571,836338],[175215,835420],[172164,834782],[172114,835242],[171898,835482],[171196,837604],[171166,838170],[170648,837519],[170763,836634],[170749,836625],[170338,836678],[170254,836798],[170167,837498],[170186,838028],[170080,838206],[169975,839052],[170060,839123],[169898,839670],[169870,839897],[169919,839885],[170288,839487],[170310,839268],[170580,839569],[170581,840000],[170581,841030],[171280,840000],[171388,839840],[171326,840000],[171091,840600],[171343,840690],[171346,840690],[171359,840697],[171189,841485],[170678,842230],[170378,842177],[170804,843949],[171059,844544],[171677,845145],[171040,845720],[170015,845545],[168788,845789],[168723,845929],[168428,847858],[168420,847875],[168393,848926],[168078,848756],[167897,849278],[168214,849994],[168220,850762],[169170,854612],[169359,855036],[169384,855481],[170053,858191],[170058,858197],[170056,858203],[170215,858846],[170463,858265],[170650,858597],[170467,859868],[170681,860736],[170752,860818],[171173,860706],[171472,860522],[171563,860603],[171697,860568],[171926,861018],[171868,860995],[172247,861450],[172528,860789],[172903,860750],[172968,860668],[172968,860620],[172928,860320],[172971,860299],[172972,860170],[173249,860164],[173435,860074],[173932,859444],[173931,859297],[173947,859300],[173948,859298],[174023,859328],[174687,858485],[174693,858412],[174732,858428],[174746,858410],[175269,858160],[175248,858128],[176149,857723],[176143,857461],[175763,857363],[175907,857076],[176125,856608],[176139,856613],[176186,856517],[177079,856962],[178259,856014],[177695,857415],[178225,857864],[178230,857857],[178446,856526],[178432,856534],[178436,856516],[178395,856535],[178442,856477],[178664,855178],[178751,855095],[178762,854905],[178923,854932],[179375,854502],[179409,854457],[179449,854456],[180556,853440],[180641,853223],[180846,853173],[181358,852703],[181483,852404],[181786,852834],[181432,853632],[181427,853778],[181597,854302],[181386,854959],[181345,856121],[181623,856072],[181822,855776],[181842,855355],[182083,855388],[182688,854486],[182545,853885],[182578,853871],[182629,853856],[183269,853633],[183458,854089],[183216,854501],[183209,854863],[183243,854879],[183580,854492],[183583,854494],[183626,854442],[184033,854962],[184429,854983],[184699,854510],[185062,854759],[185595,854982],[185800,854958],[186034,854599],[186129,854439],[186127,854448],[186131,854441],[186173,854386],[185987,855192],[186014,855196],[186529,854879],[186694,854579],[187049,854787],[186929,855378],[188576,854295],[189641,854609],[189483,854974],[189749,855343],[189952,855095],[189724,856122],[189289,856167],[189671,856507],[188737,856810],[188670,856855],[188384,856925],[187756,857128],[187376,857108],[185523,857469],[185382,857537],[184511,857543],[184471,857517],[182838,857538],[182626,857622],[182607,857507],[181909,857179],[181662,857269],[180907,856765],[180572,856554],[180515,857393],[180430,857412],[179440,858085],[179253,858602],[178567,858678],[178757,859447],[179023,859399],[179504,858922],[179515,858898],[179932,859030],[179753,860000],[179737,860084],[179679,860100],[179679,860103],[177355,861122],[177271,861178],[177264,861197],[177043,863442],[177071,863558],[175845,865507],[174937,866535],[173279,867552],[172734,867298],[172166,867428],[172605,868758],[172871,868948],[172805,869365],[173197,870553],[174319,872265],[174300,873827],[175310,873752],[175792,874346],[177409,874883],[177918,873920],[177781,873759],[179198,873783],[179215,873749],[179375,873320],[179428,873332],[179437,873314],[179647,873366],[179989,873047],[180000,873007],[180068,872759],[180523,872547],[180826,872716],[180752,872868],[180633,873106],[180348,873685],[181117,873846],[181322,873890],[180985,874440],[180874,874935],[181020,875150],[180606,874996],[180068,875101],[180533,875816],[180036,877129],[180025,877162],[180000,877164],[176257,877512],[175580,878584],[174854,879070],[173925,879210],[173213,879744],[173310,880000],[173746,881140],[173625,881548],[173581,881695],[173749,882585],[174111,883427],[174203,884545],[174103,884999],[173908,889607],[174055,889878],[173831,891793],[174840,891862],[174994,891761],[175889,891752],[177049,892962],[178317,892326],[178847,892380],[178977,892567],[179567,892691],[179702,892584],[180000,892656],[180637,892811],[180674,892475],[181066,892341],[181583,892085],[181022,890976],[181218,890628],[180918,890512],[180945,889789],[180996,889778],[181486,889089],[181345,888734],[181746,888549],[181809,888103],[182077,888257],[182230,888042],[182188,887924],[182668,887348],[182570,886929],[182308,886449],[182423,886293],[182088,884852],[184592,881175],[184832,880945],[185529,881090],[185782,880764],[186237,881632],[185496,881954],[185730,882094],[184793,883560],[185650,884253],[185835,883227],[185816,883190],[187021,883434],[187344,883493],[187344,883496],[187361,883503],[187328,884435],[186594,884468],[186346,884791],[186324,884826],[187198,886205],[187463,888582],[187017,889171],[186681,889183],[186649,888966],[186596,888993],[186178,890264],[184458,891081],[183978,890993],[184268,891761],[183778,892139],[183956,892633],[183320,893530],[183641,893927],[184098,894021],[183885,894229],[183903,894252],[183595,894511],[183393,894707],[184099,895460],[184095,895938],[185682,898329],[185823,898514],[185828,898514],[186975,898182],[187112,898022],[187317,898083],[187377,898065],[187382,897670],[187989,897863],[187959,897232],[188392,897118],[188712,897504],[188857,897569],[189156,897606],[189179,897514],[189410,896430],[189161,895932],[189574,895661],[189689,895121],[189484,894553],[189488,894529],[189480,894505],[189704,893386],[190177,892830],[190204,892705],[190114,892174],[190342,892053],[190358,891982],[191381,891507],[191988,891187],[192093,891176],[194220,890188],[194307,890054],[195097,889840],[195261,890066],[195330,891032],[195114,891343],[195158,891560],[195501,891875],[195972,891902],[195978,892312],[196041,892370],[196291,893106],[196649,893350],[196437,893537],[197348,896225],[197874,895750],[198090,895727],[201536,893413],[201721,893203],[202843,891113],[202862,891101],[202888,891038],[204756,889910],[205578,889749],[206294,889586],[206730,889086],[209000,888096],[208856,888264],[209235,888241],[208933,888839],[209435,888620],[207945,889747],[207776,890205],[207798,890593],[207721,890696],[207721,890943],[207117,891172],[203865,892472],[203472,893977],[202272,895657],[202201,895673],[202198,895676],[199118,896480],[199044,896531],[199039,896943],[199073,897425],[198722,897834],[198530,898634],[200180,898437],[200415,898361],[200451,898405],[200484,898401],[200526,898499],[200637,898639],[200616,898707],[200870,899298],[200985,899322],[201537,898519],[201457,898107],[201402,897976],[202814,896525],[203679,896064],[204754,895988],[205045,896069],[208206,896632],[208141,896205],[208023,896090],[208246,896114],[209040,895812],[210173,894700],[211079,893470],[211134,893441],[211137,893436],[211765,893137],[212322,892590],[212315,892501],[212478,892438],[213140,891788],[213186,891692],[214603,891531],[215191,890300],[216852,886446],[217080,886355],[217552,885368],[217711,885275],[218061,886100],[217093,888400],[217275,888809],[216532,889897],[216394,890338],[216283,890869],[216203,890949],[216202,890954],[215998,891142],[215167,891937],[214320,892199],[214189,892663],[214130,893013],[214069,893087],[214056,893134],[213866,893335],[213308,894015],[212456,893693],[212447,894646],[212138,894631],[211794,895008],[211649,895305],[211105,895763],[210242,896709],[209196,897385],[209204,897394],[209850,897814],[210629,897744],[210637,897811],[210704,897809],[210768,898354],[210733,898388],[210972,898543],[211256,898514],[211892,899061],[212109,900000],[212280,900741],[211775,900747],[211970,900371],[211803,900000],[211701,899774],[211254,899527],[210927,899592],[210950,899624],[211211,899864],[211212,900000],[211222,900927],[209252,901083],[209119,901428],[208924,901474],[208136,902466],[208106,902571],[204334,903691],[204524,904621],[204572,904697],[204423,904840],[203431,906465],[203296,906813],[202032,906833],[201871,906839],[202363,907612],[201858,909068],[201026,909691],[200454,909504],[199719,909655],[198809,910116],[198251,909958],[198194,909970],[198177,910018],[198477,911252],[198556,911316],[198500,911346],[198688,912122],[198729,912176],[197960,912913],[196928,913297],[196731,913779],[196566,914264],[196526,914278],[196434,914500],[196666,915038],[196379,914462],[196225,914813],[196204,915015],[196583,915191],[196828,915298],[196828,915302],[196895,915336],[196833,915390],[196897,916552],[197032,916784],[196969,917207],[197555,917079],[197558,917698],[198197,918123],[198345,918014],[198508,917814],[198646,917792],[199229,917363],[199595,917036],[199922,916554],[200000,916402],[200229,915953],[200809,915926],[200760,915221],[200840,915154],[200841,915127],[201117,914763],[201275,914784],[201350,914721],[201649,914042],[202031,912538],[202269,912712],[202055,913712],[202187,914088],[202376,914366],[202388,914460],[202731,914709],[202790,914698],[203028,914575],[203148,914880],[203214,914989],[204042,913599],[204786,913714],[204866,913639],[204902,913314],[205396,913109],[205462,913245],[206529,914124],[206709,914109],[206470,914366],[206264,915207],[206302,915245],[206988,915293],[207007,915279],[207002,915294],[206974,916085],[207141,916090],[206968,916227],[206959,916487],[207022,916490],[207546,917210],[207529,917257],[207187,918229],[206951,917682],[206867,917835],[206822,917962],[206799,917960],[206775,918006],[206511,917923],[206612,918099],[206942,918614],[206927,918621],[206949,918658],[206866,918650],[205578,919284],[205617,919296],[207787,919329],[207924,919310],[207920,919331],[207966,919332],[207925,919368],[207967,919364],[207910,919387],[207844,919761],[207424,919811],[206449,920672],[206277,921126],[206051,921198],[207116,921184],[207416,921029],[207520,921178],[208191,921169],[208300,921135],[208249,921242],[208396,921660],[208715,921632],[208719,921697],[208739,921697],[208757,922234],[209138,922231],[209428,922112],[209603,923079],[209063,922860],[208730,922868],[207782,922341],[207678,922299],[207660,922302],[207106,922523],[206895,923062],[206373,922814],[205973,922973],[205877,923134],[205358,923240],[206735,924150],[206920,924164],[206944,924187],[206963,924189],[207135,924372],[207234,924477],[207236,924481],[207133,924504],[206751,924618],[206694,924570],[206122,924327],[206031,924421],[205378,924057],[205421,924682],[204943,924918],[205593,924889],[205795,925531],[205713,925563],[205716,925584],[205192,926049],[205114,926260],[204170,926156],[204248,926560],[203953,926655],[203883,926850],[204039,927068],[203784,927122],[203586,927669],[203842,928274],[203283,928507],[202657,930237],[202650,930387],[201537,931827],[200253,932491],[200285,932617],[200788,933439],[200724,934223],[202054,935579],[202477,934115],[203626,934095],[203956,933960],[204132,934086],[204258,934084],[204244,934035],[203852,933107],[205227,932703],[205114,932305],[205483,932066],[205616,931704],[205700,930940],[206743,931652],[209748,933558],[209975,933489],[210036,933945],[210446,933933],[210538,933850],[210577,933642],[210211,933343],[210565,933044],[210558,933451],[210819,933725],[210882,933776],[210880,933781],[211119,934037],[211533,933652],[211491,933539],[212076,933114],[213370,933544],[213401,933443],[213298,933141],[213505,933102],[213724,932378],[213749,932140],[214642,931487],[214501,931665],[214658,931560],[213997,932631],[214151,932754],[213992,933039],[214366,934311],[214374,934332],[214441,934379],[214814,934042],[215016,933675],[215112,933774],[215158,933733],[216310,934170],[216402,933991],[216608,934162],[216636,934078],[216420,933493],[216970,932984],[217025,934144],[216704,934283],[216698,934316],[216661,934302],[216544,934353],[216441,934661],[216585,934864],[216638,934890],[216785,935087],[217166,935016],[217367,935116],[217435,935107],[217408,935136],[217422,935144],[217361,935185],[217184,935371],[217678,935472],[217751,935457],[217951,934797],[219586,933316],[220000,933093],[220855,932634],[220907,932758],[221549,932867],[221638,932787],[222648,932990],[222571,933122],[222802,933728],[222949,933813],[223015,933784],[222910,933482],[222939,933480],[222923,933439],[223168,933467],[223637,933441],[223839,931901],[224013,931831],[224089,931726],[224778,931195],[225220,930396],[225806,930305],[226001,930253],[227036,929455],[227334,928993],[227410,929134],[227658,928843],[227610,929501],[227589,929775],[227152,930019],[226993,930477],[227037,930669],[226888,930780],[226871,930829],[226865,930836],[226850,930847],[224369,933017],[224430,933052],[226662,933235],[226953,933197],[228636,933331],[228626,933387],[228729,933398],[228720,933404],[228726,933404],[228716,933407],[228611,933482],[228591,933603],[227813,933806],[227474,933918],[227409,933912],[227340,933930],[227092,933883],[226699,933846],[223697,934501],[223640,934539],[222762,934594],[222475,934455],[222451,934473],[222375,934408],[222236,934394],[222281,934361],[221884,934167],[222156,933856],[222388,934205],[222758,934016],[222287,933661],[222097,933807],[221702,934289],[221028,934024],[220790,933946],[220708,934262],[220397,934174],[218943,935178],[218175,936148],[217782,935997],[217775,936086],[217797,936277],[217875,936274],[218080,936220],[218092,936267],[218175,936264],[218138,936432],[218146,936460],[218138,936460],[218109,936559],[217826,936542],[217871,936949],[216971,936652],[217090,936999],[217172,937011],[217176,937249],[217190,937292],[217177,937310],[217191,938152],[217188,938152],[216065,937900],[216412,938674],[216301,938709],[215696,939155],[216015,939115],[216024,939436],[216296,939634],[216569,939607],[216853,940000],[216886,940047],[216822,940018],[215742,940245],[215779,940333],[216554,940961],[216920,941079],[216419,941432],[216366,941479],[216453,941898],[216048,941959],[215949,941912],[215856,941930],[215677,941780],[215236,941567],[215352,941509],[215318,941481],[215342,941467],[214973,941135],[215091,941257],[214884,941310],[214508,941465],[214700,941676],[214655,941954],[215155,942837],[215196,942872],[215174,942881],[215004,943165],[214802,943093],[214578,943223],[214590,943309],[214299,943405],[214275,943462],[214474,943546],[214660,943520],[214694,943640],[214710,943646],[214700,943662],[214733,943780],[214563,943868],[214386,944136],[214277,944140],[214323,944615],[214317,944615],[214321,944640],[213845,944695],[213861,944709],[214999,944796],[215042,944623],[215509,944818],[214932,945640],[214864,945666],[214864,945682],[214417,945844],[214309,945887],[214377,946007],[215958,948089],[216270,948396],[216378,948833],[216099,949048],[216100,949421],[215838,950102],[215832,950142],[216207,950372],[216182,950388],[216186,950390],[215990,950468],[216085,950642],[216219,950766],[216360,950887],[216359,950891],[216385,950921],[216314,951064],[216387,951199],[216764,951100],[216703,951181],[217789,949815],[217780,949811],[217968,949498],[218035,949543],[219116,949404],[219509,949218],[219240,948617],[219630,948861],[220000,948989],[220439,949141],[220395,948872],[220190,948716],[220353,948609],[220327,948447],[220504,948509],[220564,948470],[220572,948534],[220678,948571],[220800,948080],[220720,947823],[220849,947881],[220850,947875],[222037,947540],[222005,946798],[222584,946734],[222630,947372],[223125,947232],[223522,947114],[223509,947124],[223525,947119],[222942,947571],[222116,948231],[222866,948937],[221127,949537],[221098,949548],[221653,950278],[220971,950146],[220665,950101],[221758,951037],[221784,951058],[222938,950828],[222170,951073],[222056,951421],[220968,951471],[220964,951432],[220821,950781],[220000,950723],[219286,950673],[218962,951132],[218730,951137],[218373,951451],[218354,951626],[220633,951551],[220196,951861],[220290,952124],[220000,952133],[219658,952145],[219619,952169],[219550,952539],[219131,952466],[218836,952646],[218903,952855],[218710,952723],[218463,952873],[218491,953005],[218178,953115],[218637,953414],[218598,953789],[218718,953930],[219006,953937],[218999,953997],[219082,954010],[218981,954219],[220000,954054],[220098,954042],[220091,954045],[220103,954043],[220000,954084],[219137,954425],[219738,954864],[219951,954999],[220000,954996],[221214,954936],[221448,955237],[220540,955261],[220524,955268],[220672,955612],[223203,955094],[225256,952236],[225264,952257],[225303,952202],[225606,952569],[225468,952777],[225480,952806],[224916,953630],[225507,954107],[225510,954110],[224928,954355],[224100,954713],[224092,954736],[224082,955295],[224557,955166],[224080,955551],[223066,955707],[222437,955829],[222173,956210],[222129,956272],[222196,955876],[220574,956190],[221287,956591],[221854,956429],[221853,956906],[221752,956899],[220266,957463],[220094,957581],[220142,958478],[220000,958508],[219265,958659],[219168,958739],[219261,959122],[218927,958939],[218888,958972],[218561,958739],[218482,958695],[218490,958741],[218612,959258],[218232,959396],[218182,959918],[218039,959940],[218026,960000],[217950,960338],[217974,960430],[218314,960598],[218294,960655],[218170,961036],[218184,961092],[218530,961873],[218424,962047],[218785,963484],[218848,963502],[219172,963529],[219360,964193],[220000,964495],[220057,964521],[220158,965119],[221404,964901],[222542,965445],[222504,965784],[223233,966595],[223263,967004],[223572,967493],[223830,967718],[223808,967913],[224669,969309],[224860,969469],[224767,969501],[224819,970751],[225043,970936],[225046,971054],[225141,971117],[225126,971856],[224869,971942],[224877,972128],[225140,972743],[225323,972792],[224936,973560],[224940,973650],[225681,974820],[225715,974782],[225708,974836],[225849,974864],[225892,974835],[226658,974256],[227087,973773],[227139,973536],[227753,973428],[228318,973000],[228339,972877],[229103,972783],[229574,973621],[231960,973020],[232013,973033],[232386,972943],[233032,973252],[233233,972702],[234553,971460],[234608,971483],[234612,971480],[235928,971131],[235949,971118],[235706,970856],[236017,970453],[236104,969437],[236021,969256],[236077,969208],[236142,968823],[235899,968207],[235992,968220],[236089,967489],[236038,967289],[236492,966402],[237545,965452],[237361,964847],[237045,964552],[236577,964188],[236416,964137],[236339,964002],[236098,963814],[235988,963567],[235230,962841],[235507,962714],[235808,962993],[235863,963006],[235905,963082],[236074,963239],[236390,963264],[236240,961559],[236235,961507],[236237,961510],[236236,961503],[236484,961808],[236473,961990],[236966,963004],[237181,962896],[237154,963312],[237804,964436],[238061,964583],[238173,965073],[238407,965477],[238400,965966],[237741,966152],[236860,967323],[237339,968440],[237340,968401],[237343,968449],[237479,968770],[237886,968752],[238094,968739],[238125,968742],[239064,968703],[239261,968969],[239257,969595],[238533,970579],[238544,970626],[238503,970620],[237890,971454],[238006,971450],[238545,971365],[239000,971705],[239276,971888],[239276,971809],[239154,971404],[239279,971353],[239287,970279],[239509,969948],[239723,970025],[239847,969960],[240000,969494],[240047,969350],[240664,969493],[240508,968543],[241056,967499],[241364,967806],[241986,967898],[242036,967896],[241878,967180],[242136,967706],[242505,966952],[242495,966929],[242418,966798],[242687,966436],[243128,966355],[243911,966129],[244381,965454],[244787,965657],[245264,965634],[245378,965477],[245413,965626],[245635,965616],[245562,965476],[245454,965377],[245063,965358],[245255,965194],[245207,965149],[245608,964893],[245622,964881],[245619,963570],[245529,963438],[244919,962769],[244622,962861],[243672,961603],[243636,961364],[243528,961245],[243597,961360],[243178,961179],[243136,960816],[242820,960469],[242677,960448],[242337,960000],[242062,959639],[242060,959636],[241758,959238],[241466,958565],[240529,956873],[240000,956233],[239933,956153],[239931,955794],[239775,955513],[239502,955658],[239621,955375],[239387,954813],[239285,954629],[239181,954601],[239055,954729],[239135,954589],[238957,954540],[239165,954536],[239200,954475],[239778,954489],[239448,954042],[239850,954491],[239870,954491],[240000,954414],[240403,954175],[240787,955008],[240901,955144],[240956,955374],[241272,956060],[241679,955952],[242594,956513],[242645,956653],[242670,956674],[242792,957054],[244754,958029],[244753,958033],[244809,958022],[245020,959497],[244968,959501],[244970,959516],[244966,959517],[244968,959529],[244559,959682],[244580,959795],[244607,959835],[245000,959771],[245042,960000],[245160,960646],[246130,962068],[246132,962070],[246952,962337],[247605,962480],[247627,962453],[247631,962396],[247489,961339],[247384,961268],[247396,960911],[247413,961050],[247432,960910],[247710,961377],[247777,961393],[247794,961432],[247810,961523],[247814,961551],[248569,962815],[248585,962828],[248587,962845],[249043,963610],[249125,963642],[249055,965017],[249009,965097],[248955,966349],[249048,966466],[249024,966657],[249170,966906],[248902,967596],[250059,968650],[250114,968644],[250590,968147],[251038,968464],[251692,968269],[251818,968386],[252036,968361],[252089,968436],[253265,968313],[253315,968192],[253576,968280],[254136,968221],[254287,968092],[254585,968136],[254774,968064],[255082,967286],[255139,967123],[256622,966554],[256870,966337],[256967,966368],[257180,966346],[257190,966319],[257183,964769],[257287,964855],[258044,965328],[258059,965494],[258229,965635],[258601,965408],[258535,965228],[258454,965045],[258468,965044],[259032,964967],[258741,964511],[258811,963898],[258803,963856],[258819,963830],[258886,963251],[258640,962931],[258665,962893],[258586,962776],[258602,962759],[258569,962726],[259098,962129],[259321,962165],[259636,962131],[259784,961798],[257975,960000],[257016,959047],[257035,958867],[256969,958797],[256723,957130],[256490,956721],[256215,955145],[255570,954413],[255432,954305],[255140,953644],[255133,953636],[255128,953607],[255005,953324],[255095,953406],[255073,953271],[255082,953291],[255079,953270],[255166,953470],[255415,953697],[255474,953710],[255586,953010],[255558,952850],[255598,952926],[255613,952840],[255614,952957],[256055,953801],[256070,953808],[256138,953940],[256696,954557],[256854,955186],[257436,955561],[257985,956801],[258231,956925],[258781,956511],[258703,956607],[258784,956549],[258509,957162],[258831,957412],[258762,958148],[258472,958565],[258262,958549],[258217,958555],[259044,958695],[260000,959856],[260119,960000],[260430,960378],[261252,960494],[261881,961684],[262600,962894],[263237,963447],[264151,963659],[264261,963611],[264319,963492],[264459,963731],[264704,963788],[265113,963384],[265112,963447],[265116,963444],[265103,963501],[265071,963844],[265227,963769],[265347,963697],[265884,963982],[266035,963801],[266077,963738],[266250,963972],[266753,963532],[267159,963662],[267251,963625],[267348,963400],[267784,963375],[267900,963310],[267923,963275],[268376,962442],[267724,961980],[268104,961093],[268440,961498],[268339,961953],[269773,961958],[269661,961510],[270206,961339],[270258,960638],[270679,960560],[269686,962313],[269678,962471],[269696,962488],[269691,963198],[271218,962342],[271470,962750],[270852,963472],[271453,963562],[271438,963638],[271478,963644],[271381,964730],[271529,964764],[271637,964666],[271707,964709],[272010,964528],[272025,964372],[272210,964281],[272260,964151],[272509,964131],[273195,963789],[273433,963495],[273456,963659],[273515,963630],[273879,963841],[274016,963784],[274053,963942],[274526,964218],[274586,964233],[274862,965939],[274941,965865],[275068,965723],[275077,965738],[275182,965908],[275965,965795],[276021,965748],[276038,965785],[276074,965779],[276296,966286],[276486,966208],[276439,966556],[276851,966202],[276865,966195],[276921,966290],[277144,966159],[277322,965508],[277721,965592],[277676,965847],[277911,965709],[278232,965197],[278264,965088],[278653,965202],[278656,965272],[278813,965180],[279005,964581],[279430,964360],[279479,964765],[279531,964758],[279610,965863],[279645,965880],[280000,965948],[280186,965983],[280222,965923],[280257,966241],[280438,966347],[280431,966314],[280494,966357],[280446,966352],[281022,966689],[280999,966854],[281178,967997],[281235,967914],[281268,967850],[281269,967865],[281297,967824],[281315,968821],[281367,968837],[281614,968819],[281709,968518],[281802,968730],[281847,968802],[282334,968768],[282353,968764],[282774,969949],[282823,969690],[283122,967887],[283070,967668],[283211,967346],[283485,965695],[284610,966391],[285540,966189],[285687,966312],[286359,966722],[286587,966488],[286647,966131],[286989,966055],[287000,966067],[287085,965981],[287091,966166],[287276,966367],[287593,966364],[287687,966623],[288243,965865],[288345,965164],[289152,964988],[289207,964965],[289166,965412],[289898,966032],[289968,966072],[290414,965722],[290692,965679],[290870,965574],[291410,965533],[291686,965423],[291977,965507],[292750,965586],[292858,965760],[293323,965894],[293448,965831],[293674,965861],[294031,965766],[294374,965952],[295004,966035],[295042,966017],[295369,966472],[295448,966415],[295881,966089],[295714,965696],[296035,965249],[296656,965387],[296825,965866],[297758,966787],[298341,966990],[299640,968550],[300000,968811],[301241,969710],[301335,969764],[302393,970133],[302851,969934],[302885,969985],[302917,969958],[302924,970044],[303805,971372],[304341,971171],[304367,971099],[305074,970897],[305345,970796],[305959,970913],[308284,971098],[308287,971099],[308303,971107],[308833,971337],[310760,971594],[310902,971584],[310255,970353],[310197,970411],[310147,970333],[310089,970366],[310081,970286],[310000,970313],[310079,970263],[310075,970222],[309923,969987],[310405,969292],[311454,968667],[311942,968841],[311998,968843],[311994,968860],[312171,968923],[311327,967642],[312789,969358],[314537,970057],[315286,970305],[315826,969858],[316283,969955],[316709,969773],[316668,969332],[316920,969179],[318214,969130],[320361,968212],[320372,968233],[320431,968197],[321366,969057],[321857,970554],[321591,971023],[320737,971248],[320408,971507],[320277,971950],[320000,972116],[318466,973035],[318095,973326],[318434,975363],[318646,975664],[319920,976664],[320000,976712],[320250,976862],[320338,976830],[321386,976081],[321506,975923],[321521,975877],[322059,974000],[322216,974022],[323948,973582],[324052,973643],[324045,973521],[325144,973879],[325266,973872],[325200,974076],[325204,974154],[325476,974023],[325669,974260],[325722,974263],[325762,974374],[325975,974638],[326637,974527],[326642,974551],[326811,974586],[326850,974555],[326839,974591],[326933,974611],[327871,974479],[328209,974175],[328883,974208],[329008,974374],[329932,974815],[330736,974833],[331180,975311],[331672,974249],[331754,974360],[332246,973544],[332326,973196],[332598,972887],[332626,972914],[332665,972849],[332657,972836],[332680,972824],[332683,972818],[332690,972819],[332898,972728],[333494,972936],[334141,973030],[334332,973229],[334634,973335],[335436,973246],[336236,973732],[338394,973406],[338631,973561],[339615,973443],[339719,973383],[339784,973423],[340632,973322],[340629,973191],[340537,972782],[340000,972206],[339848,972043],[339625,970054],[339794,969832],[339851,969740],[339758,969329],[339377,968598],[339428,968444],[339455,968249],[337734,967604],[338453,966415],[338405,966230],[337987,965288],[338041,964815],[337959,964499],[337163,963694],[336880,962978],[336049,961904],[334530,960468],[334436,960000],[334386,959755],[334315,959663],[334334,959498],[333963,957664],[334055,957604],[334471,955659],[334826,955229],[334829,955204],[334881,955163],[335254,954712],[335495,954680],[335702,954517],[336120,954595],[336673,954520],[338708,955010],[338807,954971],[338887,954718],[338933,954349],[338926,954207],[338412,952914],[338591,952525],[338531,952492],[338754,952171],[338837,951992],[338610,951513],[338059,951371],[338055,951371],[338022,951360],[338125,950863],[336943,950802],[337012,950556],[336675,950668],[337597,950023],[337612,949852],[337103,949016],[336839,948820],[336915,948804],[336723,948406],[336610,948282],[336644,948160],[336623,948080],[336612,948081],[336619,948067],[336510,947656],[336330,947532],[336403,947250],[336127,946208],[336108,946182],[335671,945642],[335688,945632],[335622,945545],[335927,945483],[335628,944894],[335734,944934],[335790,944930],[335752,944786],[335166,943875],[335222,943836],[335354,943647],[335070,943306],[335220,943139],[335279,943055],[334609,942739],[334610,942736],[334647,942695],[334757,942559],[334404,942089],[334087,941749],[333106,941382],[331939,940089],[331972,940000],[332036,939833],[331104,939200],[330800,938741],[330744,938693],[329684,937060],[329604,936938],[328905,936189],[328082,935763],[324422,935081],[324116,934310],[324031,934141],[322066,933793],[322083,933734],[322070,933740],[322188,933361],[322087,933319],[321592,933326],[320777,932942],[320588,932896],[320001,932576],[319066,932135],[318825,931809],[316504,929499],[316267,929545],[316439,929435],[316276,929273],[314482,926367],[314081,925917],[313900,925424],[312688,923460],[312584,923385],[312120,922546],[311947,922623],[312098,922505],[311368,921322],[309142,920000],[308908,919861],[308316,919197],[305458,917213],[305136,917048],[304349,916049],[304331,916036],[304328,916034],[304254,915980],[304141,915970],[304150,915904],[303179,915195],[302963,915125],[302384,915772],[302815,915104],[302366,914971],[302263,914822],[299067,911830],[298383,911474],[298334,911495],[298335,911449],[297793,911168],[297133,910124],[296359,910052],[296309,909988],[296086,909696],[295842,909609],[295070,909789],[294512,909475],[294492,909483],[294383,909402],[293625,908975],[293336,908467],[292219,907231],[291857,907000],[291313,904149],[291071,903847],[290623,904001],[290989,903805],[290904,903417],[289496,902920],[289120,902463],[288786,902186],[288693,902000],[286722,901149],[285618,900943],[283718,900000],[282777,899533],[281448,895690],[280000,895704],[279902,895705],[280000,895782],[280424,896113],[280495,896735],[280571,896522],[280964,896929],[281059,897247],[280494,897461],[280000,897256],[278932,896811],[278513,897999],[278057,897884],[277583,898196],[276877,897675],[276886,897106],[277596,896038],[279470,895344],[279677,894876],[280000,895041],[280786,895445],[280726,895237],[281046,895383],[281377,895002],[281105,895442],[281565,894759],[281670,894166],[281661,894140],[281711,893939],[282031,892149],[281499,891966],[281354,891541],[281073,891013],[280752,890813],[280864,889785],[280478,889279],[280750,887315],[280124,887286],[280397,887405],[280333,887737],[280000,887905],[279272,888272],[277130,888296],[275801,887731],[274761,886289],[274228,887108],[273039,887111],[272679,887292],[272658,887540],[272820,887294],[273448,887521],[273167,887830],[273569,887952],[273437,888744],[272689,887683],[272036,887615],[271107,888081],[271071,888608],[270597,888524],[269273,889047],[268895,889239],[267597,889477],[267455,889078],[267323,889058],[266585,888975],[265265,888901],[265344,888075],[265224,888036],[264376,888124],[263897,888596],[263367,889462],[262091,890037],[261108,891088],[260845,891583],[260807,891107],[260308,891007],[260032,890536],[260249,890109],[262136,888458],[262152,888444],[262689,888122],[263627,888136],[263455,887601],[263780,887026],[264730,887526],[264746,887521],[265240,886813],[266600,887383],[269176,887873],[270105,887969],[270215,886561],[270572,887261],[271252,886228],[271613,884737],[272406,884701],[272451,884611],[272722,884069],[274403,884228],[273213,885912],[273216,885914],[274646,884695],[274777,885312],[274840,885285],[274937,884791],[275473,885011],[275264,884592],[276594,884060],[277711,882912],[278427,882480],[280000,883491],[283376,885662],[283997,885691],[284474,885448],[284271,885223],[284534,885428],[285031,885086],[285465,884323],[286528,884279],[286170,884770],[287636,883272],[286852,884011],[286976,883692],[286708,883891],[285665,882903],[284695,882804],[284399,882104],[283712,882492],[284246,882006],[284309,881950],[284817,882082],[284908,882463],[286028,882461],[286133,882823],[286699,883056],[287522,882836],[289851,883257],[290343,883852],[291534,884337],[292440,886846],[292519,887034],[292602,887113],[294968,887753],[294488,887136],[294529,886791],[294523,886536],[293911,884974],[293619,884402],[290405,880000],[288850,877871],[288490,877535],[287899,877152],[287645,876748],[286053,875265],[285998,874876],[285421,873341],[285007,872519],[282379,868921],[279902,868886],[279419,868969],[279201,869222],[278985,869043],[278751,869083],[278723,869352],[279184,870807],[279474,870915],[279448,871765],[280000,872325],[280533,872865],[280477,874287],[280141,873591],[280000,873742],[279870,873882],[278688,873737],[278022,872921],[277958,873070],[277784,872944],[276650,873281],[274515,871820],[274112,871085],[273006,870232],[270966,868321],[270424,868393],[270337,868430],[270315,868407],[270191,868424],[270133,868333],[270129,868663],[268514,869125],[266594,868669],[266340,868224],[266612,867809],[266117,868269],[265242,867753],[265836,867875],[265621,867639],[265101,867679],[264199,868219],[263613,868014],[262848,867341],[262839,866526],[262952,866265],[263837,866176],[263835,866171],[262953,866239],[262563,865291],[261392,865254],[260940,864942],[260521,864336],[258894,862635],[258892,862633],[258175,861884],[258000,861844],[255982,860114],[255953,860089],[255903,860000],[255450,859194],[256238,858411],[255157,857493],[255052,856929],[255024,856776],[254982,856546],[254791,856468],[254767,856458],[254324,856276],[253892,855619],[253911,855247],[254089,855811],[254744,856306],[255877,856868],[256520,857741],[258587,859195],[259219,860000],[259396,860226],[259211,860587],[259229,860606],[259604,860398],[260000,860893],[260981,862120],[267612,866895],[268024,867058],[268515,866864],[270952,867175],[270758,865769],[271144,865173],[270906,865067],[275612,865766],[277254,866867],[278270,867134],[278631,867825],[279547,867238],[280000,867261],[280463,867285],[281093,867078],[281171,866968],[279448,864997],[279302,864935],[278602,864262],[277943,863697],[276850,862025],[275457,860433],[275039,860000],[274501,859443],[273789,857531],[274047,856931],[274118,856716],[274156,856675],[274270,856411],[275021,855716],[274980,855725],[273616,856245],[273120,856223],[272553,856258],[272384,856189],[272096,856176],[270028,854989],[269973,854176],[269121,852727],[266208,853531],[265316,853266],[265670,853054],[265446,852729],[266522,852938],[266756,852528],[267328,852382],[268302,852526],[268726,852055],[267297,849624],[267222,849604],[266475,848633],[266202,847823],[263490,848305],[263458,848302],[262545,848229],[259845,848551],[259640,848596],[258512,849381],[257990,849355],[257986,848946],[257794,849398],[255269,848599],[254728,847525],[254138,847814],[254354,847645],[254129,847551],[254491,847449],[254425,847321],[254220,846920],[255476,847860],[256595,847024],[257094,845930],[257102,845925],[257273,845836],[256962,845581],[257316,845814],[257461,845738],[257453,845557],[257543,845736],[260000,846149],[260418,846219],[261245,845688],[261659,846040],[262941,845762],[262961,845771],[264659,846561],[264581,846629],[264809,846725],[265150,846705],[265280,846924],[266007,847231],[265888,846740],[266185,846358],[266281,846234],[266030,846939],[266188,847258],[266503,847070],[267054,847341],[267640,846905],[267714,847129],[268593,846515],[268424,846245],[268821,846428],[268994,845845],[269979,846430],[270029,846459],[271363,847758],[271478,849620],[272621,849176],[273543,849291],[273867,849773],[273211,849667],[274220,851369],[274248,851398],[277316,853296],[278006,854066],[278182,854934],[277664,855928],[276944,856574],[275975,856714],[277071,857522],[279569,857649],[279402,858249],[279807,858566],[280484,858322],[281427,857752],[280844,858193],[282410,857628],[284703,856730],[287151,857051],[288328,857153],[288336,857176],[288353,857178],[288394,857215],[288875,857278],[288558,856348],[288917,857339],[290574,857838],[292093,859205],[292578,859188],[292536,859548],[292952,860000],[293649,860759],[293034,860633],[292536,860410],[292096,860000],[290812,858804],[291687,860000],[291720,860045],[292690,860558],[294040,861073],[294093,861135],[294825,861435],[294862,861449],[296638,862967],[296915,863025],[297326,862924],[296819,862956],[295919,862313],[294964,861435],[295370,861298],[298473,863106],[298882,863518],[298701,863875],[299283,864362],[297322,863721],[297763,864073],[299207,864480],[300000,864502],[302014,864888],[302653,864810],[303448,863974],[303002,863072],[303155,862798],[302140,862749],[301809,862291],[302142,862479],[302427,862384],[302115,862261],[302761,862210],[302340,861475],[303307,862095],[303187,861751],[304132,861763],[305027,861158],[305756,861825],[305444,863000],[303190,864817],[306649,864641],[306730,864631],[306778,864635],[307655,864591],[308176,864765],[308287,864776],[308333,864795],[308401,864800],[308616,864900],[308744,864908],[308825,864983],[309657,865262],[309680,865270],[309731,865287],[311066,867045],[311320,868718],[310835,868881],[310804,869169],[310850,869252],[313073,869144],[313699,869427],[315853,870182],[315960,870117],[317078,870591],[317765,870845],[320000,871291],[320386,871368],[322461,870832],[323108,871281],[323889,871269],[323867,870741],[323849,870301],[323845,870189],[323992,870074],[325241,869102],[323882,870659],[326756,868641],[329585,867383],[330000,867153],[330367,867035],[332330,866162],[332666,866088],[333268,865827],[333920,865812],[334113,865770],[334512,865446],[333675,865654],[334074,865526],[334159,864834],[334392,865374],[334578,865044],[334932,865101],[334480,865627],[338810,864213],[339420,864418],[340000,864490],[340004,864490],[340008,864491],[340215,864686],[340483,864776],[340509,864785],[341777,865625],[342107,865766],[342623,865843],[342626,865844],[342647,865863],[342880,865886],[343340,866227],[342897,866097],[342909,866108],[344017,866580],[344510,866718],[344984,867622],[345156,867898],[345595,867982],[346201,867899],[346373,868130],[346710,868194],[346715,868173],[346945,868238],[347279,868302],[347349,868315],[347584,868532],[348019,868625],[348284,868489],[349359,868849],[349584,868715],[349645,868434],[349639,867945],[350335,867444],[350961,867265],[352006,867758],[352320,867542],[352875,868144],[353126,867871],[353113,867798],[353387,867588],[353725,867222],[354735,867401],[354903,867328],[354913,867297],[354993,866981],[355449,867039],[355456,867024],[355525,866110],[355945,866024],[357516,867207],[357556,867151],[357964,866462],[358717,866275],[358833,866346],[358934,866325],[358980,866354],[359272,866184],[359293,866200],[359336,866091],[360000,866680],[360303,866948],[360649,866491],[360733,866503],[360757,866508],[361000,866547],[361436,866285],[361442,866180],[361552,866195],[361634,866149],[361500,865889],[361812,866047],[362038,865775],[362554,865824],[363504,865741],[363570,865632],[363786,865716],[365009,865608],[365277,865446],[365413,865573],[365418,865572],[365466,865631],[365860,866018],[366259,865166],[367073,864669],[367740,864660],[367901,864612],[368057,864655],[368957,864642],[369074,864288],[369146,864279],[369421,863457],[369437,863410],[369445,863386],[369450,863545],[369462,863930],[369490,863958],[369899,864378],[370333,864545],[370534,864922],[370768,864934],[370911,864805],[371599,864956],[371622,864954],[371901,864621],[372856,864783],[373214,864586],[373426,864418],[373941,864681],[376335,864399],[376446,864339],[378502,865190],[379223,864467],[379541,864501],[380000,864831],[380720,865349],[380678,865667],[380693,866388],[382362,867416],[382539,867330],[382776,867074],[382716,866823],[382676,866689],[382680,866688],[382673,866644],[383351,866452],[383884,865875],[383882,865838],[384395,865527],[384524,865575],[384536,865551],[384865,865702],[384970,865742],[385957,865681],[386955,865322],[387475,865542],[388652,864622],[389645,864874],[390452,866034],[390493,866064],[390809,865753],[393061,867930],[393171,867892],[393505,867667],[393502,867495],[395362,867867],[396788,867278],[396821,867283],[396841,867321],[397594,866879],[398102,867153],[398992,867421],[399390,867306],[399908,867613],[400057,867303],[400012,867358],[400129,866983],[400000,866957],[399878,866933],[400000,866725],[400037,866661],[400283,866831],[400289,866818],[400017,866212],[400361,865699],[400896,865549],[400911,865518],[401128,865484],[401514,865376],[401883,865196],[402097,865213],[402857,865000],[403671,865628],[404044,865434],[404907,864897],[405072,864434],[405046,864393],[405152,864210],[405377,863580],[405383,863563],[406121,862841],[406191,862703],[406249,862563],[406203,862392],[406618,861682],[406922,860955],[406748,860994],[406645,861000],[406622,860490],[406946,860583],[406807,860961],[407741,860000],[408197,859502],[410648,858030],[410804,857524],[410621,856802],[410476,856561],[410473,856217],[410364,855786],[410465,855148],[410462,854789],[410574,854456],[410742,853402],[410547,853493],[410492,853103],[410791,853316],[411078,852901],[411135,852716],[411175,852678],[411192,852628],[411391,852448],[411820,851829],[411868,851374],[411798,851143],[411915,850937],[411937,850732],[411902,850262],[411663,849000],[412244,847481],[411990,847468],[412841,847332],[413383,846884],[414087,846033],[414103,845874],[413775,845269],[413790,845331],[413880,845603],[413865,845602],[413867,845608],[413868,845626],[413376,845605],[413423,845674],[413585,845806],[412979,845915],[412942,845947],[412930,845924],[412918,845926],[412896,845880],[412719,845933],[412680,845780],[412644,845798],[412613,845516],[412475,844967],[412559,845006],[412555,844969],[412886,845033],[412948,844918],[413118,844604],[412679,844054],[412325,843844],[412434,843748],[412418,843727],[412455,843686],[412432,843668],[412564,843567],[413362,842699],[413274,841622],[412243,840541],[412037,840394],[412062,840306],[411514,838916],[411003,838390],[410930,838350],[410971,838212],[411084,837825],[410842,837211],[410396,836860],[410086,836225],[410301,836257],[410453,836276],[410358,836219],[410372,836234],[410309,836207],[410326,836200],[409970,835986],[409971,835978],[409428,835653],[409169,836221],[409249,835950],[408544,835305],[408237,834451],[408474,833759],[408446,833550],[408581,833446],[408593,833411],[408589,833302],[408209,833192],[407595,832318],[407357,832038],[406624,831446],[406501,831463],[405503,830606],[405213,830224],[405227,830200],[402175,826375],[401970,826298],[400821,824386],[400562,824583],[400942,825256],[400153,827596],[400666,828719],[400304,829232],[400231,829024],[400000,829110],[399774,829193],[399063,830084],[396928,830341],[399018,829938],[399590,828783],[400000,828628],[400386,828483],[400000,828263],[399617,828044],[399709,827254],[399545,827472],[399231,827163],[399928,827152],[400000,827045],[400180,826778],[400110,825948],[400444,825696],[400000,825167],[399929,825082],[400000,825136],[400422,825455],[400394,824620],[400695,823825],[400000,822416],[398808,820000],[398748,819878],[398737,819854],[397453,816949],[396433,813521],[396416,813464],[395454,809643],[394043,809679],[394075,809649],[394165,809567],[394201,809534],[394296,809447],[394397,809355],[394596,809371],[394965,809401],[395093,809412],[395273,809426],[395289,809427],[395338,809432],[395450,809409],[395335,807914],[395355,807803],[395655,806099],[395934,805799],[395713,805661],[395525,805993],[394425,806114],[395317,805814],[394584,805734],[395534,805601],[394665,805514],[394656,805501],[394543,805331],[395792,805433],[396727,805734],[396735,806003],[396889,805500],[397287,805395],[396586,804932],[396625,804459],[396627,804437],[397156,804157],[395868,801417],[395673,801417],[395378,800395],[395169,800232],[395101,800000],[394933,799433],[394816,799194],[394267,798103],[394515,797446],[393677,796945],[393695,796685],[393692,796685],[393696,796682],[393719,796365],[393637,796255],[393363,796234],[393365,795899],[393077,795617],[392624,795241],[392702,795000],[392097,794189],[392052,794154],[392046,794121],[391645,793583],[391402,793555],[391282,793097],[390487,792030],[390305,791893],[390307,791647],[390151,790934],[389899,790896],[389695,789688],[389694,789682],[389026,788325],[389135,788059],[389140,787782],[389262,787748],[389309,787632],[389201,787589],[388704,787514],[387382,786290],[387549,785687],[387908,785507],[387891,785458],[387727,785286],[387831,785289],[387821,785272],[388123,785301],[388175,785186],[387909,784726],[388465,784412],[388465,784409],[388104,784479],[387901,784159],[388252,783886],[387972,783739],[388038,783570],[388108,783079],[388101,783076],[388068,783069],[388108,783025],[387796,782459],[388090,782177],[388055,781987],[387860,781278],[387891,781104],[387887,781084],[388022,780374],[388089,780000],[388135,779743],[387707,779561],[387712,779544],[387713,779538],[387723,778933],[387723,778778],[386912,778160],[387117,777788],[386738,777262],[386920,776931],[386073,774983],[386068,774973],[385751,774560],[385308,774350],[384778,773579],[383745,772650],[383350,772712],[383558,772524],[383546,772471],[383367,772311],[383367,772306],[383363,772304],[383332,771580],[383179,770940],[382861,770714],[382672,770707],[382685,770767],[382408,770697],[380789,767822],[380000,767337],[378193,766224],[377135,765129],[377124,764732],[376467,765002],[375580,764763],[374000,762598],[374123,763000],[373812,762589],[373425,762764],[373595,762550],[373337,762415],[373717,762395],[372889,762320],[373617,762142],[374019,762534],[374138,762651],[374104,762549],[373264,760000],[372258,756948],[370957,757368],[371185,758139],[370836,759039],[368525,759210],[367723,757661],[367487,757910],[367655,758345],[367116,758769],[367562,758173],[367307,757964],[366758,758443],[366404,758396],[366787,758387],[367506,757571],[367510,757108],[368494,756435],[370691,756546],[370652,756975],[370951,757154],[371647,756709],[373374,756752],[372996,756245],[373077,755953],[373017,755853],[373164,755310],[372582,754719],[372604,754657],[371611,753900],[371508,753868],[371497,753814],[371102,753513],[370615,753418],[370477,753434],[370468,753378],[370116,752877],[369463,752427],[369445,752415],[369128,751255],[368741,751183],[369055,750878],[369123,749224],[369301,748893],[369313,748801],[369349,748803],[369379,748746],[370085,748683],[370523,748391],[370600,747991],[370471,747762],[370278,747680],[369473,745990],[369055,745247],[368302,744676],[368136,743616],[367956,743296],[367074,742802],[367063,741784],[366914,741657],[365837,741157],[365203,741094],[364442,740509],[364253,740421],[364242,740437],[364236,740645],[364187,740518],[364140,740587],[363978,740294],[363686,740158],[363272,740131],[363206,740127],[363181,740125],[362990,740000],[362044,739383],[361306,738065],[361298,738049],[361292,738039],[360973,737421],[360000,736776],[359195,736242],[358803,735706],[356924,734469],[356013,733928],[355758,732604],[354898,730558],[354893,730547],[354679,730489],[354536,730499],[353910,730704],[351517,732090],[351370,732125],[350656,732296],[348435,731644],[348371,731602],[347184,730832],[345793,730807],[345372,731075],[344068,731025],[341991,730627],[341194,730578],[341400,730381],[340654,729921],[340573,729879],[339049,729236],[339006,729235],[336109,729241],[335270,730078],[335210,729996],[334833,729478],[333188,729233],[332267,727925],[330621,727113],[326393,722010],[325834,722009],[325430,721264],[324212,720724],[324190,720226],[323923,720338],[324061,720571],[323297,720385],[323902,720337],[322633,720329],[322087,720000],[321106,719409],[320000,719224],[319591,719156],[318663,720000],[317379,721170],[315783,721917],[314625,722330],[312859,721688],[312939,721637],[312952,721629],[313011,721591],[313016,721588],[313033,721577],[314726,722167],[317003,720759],[316854,721075],[317161,720976],[317874,720000],[318277,719448],[319680,718682],[319370,718232],[319895,718448],[320000,718436],[321170,718297],[321245,718308],[321709,718376],[322465,718392],[322948,718557],[324319,718758],[324129,718892],[326228,719703],[326555,720000],[326760,720187],[331367,722761],[332480,722939],[334322,723887],[335492,724551],[335759,724989],[336286,725368],[339027,725830],[340000,726610],[340033,726636],[341252,727312],[341757,727526],[342249,728504],[342772,728901],[343312,729205],[343507,729210],[345973,728988],[346493,728530],[346733,727887],[347374,727719],[349707,728385],[350376,728181],[350537,726661],[349948,722681],[349191,721155],[347452,720000],[347387,719957],[347321,720000],[346975,720220],[346698,720000],[346442,719797],[345569,719893],[345435,719596],[345254,719192],[345649,719241],[346408,718959],[346715,719428],[347012,718889],[348262,718164],[348938,718421],[349395,719722],[349885,719164],[350267,717198],[351225,716857],[351748,716354],[352029,715868],[352616,715845],[353867,715561],[353890,715515],[353966,715494],[355461,715072],[355650,715156],[356311,715006],[356431,714904],[356613,714938],[357984,714626],[358100,714528],[358000,714199],[358514,714444],[359251,714189],[359612,713118],[360000,712648],[361080,711339],[362153,710617],[362995,710624],[363153,710166],[363488,709982],[363639,709388],[363285,708721],[362387,707909],[362054,707775],[361832,707785],[361595,707592],[361081,707387],[361151,706984],[360022,705795],[360000,705781],[358362,704785],[357127,703384],[356850,703273],[356836,703283],[356701,703443],[356794,703313],[356437,703568],[356277,703042],[354770,702437],[354000,702259],[351604,701196],[350399,700328],[350164,700000],[349733,699401],[349666,699439],[349711,699662],[349420,699578],[349222,699691],[349273,699973],[348465,699887],[348179,699482],[347723,699536],[347199,699927],[346140,699723],[346185,700000],[346267,700479],[345685,700417],[345577,700583],[345951,700934],[345739,700750],[345193,701591],[344320,702071],[344216,702103],[342743,702566],[341655,702466],[341588,702725],[341593,702499],[340000,701930],[339788,701854],[338270,700422],[337504,700659],[337467,700673],[337355,700706],[337119,700491],[337388,700687],[337441,700659],[338242,700224],[338114,700000],[337800,699451],[337611,699268],[337702,699590],[337724,699668],[337196,698867],[336506,698199],[335473,697640],[335132,697709],[334057,696693],[332722,694641],[332012,694676],[331557,694244],[331547,694233],[330987,693559],[328646,692215],[328632,692283],[328641,692212],[328545,692157],[328528,692148],[328507,691909],[328347,691688],[328317,691646],[327916,690200],[327917,690185],[327917,690182],[327950,689182],[327940,689117],[327953,689083],[327972,688479],[327012,686777],[326973,686151],[324337,686336],[323788,686000],[323950,685581],[323891,685557],[323826,685583],[323305,685325],[323051,685352],[322962,685525],[322997,685357],[322965,685360],[322201,686055],[321197,685878],[321191,685877],[320118,685558],[320133,685217],[319904,685014],[319445,685212],[319178,684671],[318938,684468],[318452,684186],[318608,683865],[317831,683176],[317809,683161],[317687,683211],[317633,683583],[316954,683769],[316231,683550],[316474,683057],[316127,682781],[314821,682537],[314421,682676],[313779,682342],[313389,682269],[313135,682685],[312666,682137],[313579,681935],[313365,680095],[313073,680548],[312985,680432],[312366,680996],[312344,681034],[312263,681239],[312254,681261],[310100,682275],[309919,681978],[310148,681865],[309774,681879],[310156,681494],[309599,681685],[308927,682200],[309159,682623],[308908,682893],[307939,682908],[307736,683317],[307039,683491],[306343,683386],[306295,683402],[305815,684083],[305298,684251],[304791,683890],[304677,683927],[304689,684051],[304276,684057],[303517,684304],[303300,684553],[303299,684556],[302174,686116],[301104,686361],[301288,685376],[300840,684813],[300085,684832],[300000,684869],[299933,684897],[299356,685971],[297162,685623],[297048,685553],[297027,685563],[297045,685551],[296172,685017],[295713,685043],[295141,685161],[294638,685508],[292134,688134],[291841,688503],[291958,688833],[291926,688782],[291879,688705],[291322,688876],[290915,689000],[289574,690303],[289597,690328],[290202,690970],[289617,690422],[288328,692144],[287345,692471],[286828,692343],[286360,691693],[286272,691571],[286081,691886],[286339,692333],[286424,692482],[286526,692658],[285989,693234],[284957,693615],[285396,694001],[284618,693449],[284575,692740],[284565,692590],[284547,692574],[284075,692179],[284016,692130],[283984,692173],[283776,692445],[284272,692847],[284225,693380],[283923,693655],[283436,693535],[282997,694570],[282950,694564],[282851,694552],[282767,694541],[283201,693809],[283147,693500],[283351,693505],[284000,693521],[284049,693382],[284182,693000],[283888,692649],[283746,692479],[283622,692331],[283774,692189],[283804,692160],[284075,691907],[284773,692399],[284782,693294],[285680,693041],[285707,692132],[285716,691839],[285729,691428],[285292,691457],[286764,691032],[286871,691001],[287958,691912],[288173,691110],[288406,691142],[289985,688503],[291584,687507],[291584,687149],[291673,687417],[292252,686559],[292349,685971],[292240,685893],[292354,685942],[292465,685266],[292478,685188],[292147,685036],[292124,685026],[292135,685028],[292176,685035],[292497,685064],[292391,683508],[293105,682860],[291163,682322],[290747,682207],[293854,682810],[294482,683804],[295249,683851],[295398,683269],[294553,682522],[295377,683206],[295566,682764],[295118,682414],[295897,681572],[295730,681154],[295823,681186],[296584,681448],[298352,681317],[298346,681780],[299386,681514],[299863,682001],[300000,682011],[300519,682047],[305021,680045],[305598,680307],[305559,680000],[305532,679814],[305533,679797],[306249,679356],[307986,679295],[308260,679535],[311185,678792],[311702,678744],[311796,678902],[311896,678875],[311848,678653],[312294,678768],[312412,678736],[312418,678722],[312457,678716],[313404,678297],[314214,678469],[314903,679259],[315783,679563],[316897,678546],[317329,677716],[318715,677249],[318733,676576],[319108,677368],[319494,676999],[320000,676988],[321275,676960],[321908,677359],[321917,677365],[321943,677372],[323113,677434],[323468,677773],[323782,677856],[323628,677759],[323884,677685],[323775,677180],[324041,677039],[323945,677884],[324081,677067],[325067,676993],[325503,677099],[325541,677340],[325833,677673],[326431,677881],[326348,678232],[327893,677154],[329237,675572],[329240,675568],[330198,674571],[330262,674505],[331747,673439],[332714,673185],[332793,673164],[333476,672957],[333373,673135],[334553,673393],[334347,672710],[334974,673898],[335879,673841],[336346,673661],[336795,673783],[336810,673782],[336900,673759],[336922,673775],[336928,673775],[337004,673770],[338634,674530],[339471,675679],[339650,675738],[340561,676004],[342589,675998],[344066,677120],[344110,677154],[343970,677635],[344663,678025],[344906,678708],[344573,680000],[344558,680058],[345602,680465],[345904,680124],[346579,680115],[347586,680556],[347666,680828],[347489,680566],[346804,680703],[346238,681472],[346144,683084],[347867,683468],[348244,684443],[348374,684634],[348808,684772],[349468,685905],[349867,685728],[351269,686145],[352950,685375],[353879,685725],[354230,685668],[355178,685357],[355274,685497],[355596,685444],[355636,685365],[356287,685174],[357826,685656],[358377,685188],[359076,685333],[359434,685183],[359698,684748],[360000,684694],[360926,684529],[361451,684075],[362081,682694],[361901,682481],[361843,682412],[362136,682525],[363388,681189],[363806,681321],[363268,680567],[363529,680000],[363753,679512],[363443,680000],[363214,680360],[363131,680000],[362957,679237],[362544,679333],[362764,679084],[362555,679075],[362750,678466],[363941,678860],[363855,678494],[364095,679275],[364543,679497],[364113,679908],[364178,680000],[364246,680095],[364361,680000],[365565,679003],[365320,678784],[365737,678723],[365599,678299],[366176,678561],[366281,679270],[368163,679398],[368424,678601],[369627,678156],[370157,678181],[370821,677724],[371085,677285],[372320,677306],[372724,676399],[373417,675807],[373953,675798],[373729,675592],[373917,675365],[374484,675377],[374504,675378],[374545,675453],[374994,675391],[375531,673787],[376043,673170],[376986,672709],[378027,672003],[378036,671788],[378508,671678],[379035,671321],[379007,671187],[379453,670848],[380000,670890],[380540,670932],[381283,670768],[381284,670741],[381858,670641],[382470,670505],[382617,670264],[383904,670111],[386123,671127],[386137,671122],[387413,670367],[387557,670168],[387611,670018],[389151,669251],[389632,669165],[389646,669157],[389770,669141],[390561,669000],[390733,669265],[390793,669339],[391016,669345],[391028,669279],[391413,669344],[391477,669333],[391512,669271],[391679,667786],[391648,667720],[391691,667685],[391800,666720],[391684,666518],[391831,666440],[391846,666312],[392189,666129],[392238,665619],[392801,665408],[393395,665027],[393615,664727],[393754,664862],[394291,665012],[394400,664954],[394422,664812],[394431,664734],[394416,664544],[394451,664558],[394455,664528],[394463,664531],[394527,664098],[394588,664579],[394692,664619],[395287,664388],[395429,663314],[395392,662763],[395415,662721],[395413,662704],[395540,662476],[395729,661054],[395932,660898],[396802,659522],[397081,658537],[397347,658228],[397365,658170],[397490,658061],[397932,657547],[394699,655531],[394725,652080],[393344,651843],[392713,649494],[391039,649552],[390641,647759],[388999,647266],[389590,645856],[386347,642512],[386356,641216],[384471,639874],[385346,638635],[380853,639321],[378944,637709],[379677,637002],[380666,637299],[380191,636365],[381875,634500],[381891,631889],[384939,629130],[385645,623996],[387294,621768],[387372,620179],[389634,619407],[388206,618713],[387772,616764],[385462,614972],[383607,615480],[380263,612584],[378847,612749],[378252,611762],[379188,609746],[378156,608840],[378704,608184],[376070,606192],[374780,606090],[373789,607291],[369956,606850],[367085,603343],[364622,602784],[363692,600458],[361401,598960],[360273,596630],[358993,596399],[361225,594942],[360029,594692],[359932,592345],[357678,592131],[356180,588517],[355291,586767],[350069,583330],[347473,582972],[346202,580013],[344545,579449],[342826,576303],[340110,575431],[340286,574301],[338853,573175],[332952,573643],[332791,573038],[334533,571808],[332499,566295],[332433,566859],[332698,566976],[332411,566860],[332361,566839],[332428,566457],[332439,566357],[331301,565755],[330870,566206],[331223,565711],[330314,565292],[330226,565085],[329183,565425],[328563,565042],[328527,565044],[328489,564996],[326706,563894],[326233,563921],[326127,564005],[325556,564459],[322843,565275],[322988,565520],[320903,564775],[320648,564418],[320200,564966],[320000,564919],[318939,564673],[319175,564336],[318845,564168],[314927,565794],[314351,565199],[312355,564862],[309939,565331],[309864,565749],[309290,565900],[309191,566085],[308976,566487],[308476,567423],[307449,567292],[307188,567259],[307001,567235],[306947,567094],[306941,567078],[306890,566943],[306863,566873],[306901,566879],[306927,566884],[308121,567097],[307688,566280],[307321,566263],[307513,566132],[307200,565593],[306296,564974],[306039,565196],[306127,564866],[305599,564570],[305365,564811],[305538,564580],[304913,564454],[304539,564748],[304646,564488],[304000,564433],[303987,564767],[303340,564666],[303429,564423],[302624,564484],[302343,564695],[302543,564833],[302145,564657],[300888,565401],[300235,566000],[300477,566171],[300235,566159],[300000,566725],[299462,568021],[299355,568877],[299354,568903],[299352,568917],[299314,569209],[299304,569287],[299303,569292],[299201,570112],[298500,571433],[298211,571631],[298687,570893],[297584,572142],[297523,573668],[297160,574239],[297141,574269],[297154,574284],[297632,574776],[297702,574964],[297414,575518],[297301,575627],[297234,575693],[297634,574915],[297308,574661],[297092,574331],[297103,574159],[297137,574097],[297140,574092],[297162,574053],[297377,573668],[297422,572740],[297426,572715],[297428,572704],[297448,572315],[296782,572640],[297460,572239],[297736,571673],[297572,571297],[297743,571661],[298269,571150],[298116,571008],[298371,571038],[298282,570630],[298412,570835],[298601,570591],[298356,570338],[298674,570565],[298868,570166],[298609,570213],[298940,570077],[298960,570068],[299045,569833],[299250,569263],[298710,569231],[298322,568244],[299219,566092],[298668,565715],[298524,565783],[298924,564618],[299071,564192],[299047,564124],[298352,562113],[298221,560209],[298349,560000],[298392,559931],[298408,560000],[298504,560400],[299165,560000],[299313,559910],[299888,558062],[299033,556461],[297780,555521],[297752,554275],[296950,554159],[296758,554538],[294434,555090],[291772,555165],[291700,555649],[291383,555881],[291650,555962],[291473,556133],[289968,555244],[289268,555346],[289100,554911],[289344,554837],[288435,554099],[288258,553520],[287355,552971],[287298,552975],[286833,552739],[286828,552742],[285334,552409],[285282,552399],[284965,553658],[284429,554029],[283811,554457],[283453,555768],[283523,556298],[283604,556920],[283045,556499],[282333,556925],[282269,556964],[282396,556813],[282398,556810],[282826,556302],[282974,556267],[283169,556222],[283352,556179],[283106,555538],[283471,554590],[283122,555141],[282718,554893],[283070,554062],[282879,553381],[283496,552931],[283642,552369],[283968,552430],[284051,551553],[283660,551395],[283044,551764],[282230,553154],[282170,553804],[281810,553995],[281311,553637],[281001,553854],[281053,553782],[281056,553779],[281976,552508],[281566,552786],[281494,552554],[282251,551674],[281659,551739],[281131,552246],[280426,551705],[281850,550361],[282142,549574],[282680,549587],[282734,549478],[282166,548438],[282106,548377],[282059,548371],[280768,548406],[280120,548072],[280000,547335],[279997,547314],[279773,547130],[279400,546933],[277679,546350],[277180,545842],[275330,545459],[274787,544800],[274164,544583],[273948,544045],[272702,543385],[272501,543334],[272396,543336],[271064,544029],[270786,543687],[270348,543666],[269594,543917],[268518,543587],[268118,544005],[267301,545270],[267361,546080],[268646,548648],[268067,549792],[267196,548494],[266873,548503],[266957,548947],[267768,549981],[267683,551156],[268472,551220],[268971,552125],[268571,552915],[269488,553515],[268668,553543],[268651,554355],[268414,554264],[268419,552421],[268763,552089],[268393,551351],[267900,551642],[267609,551393],[266360,549109],[265708,548616],[265696,545977],[265576,545528],[265578,544962],[264631,544646],[265581,544259],[265582,544024],[265319,543232],[264718,543429],[264403,543565],[264282,544555],[263703,544593],[263540,544853],[263817,545505],[263625,545731],[262526,544431],[262514,544435],[261198,544960],[260953,545864],[260734,545772],[259672,547725],[259958,548151],[259665,547945],[259309,548314],[259120,548179],[258780,548324],[258689,548385],[258533,548623],[258339,548620],[258132,548760],[258295,549547],[257508,550095],[257735,550583],[257429,550520],[258000,551367],[257228,551696],[257609,552186],[257355,552730],[259794,555771],[259581,555968],[259933,555983],[259898,556672],[259875,556035],[259525,556020],[258714,554768],[257115,554431],[256891,553410],[255294,552300],[255118,551498],[255012,551463],[253917,551804],[253588,552066],[252735,552293],[252691,552287],[252642,552279],[252554,552276],[252419,552271],[251946,552418],[248456,554601],[247775,556215],[247182,556264],[247325,557343],[246726,558568],[246880,558537],[246590,558659],[246260,559069],[246559,559085],[246205,559262],[246527,559910],[246516,560000],[246412,560805],[245260,561055],[244957,561463],[245095,562425],[244656,562661],[243434,562508],[243091,563059],[243630,563087],[243559,563806],[242818,564060],[242798,563952],[242969,563707],[243468,563806],[243546,563138],[242936,563199],[242750,562807],[243429,562225],[244747,562446],[244871,561104],[245933,560640],[245304,560793],[245461,560447],[246076,560616],[246311,560391],[246151,560000],[245805,559154],[245897,558655],[245858,558600],[246418,558078],[245525,557510],[245392,557746],[245410,557453],[244837,557360],[244487,556865],[244491,556388],[244228,556399],[244572,556257],[244197,555907],[244616,556015],[244308,555805],[244732,555704],[244108,555235],[244579,555370],[243818,554652],[243877,554564],[244636,554817],[245141,550794],[245476,550388],[247411,549827],[247903,549285],[248795,549041],[249595,547428],[249213,546491],[248779,546512],[248236,547102],[247760,546801],[247795,546157],[247798,546096],[247948,546170],[248191,546193],[248296,545081],[247626,544790],[247573,544481],[248242,544103],[247898,541398],[247731,541106],[247848,540878],[247836,540000],[247835,539948],[247738,539635],[247767,539513],[247656,539000],[247948,538368],[248305,538362],[248685,537840],[248710,537434],[248182,536658],[247898,536536],[248058,536094],[248039,536056],[247645,536511],[247666,535601],[247660,535455],[245753,534008],[243628,534956],[241820,536218],[240000,536790],[239708,536882],[238491,537777],[237388,538973],[237134,539326],[236432,539423],[236329,540000],[236229,540551],[234540,541159],[233751,543357],[233755,543691],[233861,543643],[233757,543793],[233763,544219],[232819,545551],[231253,546241],[228321,548321],[226063,551057],[223415,551799],[222839,551600],[222243,551734],[221942,551898],[221335,552452],[220837,553747],[220200,554110],[220000,554753],[219679,555783],[219267,556108],[218986,555919],[219269,556090],[219223,555594],[218213,555778],[216829,556578],[216637,556349],[217095,555787],[217056,555321],[213400,553438],[211314,552406],[209779,549481],[210478,548589],[211103,546385],[210966,545000],[211329,544800],[211473,544520],[211686,543328],[212300,542600],[212064,541954],[212367,541715],[212430,541500],[212316,541033],[212643,540000],[212898,539194],[212935,538898],[212858,537894],[213256,537652],[213488,536847],[214076,536835],[214313,536124],[215277,535657],[214242,534284],[214063,532535],[214414,530921],[215593,530709],[215946,530590],[215938,530574],[214553,530255],[214542,530255],[214523,530270],[213997,530919],[214031,531000],[213866,530966],[213021,531130],[212401,531510],[211608,531514],[210266,532896],[209581,533653],[209501,533684],[209468,533718],[209108,533836],[208880,533925],[208861,534046],[208742,534914],[209070,535292],[208611,535875],[208491,536750],[208502,536797],[210145,537882],[210007,538018],[209006,539869],[209000,539883],[209122,540000],[209708,540558],[209664,541080],[207433,541885],[207876,543535],[206990,544035],[206766,544172],[206715,544540],[206670,544922],[206703,544944],[207079,545000],[207144,545536],[207059,546125],[206438,546884],[206410,547121],[206493,547325],[206304,547281],[205476,547784],[205195,548153],[204503,548387],[204714,549169],[204493,549384],[203881,550290],[203863,550387],[203714,550456],[202186,551612],[201981,552142],[201816,552222],[201671,552510],[200617,552815],[200000,554015],[199954,554105],[199842,554189],[199815,554238],[199809,554222],[199287,554606],[199205,554940],[199248,555208],[199026,555155],[198829,555202],[198631,555468],[198532,555849],[198290,555928],[198129,556145],[198036,556384],[198074,556712],[198299,557457],[197136,560000],[195942,562612],[195951,563146],[196591,567978],[196684,568212],[196664,568527],[196682,568667],[196654,568693],[196641,568901],[196274,569042],[196187,569122],[197261,570984],[197204,571149],[197624,572011],[198167,572721],[198891,572658],[199435,572554],[200000,572920],[200644,573338],[200791,573427],[201540,573610],[202072,573571],[202391,572726],[202649,571676],[202841,571532],[203538,569686],[203513,569550],[204169,567961],[203239,567560],[203379,567101],[203528,565818],[203390,564469],[203955,563074],[205501,561321],[205641,561273],[205828,561042],[205969,561080],[206011,561032],[206022,561095],[206096,561115],[206318,561037],[206200,561293],[206248,561326],[206397,561152],[206400,561154],[206607,560919],[208040,561695],[208432,562657],[208355,563137],[208367,563154],[208324,563329],[208169,564290],[208042,564471],[208027,564532],[207849,564748],[207721,564930],[207584,566201],[207591,566315],[206847,568146],[206737,568214],[205837,570299],[205697,570947],[205663,571250],[205557,571433],[205161,572435],[205181,572770],[204761,572897],[204752,572969],[205038,576050],[205125,576245],[205114,576874],[205139,577135],[205244,577491],[205350,577693],[207763,581268],[208279,583166],[208561,583387],[209075,585165],[209089,586149],[209321,587001],[210084,587807],[212555,589449],[212722,589472],[214837,593210],[215547,593931],[217013,595314],[217313,595226],[217848,595689],[218286,596839],[217972,598322],[218375,598214],[218255,598285],[218355,598969],[218880,599852],[218910,600000],[218966,600271],[219798,601900],[219816,602112],[219975,602446],[220000,604344],[220016,605554],[220000,605594],[219839,606009],[219843,606039],[219799,606113],[219548,606760],[219531,607084],[219960,607594],[220000,607613],[221705,608411],[221745,608591],[221762,608600],[221760,608661],[221868,609161],[223160,610218],[224162,610768],[224516,611664],[224717,615348],[225460,615979],[225754,616891],[225934,617146],[226652,617741],[227242,618017],[227884,618123],[228151,618441],[228803,618745],[229664,618624],[230346,619007],[230706,619316],[232334,619554],[232575,619105],[232401,619524],[232524,620000],[233100,622221],[232850,622710],[234236,621574],[234253,621561],[234309,621519],[234292,621578],[234282,621613],[234272,621626],[233893,622127],[233884,622140],[233213,622640],[233390,622907],[232968,622812],[233745,623149],[233919,623836],[234137,624614],[234571,625700],[234005,628034],[234382,627597],[234334,627949],[234149,628093],[232905,629059],[232000,630804],[231358,630647],[231093,630880],[230668,631291],[230695,631407],[231015,631510],[231258,631098],[231490,631122],[231097,631537],[231145,631552],[231561,631209],[232334,631469],[232364,631946],[232395,631956],[232541,633886],[232432,634103],[231778,636021],[230278,637801],[231337,638446],[231004,639401],[231218,639812],[231379,639751],[231635,639654],[231308,639854],[231215,639911],[230917,639381],[231176,638520],[231070,638697],[230848,638326],[230825,639039],[229862,639971],[229852,640000],[229845,640020],[229356,641377],[229334,641438],[230057,641794],[230063,641797],[230312,641920],[230161,641934],[230081,641907],[230078,641906],[229422,641687],[229205,641261],[229553,640000],[229621,639757],[230574,638331],[230200,638003],[227865,639888],[227649,640000],[227193,640238],[227013,640114],[226954,640148],[227028,640578],[226576,640960],[225175,641246],[225141,641227],[224823,641046],[224554,641117],[224073,641242],[223946,641912],[223822,641904],[222486,641822],[222455,641871],[222554,642109],[222708,642046],[222835,642277],[222641,642321],[222692,642445],[222638,642550],[222936,642925],[222397,643637],[222393,643643],[222385,643655],[220804,645952],[220256,646246],[220139,647118],[220000,647244],[218833,648304],[217984,648432],[217533,648884],[217523,648900],[217599,649705],[217780,650857],[217723,651007],[217766,651462],[218292,652025],[218946,652177],[218880,652639],[218922,652648],[218875,652673],[218873,652688],[218362,653038],[218870,653233],[218940,653190],[218948,653224],[219121,653108],[219144,653093],[219021,652162],[219062,652170],[219367,652231],[219666,652290],[220000,653660],[220015,653723],[220000,653742],[219691,654134],[219718,654157],[219717,654161],[219695,654292],[219909,654117],[220000,654169],[220381,654386],[220747,654088],[220911,655606],[220772,655765],[220698,656089],[220740,656207],[220954,656628],[220906,656668],[220952,656794],[221008,657117],[221010,657123],[221011,657132],[220890,657181],[220727,657247],[220881,657660],[220099,658979],[220207,659868],[220145,660000],[220000,660308],[219929,660459],[220000,660480],[219928,660462],[219485,661406],[219071,663219],[219019,664088],[219158,664793],[219343,665280],[219361,668385],[219369,669225],[218945,670033],[218839,670264],[220000,671560],[220634,672267],[220283,672465],[220262,672422],[220062,672514],[220000,672725],[219958,672868],[220000,672914],[220451,673410],[220403,674330],[220383,674371],[220240,674666],[220180,674909],[220239,675310],[220430,676016],[220866,676249],[223061,677142],[223337,677208],[224224,678010],[224510,677511],[224571,677395],[225127,677354],[225177,677353],[225189,677353],[225196,677369],[225398,677938],[226347,677863],[227586,677214],[228587,676074],[228633,676021],[228650,675763],[229221,675866],[229297,675879],[229882,676000],[230609,675585],[229887,675937],[229390,675788],[229933,675514],[231742,674977],[232385,674653],[232465,674705],[232865,674552],[232917,674628],[234855,674053],[234886,674057],[236182,674240],[236771,673888],[236786,673894],[236812,673885],[239392,673000],[240000,672964],[241949,672849],[242886,673137],[243585,672769],[244704,673169],[246084,672339],[246099,672321],[247546,670538],[248394,669919],[248607,670087],[247898,670578],[248944,670112],[249578,669178],[249536,668401],[249519,668103],[249406,667897],[249371,667835],[249378,667719],[249409,667254],[249780,669076],[250240,668932],[250476,668859],[249781,669328],[249123,670371],[247331,671064],[245977,672941],[245424,673266],[245422,673268],[244578,673670],[243925,673525],[243755,673487],[243595,673553],[242627,673953],[241367,674017],[240368,674572],[240000,674337],[239981,674325],[239963,675137],[239399,675207],[239339,675632],[239281,675188],[239862,674742],[238811,674720],[237133,675690],[237117,675700],[234381,677319],[233636,677139],[232618,678573],[231513,678226],[231471,678228],[231391,678473],[231347,678857],[231572,679102],[232155,678842],[232548,679111],[231891,679662],[231968,680000],[232016,680207],[231676,680929],[231022,681122],[230680,681451],[230655,681567],[230193,682043],[229688,682042],[229431,682150],[229471,682271],[227979,682846],[227919,682934],[227806,683398],[227727,683401],[227524,683366],[227464,683400],[227368,683544],[227335,683475],[227331,683477],[227320,683461],[227050,683566],[226779,683900],[226331,683747],[226554,684203],[226359,684927],[226191,685213],[224654,688965],[224707,689395],[224548,689488],[224398,689590],[224120,690269],[224049,690952],[223617,691157],[223545,690817],[223491,690515],[223456,690324],[223152,688750],[224032,685902],[225160,683551],[225412,683526],[225894,682661],[225938,682175],[226442,682071],[226741,682236],[227308,682147],[227412,681845],[227447,681693],[227453,681650],[227209,681248],[227502,680860],[227437,680719],[227119,680692],[226676,680796],[225920,680588],[224290,680448],[224270,680455],[223943,680425],[222876,680637],[222117,682210],[222120,682260],[222137,682540],[222142,682709],[222136,682718],[221375,683935],[221455,686490],[220931,687350],[220766,688735],[220771,688777],[221942,691051],[224243,695476],[224485,695712],[224782,696001],[224822,696042],[225281,697471],[226557,699924],[226601,700000],[227839,702131],[228642,703104],[229570,703754],[229886,704767],[229725,704859],[229751,704989],[229670,704891],[229532,704969],[229348,704648],[229010,704131],[227878,703491],[227835,703408],[227700,703264],[227671,703248],[227673,703236],[227616,703176],[227656,703053],[227604,702950],[227453,702845],[227425,702919],[227448,702841],[227292,702732],[227184,702741],[226668,701718],[225980,700459],[225711,700000],[224480,697899],[224412,697586],[223353,695646],[223078,695344],[222050,693410],[221958,693485],[221455,693909],[221350,693906],[220587,694454],[220583,694465],[220578,694494],[220973,698086],[220976,698096],[220975,698101],[220975,698105],[220967,698128],[220989,698203],[220727,698834],[220331,700000],[220000,700973],[219979,701035],[220000,701269],[219663,701694],[219220,701071],[219204,701047],[218924,700651],[219247,700000],[219939,698609],[219930,698536],[219657,697082],[219366,696819],[219350,696748],[219300,696699],[219293,696489],[219102,695620],[219199,694861],[219748,693893],[220000,693697],[220356,693420],[221252,692272],[221257,692186],[219222,688661],[218884,688357],[218792,688414],[218838,688315],[218594,688097],[218750,687812],[218828,687443],[218970,686000],[218970,685990],[218971,685985],[219164,684020],[219121,683912],[219373,681882],[219460,680996],[219114,680489],[218624,680695],[217968,681130],[217910,681133],[216779,681850],[216775,681853],[215482,683109],[215660,682778],[215333,682580],[215770,682691],[215824,681935],[215251,681606],[216129,680521],[216306,680467],[216314,680450],[216357,680452],[216942,680275],[216968,680293],[218560,678718],[218402,678281],[217589,677010],[217486,676906],[217501,676872],[217079,676211],[217035,676150],[216887,676110],[216820,675851],[216792,675812],[216644,675231],[214684,669992],[214213,669404],[214116,669004],[214076,669000],[214075,668995],[213859,667943],[213753,667506],[213632,667181],[213362,667125],[213108,667507],[211756,667640],[211047,667884],[211012,668042],[210232,668188],[210213,668171],[209937,668266],[209926,668360],[209911,668362],[209599,668392],[209894,669506],[209896,669515],[209910,669561],[209916,669588],[209508,670602],[209471,672478],[209283,673172],[209182,674497],[209229,674729],[209138,675082],[209130,675178],[209114,675175],[208515,677491],[206452,679586],[206401,679637],[206317,680000],[205775,682346],[205447,682777],[205414,682888],[205620,682865],[205619,682878],[205626,682862],[205611,683980],[205527,683848],[205511,684013],[205418,683952],[205389,684040],[205346,683905],[205138,683770],[204934,682797],[204981,682559],[205493,680000],[205519,679872],[206376,678271],[206414,678238],[207555,676073],[207576,676011],[207610,675692],[207734,671754],[207691,671634],[207488,671537],[205915,671856],[203413,674424],[203094,674410],[202935,674642],[202893,674730],[202836,674855],[202740,675066],[202721,675100],[202571,675170],[202298,675568],[201569,675655],[201569,676011],[201588,676235],[201410,676248],[201075,677791],[201251,678306],[201192,678723],[201193,678747],[201055,679689],[201379,680000],[201438,680058],[201105,680727],[201340,681548],[200949,681345],[201165,681187],[200824,681003],[200490,680000],[200456,679898],[200105,677000],[200172,676872],[200157,676738],[200304,676480],[199830,674430],[199657,673911],[199096,673916],[197756,672660],[197380,671586],[197372,671564],[198975,667254],[199270,667227],[199215,665916],[199541,665468],[199562,665063],[199423,664100],[198675,663966],[198126,665224],[197896,665282],[196590,666161],[196556,666563],[196246,666872],[195454,667075],[195525,666545],[195011,666594],[194606,666666],[194334,666667],[194257,666737],[194286,667331],[194322,667537],[194065,667616],[193906,667466],[193586,667362],[193324,667419],[193482,667294],[193480,667284],[192764,667107],[192756,667108],[193276,667412],[192782,667565],[192852,668509],[193061,668994],[192956,669259],[192907,669243],[192938,669655],[192920,669631],[192914,669623],[192790,669453],[192574,669159],[192570,669168],[192674,669839],[192821,669913],[192806,669914],[192821,669922],[192341,670126],[192196,670217],[192234,670259],[192043,670714],[191795,670891],[191475,670666],[191415,670704],[191504,671070],[191228,671332],[190731,671148],[190915,672147],[190515,672319],[191063,672910],[190764,673427],[190947,674120],[191126,674426],[191595,674662],[191142,674858],[191971,678000],[192050,678126],[192397,678646],[192232,678964],[192233,678489],[192169,678749],[192180,678790],[192122,678943],[192027,679335],[191937,679364],[191815,679446],[191243,680475],[191247,680685],[191673,681385],[191814,681587],[191718,682661],[191842,683145],[192151,683320],[192623,684469],[192703,684502],[192825,684479],[193016,684596],[193274,684568],[193199,684707],[193233,684728],[193454,684822],[194351,686112],[194963,688166],[195277,688892],[195292,688927],[196594,690351],[196780,690885],[198688,692972],[199092,693356],[199904,694006],[200000,694177],[200050,694266],[200931,695103],[200860,695130],[201078,695225],[200847,695135],[200533,695253],[201014,697472],[203415,698544],[204204,698354],[207018,700000],[207456,700256],[208880,701485],[208797,701809],[209968,705097],[210481,706033],[210507,706071],[213897,708223],[215085,708647],[215290,708840],[215336,708885],[216138,709646],[216947,710160],[217375,710339],[217787,711027],[218007,710781],[219485,712687],[219468,712670],[219118,712320],[219205,712592],[218855,712632],[218630,712424],[218575,712387],[218561,712400],[218496,712335],[214572,709704],[214345,709578],[214289,709580],[213648,709639],[211323,708827],[211320,708907],[211543,710342],[211347,710629],[211878,711336],[211683,711612],[211270,710907],[211422,710164],[210888,710194],[209865,709093],[209750,709325],[209745,709336],[209768,708897],[209690,708808],[209623,708413],[208961,707445],[208466,707094],[208291,706463],[207536,705360],[207405,704891],[207333,704785],[207120,705121],[207123,705104],[207112,705123],[207160,704883],[207251,704341],[206614,702071],[206554,701941],[206294,701731],[204727,700470],[203596,700435],[203223,700112],[202032,699840],[201816,699834],[200000,698411],[198942,697583],[198935,697487],[198761,697075],[198430,697000],[197710,695968],[197725,695690],[197633,694976],[197318,694602],[197503,694186],[195835,693361],[195219,692344],[194978,691359],[194795,690711],[194293,690318],[193695,689953],[193677,689960],[193260,690267],[193130,690561],[193357,691176],[192899,691171],[192877,691312],[192734,691169],[192573,691167],[192498,690934],[192440,690877],[192443,690873],[192439,690872],[192465,690834],[192379,690568],[192995,690009],[192804,689837],[192058,689234],[192059,689226],[192055,689223],[192059,689164],[191983,689095],[192069,688880],[192119,687161],[191881,686659],[191554,686075],[191033,686164],[190881,686500],[190435,686184],[190389,685998],[189117,684088],[189065,684026],[189105,684582],[188871,684386],[188626,684387],[188483,684581],[188120,684225],[187733,683967],[187671,684491],[186954,684861],[186419,685781],[186379,687743],[185785,688157],[185982,687921],[185181,685856],[185229,685765],[185225,685750],[185224,685747],[185282,685647],[185230,685078],[184977,684836],[185086,683506],[184909,681583],[184841,681475],[184842,681472],[184838,681468],[184855,681453],[184892,681393],[184846,680898],[184744,680815],[184900,680000],[185042,679260],[185038,679259],[185042,679256],[185044,679247],[185418,678939],[185842,678407],[185945,677181],[186150,675727],[186350,672695],[186300,672324],[186393,672047],[186394,672021],[186404,672015],[186527,671649],[186530,671645],[186620,671685],[186782,671749],[187295,671390],[187314,671362],[187310,671362],[186668,671573],[187334,670096],[187309,670093],[187362,670034],[187655,669384],[187526,669309],[187143,669168],[186987,669354],[186982,669456],[186526,668827],[186397,668654],[186402,668656],[186417,668661],[186401,668652],[188244,668445],[188260,668439],[189946,665228],[190904,664392],[191386,662536],[191470,662429],[192167,659922],[192254,659400],[192245,659346],[191511,657632],[191339,657374],[190169,657572],[190275,657691],[190131,657578],[189896,657618],[189497,657227],[187292,656086],[187090,656185],[186574,655369],[185721,654304],[185259,654126],[183327,651427],[183280,651362],[183400,650868],[183341,649318],[183319,649220],[183134,649072],[182566,648685],[182776,648296],[182782,648280],[182595,647683],[180995,644404],[180870,644294],[180882,644266],[181023,643921],[181245,642470],[181150,640057],[181165,640000],[181415,639063],[181818,638714],[181936,637943],[181791,637891],[181769,637883],[181730,637869],[182037,637002],[182085,636849],[181495,636690],[181512,636473],[181381,637549],[180251,637226],[180485,637834],[180241,637876],[180471,637826],[180138,637321],[180225,636858],[180000,636434],[179986,636407],[179896,636302],[179895,636236],[179696,635859],[179691,635851],[179689,635846],[179706,635837],[179890,635667],[179877,634369],[179757,633771],[179759,633731],[179844,631787],[178928,631517],[178825,630122],[178263,629099],[178585,628530],[178579,628491],[178029,628131],[178009,627293],[178239,627167],[177911,626934],[177491,626738],[177533,626493],[177526,626420],[177320,626218],[177014,626112],[176731,625643],[176615,625530],[176520,625566],[176382,625623],[176393,625613],[176384,625616],[176050,625036],[175986,624262],[175718,622614],[175569,622411],[175386,622490],[175230,622206],[175311,621921],[175257,621839],[175440,621467],[175476,621334],[175455,621338],[175000,621451],[173521,620303],[173098,620752],[172342,620877],[172042,620579],[172071,620541],[172069,620539],[172532,620000],[172682,619825],[173250,619156],[173556,619159],[173558,619156],[173564,619159],[173567,619160],[173746,619134],[173860,619167],[174210,619173],[174288,619267],[174334,619274],[174339,619306],[174370,619315],[174379,619377],[174564,619600],[175256,619512],[175381,619280],[175644,618246],[176758,616555],[176959,615527],[176849,615474],[176989,615074],[177090,613510],[176894,612959],[174207,609807],[174132,609068],[171397,607411],[170979,607375],[170167,607432],[169017,607875],[169011,607894],[169004,607880],[168979,607890],[168833,607525],[168725,607532],[168295,607959],[166419,607693],[166149,607712],[166047,607641],[165916,607622],[166061,607828],[165827,607604],[165853,607607],[165311,607215],[165235,607230],[164481,606614],[163923,606210],[161704,605924],[158712,607791],[158704,607812],[158688,607937],[159306,611054],[159258,612041],[159117,612260],[159198,613066],[159267,613161],[159281,613897],[159367,614756],[159528,614899],[159438,615456],[159466,615741],[159817,616485],[159681,617025],[159645,617208],[159781,617455],[162332,619741],[162408,619779],[162484,620000],[162799,620924],[163052,620694],[163504,620759],[163693,620712],[164573,621059],[164925,622631],[165029,622913],[165047,623177],[165353,624542],[165440,626429],[165546,627069],[165587,629589],[165676,631483],[166136,632343],[166286,632575],[166287,632625],[166333,632710],[166370,632771],[166369,632800],[166386,633697],[166387,633736],[166043,635643],[166002,635920],[165850,636953],[165889,637518],[167206,638714],[167392,638828],[167781,640000],[168094,640944],[168074,641203],[168307,641958],[168344,641968],[168419,642192],[168422,642194],[168422,642209],[168945,643819],[168995,644516],[169436,647111],[169733,647678],[168972,649347],[171513,650809],[172684,652194],[172774,652359],[172777,652362],[172955,652695],[174251,655091],[174243,655107],[174746,656048],[175149,656339],[175158,656412],[175202,656445],[175191,656670],[175226,656949],[175549,657552],[176162,658392],[177190,658353],[179365,660000],[179640,660208],[179787,660554],[181601,662060],[181698,661946],[182065,662228],[181926,662362],[182052,662607],[182143,662446],[182104,662708],[182225,662943],[182234,662953],[182672,663322],[182653,663430],[182891,663702],[182674,663812],[183264,664952],[183488,665256],[183953,665738],[184248,665812],[184128,666625],[184533,667409],[185084,668008],[184790,668369],[184432,668035],[184079,667362],[184015,667282],[183726,667240],[183926,667169],[183753,666950],[183484,666323],[183023,665772],[182956,665994],[182621,665782],[182601,665783],[182593,665764],[182466,665684],[182052,664614],[181438,663882],[181017,663779],[180000,662323],[179503,661611],[179298,661426],[176076,659594],[176183,659987],[176180,659986],[175858,659868],[175141,658793],[174808,658469],[174801,658463],[174798,658458],[174802,658424],[174140,658142],[173372,657973],[173378,658319],[173890,659413],[173976,659472],[174310,659667],[173849,659617],[173049,660237],[173046,660241],[173092,660289],[173879,661016],[173823,661290],[174050,661259],[174120,661215],[174103,661252],[174113,661251],[174106,661266],[174112,661265],[173961,661586],[173934,661646],[173687,661546],[171873,660836],[170423,662356],[170405,662642],[170588,665190],[170693,665446],[170802,667644],[170811,667660],[170847,667705],[171270,668230],[171274,668243],[171279,668249],[171384,668633],[172547,670501],[173356,671528],[173481,672002],[175428,675130],[176077,675514],[176155,676159],[176272,676264],[176305,676149],[176341,676325],[177060,676968],[177076,677339],[176820,677376],[177051,677404],[177266,677320],[177018,677573],[177217,677659],[176809,677605],[176663,677701],[175836,676994],[175266,676520],[175009,676530],[174642,676565],[173938,675989],[173843,675763],[173587,675511],[171918,673873],[171405,673781],[171395,673767],[170060,672061],[170011,672068],[169828,673573],[170017,674072],[169981,674284],[170015,674365],[169957,674421],[169936,674544],[169795,674580],[169693,674679],[169656,674989],[170076,676048],[170141,676106],[170518,677074],[172540,680245],[172889,680591],[175736,685154],[175904,685295],[176356,685517],[176749,685579],[176957,685774],[177095,685808],[177137,685901],[177289,685975],[177358,686150],[177431,686218],[177614,686733],[177664,686775],[177624,686761],[177820,687311],[177955,687651],[177929,687617],[177937,687641],[177787,687435],[177431,686977],[177092,686709],[177103,686753],[177076,686731],[177063,686757],[176677,686427],[176201,686260],[176270,686543],[175933,686265],[176030,686393],[177358,687799],[177938,688889],[177951,688915],[177900,688874],[176655,688059],[177010,688679],[176669,688714],[176298,687889],[176255,687798],[175208,687112],[175201,687111],[177327,690076],[177302,690095],[177307,690102],[177299,690097],[177285,690107],[177338,690184],[177282,690109],[177213,690161],[177409,690458],[177200,690170],[177152,690206],[176883,689821],[176619,689646],[175023,687170],[175009,687151],[174548,687198],[174458,687421],[174231,687229],[174190,687192],[174057,686878],[174113,686891],[174148,686901],[174528,686813],[174892,686339],[174422,685522],[172743,683059],[172323,682729],[171889,682792],[173471,685966],[173327,685718],[173440,685946],[173406,685901],[173434,685958],[172476,684646],[172385,684658],[172290,684391],[172248,684334],[171825,683091],[171550,682321],[171370,682552],[171417,682137],[170957,682259],[171075,681662],[171391,682021],[171952,682059],[170635,680125],[170633,680117],[170514,680000],[170220,679712],[169885,679796],[169994,680000],[170657,681239],[169829,680467],[168921,680200],[168782,680000],[168377,679415],[168215,679206],[168658,680000],[168890,680416],[168875,680556],[168873,680591],[169699,682271],[169978,682649],[170344,683140],[170344,683142],[170739,683681],[170323,683311],[170316,683370],[170175,683238],[170776,684461],[170834,684567],[171818,685976],[172026,686058],[172079,686349],[172127,686418],[172361,687248],[172377,687296],[172800,687706],[173439,687782],[173559,687766],[173559,687796],[173556,687861],[173545,688194],[173764,689574],[174120,690410],[173894,690362],[174970,691570],[174918,691265],[174981,691311],[174973,691125],[177105,694565],[177248,694557],[178087,694112],[178140,694063],[178184,694102],[178973,694411],[178978,694408],[179074,694361],[179375,693900],[179174,693234],[180000,692647],[180586,692230],[181382,692336],[181232,692918],[181704,692859],[181189,692955],[181332,692357],[180508,692508],[180294,693065],[180538,693649],[180000,693641],[179530,693634],[180000,694214],[180583,694934],[180538,695373],[180017,695510],[180000,695685],[179985,695834],[179204,695540],[179091,695706],[179297,696257],[179056,696488],[178765,696186],[178632,696383],[178634,696394],[178628,696396],[178629,696401],[178615,696408],[178301,696870],[178658,697736],[180782,701492],[181275,702071],[181710,702902],[181723,702920],[181722,702925],[181730,702942],[181697,703109],[182426,704397],[182670,704641],[182663,704647],[182672,704656],[182663,704677],[182822,704793],[182433,705386],[182295,705351],[182364,705376],[182260,705342],[181336,705111],[180105,703599],[180000,703489],[179504,702969],[177811,701823],[177703,700793],[177395,700446],[176965,700239],[176861,700000],[176726,699692],[176032,698910],[175988,698884],[175685,699007],[175481,699102],[176141,700000],[177054,701242],[176872,701371],[176868,701374],[176402,700787],[176393,700796],[176675,702067],[176703,702130],[176704,702135],[176693,702147],[176696,702164],[176682,702159],[176662,702181],[176473,702432],[176542,702517],[177477,703149],[177376,703341],[177253,703573],[177280,703645],[177326,703765],[177638,704239],[177695,704291],[178166,704719],[178169,704722],[178234,704930],[178369,705353],[179339,706829],[179450,706948],[179330,707560],[179258,707591],[179257,707598],[178931,707761],[179255,707954],[179349,708002],[179073,707726],[179497,707504],[179659,707805],[179699,707842],[179683,707850],[179696,707874],[179419,707987],[179482,708035],[179651,708158],[179742,708204],[179714,707854],[179714,707848],[179772,707883],[179779,707811],[180000,707995],[180546,708449],[180237,708612],[180233,708677],[180155,709879],[180089,709927],[179114,710681],[179108,710706],[179183,710744],[180000,710829],[180468,710878],[180546,710869],[180952,711418],[181029,711447],[181078,711438],[181408,711347],[181494,711624],[181769,711728],[181965,711551],[182539,711570],[182558,711740],[182693,712078],[183823,712507],[184218,712371],[184461,712616],[183687,713240],[183574,713623],[183698,713929],[183458,714013],[183450,714015],[183058,714152],[182277,713058],[181967,713370],[181928,713422],[181447,713091],[179682,713244],[179498,713289],[178198,711953],[178113,711968],[177254,712242],[177208,712437],[177570,713474],[177618,713561],[177615,713601],[178195,715259],[178559,715919],[178400,716117],[178543,716215],[178394,716124],[178235,716323],[177780,715841],[177771,715844],[178376,718738],[178396,718764],[178468,719134],[178535,719263],[178665,720000],[178790,720713],[178934,721397],[180000,722358],[180723,723010],[180786,723030],[180951,722826],[181059,722610],[181089,722653],[181163,722562],[181413,723085],[181548,723082],[182515,722023],[182830,722312],[182975,722306],[183007,722300],[183010,722303],[183046,722303],[183911,723254],[185743,723364],[187341,724205],[187527,724596],[187271,724696],[187140,724850],[187108,724840],[187111,724865],[187045,724821],[186990,724804],[186821,724868],[186590,724689],[186494,724682],[185575,723901],[185347,723675],[185112,723554]]],[[[346848,978480],[346817,978224],[346851,978227],[346848,978092],[346687,978000],[346271,978121],[346032,978214],[346839,978558],[346854,978534],[346848,978480]]],[[[334594,976157],[334047,976026],[333969,976367],[334172,976557],[334280,976590],[334293,976669],[334516,976877],[334469,977534],[334900,977695],[334960,978540],[335303,979202],[335436,979280],[335887,978171],[336291,977953],[335979,976489],[335772,976440],[334715,976298],[334594,976157]]],[[[339134,984039],[338118,983671],[338277,983901],[338455,984077],[338472,984181],[339212,985246],[339134,984039]]],[[[336623,991049],[336008,990282],[336071,990536],[335794,990595],[336623,991049]]],[[[338492,995641],[338141,995625],[337662,995627],[336743,994850],[336513,994753],[336143,995089],[335821,994916],[335973,994287],[336480,993990],[337904,994285],[337855,994148],[337484,993324],[337715,992352],[337659,992381],[336517,993061],[336481,992995],[336452,993010],[336447,993013],[336359,992777],[336152,992407],[335541,992638],[335310,992505],[334426,992632],[334323,992700],[334267,992843],[334117,994526],[334133,994558],[334889,994841],[334990,994995],[337072,995909],[337090,995912],[337975,996184],[338364,996271],[338391,996236],[338499,995651],[338492,995641]]],[[[333232,994654],[333067,994614],[332017,995779],[331963,995929],[332124,996289],[332530,996974],[332827,996996],[332954,996817],[332877,996437],[333633,995300],[333232,994654]]],[[[344206,996817],[343653,996312],[343046,996564],[343126,996669],[344378,997268],[344656,997334],[344192,996858],[344190,996854],[344199,996840],[344206,996817]]],[[[331292,997283],[331284,997266],[330849,997485],[330851,998013],[330876,998292],[330920,998134],[330952,997955],[331106,997862],[331292,997283]]],[[[332973,999060],[332742,998908],[332247,1000454],[332461,1000148],[332637,1000000],[333301,999440],[332973,999060]]],[[[361832,1001771],[360744,1000745],[360693,1001176],[360692,1001186],[360709,1001530],[361832,1001771]]],[[[360066,1001930],[360000,1001765],[359913,1001548],[359643,1001601],[359718,1001812],[359704,1001818],[359642,1001895],[359647,1001926],[359724,1001927],[359755,1001900],[359840,1001928],[360000,1001929],[360066,1001930]]],[[[331493,1003036],[331486,1003035],[331457,1003057],[331523,1003422],[331560,1003370],[331493,1003036]]],[[[322282,1005752],[322703,1005520],[322737,1005599],[323728,1005265],[323773,1005138],[323730,1004190],[324150,1004081],[324316,1003617],[324171,1003398],[324406,1002820],[325088,1002767],[329646,999977],[330160,999589],[329756,999079],[329537,999049],[329509,998920],[329101,998774],[329487,998675],[330041,997950],[329750,997803],[329775,997776],[329671,997712],[329786,997764],[330078,997458],[330197,997229],[330645,997158],[330973,996729],[330952,996476],[330588,995894],[329980,995433],[329994,995407],[329984,995401],[329995,995404],[330199,995010],[330680,995109],[331300,994907],[331325,994857],[330513,993915],[330492,993895],[330503,993894],[331129,993752],[332484,993283],[332510,993189],[332299,993009],[332284,993007],[332247,992964],[331700,992496],[331151,992277],[331044,992266],[331023,992226],[330680,992089],[330562,991422],[330152,991691],[329292,991182],[328078,991031],[327303,989488],[328627,989082],[328861,989251],[328963,989298],[329320,989389],[329912,990427],[330254,990925],[330971,990726],[331857,991144],[332779,990967],[333510,991571],[333823,991374],[334280,991004],[333397,989374],[334663,989689],[334670,989522],[334561,989285],[334479,989259],[331396,988326],[331349,988330],[330110,988764],[329601,989151],[329029,989260],[328878,989194],[328859,989185],[328707,988869],[329469,988307],[329537,988253],[329123,987915],[328955,987791],[328701,987924],[327864,988855],[327860,988858],[327830,988903],[327499,988819],[326275,988688],[326214,988741],[326064,988649],[325135,988543],[325107,988558],[325070,989141],[323688,990630],[323694,991614],[323487,991860],[323333,992919],[323375,992982],[321021,995225],[320557,998651],[320000,998933],[319872,998997],[319605,998936],[318680,999005],[317347,999382],[317354,999580],[317522,1000000],[317689,1000420],[317769,1000521],[317727,1000583],[317848,1000909],[317860,1000910],[317868,1000961],[317887,1001014],[317963,1001042],[318038,1001418],[319187,1004495],[319332,1004731],[320000,1004735],[320732,1004738],[322202,1005780],[322282,1005752]]],[[[325564,1006175],[326263,1005717],[326837,1006087],[326910,1005965],[327181,1004983],[327154,1004747],[326969,1004659],[324923,1004893],[324755,1005503],[324672,1006579],[324756,1006645],[324780,1006648],[325564,1006175]]],[[[337997,1013661],[337864,1013405],[337624,1013406],[337623,1013409],[337947,1013667],[337991,1013672],[337997,1013661]]],[[[339132,1013769],[338994,1013652],[338900,1013670],[338916,1014134],[338985,1014190],[339244,1014005],[339132,1013769]]],[[[348592,1015796],[348354,1015019],[348331,1015069],[348354,1015764],[348592,1015796]]],[[[367692,1015846],[367227,1015473],[367129,1016974],[367420,1016646],[367654,1016563],[367967,1016285],[367978,1016170],[367692,1015846]]],[[[256229,1017918],[256179,1017741],[256183,1018023],[256229,1017918]]],[[[354119,1021816],[354133,1020460],[353691,1020000],[353372,1019667],[352811,1018065],[352983,1017837],[353844,1015998],[352717,1014989],[352510,1014926],[352211,1015091],[352106,1015680],[351513,1015585],[350923,1016242],[349681,1016528],[349333,1016383],[348855,1016223],[348370,1016866],[348162,1016590],[347744,1016167],[346489,1016301],[346501,1016344],[347316,1018662],[347637,1018875],[347633,1018926],[347622,1018994],[347573,1019395],[347802,1020047],[347996,1020200],[348103,1020258],[348109,1020289],[348166,1020334],[348367,1021472],[348662,1020231],[348873,1020000],[348876,1019996],[348917,1019884],[349055,1019802],[349130,1019720],[349261,1019679],[349630,1019460],[349880,1019487],[349894,1019482],[349900,1019486],[349944,1019491],[350071,1019456],[349948,1019413],[350634,1018705],[350235,1019255],[350382,1019244],[350745,1019119],[351511,1019344],[351980,1020000],[352065,1020119],[351947,1021398],[352148,1021494],[352242,1021421],[352415,1021621],[352542,1021681],[352973,1021672],[353162,1021628],[353250,1021798],[353950,1022504],[354059,1022534],[354119,1021816]]],[[[345644,1022742],[345522,1022650],[345425,1022711],[345333,1022983],[345610,1023047],[345644,1022742]]],[[[345153,1021963],[345840,1021661],[345546,1021158],[344983,1021901],[344982,1021869],[344265,1020983],[344049,1021756],[343980,1021774],[343975,1021789],[343643,1021859],[343196,1022559],[343195,1022589],[344296,1022896],[344576,1022903],[344662,1022999],[344844,1023049],[345153,1021963]]],[[[262229,1024502],[261936,1024300],[261921,1024308],[261957,1024372],[262287,1024681],[262229,1024502]]],[[[345627,1026119],[344723,1025282],[343955,1025631],[342177,1025596],[342258,1025638],[342542,1025661],[343616,1026348],[345040,1027093],[345627,1026119]]],[[[352729,1027596],[352711,1026654],[352369,1027210],[352729,1027596]]],[[[361980,1028099],[362050,1027019],[361903,1027046],[361147,1027733],[361126,1027797],[361788,1027616],[361980,1028099]]],[[[324032,1028442],[323738,1028330],[323415,1028556],[323413,1028592],[323908,1028522],[324032,1028442]]],[[[336399,1028829],[336133,1028608],[336050,1028649],[335701,1029617],[336535,1029375],[336569,1029189],[336399,1028829]]],[[[161853,1029699],[161809,1029607],[161786,1029675],[161853,1029699]]],[[[366907,1029688],[366981,1029251],[366481,1029108],[366477,1029108],[366336,1029203],[366090,1029615],[365798,1029167],[365619,1029586],[366215,1029677],[366522,1030177],[366550,1030164],[366907,1029688]]],[[[322287,1018663],[322419,1018848],[322660,1018979],[323258,1018842],[323563,1019386],[322919,1020000],[322717,1020193],[322934,1021696],[322880,1021825],[322887,1021874],[322811,1021991],[322548,1022624],[322734,1023391],[322756,1023448],[322751,1023463],[322945,1024263],[322827,1024380],[322328,1024871],[322327,1024874],[322351,1024910],[323462,1026305],[324533,1026969],[324699,1027925],[324270,1028440],[324829,1028301],[325055,1028374],[325052,1028387],[326109,1028847],[326097,1028616],[326985,1028893],[327035,1028932],[328206,1029622],[328815,1029736],[329112,1030155],[329812,1029978],[329816,1029978],[330068,1030220],[331564,1030322],[331583,1030308],[332687,1028987],[333683,1028786],[333722,1028758],[334381,1027988],[335082,1027772],[336397,1026819],[336401,1026816],[336817,1026630],[337388,1026228],[337886,1026411],[337863,1026197],[338019,1026810],[338517,1026808],[338662,1026793],[338849,1025688],[338973,1025649],[340162,1024795],[340205,1024709],[340205,1024705],[339656,1024245],[339262,1024161],[339223,1023700],[339662,1023647],[340188,1023174],[340260,1022921],[341186,1022033],[341475,1022014],[342430,1021154],[342576,1020614],[342471,1019779],[342335,1019535],[342419,1019370],[342350,1018819],[342085,1018622],[342083,1018617],[342011,1018383],[341847,1018204],[341887,1017979],[341880,1017956],[341907,1017867],[342007,1017308],[341862,1017285],[341216,1017541],[340781,1018057],[340629,1018267],[340602,1018269],[340511,1018378],[340000,1018413],[339511,1018447],[339333,1018321],[339316,1018295],[339288,1018306],[339293,1018325],[339301,1018334],[339303,1018377],[339246,1018384],[338995,1018554],[339027,1018419],[338982,1018428],[338992,1018418],[338966,1018421],[339081,1018189],[339111,1018064],[339158,1018036],[339648,1017052],[339638,1017012],[338932,1016322],[339158,1015675],[338302,1015676],[338029,1015687],[337047,1014822],[336807,1014147],[335985,1014488],[335776,1014365],[335592,1014279],[335583,1014235],[335538,1014251],[336227,1013736],[336244,1013584],[336540,1013502],[336657,1013415],[336736,1013435],[336987,1013280],[336991,1013279],[337463,1013238],[337651,1012846],[338780,1012521],[339013,1012771],[339045,1012774],[339545,1012298],[340000,1013198],[340425,1014040],[342410,1013991],[342650,1013725],[342738,1013392],[343182,1013137],[344411,1011779],[344418,1011693],[344428,1011395],[344443,1011391],[344448,1011332],[344868,1011273],[344897,1011240],[344911,1011267],[344963,1011260],[344983,1011256],[344982,1011405],[345003,1011445],[345016,1011406],[345048,1011431],[345058,1011422],[345211,1011557],[345727,1011956],[345823,1013031],[346592,1014519],[346709,1014469],[346743,1014117],[346586,1013814],[346817,1013571],[346935,1013644],[348386,1013904],[348445,1013887],[348187,1013752],[348143,1013782],[347713,1013558],[347957,1012744],[347493,1012114],[347879,1011754],[348445,1011765],[348499,1011834],[348573,1011839],[348584,1011840],[348686,1012021],[348995,1012016],[349004,1011966],[347421,1011006],[347242,1010962],[347182,1010449],[347271,1010338],[347286,1009123],[347251,1009006],[347648,1008637],[348465,1008720],[348979,1008553],[348980,1008546],[349008,1008544],[349146,1008499],[349166,1008533],[349191,1008532],[349209,1008523],[349219,1008510],[349219,1008518],[349272,1008492],[349280,1008526],[349277,1008667],[349279,1008722],[349787,1009577],[350042,1009449],[350236,1009883],[350022,1009816],[350197,1009920],[350321,1009970],[350919,1011259],[351078,1011212],[351658,1010704],[352657,1010691],[352875,1010867],[353496,1011209],[353498,1011213],[353501,1011215],[353503,1011223],[353628,1011475],[354022,1011794],[354517,1009281],[354556,1008963],[354021,1009365],[352943,1009141],[352581,1008789],[352243,1008538],[352042,1008637],[351620,1007917],[351633,1008398],[351451,1008529],[351298,1008186],[351544,1007426],[352436,1006885],[352246,1005935],[352433,1005729],[352405,1004915],[352260,1004475],[351553,1004645],[352597,1004002],[352525,1004545],[352764,1004722],[353465,1004872],[353949,1004869],[353922,1004766],[353700,1004213],[354023,1004108],[354090,1003653],[354824,1003409],[355298,1004487],[355101,1004874],[354503,1004682],[354861,1006156],[353898,1006823],[353641,1006689],[353701,1006847],[354771,1007393],[355325,1007355],[355491,1007759],[357686,1008879],[358144,1008918],[358516,1009302],[359377,1009741],[359392,1009740],[359192,1009043],[359253,1009012],[359365,1008915],[359304,1007796],[359200,1007479],[359277,1007306],[359257,1006938],[358902,1006844],[358705,1005781],[359038,1005299],[359042,1005092],[358976,1004818],[359053,1004640],[359071,1003929],[358713,1003859],[357891,1004028],[357067,1004310],[356202,1003120],[355235,1003484],[354821,1003294],[354084,1002289],[353996,1001804],[353385,1000771],[352732,1000249],[352816,1000000],[352857,999879],[352157,998695],[352013,998674],[351921,998830],[352114,999571],[351670,1000000],[350818,1000822],[349165,1001777],[348406,1001265],[348411,1001237],[348412,1001234],[348419,1001204],[348529,1000667],[348557,1000664],[348558,1000659],[348828,1000636],[349169,1000600],[348264,1000000],[348208,999963],[347318,998731],[347328,998696],[347315,998676],[347423,998396],[347443,998331],[347488,998362],[347665,998348],[347712,998344],[347749,998435],[347770,998483],[348703,998774],[349039,998807],[348967,998455],[348697,997591],[348738,997341],[348731,997310],[348757,997222],[348835,996751],[349274,996428],[350521,996501],[350599,996503],[350507,996429],[348452,995438],[348102,995379],[347787,995062],[348073,994871],[348063,994732],[348515,994470],[348778,993962],[348761,993210],[349403,992746],[349377,992730],[348871,992716],[348772,992906],[348336,992736],[347479,991746],[347529,991593],[346912,990763],[346771,990758],[346316,990012],[346419,989927],[346841,989222],[346851,988876],[345814,987073],[345745,987009],[347466,985510],[347464,985504],[346996,984099],[346987,984093],[346635,983883],[346655,983881],[346642,983870],[346810,983868],[346917,983860],[346783,983458],[346739,983446],[346747,983350],[346720,983269],[346611,983213],[345652,983333],[344433,982906],[344310,983418],[344220,984142],[344143,984114],[344141,984117],[344104,984093],[343576,983870],[343588,984602],[342678,985559],[342705,985663],[343406,986350],[343410,986351],[343409,986486],[343440,988245],[343426,988266],[343433,989029],[343504,989119],[343435,989135],[343435,989141],[343431,989142],[343433,989146],[343219,989162],[342635,989251],[342043,990413],[341691,990494],[341158,991246],[341070,991490],[341201,991660],[341768,992163],[342251,991231],[342110,991025],[342353,990675],[343347,991362],[343829,992711],[343295,992047],[342950,992367],[342356,993185],[342150,993692],[341958,993540],[340240,992904],[341578,994373],[342129,994164],[342896,993807],[342929,993860],[342935,993859],[344455,994688],[344531,993666],[344786,993566],[344852,993653],[344912,993736],[345371,994356],[347549,994854],[347955,995368],[348000,995416],[347996,995420],[347998,995422],[348010,995438],[347746,995698],[346231,995369],[344513,996200],[344552,996513],[344628,996562],[344702,996553],[345946,997414],[347122,996704],[347410,996889],[347421,998333],[347406,998355],[347408,998373],[347377,998400],[346860,999190],[346848,999259],[347854,999524],[348104,1000000],[348470,1000694],[348384,1001249],[347660,1001360],[347214,1001186],[347100,1001141],[347132,1001032],[347072,1001002],[347076,1000994],[346403,1001130],[346358,1002068],[344519,1005506],[344321,1005875],[344115,1006388],[344298,1008035],[344299,1008207],[344300,1008291],[344313,1008413],[344301,1008416],[344303,1008565],[343535,1008798],[343431,1008664],[343406,1008671],[343403,1008660],[341003,1006449],[340134,1006224],[338341,1006280],[338000,1006605],[337621,1006399],[337325,1006714],[337991,1005954],[337967,1005422],[337907,1005176],[337110,1005321],[336858,1005460],[336589,1005416],[336181,1005491],[335151,1004895],[335439,1004490],[335052,1003899],[334975,1003863],[333476,1004284],[333231,1004029],[333010,1003875],[332773,1003907],[332495,1003995],[332094,1003352],[331729,1004094],[331057,1003561],[329323,1006019],[329018,1006875],[329170,1007836],[329347,1009526],[328251,1010339],[328183,1010439],[328187,1010555],[328391,1010484],[328417,1011106],[328248,1011177],[328210,1011207],[328213,1011280],[328193,1011220],[328144,1011259],[328138,1011247],[328128,1011228],[327303,1009822],[327414,1009117],[327418,1009056],[326780,1009254],[326535,1008922],[326379,1008905],[325905,1008995],[325894,1009776],[325297,1008775],[325556,1007840],[325163,1007731],[323554,1008607],[323390,1008893],[323002,1009056],[322706,1009266],[322587,1009230],[322128,1009422],[322396,1010260],[321855,1011050],[321857,1011227],[321951,1011932],[321863,1012173],[321866,1012559],[321755,1012752],[321701,1013679],[321907,1014189],[322052,1014317],[322137,1014382],[322134,1014386],[322143,1014398],[321648,1015030],[321763,1015081],[322094,1015210],[321878,1015342],[321885,1015370],[321886,1015373],[321861,1015359],[321867,1015349],[321784,1015400],[321950,1015767],[322030,1015772],[322086,1015715],[322085,1015721],[322091,1015716],[322081,1015775],[322146,1015778],[322091,1016080],[322344,1016642],[322418,1016633],[322748,1017515],[322707,1017476],[322705,1017479],[322287,1018663]]],[[[161885,1030609],[161893,1030589],[161870,1030604],[161885,1030609]]],[[[364167,1030548],[364820,1029818],[364247,1029961],[364154,1030086],[363848,1030060],[363782,1030076],[363791,1030055],[363731,1030051],[363846,1029918],[364338,1028698],[364344,1028698],[364348,1028656],[364481,1028688],[365248,1028633],[365716,1028389],[365775,1028552],[366115,1028390],[366198,1028302],[366254,1028343],[366699,1028530],[367295,1028488],[367261,1028415],[365840,1028033],[365534,1028035],[365559,1027967],[365455,1027958],[365479,1027899],[365596,1027389],[365501,1027112],[365373,1026790],[365384,1026770],[365345,1026654],[365957,1025602],[366561,1025394],[366680,1025561],[367147,1025806],[368452,1026017],[368542,1026092],[369270,1026218],[369197,1026048],[368433,1025068],[368493,1024740],[368568,1023841],[368674,1023746],[368701,1023597],[369006,1023447],[369452,1023047],[369897,1023010],[368991,1021630],[369040,1021602],[369017,1021564],[369309,1021279],[369262,1021157],[369217,1021151],[369212,1021153],[368688,1021880],[367578,1022054],[367059,1021119],[366327,1021309],[365785,1020731],[365497,1020700],[365366,1020749],[365343,1020810],[365374,1021688],[365690,1022495],[365453,1023517],[363866,1024721],[362423,1023900],[363186,1022455],[363062,1022069],[362810,1021790],[362859,1021437],[362778,1021186],[362167,1021283],[362036,1021324],[361999,1021309],[361727,1021353],[361611,1021286],[360688,1021454],[360671,1021659],[360665,1021805],[360932,1022605],[361054,1022687],[361100,1023014],[361540,1023566],[361639,1023617],[361732,1024839],[361847,1024881],[363937,1025004],[364044,1024980],[364589,1025896],[364462,1026630],[363275,1027525],[362635,1028785],[362218,1029151],[362003,1029378],[361948,1029388],[361488,1029798],[362077,1029711],[362106,1029671],[362245,1029686],[362705,1029618],[363758,1030519],[364011,1030686],[364167,1030548]]],[[[161971,1030719],[161948,1030673],[161940,1030698],[161971,1030719]]],[[[162331,1030724],[162341,1030701],[162292,1030705],[162331,1030724]]],[[[161950,1030718],[161905,1030704],[161937,1030745],[161950,1030718]]],[[[161873,1030822],[161850,1030778],[161832,1030810],[161873,1030822]]],[[[161895,1030896],[161905,1030866],[161884,1030868],[161895,1030896]]],[[[162198,1030495],[161820,1030294],[162345,1030963],[162198,1030495]]],[[[161849,1031050],[161843,1031013],[161836,1031044],[161849,1031050]]],[[[161254,1031229],[161238,1031226],[161242,1031253],[161254,1031229]]],[[[362928,1030899],[362824,1030768],[362613,1031073],[363051,1031668],[362928,1030899]]],[[[345782,1031740],[345747,1031079],[345728,1031711],[345782,1031740]]],[[[348170,1031077],[347418,1026824],[347184,1027203],[346487,1028999],[346490,1029020],[346046,1030147],[346272,1031379],[346572,1031606],[347006,1031789],[348046,1031196],[348170,1031077]]],[[[181267,1033620],[181864,1032035],[180688,1032088],[180267,1031788],[180271,1031800],[181355,1032849],[181267,1033620]]],[[[339077,1034766],[339639,1034684],[340000,1034939],[340071,1034989],[340111,1033451],[340857,1032890],[341079,1032881],[341222,1032788],[342783,1032809],[343295,1032788],[343398,1032908],[344672,1033804],[344719,1033809],[345024,1033082],[345530,1032989],[345599,1032897],[345119,1032251],[344892,1032467],[344135,1031125],[344190,1030954],[344902,1028217],[344845,1027986],[344839,1027984],[341008,1027097],[340563,1027092],[340000,1027500],[337562,1029268],[337201,1030581],[336686,1030922],[336452,1031454],[336518,1031601],[336170,1032307],[336492,1032591],[336538,1032606],[336555,1032646],[336939,1032985],[337185,1033647],[338557,1035072],[338734,1035214],[338784,1035163],[339077,1034766]]],[[[353554,1036628],[353204,1035375],[353184,1035424],[352816,1038029],[352902,1038098],[353554,1036628]]],[[[352917,1038676],[352788,1038449],[352747,1038521],[352590,1039628],[352604,1039657],[352917,1038676]]],[[[358914,1038335],[358720,1038297],[357603,1038735],[357505,1038801],[357506,1038856],[357924,1040286],[357950,1040256],[358157,1040000],[359141,1038781],[359053,1038559],[358914,1038335]]],[[[358133,1037365],[357504,1036073],[356899,1036103],[357313,1035679],[356696,1034414],[356308,1034169],[356540,1033990],[356814,1030644],[356813,1030440],[356906,1030383],[357778,1029429],[357810,1029264],[356969,1028874],[356819,1028921],[356715,1028825],[355918,1028897],[354992,1028184],[354884,1028571],[354880,1029119],[354743,1029370],[354637,1030424],[354671,1030628],[354425,1030932],[354365,1031055],[354297,1031091],[353520,1032051],[353013,1031918],[352821,1033615],[352810,1033773],[353055,1034509],[353284,1033766],[354212,1033248],[355540,1033903],[355770,1035416],[355675,1035990],[355250,1036360],[355134,1037268],[355413,1038163],[355030,1039090],[356228,1040000],[356761,1040405],[356681,1039523],[356570,1039313],[356594,1038714],[356569,1038609],[356819,1038478],[358050,1037726],[358133,1037365]]],[[[378667,1043400],[378561,1043388],[377967,1043638],[378475,1043853],[378634,1043883],[378747,1043707],[378667,1043400]]],[[[364817,1046541],[364784,1046539],[364737,1046683],[364753,1046705],[364817,1046541]]],[[[376362,1044635],[377018,1043890],[377850,1043645],[377298,1043366],[376843,1043725],[375993,1043250],[375812,1044000],[375231,1044207],[373510,1043926],[372798,1043493],[370809,1040000],[370472,1039407],[370620,1038752],[370620,1038720],[370624,1038719],[370683,1038477],[370902,1038483],[371153,1037539],[371145,1037486],[370205,1038715],[370686,1040000],[370965,1040747],[370249,1041364],[369766,1041258],[369400,1040570],[370053,1040251],[369958,1040000],[369718,1039364],[370156,1039140],[369664,1038931],[369197,1038952],[368735,1039246],[367841,1039023],[367649,1037871],[367503,1037307],[367360,1037432],[367075,1038516],[367201,1039131],[367565,1038876],[368105,1039241],[367573,1039961],[367052,1039679],[367220,1039449],[366535,1039577],[366087,1038826],[366081,1038826],[365735,1038247],[365437,1039126],[364111,1039171],[363654,1038780],[363535,1038106],[363306,1037276],[362643,1036498],[362762,1036146],[362372,1036268],[361934,1035961],[361704,1034648],[361579,1034114],[361183,1035441],[360796,1035471],[360652,1034608],[360696,1034406],[360442,1033359],[360415,1033351],[360309,1036980],[360384,1037372],[361358,1037227],[361272,1037629],[361733,1037729],[361765,1037808],[361911,1037785],[362060,1038156],[362139,1038182],[362257,1038647],[362654,1039638],[362677,1039657],[363340,1040000],[363478,1040072],[363518,1040054],[363930,1040505],[365092,1041268],[365200,1041222],[365759,1041591],[365837,1041956],[365535,1042035],[365407,1042212],[365399,1042541],[365807,1042286],[366309,1042653],[366062,1043393],[365096,1044190],[365069,1045018],[365103,1045447],[365333,1045216],[365430,1044969],[365475,1045000],[365491,1044952],[365551,1044998],[365615,1044934],[366320,1045423],[366711,1045440],[366894,1045345],[367068,1045455],[367325,1045466],[367576,1045776],[367819,1045930],[367879,1046151],[368321,1046696],[369188,1046320],[369950,1046387],[369725,1045922],[369062,1045260],[368746,1045210],[368402,1044684],[368591,1043393],[368274,1043315],[368471,1043551],[368211,1043821],[367612,1043602],[367332,1043314],[367392,1042484],[366837,1042136],[367377,1041717],[368314,1041657],[368460,1042325],[368328,1042141],[368455,1042453],[368527,1042629],[368682,1042304],[368484,1042434],[368526,1041899],[369053,1041638],[369333,1042045],[369000,1042204],[369904,1042352],[370244,1042944],[370884,1043180],[371872,1044149],[371917,1044186],[371920,1044195],[371926,1044199],[372436,1044702],[373543,1044817],[373595,1044827],[374421,1044917],[374473,1045282],[374586,1045536],[374612,1045580],[374610,1045590],[374613,1045595],[374557,1045881],[374637,1046445],[375972,1047352],[376146,1046549],[376034,1046197],[376362,1044635]]],[[[350973,1051879],[350821,1051526],[350539,1052320],[350977,1051917],[350973,1051879]]],[[[345936,1052391],[346409,1051790],[345707,1051580],[345370,1050819],[345370,1051152],[344966,1050924],[345432,1050515],[345805,1050527],[345836,1049997],[345725,1049430],[344577,1048874],[344166,1049260],[343791,1048230],[344112,1048023],[344531,1048300],[344907,1048294],[345314,1048017],[345315,1047451],[345626,1047213],[346492,1047563],[346589,1046693],[346822,1046720],[346857,1046630],[347020,1046743],[347487,1046796],[347977,1046071],[348620,1046724],[348738,1046496],[348845,1046038],[348966,1046054],[349054,1045884],[348989,1045212],[349401,1045249],[349811,1044716],[349884,1042525],[350111,1042433],[350208,1042578],[351161,1042731],[351350,1042656],[351514,1042299],[352188,1040472],[351412,1040713],[351073,1040856],[350806,1040250],[350656,1040000],[350301,1039409],[350285,1039277],[349790,1038392],[349715,1038370],[349883,1039558],[350096,1039814],[350110,1040000],[350211,1041343],[349619,1041657],[349289,1041232],[349183,1042097],[348114,1043757],[347445,1044173],[347221,1044710],[346415,1044675],[345344,1045236],[345000,1044917],[346053,1043304],[344402,1042819],[344026,1041844],[343440,1042551],[343350,1042703],[343256,1042773],[342626,1043534],[341729,1043912],[341695,1043938],[342084,1044775],[342119,1044839],[341795,1045753],[341987,1046464],[341843,1046807],[341849,1046951],[341839,1046965],[341839,1046973],[341665,1047228],[341427,1047792],[341284,1047786],[341266,1047811],[341067,1047775],[339322,1049586],[339298,1049709],[341043,1049141],[341268,1049015],[341303,1049056],[341321,1049051],[341471,1049278],[341799,1049705],[342376,1049588],[342810,1049459],[342862,1049489],[343055,1049450],[343227,1049704],[344172,1050260],[344366,1050329],[344293,1050923],[344492,1052084],[344608,1052371],[344628,1052374],[345048,1052343],[345422,1052783],[345814,1052969],[345956,1052787],[345936,1052391]]],[[[350281,1055560],[350718,1054234],[350705,1054111],[349962,1053519],[349558,1052286],[350056,1050654],[349996,1050513],[350182,1050242],[350222,1050110],[349773,1049129],[349761,1049104],[349087,1049701],[349047,1049643],[349043,1049646],[348898,1049396],[348583,1048892],[348281,1051789],[349085,1053170],[349497,1055511],[349935,1055720],[350173,1055801],[350281,1055560]]],[[[378763,1055562],[378946,1055166],[378488,1055456],[377511,1055231],[377323,1055033],[377127,1054971],[377069,1054767],[377058,1054756],[376857,1054550],[376823,1054509],[376683,1053527],[376871,1053187],[377000,1052798],[377165,1052655],[377424,1052184],[377060,1052120],[376938,1052141],[376934,1052139],[376883,1052089],[376712,1052059],[376351,1051552],[376170,1051370],[375634,1052422],[375147,1052514],[375053,1052395],[374592,1052429],[374859,1053334],[375451,1054462],[375678,1054756],[375535,1055643],[376276,1055599],[376753,1056021],[376788,1055601],[377152,1055446],[377453,1055660],[377507,1055667],[377692,1055829],[378312,1056269],[378763,1055562]]],[[[422249,1074250],[422024,1072865],[421989,1072800],[422010,1072796],[422013,1072796],[422012,1072791],[422433,1072747],[422436,1072664],[422434,1072458],[422877,1072701],[422810,1072405],[422694,1071898],[422422,1072414],[422221,1072264],[421822,1071971],[421836,1071959],[421834,1071957],[421837,1071954],[422062,1071341],[421942,1071205],[421956,1071190],[421938,1071168],[422232,1070876],[421276,1071269],[421120,1070701],[421179,1070647],[421133,1070357],[420955,1070233],[421091,1070083],[421058,1069876],[420963,1069809],[420929,1069805],[420914,1069814],[420918,1069818],[420904,1069819],[420878,1069834],[420878,1069822],[420857,1069824],[420879,1069798],[420445,1069744],[420296,1069912],[420278,1069933],[420240,1069917],[420206,1069950],[420146,1069875],[420000,1069810],[419836,1069737],[419747,1069975],[419831,1070199],[419721,1070177],[419809,1070645],[419900,1070609],[419903,1070637],[420000,1070770],[420247,1071109],[420255,1071111],[420120,1071354],[420000,1071583],[419989,1071603],[420055,1071953],[420353,1072282],[420174,1072581],[420202,1072729],[420298,1072678],[420320,1073256],[420616,1073020],[420579,1073268],[420641,1073245],[420577,1073320],[420571,1073318],[420456,1074080],[421692,1073885],[422249,1074250]]],[[[437491,1109381],[437474,1109380],[437498,1109626],[437617,1109914],[437624,1109903],[437621,1109587],[437491,1109381]]],[[[436003,1118998],[436208,1118392],[435787,1118596],[435990,1118741],[435926,1118953],[435963,1119024],[436003,1118998]]],[[[445863,1124568],[445775,1124488],[445975,1124521],[446962,1123500],[446990,1123457],[446510,1123747],[446365,1123564],[446598,1123410],[445785,1123330],[445763,1123343],[445731,1123640],[445659,1124402],[445521,1124424],[445390,1125018],[445513,1124998],[445830,1124671],[445863,1124568]]],[[[435838,1127161],[435892,1127098],[435918,1127117],[436013,1127065],[436376,1127236],[436497,1127198],[436447,1126987],[436261,1126822],[436265,1126415],[436261,1126272],[436205,1126663],[436086,1126528],[436046,1126600],[436055,1126624],[436093,1126718],[436089,1126717],[436092,1126734],[436049,1126706],[435995,1126691],[435689,1127242],[435838,1127161]]],[[[438777,1132813],[438228,1131495],[438124,1131348],[438051,1131594],[438048,1131593],[438044,1131614],[437906,1131510],[437815,1131456],[437818,1131442],[437785,1131417],[437698,1130927],[437925,1130725],[437433,1129528],[437292,1129277],[437305,1129217],[437045,1128585],[437679,1130765],[437729,1130848],[437709,1130868],[437567,1131457],[437602,1131519],[437560,1132384],[437509,1132417],[437268,1132736],[437731,1133381],[437765,1133398],[437839,1133565],[438792,1134734],[438966,1134853],[439138,1133844],[439147,1133731],[438777,1132813]]],[[[436726,1130485],[436443,1130429],[436307,1130378],[436300,1130226],[435249,1128729],[435180,1128677],[434783,1129589],[434781,1129602],[434989,1129383],[435465,1129544],[435645,1129911],[435717,1129933],[435681,1129984],[435783,1130192],[436102,1130800],[436345,1130486],[436680,1130718],[436104,1131033],[436160,1132240],[436321,1132479],[436106,1132404],[435936,1132916],[436337,1133206],[436481,1133155],[436667,1133070],[436670,1133089],[436698,1133078],[436737,1133378],[436441,1133386],[436516,1133562],[436951,1134022],[437357,1134158],[437386,1134218],[437403,1134260],[437588,1134672],[437491,1135322],[437080,1135436],[436963,1135300],[436666,1135607],[436948,1135656],[436918,1135692],[436944,1135680],[436821,1135811],[436718,1135936],[437310,1135877],[437353,1135833],[437844,1135804],[437846,1135824],[438113,1137275],[438124,1137282],[438458,1135837],[438458,1135823],[437142,1133083],[437230,1132310],[436934,1131843],[437117,1131490],[437139,1131444],[437130,1131420],[436867,1131253],[436838,1130992],[436726,1130485]]],[[[435450,1137034],[434879,1136613],[434656,1137309],[435204,1137779],[435228,1137787],[435433,1137590],[435731,1137276],[435450,1137034]]],[[[436294,1137939],[437008,1137436],[437005,1137404],[436730,1137401],[436178,1137507],[436223,1137661],[436052,1137599],[436032,1137679],[436294,1137939]]],[[[436030,1137825],[435841,1137703],[435681,1138177],[436030,1137825]]],[[[435031,1138614],[434974,1138402],[434592,1138432],[434552,1138440],[434829,1138647],[435031,1138614]]],[[[440322,1138762],[440205,1138140],[440150,1138096],[440000,1138045],[439924,1138019],[439917,1137906],[439879,1137875],[439788,1136004],[439735,1135943],[438461,1135162],[438732,1135437],[438581,1135836],[438588,1135870],[439140,1136210],[439124,1136486],[439098,1138206],[439236,1138272],[439383,1138209],[440000,1138573],[440322,1138762]]],[[[436103,1139700],[436281,1139560],[436006,1139617],[436007,1139669],[436103,1139700]]],[[[437514,1139223],[437269,1138997],[437281,1139069],[437412,1139771],[437495,1139347],[437497,1139333],[437514,1139223]]],[[[436175,1140485],[435880,1140000],[435695,1139694],[435623,1139650],[435652,1140000],[435349,1139691],[435450,1139925],[435241,1140000],[435161,1140029],[435385,1140686],[435542,1141054],[436175,1140485]]],[[[396359,1141231],[396718,1140986],[396911,1141139],[397176,1141320],[397069,1140946],[397583,1140000],[397885,1139443],[397239,1138835],[397491,1138466],[396534,1136138],[396427,1136482],[396449,1136487],[396420,1136504],[396302,1136886],[395824,1137043],[394952,1138219],[394930,1138286],[393619,1138831],[393901,1139207],[393716,1139446],[393872,1140162],[395999,1141461],[396359,1141231]]],[[[455306,1141114],[455154,1139740],[455076,1139715],[455071,1138988],[453749,1140693],[453708,1140789],[453473,1140619],[453225,1140492],[453275,1140739],[453581,1141500],[453589,1141507],[453853,1141152],[455304,1141135],[455306,1141114]]],[[[436995,1142641],[436993,1142171],[436934,1142229],[436727,1142589],[436865,1142668],[436995,1142641]]],[[[437394,1145006],[437281,1144495],[437229,1144914],[437394,1145006]]],[[[451144,1145191],[451453,1144407],[451337,1143819],[451737,1143617],[451715,1143445],[451493,1142754],[451299,1142624],[451384,1142415],[451369,1142367],[451504,1142123],[451594,1141903],[451615,1141922],[451639,1141879],[451928,1142205],[452039,1142304],[452424,1142268],[452434,1142296],[452462,1142288],[452600,1142742],[452762,1143179],[453077,1142816],[453063,1142708],[452818,1142176],[452788,1141241],[452519,1139931],[452189,1139737],[452159,1139673],[452104,1139635],[452024,1139388],[451832,1138981],[451819,1138746],[451807,1138709],[451814,1138666],[451719,1136942],[451531,1136314],[451651,1135707],[451104,1136430],[450523,1136470],[448878,1137583],[448625,1139590],[449136,1139892],[449142,1139924],[449165,1139938],[449167,1140000],[449169,1140059],[449332,1140861],[449209,1141167],[449232,1141810],[449086,1141471],[449079,1141489],[448987,1141317],[448896,1141437],[448813,1141955],[448296,1142228],[447808,1142872],[447679,1143376],[447377,1143464],[447380,1143502],[447975,1144251],[448076,1144246],[448374,1144753],[448981,1144158],[448997,1144180],[449017,1144162],[449147,1144364],[449727,1144071],[449755,1144045],[449768,1144050],[450403,1143730],[450613,1143371],[451215,1143295],[451366,1143663],[450968,1143928],[450730,1144520],[450857,1144976],[450746,1144961],[450585,1144947],[451079,1145245],[451144,1145191]]],[[[437756,1146407],[437812,1146164],[437700,1146261],[437677,1146304],[437196,1145976],[437756,1146407]]],[[[439224,1146906],[438291,1144618],[438796,1146522],[438939,1146770],[439111,1146995],[439224,1146906]]],[[[424085,1146226],[424050,1145814],[424019,1145828],[424018,1145822],[424015,1145414],[423110,1145717],[422955,1145221],[422838,1145662],[422321,1145955],[422065,1146252],[423047,1147276],[423154,1147309],[423829,1146754],[424085,1146226]]],[[[423842,1148294],[424088,1147644],[423539,1147947],[423842,1148294]]],[[[447473,1150820],[446854,1150374],[447104,1150926],[447260,1150900],[447473,1150820]]],[[[419252,1158495],[419225,1158412],[419145,1158569],[419205,1158655],[419240,1158651],[419252,1158495]]],[[[425080,1158972],[425049,1158476],[424828,1158579],[425080,1158972]]],[[[414082,1161129],[413898,1161118],[413821,1161131],[413816,1161156],[413892,1161321],[414026,1161233],[414082,1161129]]],[[[428886,1161462],[429152,1160864],[429158,1160881],[429844,1161376],[430154,1160798],[430574,1160620],[430575,1160627],[430600,1160849],[430645,1160818],[430654,1160713],[430656,1160715],[430660,1160698],[430713,1160770],[431135,1160476],[430625,1160304],[430352,1160219],[430356,1160216],[430286,1160189],[430461,1160107],[429477,1159591],[429441,1159598],[429449,1159527],[429223,1158672],[428977,1159194],[429081,1159383],[428706,1159777],[428727,1159804],[429162,1160119],[429268,1160000],[429350,1159908],[429370,1159884],[429411,1160000],[429474,1160180],[429586,1160426],[429560,1160426],[429580,1160481],[428217,1160438],[429115,1162030],[429124,1162035],[429136,1161590],[428886,1161462]]],[[[433567,1159880],[433533,1159849],[433518,1159863],[433004,1161120],[433010,1161157],[433515,1161196],[433694,1161201],[433557,1161802],[433849,1162135],[434009,1162196],[434442,1161598],[434662,1161272],[434357,1161242],[434254,1160736],[433567,1159880]]],[[[415670,1162449],[416120,1161850],[416139,1161860],[416651,1162290],[416674,1161579],[416844,1161505],[416867,1161389],[416904,1161478],[416982,1161444],[417161,1162102],[417364,1160860],[417406,1160894],[417410,1160872],[417447,1160906],[417454,1160878],[417773,1161187],[417981,1161353],[417905,1161682],[417546,1161484],[417643,1162056],[417797,1161848],[417811,1161822],[417939,1162116],[418007,1162082],[418059,1161927],[418182,1161994],[418296,1161936],[418331,1162076],[418377,1162101],[418634,1161185],[418619,1161118],[417976,1160566],[418298,1160257],[418344,1160280],[418663,1160449],[418693,1160365],[418597,1159795],[418546,1159742],[417753,1159887],[417396,1159354],[416434,1159063],[416659,1159185],[416652,1159188],[416656,1159190],[416630,1159197],[416438,1159278],[416447,1159709],[416534,1159792],[416732,1159803],[416739,1159828],[416758,1159826],[416752,1159872],[416790,1160000],[416803,1160045],[416838,1160078],[416721,1160199],[416707,1160218],[416691,1160336],[416500,1160499],[416463,1160549],[416451,1160541],[416422,1160508],[416329,1160603],[416380,1160449],[416368,1160432],[416020,1160000],[415750,1159666],[415642,1159574],[415485,1159804],[415449,1159866],[415476,1159895],[415438,1159886],[415429,1159900],[415433,1159900],[415445,1159931],[415415,1159925],[415279,1160158],[415546,1160297],[415542,1160301],[414942,1160734],[414753,1161058],[414823,1161106],[414575,1161402],[414566,1161501],[414769,1161696],[415108,1161812],[415060,1161973],[415336,1162238],[415395,1162212],[415440,1162251],[415523,1162224],[415577,1162369],[415670,1162449]]],[[[461629,1162437],[461423,1162085],[461317,1162118],[461268,1162211],[461687,1162670],[461629,1162437]]],[[[435311,1163497],[435246,1163479],[435226,1163488],[435097,1163843],[435170,1164177],[435374,1164261],[435496,1164219],[435311,1163497]]],[[[453195,1163505],[453072,1163415],[452843,1164260],[452767,1164733],[452802,1164784],[453702,1165536],[453717,1165538],[453365,1164273],[453381,1164210],[453195,1163505]]],[[[410383,1165726],[410259,1165698],[410247,1165882],[410383,1165726]]],[[[460000,1166406],[459235,1165875],[459210,1165825],[457710,1163297],[457614,1163253],[457464,1162937],[456785,1162333],[456698,1162302],[456687,1162246],[456621,1162187],[456496,1161254],[456216,1161141],[456194,1161158],[456185,1161145],[456213,1161139],[455054,1160670],[454378,1161208],[454135,1161112],[454108,1161126],[454032,1161531],[454026,1161532],[453826,1161538],[453231,1161557],[453230,1161561],[453725,1162585],[453854,1162280],[453859,1162318],[453935,1162875],[454018,1162879],[454408,1162879],[454400,1162898],[454447,1162900],[454162,1163492],[455054,1165342],[455108,1165432],[455418,1165303],[455479,1165480],[455562,1165489],[455567,1165353],[456577,1165605],[456592,1165606],[457295,1166976],[457624,1166574],[458765,1166333],[458845,1166392],[458862,1166389],[458911,1166440],[459477,1166859],[459729,1166875],[459833,1167122],[460000,1167246],[460006,1167250],[460040,1167237],[460036,1167150],[460733,1166916],[460000,1166406]]],[[[431642,1167522],[432398,1166536],[432635,1166821],[433645,1165975],[434161,1165956],[434254,1165540],[434259,1164723],[433823,1163584],[433391,1163208],[433193,1163211],[432970,1162956],[432255,1162713],[431790,1162837],[431471,1162478],[431337,1162777],[431190,1162720],[431074,1162833],[431059,1162816],[431035,1162838],[430993,1162783],[429710,1163683],[429691,1163971],[429637,1164868],[429018,1165708],[429447,1165677],[429448,1165690],[429538,1165687],[429557,1165561],[429594,1165570],[429598,1165552],[429798,1165619],[429981,1165664],[429954,1165688],[430031,1165901],[430188,1165898],[430138,1166091],[430428,1166219],[430403,1166245],[430408,1166246],[430243,1166488],[430285,1166603],[430333,1166580],[430694,1167178],[431359,1167419],[431393,1167287],[431402,1167305],[431419,1167251],[431498,1167347],[431537,1167297],[431554,1167415],[431642,1167522]]],[[[431719,1169450],[431696,1169402],[431453,1169587],[431378,1169692],[431539,1169807],[431719,1169450]]],[[[431909,1169858],[431836,1169702],[431559,1169819],[431574,1169825],[431919,1169941],[431909,1169858]]],[[[469180,1171263],[469006,1171240],[469246,1171483],[469707,1171839],[469712,1171792],[469622,1171681],[469738,1171536],[469749,1171420],[469180,1171263]]],[[[468321,1172476],[468252,1172017],[468175,1171705],[468244,1171716],[468511,1171602],[468679,1171230],[468533,1171216],[467498,1171337],[467491,1171362],[466261,1170170],[467454,1171506],[467518,1171508],[468091,1172062],[468037,1172047],[468067,1172075],[467962,1172027],[467907,1172013],[468321,1172476]]],[[[468997,1172495],[468979,1171716],[468837,1171708],[468763,1171864],[468628,1171748],[468603,1171763],[468577,1171862],[468823,1172317],[468997,1172495]]],[[[430191,1172884],[429835,1172723],[429935,1172965],[430161,1173320],[430203,1173238],[430285,1172949],[430191,1172884]]],[[[446922,1173092],[446761,1173044],[446481,1173073],[446744,1174005],[446753,1173965],[446922,1173092]]],[[[420403,1176743],[420505,1176337],[420247,1176541],[420403,1176743]]],[[[420662,1176977],[420854,1176444],[420631,1176920],[420648,1176983],[420662,1176977]]],[[[447444,1175870],[447314,1175664],[446147,1176128],[446534,1177102],[447444,1175870]]],[[[449481,1177442],[449210,1177346],[449401,1177832],[449481,1177442]]],[[[440495,1179773],[440532,1179282],[440000,1179702],[439938,1179751],[440000,1179842],[440086,1179967],[440495,1179773]]],[[[445101,1178508],[444892,1178307],[443930,1179768],[444111,1180000],[444192,1180104],[444270,1180000],[444849,1179224],[445101,1178508]]],[[[444478,1180879],[444349,1180527],[444061,1181457],[444478,1180879]]],[[[442592,1181924],[442955,1181027],[442085,1181507],[442592,1181924]]],[[[439470,1181721],[438768,1180986],[438622,1181498],[439183,1182054],[439470,1181721]]],[[[431902,1192746],[431087,1192702],[430991,1192972],[431040,1193098],[431176,1193183],[431994,1192756],[431993,1192750],[431908,1192747],[431902,1192746]]],[[[455562,1193160],[455741,1192920],[455943,1192944],[456411,1192589],[456442,1192236],[456420,1192204],[456016,1192163],[455950,1191494],[455443,1191641],[454752,1191844],[454755,1191812],[454748,1191814],[454705,1190896],[454555,1190926],[454073,1191414],[454065,1191433],[454863,1192409],[454861,1192606],[455318,1193267],[455467,1193272],[455562,1193160]]],[[[463173,1194420],[463283,1194371],[463427,1194384],[463718,1194342],[463722,1194412],[463868,1194426],[464085,1194177],[464442,1192204],[464437,1192075],[464547,1191908],[464609,1191820],[464614,1191758],[464754,1191611],[464819,1191515],[464834,1191527],[464898,1191590],[465291,1191966],[465187,1191603],[465110,1191388],[465306,1191229],[465346,1191243],[465391,1191213],[465636,1191346],[465895,1191438],[465910,1191496],[466216,1192655],[466225,1192689],[466364,1192687],[466492,1192596],[466574,1192685],[466733,1192683],[466970,1192946],[467124,1192983],[467126,1192957],[467000,1192890],[467001,1192885],[466979,1192868],[467091,1192410],[467151,1192091],[467171,1192080],[467207,1191931],[467312,1191903],[467428,1190543],[467418,1190499],[466649,1189925],[466858,1189537],[466837,1189501],[466494,1189645],[466385,1189495],[466332,1189495],[466345,1189440],[466296,1189372],[466478,1188895],[466425,1188804],[466286,1188810],[466252,1188816],[466252,1188812],[466207,1188436],[465892,1187904],[465808,1187860],[465478,1188730],[465274,1188857],[465156,1188649],[464168,1189913],[464143,1189989],[463526,1189911],[463302,1189386],[463207,1189534],[462582,1190536],[462563,1190529],[462175,1190498],[462113,1190553],[462084,1190491],[460949,1190399],[460853,1190453],[460548,1189782],[460651,1189729],[460637,1189692],[462581,1187820],[462588,1187809],[462488,1187763],[462209,1187667],[462192,1187755],[461813,1187617],[461811,1187531],[461751,1187510],[461760,1187481],[461446,1187360],[461286,1187393],[461231,1187279],[460848,1187132],[460617,1187647],[460546,1187693],[460501,1187833],[460223,1187947],[459742,1188774],[459598,1189421],[458802,1191013],[458794,1191032],[458786,1191046],[458242,1191446],[458238,1191485],[458182,1192255],[457701,1192334],[458078,1193816],[458232,1193958],[458301,1194630],[459254,1194189],[459768,1194541],[459675,1193952],[460000,1193763],[460365,1193551],[460384,1193535],[460436,1193510],[461072,1193764],[461120,1193848],[461811,1194696],[461922,1194791],[462117,1194898],[462550,1194702],[462942,1194453],[463173,1194420]]],[[[440490,1150385],[440389,1150016],[439894,1148182],[439587,1148350],[439586,1148330],[439572,1148335],[439209,1147152],[439175,1147115],[439128,1147239],[438991,1147617],[438186,1144359],[437532,1142755],[437425,1142649],[438142,1146392],[438378,1147486],[438814,1148366],[438845,1148385],[438803,1148544],[438708,1149344],[438812,1149889],[438929,1149751],[438977,1149653],[438991,1149677],[439008,1149657],[439322,1150241],[438876,1150223],[438905,1150372],[439198,1150878],[439240,1152122],[439249,1152397],[438915,1151501],[436274,1146447],[436253,1147066],[436230,1148152],[436215,1148160],[436215,1148168],[435667,1148253],[435516,1148717],[435538,1149570],[435051,1150216],[435130,1150786],[435735,1150434],[435806,1150387],[435809,1150392],[435972,1150555],[435956,1150624],[435958,1150628],[435744,1151362],[435725,1151369],[435703,1151442],[435554,1151435],[434512,1151833],[434473,1151806],[434067,1152056],[434162,1151588],[433707,1151269],[433655,1151246],[433642,1151252],[433098,1151944],[433097,1152014],[432700,1152449],[432697,1152449],[432676,1152483],[431366,1152434],[431718,1152336],[432853,1151287],[432954,1151065],[433960,1150244],[434635,1150414],[434803,1148723],[435027,1148464],[435541,1145722],[435468,1145587],[434855,1145228],[435192,1146243],[435090,1147425],[434688,1147337],[434614,1147043],[433669,1146319],[433668,1148170],[433431,1148261],[432942,1144802],[433307,1144654],[433308,1144004],[432166,1142393],[432131,1142819],[432117,1142815],[432116,1142820],[431865,1142643],[431479,1142988],[431518,1143273],[431519,1143280],[431243,1143213],[431252,1144005],[431675,1144544],[431240,1145071],[431229,1144790],[430914,1143718],[430858,1143636],[430427,1143671],[430426,1143668],[430462,1143020],[430502,1142290],[429961,1140429],[430003,1140922],[429980,1140944],[429982,1140962],[429977,1140966],[429978,1140978],[429692,1141235],[429530,1141861],[429528,1141877],[428593,1142071],[428590,1142063],[428508,1142081],[428547,1142354],[428535,1142368],[428485,1142416],[428270,1142634],[427977,1142195],[427266,1142349],[427177,1144396],[427136,1144354],[427133,1144352],[426541,1144196],[426483,1144233],[426442,1144170],[426288,1144129],[426210,1144336],[426116,1144084],[426105,1144081],[426052,1144146],[426072,1144084],[426089,1144077],[425912,1144030],[425511,1144464],[425277,1144976],[425406,1145536],[425254,1145821],[425285,1146012],[425651,1146279],[425629,1146328],[425642,1146339],[425578,1146444],[425448,1146740],[428209,1146789],[428314,1146762],[428693,1146750],[428684,1147255],[428010,1147043],[427779,1147149],[427708,1147353],[428187,1147729],[428604,1147957],[429142,1148109],[429283,1148327],[429347,1148362],[429340,1148414],[429448,1148582],[429320,1148543],[429310,1148612],[429322,1148622],[429309,1148617],[429306,1148634],[427975,1148138],[427439,1147977],[427491,1149445],[428273,1149714],[428132,1149733],[428178,1149753],[427211,1149855],[426924,1149893],[426913,1149912],[426977,1150809],[427159,1150960],[426776,1151003],[425974,1151502],[425981,1151435],[425895,1151482],[425992,1151328],[426115,1150091],[426109,1150037],[426669,1149712],[426976,1149517],[426570,1148913],[426574,1148836],[426176,1148184],[425722,1148000],[425712,1147977],[425709,1147976],[425646,1147727],[425555,1147400],[425253,1147460],[425008,1147081],[425068,1146372],[424754,1146532],[424733,1146468],[424263,1146653],[424253,1146668],[424788,1148053],[424770,1148094],[424936,1148553],[424918,1148575],[424986,1148589],[424891,1148605],[424341,1149233],[424346,1149298],[424298,1149282],[424270,1149315],[424258,1149468],[424210,1149383],[424182,1149415],[424087,1149211],[423971,1149172],[423716,1148512],[423648,1148393],[423625,1148393],[423451,1148474],[422621,1148867],[422900,1148413],[422070,1148436],[421596,1148486],[421643,1148448],[421623,1148448],[422391,1147429],[422349,1147415],[421944,1147484],[421366,1147173],[420945,1147079],[420800,1147631],[420738,1147633],[420484,1147700],[420537,1147641],[420208,1147655],[420147,1147682],[420000,1147831],[419396,1148446],[420000,1149254],[420194,1149514],[420000,1149447],[419214,1149174],[419199,1149185],[417884,1150209],[417584,1150110],[417360,1150040],[417288,1150074],[417232,1151473],[416857,1151477],[416825,1151479],[417436,1151840],[417448,1152209],[417441,1152211],[416609,1152323],[417186,1152955],[417167,1152987],[417280,1153121],[417015,1153344],[417051,1153416],[417272,1153365],[417298,1153419],[417314,1153417],[417431,1153694],[417574,1153989],[417464,1154269],[417704,1154764],[417791,1154805],[417753,1154866],[417770,1154902],[417658,1155020],[417515,1155253],[417441,1155248],[417370,1155322],[417330,1155311],[417174,1155458],[417154,1155475],[417158,1155483],[417149,1155480],[416575,1156014],[416555,1156164],[417260,1157236],[418392,1157564],[418402,1157581],[418406,1157582],[418485,1157832],[418789,1157936],[419424,1157761],[419845,1158269],[420000,1158169],[420372,1157929],[420630,1157964],[420688,1157940],[420937,1158005],[421999,1158148],[422156,1157991],[422219,1157665],[422564,1157479],[422514,1157138],[422466,1157008],[422492,1156986],[422491,1156981],[422497,1156981],[422740,1156795],[422984,1156986],[423072,1156875],[423097,1156843],[423706,1156006],[423699,1156071],[423756,1155998],[423929,1156624],[423899,1156662],[423900,1156668],[423879,1156674],[423599,1156956],[423532,1157557],[423591,1157519],[423880,1156879],[423886,1156812],[423917,1156824],[423918,1156819],[423926,1156823],[425654,1156640],[425749,1156545],[425708,1157312],[425679,1157317],[425678,1157322],[425487,1157314],[425357,1157315],[424934,1158069],[424948,1158086],[425476,1158408],[425729,1158289],[426024,1158743],[427231,1159480],[427422,1159588],[428532,1156200],[428596,1155873],[428901,1155767],[428795,1155609],[428765,1155597],[428848,1154817],[428872,1154577],[428873,1154571],[428981,1154663],[428975,1154602],[429048,1154719],[429341,1154968],[428892,1155227],[429400,1156003],[430000,1156193],[429844,1156611],[429465,1156287],[428937,1156362],[428767,1157771],[428421,1158145],[428393,1158178],[428400,1158178],[429372,1157757],[429575,1157329],[430362,1157323],[430303,1157047],[430248,1156888],[430271,1156896],[430334,1156926],[430808,1157141],[430836,1157496],[430224,1157567],[429606,1158033],[429602,1158043],[431147,1158455],[429843,1158635],[429688,1158668],[429725,1158721],[430470,1159458],[430807,1159535],[430720,1159705],[430811,1159795],[430892,1159731],[430883,1159867],[430905,1159889],[431202,1159826],[431258,1159919],[431348,1159911],[431385,1160000],[431563,1160427],[431682,1160627],[431767,1160574],[431886,1160187],[431841,1160000],[431818,1159906],[432203,1159136],[432621,1159725],[433931,1159002],[433961,1158868],[434083,1158271],[433820,1158057],[433884,1157966],[433909,1157934],[434285,1157418],[434407,1156871],[434375,1156225],[434367,1156132],[434367,1156070],[434684,1155736],[434975,1155903],[435129,1157426],[435424,1157602],[435936,1157836],[436647,1157806],[435972,1157933],[435114,1158596],[434991,1159704],[434899,1159778],[434894,1160000],[435077,1160657],[435082,1160673],[434874,1161573],[434924,1161633],[435792,1162496],[435965,1162480],[436112,1162363],[436216,1162126],[436481,1161432],[436514,1161445],[436588,1161276],[437058,1161673],[436986,1161772],[436759,1162900],[436857,1163400],[436834,1163432],[436819,1163448],[436592,1163733],[436527,1164061],[436561,1164144],[436623,1164148],[436708,1164113],[437171,1163887],[438669,1164274],[438686,1164278],[440000,1163218],[440333,1162949],[440853,1163258],[440349,1163781],[440147,1163803],[439437,1164474],[439417,1164576],[438603,1165290],[438502,1165282],[435294,1165158],[435175,1165202],[435458,1165628],[435807,1165671],[435850,1165942],[435981,1166415],[435950,1166570],[435957,1166615],[436287,1166703],[435878,1166936],[435864,1167007],[435743,1168015],[435671,1167986],[435666,1168008],[435051,1167740],[435050,1167736],[435036,1167727],[434420,1166035],[432906,1166790],[432634,1168115],[432636,1168121],[433970,1168359],[433614,1168721],[433453,1168585],[432301,1169084],[432291,1169094],[432722,1170159],[433427,1169711],[433686,1169540],[433257,1170577],[433200,1170717],[433180,1170763],[433037,1170698],[430242,1170363],[430493,1171200],[430277,1171225],[430330,1172503],[430437,1172640],[430400,1173514],[430941,1173792],[431041,1173721],[431888,1174253],[431841,1174255],[431910,1174291],[431740,1174260],[429548,1174367],[429520,1174375],[429519,1174380],[429534,1175736],[429553,1175767],[429774,1175778],[430730,1175813],[430901,1176516],[431266,1176493],[431422,1176499],[431011,1176776],[430833,1176620],[430182,1176065],[429492,1176291],[429495,1176778],[429734,1177665],[430082,1178560],[429977,1178567],[429986,1178598],[429958,1178595],[429964,1178618],[429937,1178593],[429804,1178577],[429602,1178590],[429215,1177900],[428277,1177001],[428214,1176974],[428225,1176951],[428221,1176948],[428519,1176539],[428651,1176342],[428173,1175529],[428182,1175372],[427978,1174950],[427926,1174948],[427748,1174496],[427201,1175295],[427232,1175293],[427198,1175311],[427196,1175302],[426775,1175917],[426764,1175935],[427268,1176307],[427241,1176410],[427880,1177041],[427929,1177058],[427787,1177929],[427448,1177979],[427223,1177806],[426144,1177536],[425934,1177671],[425904,1177657],[425898,1177660],[425566,1177413],[425520,1177386],[425362,1177685],[425364,1177709],[425355,1177697],[424932,1178497],[424585,1178619],[423615,1177341],[423665,1177099],[423672,1177050],[423448,1177487],[422941,1177636],[422913,1177601],[422255,1177181],[421760,1177329],[421754,1177290],[421748,1177293],[421762,1177014],[421764,1176868],[421586,1176755],[421396,1176693],[421369,1176728],[421410,1177052],[421413,1177056],[421411,1177058],[421416,1177110],[421085,1177508],[420756,1177549],[420278,1178189],[420270,1178226],[420987,1178624],[420695,1178683],[421095,1179680],[421085,1179620],[421184,1179623],[421098,1179687],[421223,1180000],[421481,1180643],[421984,1180663],[422299,1180308],[422431,1180432],[422665,1180237],[422709,1180171],[422994,1180626],[423341,1180000],[423351,1179982],[423465,1179758],[423469,1179760],[423516,1179684],[423934,1180000],[424177,1180184],[423245,1180677],[423952,1181373],[423891,1183749],[423890,1183876],[424225,1183776],[424347,1184410],[425042,1185211],[425204,1185254],[425685,1185951],[426315,1183932],[426300,1183826],[426531,1183238],[426537,1183219],[429256,1180940],[429332,1180858],[430596,1180142],[433380,1181080],[433194,1181456],[432483,1181051],[431506,1181193],[431456,1181198],[431040,1180994],[430050,1180958],[430008,1180973],[428520,1183114],[427791,1183693],[427676,1183834],[427689,1183996],[428303,1185184],[428952,1185519],[428999,1185651],[429003,1185653],[429002,1185660],[429149,1186082],[428934,1186258],[428926,1186333],[429744,1186858],[429807,1186960],[429812,1186964],[429871,1187069],[431067,1187936],[431093,1187943],[431122,1188873],[431122,1188877],[430733,1189052],[430548,1189649],[430612,1189784],[431692,1190959],[431908,1191098],[431830,1191110],[431941,1191230],[431052,1191222],[431909,1192135],[431891,1192190],[431901,1192522],[432325,1192582],[432696,1192389],[432755,1192128],[432823,1192143],[432833,1192114],[433090,1192182],[433705,1191861],[433776,1191720],[433802,1191742],[433852,1191784],[434311,1191544],[434314,1191545],[434944,1191759],[435010,1191535],[435137,1191824],[435363,1191901],[435461,1191800],[435707,1192015],[435796,1191492],[435811,1191501],[435817,1191471],[436031,1191632],[436221,1191407],[436349,1191192],[436323,1190832],[436612,1190887],[436586,1190973],[436601,1190955],[436582,1190987],[436575,1191008],[436691,1191125],[436238,1192112],[436198,1192244],[436130,1192268],[435647,1192567],[435656,1192757],[435976,1193896],[436011,1193979],[436188,1193616],[436217,1193815],[436267,1193773],[436284,1193688],[436351,1193702],[436792,1193332],[436873,1193464],[436924,1193427],[437017,1193700],[437415,1194349],[437458,1194327],[437943,1195120],[437842,1194213],[437520,1194211],[437637,1193648],[438213,1193652],[438380,1193206],[438106,1193041],[438240,1191487],[437948,1191179],[438204,1190388],[437418,1189064],[437114,1189469],[436497,1189024],[436793,1188248],[437172,1188535],[437156,1188005],[437568,1188050],[437721,1187702],[437659,1184398],[437331,1183875],[436626,1184271],[436225,1183867],[435586,1184411],[435322,1183086],[434852,1182701],[436280,1183107],[437224,1182620],[436932,1182343],[435881,1182349],[435763,1181876],[435626,1182098],[435117,1181658],[436471,1181945],[437218,1180985],[437119,1180553],[436130,1180110],[436663,1180001],[436517,1178543],[435435,1177439],[436818,1177360],[436627,1178144],[437061,1179232],[437685,1179556],[437992,1179288],[437588,1178706],[437946,1177807],[436869,1177374],[437233,1176570],[436776,1175528],[437511,1174418],[437325,1174038],[436717,1173996],[436448,1174799],[435876,1174875],[436502,1174423],[436162,1173301],[435530,1172937],[435462,1172067],[435135,1171883],[435576,1170109],[435186,1169890],[434756,1170218],[434575,1169526],[434825,1169229],[434073,1169074],[434063,1168335],[434522,1167926],[434903,1168426],[435760,1168639],[436152,1169462],[437142,1169869],[436314,1169754],[436083,1170139],[436214,1171609],[436958,1172780],[437747,1172835],[438870,1173550],[439414,1173315],[439400,1172717],[439633,1172744],[439856,1174039],[440000,1173847],[440400,1173314],[440838,1173529],[440824,1174094],[440000,1175032],[439959,1175078],[439260,1175018],[438428,1175764],[438430,1176474],[439219,1176976],[439293,1178083],[439657,1178445],[440000,1178261],[440077,1178219],[440201,1177259],[440687,1177155],[441511,1178165],[441678,1178945],[442536,1179263],[443712,1178059],[443903,1177439],[444020,1176549],[443559,1176089],[443660,1175000],[444706,1175880],[445178,1175341],[445392,1174755],[445384,1174710],[444620,1174169],[444228,1173909],[444255,1173910],[443974,1173711],[444545,1173796],[445795,1173463],[445881,1173337],[444482,1172256],[444662,1172295],[444678,1172102],[444606,1172151],[444560,1172186],[444462,1172248],[444667,1172069],[445621,1172479],[445623,1172474],[445460,1171911],[445459,1171908],[445472,1171884],[445939,1170987],[445440,1171111],[444711,1171308],[444403,1172235],[441390,1169501],[441196,1169204],[441010,1169030],[441013,1169028],[441009,1169024],[441065,1169004],[440792,1168586],[440966,1168432],[441403,1168963],[443737,1170490],[444483,1170940],[444529,1170836],[444666,1170273],[443021,1169180],[443034,1169079],[442840,1168942],[443251,1168806],[445820,1170336],[445840,1170346],[446138,1166963],[446131,1166947],[446173,1166564],[446203,1166269],[446205,1166283],[446210,1166242],[446508,1167696],[446976,1168123],[446615,1167898],[446621,1167930],[446714,1168115],[446714,1168119],[446758,1168621],[446859,1169134],[447293,1169173],[447455,1168852],[447482,1168793],[447493,1168779],[447859,1168882],[447859,1168913],[447870,1168916],[447819,1169091],[447803,1169169],[447900,1168870],[448153,1169039],[448489,1169266],[448229,1169743],[448128,1169598],[447665,1170040],[447644,1170086],[448483,1170983],[448611,1171996],[448939,1170945],[448878,1170715],[448934,1170656],[448904,1170550],[449009,1170577],[449076,1170507],[449374,1170668],[449791,1170772],[449713,1171375],[449520,1171336],[449493,1171349],[449523,1171410],[449671,1171404],[449865,1171883],[450175,1172266],[450208,1172730],[450273,1172892],[450324,1172907],[450608,1172983],[450662,1172966],[450683,1173003],[450769,1173026],[451003,1173495],[451267,1173668],[451299,1173544],[451410,1173761],[452068,1174192],[452387,1174242],[452182,1173636],[452193,1173599],[452154,1173487],[452241,1173439],[452273,1173334],[452127,1172450],[452096,1172381],[450047,1169748],[448590,1168983],[448499,1168949],[447440,1166867],[447540,1166558],[447673,1166827],[447758,1166821],[447764,1166746],[447827,1166816],[448093,1166796],[448217,1166773],[448210,1166746],[447964,1166179],[448009,1165954],[447886,1165469],[448139,1165361],[449266,1168107],[449397,1168078],[449875,1167916],[450493,1167261],[450764,1167379],[451068,1167477],[450737,1166033],[451096,1165981],[451112,1163993],[451032,1163954],[449926,1163815],[448773,1162688],[448111,1163236],[447973,1163200],[447337,1163130],[446138,1163519],[444950,1163284],[444607,1163495],[445139,1163137],[445617,1161695],[445611,1161010],[446053,1160086],[446263,1161188],[446699,1161831],[447118,1160793],[447126,1160773],[447172,1161035],[447187,1161103],[447834,1160074],[447854,1160093],[447884,1160000],[447943,1159820],[447947,1160000],[447952,1160186],[448247,1160467],[448501,1160268],[448569,1160395],[448674,1160340],[448690,1160620],[448751,1160733],[448854,1160735],[449337,1160188],[449340,1160116],[449403,1160113],[449416,1160099],[449425,1160075],[449976,1160048],[450452,1160406],[450637,1160462],[450717,1160403],[450585,1159962],[450353,1159767],[450264,1159252],[450308,1159038],[450246,1158833],[450376,1158703],[450458,1158295],[450733,1158344],[450804,1158273],[450651,1157767],[450322,1157803],[449904,1158060],[449646,1157877],[449406,1157903],[449300,1158061],[448932,1157960],[446564,1155464],[447038,1155190],[447109,1155145],[447164,1155117],[447402,1155359],[447445,1155390],[446924,1154656],[446970,1154619],[447065,1154511],[446885,1154586],[447288,1154196],[447276,1154087],[447090,1153779],[447247,1153827],[447238,1153744],[447260,1153831],[447369,1153864],[447343,1154436],[447375,1154642],[448503,1154644],[448589,1154386],[448993,1154615],[448863,1154905],[449271,1154965],[448945,1154446],[449079,1153980],[449260,1153912],[449274,1153886],[449298,1153898],[449418,1153853],[449673,1154075],[450040,1154249],[450057,1154061],[449852,1153275],[449684,1153077],[449494,1153079],[448643,1153577],[448199,1153130],[447468,1153107],[447463,1153029],[446939,1151705],[446917,1151678],[447091,1151748],[447707,1151970],[447685,1151946],[446484,1151247],[446203,1151211],[446151,1151053],[445815,1150857],[445643,1150954],[445588,1151720],[445598,1152307],[446193,1153027],[446310,1153149],[446295,1153150],[446314,1153173],[446192,1153159],[444923,1153266],[444757,1153583],[444628,1154052],[444598,1154045],[444577,1154110],[444497,1154080],[444399,1154266],[443792,1153797],[444178,1153486],[444083,1152440],[444600,1152358],[444603,1152357],[444730,1151588],[444743,1151489],[444559,1151306],[443740,1150628],[443596,1150598],[443093,1150535],[442675,1149740],[443853,1149586],[444245,1149968],[445187,1150077],[445201,1150069],[445229,1150048],[445225,1150041],[444565,1149493],[444707,1148989],[444054,1147664],[443235,1146307],[444120,1146812],[444411,1147228],[444549,1147331],[444836,1147763],[446199,1149031],[446227,1149020],[445493,1147799],[446073,1147431],[445638,1147180],[445148,1146921],[445149,1146888],[443491,1143481],[443528,1143513],[443415,1143342],[443610,1143197],[444691,1144386],[444610,1144483],[445288,1145090],[445382,1145157],[446998,1146914],[446943,1146464],[446889,1146130],[446850,1146085],[446886,1146110],[446750,1145264],[446799,1145289],[446794,1145253],[447365,1145408],[447459,1145315],[447137,1145006],[447124,1144775],[447003,1144629],[447013,1143889],[446818,1143387],[446493,1143093],[446476,1143080],[446580,1143096],[446714,1143117],[446609,1142849],[446540,1142673],[446980,1141893],[447249,1141922],[447831,1141305],[447836,1141294],[448298,1140811],[448047,1140347],[448004,1140275],[447789,1140520],[447788,1140527],[447785,1140524],[447347,1141022],[446709,1140756],[446800,1140452],[447014,1138567],[446973,1138594],[446691,1139007],[446513,1139856],[446452,1139865],[446451,1139868],[446399,1139873],[446063,1139924],[446046,1139553],[446014,1139201],[445956,1137540],[445953,1137462],[445219,1138394],[445211,1138404],[445207,1138409],[445142,1138432],[444483,1138696],[444472,1138668],[444328,1138719],[444189,1137967],[444307,1137865],[444451,1137716],[444626,1136066],[444619,1136034],[444503,1136071],[444498,1136073],[444473,1136080],[444307,1136157],[444297,1136138],[444101,1135768],[443226,1135317],[443230,1135312],[443147,1135281],[444218,1134175],[444217,1134171],[443864,1133380],[443910,1133161],[443685,1132420],[443694,1132405],[443671,1132326],[443744,1132323],[444050,1131816],[443917,1131399],[444646,1130481],[444463,1129500],[444468,1129496],[444464,1129471],[445499,1128725],[445648,1128725],[446199,1128697],[446046,1128424],[446131,1128220],[446107,1128121],[445964,1128269],[445876,1128377],[444647,1128453],[444288,1128132],[444281,1128133],[444126,1128347],[444088,1128426],[444139,1128793],[444251,1128843],[444192,1129174],[444194,1129188],[444191,1129178],[444158,1129354],[443748,1128609],[443767,1128556],[443793,1127912],[443655,1127809],[443447,1127788],[442820,1127858],[442847,1127729],[442810,1127725],[443018,1126438],[443154,1126239],[443410,1125000],[443433,1124994],[443976,1124292],[444124,1123867],[444171,1123821],[444178,1123802],[444618,1123389],[444844,1123169],[444355,1123098],[444328,1122994],[444283,1122978],[444262,1122971],[444260,1122970],[444280,1122806],[444201,1122496],[444386,1121964],[444488,1121132],[444481,1121126],[444063,1122265],[444074,1122392],[443997,1122442],[443595,1123536],[443584,1123599],[443139,1123580],[442872,1122198],[442841,1122051],[442833,1122055],[442372,1122812],[442370,1123272],[442053,1123335],[441805,1123743],[441798,1123785],[441401,1122908],[441021,1123062],[440621,1123245],[440463,1123078],[440443,1123082],[440450,1123063],[440412,1123023],[440428,1123001],[440423,1122994],[440500,1122902],[440517,1122879],[441001,1121546],[441004,1121525],[441486,1121510],[441732,1121500],[441428,1120726],[441419,1120739],[441422,1120711],[441272,1120331],[441237,1120241],[441720,1119255],[441721,1119050],[441240,1118750],[441149,1118696],[441554,1116998],[441084,1116757],[440886,1116674],[440829,1115266],[440000,1115399],[439683,1115450],[440000,1114821],[440123,1114577],[440443,1114326],[440971,1113899],[440683,1113130],[440902,1112862],[440548,1112379],[440530,1112353],[440528,1112350],[440609,1112242],[440598,1112236],[440610,1112231],[440614,1112236],[440876,1111886],[440856,1111522],[440849,1111524],[440856,1111506],[440853,1111449],[440849,1111451],[440852,1111446],[440849,1111397],[440808,1111384],[440081,1111271],[440000,1111313],[439630,1111507],[439254,1111164],[440000,1111082],[440221,1111057],[440223,1110905],[440197,1110882],[440224,1110841],[440231,1110358],[440076,1110231],[440236,1109946],[440238,1109930],[440601,1110093],[440991,1110251],[440722,1110035],[440804,1109596],[440855,1109277],[440630,1108116],[440548,1108242],[440526,1108414],[440000,1109150],[439830,1109389],[439736,1109613],[439893,1109924],[439864,1109951],[439727,1110057],[439463,1110267],[439219,1110207],[439169,1110045],[439165,1110043],[439161,1110012],[438560,1107982],[438767,1108892],[438371,1109568],[438525,1109941],[438614,1110003],[438729,1110436],[438932,1110927],[438877,1110989],[438886,1111027],[438557,1111819],[438563,1111876],[438532,1111878],[438237,1112587],[438222,1112587],[438211,1112687],[437329,1112863],[436785,1112624],[436472,1111098],[435986,1112146],[434800,1111702],[434800,1111705],[434797,1111701],[434707,1111668],[434601,1112132],[434845,1112306],[434251,1113933],[434088,1114385],[434089,1114389],[434405,1114548],[434621,1114435],[434693,1114693],[434981,1114839],[435178,1114834],[435181,1114826],[435183,1114834],[435418,1114829],[435660,1115178],[435656,1115184],[435629,1116286],[435715,1116389],[435712,1116391],[435713,1116394],[435625,1116440],[435616,1116820],[435747,1116860],[435749,1116862],[435690,1117462],[435712,1117456],[435687,1117492],[435632,1118044],[436699,1117665],[436778,1118119],[436941,1118123],[436968,1118045],[437527,1118138],[437534,1118138],[437530,1118244],[437533,1118864],[437495,1118873],[437436,1119982],[437443,1120000],[437527,1120226],[437407,1120648],[436888,1120703],[436860,1120627],[435757,1120673],[435978,1120703],[435885,1121094],[436102,1120956],[436156,1120920],[436320,1121199],[436170,1121727],[436115,1121925],[436969,1121194],[436970,1121088],[436958,1120838],[436974,1120842],[436974,1120803],[437230,1120900],[437467,1120954],[437473,1120992],[437495,1121000],[437565,1121579],[437166,1121921],[437002,1122447],[436936,1122950],[436849,1122936],[436833,1122989],[436860,1123000],[436528,1123966],[437128,1124420],[437180,1124592],[437398,1124802],[437406,1124745],[437785,1124750],[438153,1125527],[438142,1125532],[438394,1127358],[438726,1128167],[438729,1128240],[438746,1128282],[438871,1130736],[438974,1131099],[440462,1134970],[440465,1134970],[440464,1134973],[440468,1134985],[440470,1135013],[440590,1135047],[440481,1135171],[440801,1139944],[440796,1139920],[440799,1139949],[440649,1139223],[440630,1139133],[440613,1139049],[440609,1139049],[440287,1139020],[440190,1139432],[440161,1139397],[440148,1139438],[440000,1139237],[439815,1138984],[439810,1138978],[439024,1138909],[438870,1139097],[438705,1138914],[438683,1138893],[439246,1140000],[439499,1140496],[439490,1140780],[438839,1140691],[439128,1142297],[439819,1145912],[439734,1145881],[439746,1145948],[439347,1145826],[439385,1146204],[439324,1145819],[439275,1145804],[439267,1145537],[439082,1145650],[439158,1144701],[439137,1144645],[438816,1144397],[438085,1141865],[438073,1141834],[438044,1142112],[437950,1143300],[439299,1146847],[439350,1146806],[439367,1146784],[439369,1146788],[439373,1146785],[440000,1147971],[440193,1148340],[440485,1148888],[440486,1148894],[440493,1148912],[440818,1150878],[440490,1150385]]],[[[459856,1195802],[459685,1195296],[459671,1195299],[459580,1195878],[459856,1195802]]],[[[458087,1196180],[457998,1196061],[457772,1196178],[458087,1196180]]],[[[438213,1196938],[438361,1196642],[438036,1196721],[438213,1196938]]],[[[463631,1198127],[463632,1197971],[463269,1198333],[463518,1198474],[463631,1198127]]],[[[455540,1199212],[456354,1197810],[455543,1198740],[455510,1199164],[455540,1199212]]],[[[460078,1199847],[460983,1199127],[461050,1199132],[461079,1199109],[461143,1199140],[461431,1199165],[461424,1199115],[461010,1198767],[461030,1198712],[461030,1198638],[460999,1198629],[461029,1198492],[461025,1197991],[461000,1197947],[460777,1198302],[460758,1198345],[460724,1198328],[460575,1198247],[460104,1198601],[460076,1198762],[460000,1198811],[459182,1199338],[459175,1199444],[459490,1199976],[459578,1200000],[459675,1200026],[460078,1199847]]],[[[452275,1205772],[452702,1205482],[452790,1205598],[453305,1205107],[453696,1205195],[453924,1205064],[454005,1204554],[454005,1204510],[454358,1204814],[454616,1204665],[454675,1204628],[454674,1204621],[454517,1203995],[454178,1203843],[454203,1203745],[454162,1203714],[454444,1202941],[454619,1203017],[454843,1202826],[454947,1202537],[455417,1202325],[455412,1202321],[454843,1202434],[454675,1202632],[454589,1202608],[454487,1202699],[454337,1202537],[454330,1202536],[454333,1202533],[454241,1202430],[454797,1202111],[454737,1201945],[454640,1201911],[454666,1201852],[454648,1201842],[454677,1201779],[454602,1201570],[454943,1201162],[454839,1200882],[454646,1200400],[454770,1200276],[455008,1200000],[455061,1199938],[454872,1199402],[454845,1199351],[454849,1199337],[454829,1199281],[455362,1197278],[454808,1196615],[455000,1195787],[455020,1195771],[455023,1195769],[455298,1195553],[455646,1195732],[455741,1195625],[455768,1195463],[455053,1194930],[454930,1194875],[454665,1195478],[453881,1195432],[453030,1195889],[452328,1196852],[452444,1197175],[452080,1197814],[451949,1197845],[451400,1198296],[451071,1198776],[451091,1198551],[451130,1198152],[451181,1197623],[451744,1197124],[451765,1197048],[451903,1195914],[451850,1195750],[452084,1195579],[452637,1194741],[452723,1194477],[453124,1194406],[453769,1193092],[453786,1192992],[452775,1191701],[452654,1191693],[452335,1191172],[452091,1191502],[451802,1191951],[451015,1192352],[449869,1191571],[450189,1191676],[450320,1191406],[450501,1191634],[451353,1191379],[451490,1191035],[451549,1190864],[453150,1190825],[453279,1189662],[453894,1190105],[453925,1189177],[453964,1189187],[454536,1189095],[454724,1188934],[454714,1188799],[454611,1188494],[454344,1188446],[454355,1188421],[454317,1188429],[454626,1187530],[454610,1187300],[454521,1187259],[454172,1187084],[453607,1186807],[453625,1186798],[454165,1185431],[453932,1185401],[452306,1185532],[452290,1185537],[452309,1184780],[452571,1184577],[452743,1183958],[452617,1183842],[452643,1183801],[452581,1183738],[452829,1183515],[452894,1183415],[452930,1183424],[453046,1183319],[453782,1183538],[453667,1183272],[453348,1182722],[453527,1182426],[453451,1182121],[453309,1182114],[453258,1181762],[453331,1181633],[453211,1181147],[453048,1181170],[453151,1180904],[452984,1180231],[452958,1180179],[452991,1180144],[453047,1180000],[453142,1179756],[453374,1179745],[453459,1179656],[452763,1178861],[452110,1179096],[452387,1179279],[452978,1179652],[452862,1179872],[451282,1178808],[451110,1178958],[450065,1179885],[449938,1179802],[449124,1179676],[449004,1179739],[448995,1179764],[448946,1180000],[448912,1180167],[449675,1180000],[449987,1179932],[449718,1180000],[449309,1180103],[448575,1181001],[448403,1180000],[448388,1179915],[448339,1179822],[448363,1179769],[448354,1179718],[448614,1179214],[448620,1179200],[448645,1179152],[448936,1179096],[449514,1178906],[449602,1178832],[449622,1178398],[448929,1178003],[448378,1178598],[447723,1178310],[447316,1178671],[447016,1178089],[446599,1179384],[445812,1179785],[445775,1180000],[445357,1182408],[444923,1182154],[444668,1182358],[444719,1182750],[445199,1182575],[445300,1182824],[444539,1185031],[445042,1185931],[445011,1187911],[444287,1188066],[444646,1187478],[444510,1186729],[443826,1187316],[444099,1188675],[444778,1189024],[443872,1190492],[444036,1191208],[443727,1191748],[444231,1192081],[444027,1193258],[444559,1193290],[444515,1194894],[444699,1194887],[444732,1194945],[444818,1194942],[444828,1195114],[444982,1195188],[444943,1195322],[445146,1195683],[445421,1195761],[445399,1196133],[445585,1196464],[445970,1196735],[446068,1197131],[446146,1197220],[446448,1193460],[446448,1193399],[447313,1193492],[447394,1193393],[448190,1191721],[448803,1191659],[447740,1193679],[446819,1194180],[447160,1196584],[447252,1196625],[447245,1197184],[447483,1198859],[447615,1199003],[447738,1200000],[447770,1200257],[447700,1200386],[447836,1201346],[447299,1202702],[447833,1203347],[447738,1203558],[448103,1204268],[448167,1204330],[448140,1204338],[447676,1205153],[447673,1205167],[447697,1205170],[448137,1205129],[448279,1205115],[448399,1205264],[449224,1205374],[449235,1205368],[449251,1205378],[449734,1205442],[449970,1205265],[450577,1203125],[450606,1203020],[450604,1203054],[450613,1203012],[450582,1203314],[450569,1203485],[450533,1204968],[450702,1205126],[450521,1205488],[450516,1205692],[450802,1205554],[450878,1205447],[450881,1205449],[450932,1205384],[451002,1205457],[452312,1204821],[452367,1204767],[452775,1205318],[452275,1205772]]],[[[448757,1206230],[448443,1206015],[448455,1206486],[448757,1206230]]],[[[464799,1205928],[464795,1205923],[464790,1206494],[465125,1206770],[464799,1205928]]],[[[466300,1207584],[465758,1206986],[465553,1207476],[465899,1207730],[465683,1208744],[465979,1209178],[466181,1208412],[466300,1207584]]],[[[461193,1218616],[461749,1217273],[461711,1216990],[461125,1214415],[461146,1214383],[461025,1214173],[461291,1214171],[461344,1214094],[461416,1214111],[461465,1214060],[461505,1214133],[461656,1214169],[461741,1214169],[462454,1215617],[462405,1215828],[462516,1216529],[463149,1217844],[463265,1217873],[463282,1217932],[463286,1217933],[463412,1218321],[463521,1217472],[463909,1217032],[463970,1217091],[464551,1217264],[464765,1216954],[464916,1216978],[464945,1216949],[464978,1216988],[465156,1217017],[465425,1217507],[465439,1217523],[465468,1217043],[465478,1216844],[466196,1216896],[466199,1216835],[466525,1216880],[466357,1216742],[466016,1216515],[466347,1215818],[466531,1215843],[467065,1215791],[467136,1215552],[467558,1215757],[467586,1215410],[465619,1215168],[465154,1214727],[465409,1214159],[465795,1214149],[466186,1213798],[466220,1213594],[466637,1213353],[466695,1213273],[466411,1212706],[466459,1212071],[466493,1211428],[465188,1212143],[465169,1212133],[465167,1212135],[465157,1212121],[464847,1211896],[464151,1212426],[464124,1212415],[463992,1212341],[463490,1212072],[463521,1212049],[464513,1210919],[464572,1210761],[464287,1210540],[464405,1210471],[464370,1210428],[464961,1209982],[464931,1209548],[465514,1209203],[465343,1208976],[463225,1209177],[462813,1208833],[461922,1208793],[463491,1208106],[464354,1208563],[464827,1207937],[464613,1206596],[463476,1205614],[463333,1204851],[462690,1204901],[462465,1204640],[462227,1203316],[462006,1203094],[462014,1202946],[461750,1202645],[462026,1202094],[462399,1202164],[463266,1201403],[463304,1201357],[463719,1201979],[463783,1201842],[463854,1200703],[463334,1200542],[463314,1200568],[463304,1200553],[463301,1200556],[463285,1200527],[463220,1200507],[462893,1200000],[462648,1199620],[462280,1200000],[462247,1200033],[462189,1200009],[462125,1200096],[461855,1200000],[461739,1199959],[459919,1200965],[459912,1201171],[459714,1201208],[459695,1201279],[459608,1201228],[459448,1201259],[458895,1200818],[458720,1200381],[458408,1200000],[458100,1199624],[457616,1199354],[457440,1199540],[457432,1199596],[457385,1199597],[457292,1199695],[457084,1199680],[456543,1200597],[456543,1200622],[455896,1200541],[455733,1200526],[455747,1200580],[456581,1201852],[456606,1201859],[455522,1204459],[456637,1204370],[456642,1204361],[456749,1204037],[456805,1204063],[456816,1204043],[456989,1204147],[457284,1204281],[457276,1204318],[457109,1205120],[457065,1205134],[457047,1205205],[456458,1205323],[456968,1205704],[456965,1205709],[456982,1205731],[456561,1206417],[456801,1206669],[456866,1206719],[456866,1206737],[456870,1206740],[456859,1206755],[456759,1207206],[457125,1207408],[457530,1207170],[457466,1207714],[457915,1207977],[457935,1207984],[457933,1207988],[457936,1207990],[457926,1208005],[457516,1209076],[457883,1209302],[457887,1209317],[458247,1211458],[456995,1212494],[457425,1212903],[457427,1213081],[457970,1213782],[458186,1213902],[458567,1214552],[458576,1214575],[457867,1214916],[459233,1215298],[460177,1216857],[460000,1217549],[459876,1218034],[459969,1218076],[460000,1218047],[460010,1218038],[460005,1218092],[461193,1218616]]],[[[461366,1220247],[461240,1220182],[461252,1220310],[461366,1220247]]]]}},{"type":"Feature","properties":{"name":"Northern Ireland"},"geometry":{"type":"MultiPolygon","coordinates":[[[[173006,536967],[172807,536308],[172759,536150],[172045,536771],[171434,536652],[172228,537588],[172232,537590],[173006,536967]]],[[[173066,539263],[172890,538783],[172842,539327],[173066,539263]]],[[[162992,491390],[163127,491175],[162996,491042],[162590,490630],[163003,490319],[163007,490015],[162912,489889],[163012,489449],[163017,489048],[162706,488945],[162444,488307],[161443,487327],[161101,488386],[161015,488315],[160835,488769],[160844,488785],[160829,488784],[160470,489693],[160000,490042],[159831,490168],[159608,490195],[159478,490271],[159155,490251],[158459,490337],[157984,490180],[157554,490153],[157308,490584],[156006,490517],[155467,490026],[152968,489872],[151040,489836],[150504,490976],[150347,491360],[151510,491569],[151761,494489],[151803,494620],[151770,494590],[151771,494603],[151748,494570],[150690,493615],[150843,493408],[150846,493414],[150850,493408],[150962,493637],[150883,493350],[150199,492385],[150154,492350],[150141,492303],[149362,491205],[149285,491173],[149271,491077],[149247,491042],[149266,491037],[149205,490601],[149858,490660],[149944,490855],[150326,490752],[150488,489801],[150430,489640],[149842,489120],[146744,486808],[146179,485880],[146169,485871],[146170,485865],[146172,485858],[147312,481590],[146703,479516],[145975,478000],[146033,477234],[145725,476185],[145667,476133],[145606,475780],[145318,474799],[145189,474616],[141524,471896],[141479,471807],[141370,471728],[140704,470261],[138530,470225],[138796,469938],[138977,469803],[139028,469783],[138245,469540],[137265,468137],[136159,467531],[133901,466200],[133889,466210],[133760,466812],[132849,466989],[132677,467118],[132294,467810],[131107,468294],[131637,468658],[131754,469193],[132755,468955],[132784,468738],[132961,468906],[133401,468801],[132081,470741],[132078,470744],[130848,470892],[130100,471228],[129684,471031],[128715,471147],[128495,471303],[127879,471248],[126674,472362],[126381,472307],[126020,473757],[126021,474591],[125568,475089],[123219,475583],[122341,475367],[121898,475106],[121823,475596],[121613,475438],[121223,475682],[120930,475933],[120538,476499],[120000,476826],[119604,477066],[118379,476475],[117684,474761],[116512,475252],[116705,476396],[116394,477177],[115813,477438],[115663,477304],[114684,477475],[114680,477476],[114679,477468],[114584,476193],[114649,476026],[114635,475347],[114562,475281],[114583,472902],[113300,472520],[112667,471489],[112652,471495],[112432,471803],[111350,472041],[110094,471680],[109935,471905],[109242,471435],[108536,473274],[107149,473871],[106855,473382],[107497,472642],[106645,472746],[105795,471965],[104911,471821],[104834,471291],[103481,472157],[101859,471202],[101827,471197],[101450,471262],[100987,471527],[101002,471633],[100000,472104],[99893,472154],[99257,471574],[99255,470750],[98630,470836],[98516,470455],[98277,470359],[97855,470614],[97306,469972],[96118,471842],[95781,472861],[95404,472968],[94639,474173],[94626,474206],[95351,474533],[95590,475745],[95419,476043],[95451,476751],[95932,476369],[96148,476690],[96351,476671],[96288,476897],[96376,477028],[95527,479588],[95495,479702],[95506,479707],[96237,479551],[96291,479515],[96291,479540],[96310,479536],[96746,480564],[96956,480615],[96962,481073],[97412,482135],[97600,482289],[97765,482967],[97771,482980],[97770,482985],[97775,483006],[97515,484942],[97031,485981],[96041,486810],[95766,487559],[95226,487492],[95166,487542],[94911,487893],[94827,487826],[94066,488463],[92861,488299],[92446,487432],[92075,487138],[92029,486563],[91139,487044],[90724,486702],[89881,488610],[88607,488681],[88538,488751],[87375,490028],[87152,491259],[86642,491696],[86140,491541],[86068,493280],[85928,493529],[85679,495864],[84971,496615],[84711,496537],[82544,498043],[82940,498955],[83018,498957],[83169,498823],[83215,498342],[83636,498200],[83663,498385],[83793,498269],[84188,499273],[84402,499361],[84380,499763],[84456,499957],[84128,501410],[84218,501787],[84020,501887],[83812,502808],[83852,503654],[83511,504145],[83197,505534],[83192,505536],[83192,505540],[83178,505540],[82348,505784],[82119,506126],[81253,506106],[81555,507240],[81180,507690],[81170,507917],[81378,508217],[81147,508414],[81130,508787],[81137,508805],[81129,508811],[81128,508825],[81097,508835],[80455,509320],[80109,509156],[79807,509254],[79794,509303],[80365,509785],[80377,509790],[80372,509791],[80374,509793],[79039,510506],[79124,510797],[78122,510995],[78196,511620],[77606,511878],[77009,512899],[76340,513030],[76417,512798],[75880,512619],[75496,512997],[75633,513515],[74834,513989],[74673,513766],[73903,514497],[73891,514510],[73851,514546],[71948,513538],[71939,513533],[70779,511084],[68198,509033],[68499,507631],[67148,507147],[66082,506140],[65407,505725],[65100,505567],[64919,505602],[63298,506209],[62813,506002],[63213,502849],[62008,503091],[60983,501886],[61280,501281],[63426,500194],[63356,500000],[62900,498726],[63056,498486],[64121,498752],[64179,498239],[64488,498023],[64608,497786],[64661,497007],[65172,496665],[63985,495417],[64796,494920],[64480,494035],[64745,493244],[62984,492577],[62162,493269],[62179,493390],[61926,493468],[61165,492490],[59730,492618],[59725,492611],[59718,492614],[58921,492127],[58936,491543],[58933,491539],[58471,491709],[58024,491491],[57864,491484],[57850,491407],[57788,491377],[57735,490765],[58792,490675],[57047,490185],[56976,488529],[58084,487587],[56878,487100],[56877,487097],[56877,487093],[56517,485093],[56341,484989],[56341,484115],[55320,483317],[55274,483124],[54299,482217],[53294,483748],[53985,483883],[54344,483496],[54868,484118],[54973,484477],[53891,485040],[54534,485565],[54677,485552],[55115,486040],[55493,487551],[54774,488087],[54025,487516],[53505,487665],[52687,486495],[51426,485534],[52034,484702],[52104,484194],[52348,484273],[52937,483467],[52784,483208],[53456,482757],[52496,481717],[52490,481714],[52048,483002],[50837,482261],[50770,482864],[49727,483943],[47780,482835],[49191,484887],[49036,485166],[48501,485140],[48177,484868],[47689,484859],[47228,485192],[46062,484828],[46521,485931],[46702,486082],[46934,486924],[44777,486832],[42958,485507],[42091,483503],[39024,485252],[38211,484414],[37754,484621],[37649,483835],[36973,484527],[36491,484426],[36319,485144],[36302,485150],[36046,486128],[33729,486569],[33695,486953],[33567,487065],[32943,488973],[32949,489050],[32830,489318],[32774,489490],[32732,489540],[32707,489597],[32647,489641],[31121,491458],[30980,491427],[30843,491632],[30595,491757],[30190,491253],[29760,491158],[29756,491159],[29752,491195],[29659,492340],[29614,492357],[29409,494066],[28503,494019],[28329,494158],[28128,493999],[25870,493880],[25327,494586],[24449,494511],[24048,494689],[23267,494497],[21703,494612],[21139,493973],[20000,494771],[18118,496088],[18483,496632],[18241,497425],[18435,500000],[18498,500832],[17751,501560],[17848,503041],[18418,504021],[18492,504027],[18713,504530],[17981,504679],[17452,504465],[17447,504469],[17070,505457],[16214,505628],[15553,505076],[15125,505909],[14043,506087],[12410,507180],[12373,508079],[11896,509278],[11367,509836],[11220,510209],[11100,510844],[10940,510923],[10334,512465],[10329,512465],[10330,512471],[9881,512853],[9310,512472],[9174,512473],[8697,512808],[8306,512480],[7837,513186],[6703,513632],[6819,513937],[6378,514466],[5274,517297],[825,522487],[794,522720],[1006,522873],[1440,522833],[1990,523543],[1962,523563],[1976,523573],[435,524850],[360,525241],[0,525291],[0,525211],[-116,525308],[3983,525427],[4009,525547],[4206,525546],[4054,525758],[4156,526232],[5583,526104],[5174,527020],[5821,527285],[8829,527096],[9242,528791],[9063,529176],[11185,531976],[11752,533358],[12664,532959],[14066,533311],[15267,531683],[15980,531615],[16048,531554],[16253,531589],[21669,531072],[23493,532195],[22963,533127],[25507,535072],[25763,536166],[26199,535975],[27850,536472],[28666,537851],[31849,538671],[31933,538731],[32262,538819],[32240,538948],[32440,539089],[32590,539802],[32079,539876],[31959,540564],[32025,540778],[31773,541634],[30625,540779],[29763,540440],[29519,540000],[29478,539926],[29451,540000],[29383,540193],[29213,540160],[28493,540798],[27521,540484],[26906,541857],[26215,541941],[25097,543188],[24026,542064],[23119,542245],[22800,542076],[22340,542081],[22328,542091],[22329,542120],[22606,542538],[22341,542775],[22368,544152],[21081,544846],[20304,544931],[20128,544997],[20000,545138],[19922,545223],[19293,546132],[18981,546988],[18926,547252],[19991,548212],[20000,548401],[20004,548492],[20049,548541],[20008,548570],[20021,548843],[20000,548838],[19715,548782],[19266,549106],[19167,549325],[18646,549554],[18896,550288],[19347,550054],[19528,550233],[19828,550207],[20000,550107],[20345,549906],[20603,550140],[21381,550073],[24446,553592],[25642,553200],[26337,551447],[27377,551468],[27979,550978],[27973,550387],[29119,550051],[29394,549828],[29296,549734],[29727,549557],[30058,549635],[30784,550885],[32391,551781],[33307,551446],[34090,551970],[34636,552134],[35143,552675],[37439,554212],[38589,553209],[40459,553097],[41113,553717],[41179,553682],[41094,552829],[42960,552539],[43978,553190],[43197,554181],[43313,556107],[43713,557172],[43384,557968],[44386,559247],[44897,559361],[44896,559898],[45595,559902],[45736,560000],[47805,561427],[47871,561462],[47884,561481],[47890,561485],[47894,561497],[48435,562337],[48816,562630],[49096,563363],[49938,564669],[50401,565670],[50906,566527],[50913,566776],[51027,567024],[50932,567517],[50943,567935],[50548,569578],[50554,569618],[51120,570953],[51200,573624],[53751,574255],[53945,574222],[54815,574519],[53998,575593],[54298,576139],[54005,576594],[54010,576656],[54517,577533],[54182,578763],[55306,580338],[54451,581015],[55514,582822],[57136,584543],[58669,585956],[60013,585383],[60162,585254],[60220,585295],[60376,585229],[61675,586363],[62255,585346],[62261,585352],[62263,585348],[63074,586058],[63098,586122],[64478,587393],[64563,586586],[64557,586964],[64841,587038],[64556,587186],[65175,586922],[64500,585686],[64543,584924],[64648,584927],[64615,584805],[65859,585163],[66455,586514],[67119,586037],[68438,586238],[71342,585773],[71254,584524],[72315,583990],[73656,583951],[76907,584279],[77442,584457],[77516,584859],[77661,584997],[77764,584596],[78090,584803],[77925,585247],[77964,585285],[78133,585088],[77994,585314],[78639,585927],[79540,586621],[79715,586952],[80009,587231],[79998,587486],[80000,587488],[80078,587635],[80000,587807],[79984,587843],[79894,590004],[79952,590060],[81043,590513],[81366,590465],[81838,590843],[83143,594452],[83660,595535],[83880,596489],[84005,596836],[84007,597039],[84279,598219],[84039,600000],[84028,600080],[84029,600180],[84076,600166],[85686,599199],[87377,597616],[89044,597183],[89636,596827],[90656,596764],[91440,596560],[93113,596447],[95534,596448],[95584,596457],[96327,596410],[96392,596283],[97016,596368],[97407,596343],[98338,596547],[99055,596644],[99067,596706],[99227,596741],[99383,597711],[99652,597925],[99523,598580],[100000,598435],[100054,598418],[100274,598717],[100674,598789],[100714,598764],[100774,598807],[103557,599304],[103554,599353],[103633,599375],[103827,600000],[103859,600103],[103730,600321],[103586,600074],[103447,600860],[104233,599959],[106983,599872],[106999,599878],[107023,599872],[107628,600000],[108563,600198],[110486,601221],[110794,600731],[110847,600851],[110935,600760],[111388,601121],[111543,601093],[111900,601528],[112073,601666],[112068,601733],[112138,601818],[112052,601953],[112002,602644],[112831,602765],[112833,603127],[113055,603256],[113604,603287],[113727,603647],[114188,603915],[114230,603896],[114765,604251],[115154,604477],[116081,604334],[116848,602929],[119699,601991],[119704,601990],[119710,601992],[120000,602043],[120831,602187],[121421,602769],[122416,603330],[122426,603326],[122836,602894],[122977,602745],[123476,602913],[123843,602483],[124626,602503],[125830,601328],[127301,601289],[127398,600673],[127401,600671],[128340,600215],[128521,600000],[129234,599153],[129476,599062],[130497,598017],[134267,599034],[136404,600488],[136409,600484],[138174,598323],[138177,598322],[139778,597661],[140000,597486],[140770,596879],[141533,596936],[141365,595962],[141835,595333],[141890,595261],[142089,594324],[142198,594197],[142212,594123],[142308,594067],[143447,592726],[143534,592445],[143497,590465],[143490,590300],[142433,589313],[142442,589124],[142363,589038],[142349,588622],[142470,588555],[142587,586207],[140994,583844],[141271,582100],[141174,582200],[140911,581956],[140632,581506],[141847,580644],[141850,580641],[144788,581118],[145349,580964],[146780,579897],[146817,579634],[146497,578593],[146201,577943],[146060,577171],[145382,574967],[145039,574599],[144668,573053],[144753,572920],[144739,572874],[144812,572827],[145217,572192],[145644,572296],[146535,571727],[146869,571016],[147651,571014],[149161,570050],[151445,563888],[151592,563760],[151626,563651],[152552,562921],[152657,562829],[152667,562830],[152679,562821],[153566,563003],[153874,560796],[153893,560781],[153898,560746],[156264,557436],[157173,557267],[157189,557316],[157239,557309],[157445,558100],[158289,557337],[158585,557540],[158571,557714],[158814,558038],[158823,558036],[161526,555624],[162824,551853],[162818,550990],[162405,548407],[162793,547587],[161816,546649],[161661,546286],[160421,544862],[160000,544627],[159580,544393],[158933,543152],[158079,543072],[158085,543058],[157164,542957],[157067,543047],[156185,542891],[156089,542838],[155957,542823],[155823,542689],[155527,542524],[154916,542140],[154826,541701],[154815,541698],[153679,541771],[152604,541250],[152587,541219],[152555,541212],[149627,538645],[149340,538415],[148870,537982],[147603,535144],[147638,535126],[151230,533331],[152387,534246],[152933,534515],[154598,535993],[157512,537139],[158857,537834],[159629,537064],[160000,536693],[160106,536588],[161620,536624],[161893,536358],[162324,536502],[162743,536642],[163168,535999],[163161,535977],[163175,535988],[163185,535973],[163656,536326],[163731,536304],[164296,536807],[164589,536193],[165013,536355],[165204,536235],[165367,536490],[165642,536596],[165613,536878],[166109,537657],[166356,537466],[166583,537638],[166603,537634],[166514,537387],[167265,537092],[167860,537356],[168336,537251],[168544,537046],[168606,536985],[168793,537150],[169446,537005],[169914,535695],[170857,534749],[171335,534651],[171650,534260],[171762,533660],[171825,533323],[172256,533503],[172258,533494],[171882,531008],[172548,528207],[172615,528110],[172648,527987],[172745,527921],[173685,526562],[173778,526103],[174058,526023],[175227,524332],[174581,522421],[174727,521742],[174672,521656],[174774,520991],[174934,520783],[175752,516993],[175764,516985],[175775,516930],[176992,516120],[177669,515669],[177023,514387],[177214,513118],[177064,512578],[177302,512334],[177063,512238],[177336,512310],[176285,511511],[176205,511232],[174815,509909],[174440,509642],[174444,509555],[174359,509475],[174461,509105],[174478,508690],[174574,508699],[175180,506502],[175102,506069],[175526,505250],[175527,505245],[175525,505235],[175288,504467],[174971,504225],[174542,504275],[174485,504400],[174003,504337],[173973,504341],[173968,504333],[173952,504331],[173388,503505],[173385,503500],[173115,502292],[173110,502284],[173113,502282],[173112,502277],[173807,501576],[173814,501467],[173623,501346],[173279,501449],[173144,501043],[172703,500764],[172700,500763],[172691,498735],[171393,497803],[170328,496905],[170587,496311],[169829,496579],[169593,496058],[169095,495973],[169077,495923],[169045,495915],[168298,493738],[167010,492276],[166819,492217],[165891,491036],[165103,491584],[165099,491539],[165078,491554],[165095,491502],[164958,489985],[164630,489578],[164424,489495],[164282,489525],[164247,489643],[164086,490490],[163992,490492],[163978,490536],[163892,490494],[163696,490498],[163685,490393],[163285,490199],[163622,490821],[163171,490948],[163219,491408],[162992,491390]]],[[[130999,610189],[132324,609464],[133157,609486],[135379,608757],[135123,607988],[135079,607956],[135053,607777],[134627,606495],[134525,606400],[134542,606239],[133811,604042],[133233,605965],[134064,606981],[133843,607851],[132951,607919],[131674,608364],[130647,608095],[127945,608302],[129058,609741],[129370,609565],[129725,609897],[130295,610030],[130578,609924],[130657,610114],[130988,610192],[130999,610189]]]]}}]}